Exec: /app/erts-17.0.2/bin/erlexec -noinput +Bd -boot /app/releases/0.1.0/start -mode embedded -boot_var SYSTEM_LIB_DIR /app/lib -config /app/releases/0.1.0/sys.config -args_file /app/releases/0.1.0/vm.args -- foreground
Root: /app
/app
=ESOCK WARNING MSG==== 29-Jun-2026::11:10:44.616463 ===
[UNIX-ESSIO] Failed open sctp dynamic library: libsctp.so.1
=NOTICE REPORT==== 29-Jun-2026::11:10:50.426515 ===
    reason: closed
    msg: roadrunner response send failed
    phase: buffered_response
=NOTICE REPORT==== 29-Jun-2026::11:10:50.426584 ===
    reason: closed
    msg: roadrunner response send failed
    phase: buffered_response
=NOTICE REPORT==== 29-Jun-2026::11:10:50.426864 ===
    reason: closed
    msg: roadrunner response send failed
    phase: buffered_response
=NOTICE REPORT==== 29-Jun-2026::11:10:50.430087 ===
    reason: closed
    msg: roadrunner response send failed
    phase: buffered_response
=NOTICE REPORT==== 29-Jun-2026::11:10:50.430161 ===
    reason: closed
    msg: roadrunner response send failed
    phase: buffered_response
=NOTICE REPORT==== 29-Jun-2026::11:10:50.428342 ===
    reason: enotconn
    msg: roadrunner response send failed
    phase: buffered_response
=NOTICE REPORT==== 29-Jun-2026::11:10:50.427510 ===
    reason: closed
    msg: roadrunner response send failed
    phase: buffered_response
=NOTICE REPORT==== 29-Jun-2026::11:10:50.427551 ===
    reason: closed
    msg: roadrunner response send failed
    phase: buffered_response
=NOTICE REPORT==== 29-Jun-2026::11:10:50.427501 ===
    reason: closed
    msg: roadrunner response send failed
    phase: buffered_response
=NOTICE REPORT==== 29-Jun-2026::11:10:50.428276 ===
    reason: enotconn
    msg: roadrunner response send failed
    phase: buffered_response
=NOTICE REPORT==== 29-Jun-2026::11:10:50.428184 ===
    reason: closed
    msg: roadrunner response send failed
    phase: buffered_response
=NOTICE REPORT==== 29-Jun-2026::11:10:50.426870 ===
    reason: closed
    msg: roadrunner response send failed
    phase: buffered_response
=NOTICE REPORT==== 29-Jun-2026::11:10:50.427993 ===
    reason: closed
    msg: roadrunner response send failed
    phase: buffered_response
=NOTICE REPORT==== 29-Jun-2026::11:10:50.426690 ===
    reason: closed
    msg: roadrunner response send failed
    phase: buffered_response
=NOTICE REPORT==== 29-Jun-2026::11:10:50.428078 ===
    reason: closed
    msg: roadrunner response send failed
    phase: buffered_response
=NOTICE REPORT==== 29-Jun-2026::11:10:50.428053 ===
    reason: closed
    msg: roadrunner response send failed
    phase: buffered_response
=NOTICE REPORT==== 29-Jun-2026::11:10:50.428134 ===
    reason: closed
    msg: roadrunner response send failed
    phase: buffered_response
=NOTICE REPORT==== 29-Jun-2026::11:10:50.426922 ===
    reason: closed
    msg: roadrunner response send failed
    phase: buffered_response
=NOTICE REPORT==== 29-Jun-2026::11:10:50.426955 ===
    reason: closed
    msg: roadrunner response send failed
    phase: buffered_response
=NOTICE REPORT==== 29-Jun-2026::11:10:50.428263 ===
    reason: closed
    msg: roadrunner response send failed
    phase: buffered_response
=NOTICE REPORT==== 29-Jun-2026::11:10:50.428181 ===
    reason: closed
    msg: roadrunner response send failed
    phase: buffered_response
=NOTICE REPORT==== 29-Jun-2026::11:10:50.455030 ===
Handler default switched from sync to drop mode
=NOTICE REPORT==== 29-Jun-2026::11:10:50.430054 ===
    reason: closed
    msg: roadrunner response send failed
    phase: buffered_response
=NOTICE REPORT==== 29-Jun-2026::11:10:50.429781 ===
    reason: closed
    msg: roadrunner response send failed
    phase: buffered_response
=NOTICE REPORT==== 29-Jun-2026::11:10:50.430442 ===
    reason: closed
    msg: roadrunner response send failed
    phase: buffered_response
=NOTICE REPORT==== 29-Jun-2026::11:10:50.430352 ===
    reason: closed
    msg: roadrunner response send failed
    phase: buffered_response
=NOTICE REPORT==== 29-Jun-2026::11:10:50.430230 ===
    reason: closed
    msg: roadrunner response send failed
    phase: buffered_response
=NOTICE REPORT==== 29-Jun-2026::11:10:50.429486 ===
    reason: closed
    msg: roadrunner response send failed
    phase: buffered_response
=NOTICE REPORT==== 29-Jun-2026::11:10:50.429896 ===
    reason: closed
    msg: roadrunner response send failed
    phase: buffered_response
=NOTICE REPORT==== 29-Jun-2026::11:10:50.430412 ===
    reason: closed
    msg: roadrunner response send failed
    phase: buffered_response
=NOTICE REPORT==== 29-Jun-2026::11:10:50.430573 ===
    reason: closed
    msg: roadrunner response send failed
    phase: buffered_response
=NOTICE REPORT==== 29-Jun-2026::11:10:50.430444 ===
    reason: closed
    msg: roadrunner response send failed
    phase: buffered_response
=NOTICE REPORT==== 29-Jun-2026::11:10:50.430275 ===
    reason: closed
    msg: roadrunner response send failed
    phase: buffered_response
=NOTICE REPORT==== 29-Jun-2026::11:10:50.429930 ===
    reason: closed
    msg: roadrunner response send failed
    phase: buffered_response
=NOTICE REPORT==== 29-Jun-2026::11:10:50.430554 ===
    reason: closed
    msg: roadrunner response send failed
    phase: buffered_response
=NOTICE REPORT==== 29-Jun-2026::11:10:50.429922 ===
    reason: closed
    msg: roadrunner response send failed
    phase: buffered_response
=NOTICE REPORT==== 29-Jun-2026::11:10:50.430305 ===
    reason: closed
    msg: roadrunner response send failed
    phase: buffered_response
=NOTICE REPORT==== 29-Jun-2026::11:10:50.430495 ===
    reason: closed
    msg: roadrunner response send failed
    phase: buffered_response
=NOTICE REPORT==== 29-Jun-2026::11:10:50.430307 ===
    reason: closed
    msg: roadrunner response send failed
    phase: buffered_response
=NOTICE REPORT==== 29-Jun-2026::11:10:50.434206 ===
    reason: closed
    msg: roadrunner response send failed
    phase: buffered_response
=NOTICE REPORT==== 29-Jun-2026::11:10:50.429557 ===
    reason: closed
    msg: roadrunner response send failed
    phase: buffered_response
=NOTICE REPORT==== 29-Jun-2026::11:10:50.432718 ===
    reason: closed
    msg: roadrunner response send failed
    phase: buffered_response
=NOTICE REPORT==== 29-Jun-2026::11:10:50.432828 ===
    reason: closed
    msg: roadrunner response send failed
    phase: buffered_response
=NOTICE REPORT==== 29-Jun-2026::11:10:50.431189 ===
    reason: enotconn
    msg: roadrunner response send failed
    phase: buffered_response
=NOTICE REPORT==== 29-Jun-2026::11:10:50.430916 ===
    reason: closed
    msg: roadrunner response send failed
    phase: buffered_response
=NOTICE REPORT==== 29-Jun-2026::11:10:50.432635 ===
    reason: closed
    msg: roadrunner response send failed
    phase: buffered_response
=NOTICE REPORT==== 29-Jun-2026::11:10:50.432580 ===
    reason: closed
    msg: roadrunner response send failed
    phase: buffered_response
=NOTICE REPORT==== 29-Jun-2026::11:10:50.431386 ===
    reason: closed
    msg: roadrunner response send failed
    phase: buffered_response
=NOTICE REPORT==== 29-Jun-2026::11:10:50.430977 ===
    reason: closed
    msg: roadrunner response send failed
    phase: buffered_response
=NOTICE REPORT==== 29-Jun-2026::11:10:50.431514 ===
    reason: closed
    msg: roadrunner response send failed
    phase: buffered_response
=NOTICE REPORT==== 29-Jun-2026::11:10:50.431576 ===
    reason: closed
    msg: roadrunner response send failed
    phase: buffered_response
=NOTICE REPORT==== 29-Jun-2026::11:10:50.431466 ===
    reason: closed
    msg: roadrunner response send failed
    phase: buffered_response
=NOTICE REPORT==== 29-Jun-2026::11:10:50.431081 ===
    reason: closed
    msg: roadrunner response send failed
    phase: buffered_response
=NOTICE REPORT==== 29-Jun-2026::11:10:50.430685 ===
    reason: closed
    msg: roadrunner response send failed
    phase: buffered_response
=NOTICE REPORT==== 29-Jun-2026::11:10:50.432471 ===
    reason: closed
    msg: roadrunner response send failed
    phase: buffered_response
=NOTICE REPORT==== 29-Jun-2026::11:10:50.431956 ===
    reason: enotconn
    msg: roadrunner response send failed
    phase: buffered_response
=NOTICE REPORT==== 29-Jun-2026::11:10:50.432127 ===
    reason: enotconn
    msg: roadrunner response send failed
    phase: buffered_response
=NOTICE REPORT==== 29-Jun-2026::11:10:50.430738 ===
    reason: closed
    msg: roadrunner response send failed
    phase: buffered_response
=NOTICE REPORT==== 29-Jun-2026::11:10:50.431421 ===
    reason: closed
    msg: roadrunner response send failed
    phase: buffered_response
=NOTICE REPORT==== 29-Jun-2026::11:10:50.430695 ===
    reason: closed
    msg: roadrunner response send failed
    phase: buffered_response
=NOTICE REPORT==== 29-Jun-2026::11:10:50.430780 ===
    reason: closed
    msg: roadrunner response send failed
    phase: buffered_response
=NOTICE REPORT==== 29-Jun-2026::11:10:50.431109 ===
    reason: closed
    msg: roadrunner response send failed
    phase: buffered_response
=NOTICE REPORT==== 29-Jun-2026::11:10:50.430943 ===
    reason: closed
    msg: roadrunner response send failed
    phase: buffered_response
=NOTICE REPORT==== 29-Jun-2026::11:10:50.431135 ===
    reason: closed
    msg: roadrunner response send failed
    phase: buffered_response
=NOTICE REPORT==== 29-Jun-2026::11:10:50.430840 ===
    reason: closed
    msg: roadrunner response send failed
    phase: buffered_response
=NOTICE REPORT==== 29-Jun-2026::11:10:50.430745 ===
    reason: closed
    msg: roadrunner response send failed
    phase: buffered_response
=NOTICE REPORT==== 29-Jun-2026::11:10:50.430465 ===
    reason: closed
    msg: roadrunner response send failed
    phase: buffered_response
=NOTICE REPORT==== 29-Jun-2026::11:10:50.433363 ===
    reason: closed
    msg: roadrunner response send failed
    phase: buffered_response
=NOTICE REPORT==== 29-Jun-2026::11:10:50.433114 ===
    reason: closed
    msg: roadrunner response send failed
    phase: buffered_response
=NOTICE REPORT==== 29-Jun-2026::11:10:50.434874 ===
    reason: closed
    msg: roadrunner response send failed
    phase: buffered_response
=NOTICE REPORT==== 29-Jun-2026::11:10:50.432982 ===
    reason: closed
    msg: roadrunner response send failed
    phase: buffered_response
=NOTICE REPORT==== 29-Jun-2026::11:10:50.433840 ===
    reason: closed
    msg: roadrunner response send failed
    phase: buffered_response
=NOTICE REPORT==== 29-Jun-2026::11:10:50.433093 ===
    reason: enotconn
    msg: roadrunner response send failed
    phase: buffered_response
=NOTICE REPORT==== 29-Jun-2026::11:10:50.433776 ===
    reason: closed
    msg: roadrunner response send failed
    phase: buffered_response
=NOTICE REPORT==== 29-Jun-2026::11:10:50.433949 ===
    reason: closed
    msg: roadrunner response send failed
    phase: buffered_response
=NOTICE REPORT==== 29-Jun-2026::11:10:50.433114 ===
    reason: closed
    msg: roadrunner response send failed
    phase: buffered_response
=NOTICE REPORT==== 29-Jun-2026::11:10:50.433246 ===
    reason: closed
    msg: roadrunner response send failed
    phase: buffered_response
=NOTICE REPORT==== 29-Jun-2026::11:10:50.433456 ===
    reason: closed
    msg: roadrunner response send failed
    phase: buffered_response
=NOTICE REPORT==== 29-Jun-2026::11:10:50.432808 ===
    reason: closed
    msg: roadrunner response send failed
    phase: buffered_response
=NOTICE REPORT==== 29-Jun-2026::11:10:50.433834 ===
    reason: closed
    msg: roadrunner response send failed
    phase: buffered_response
=NOTICE REPORT==== 29-Jun-2026::11:10:50.433858 ===
    reason: closed
    msg: roadrunner response send failed
    phase: buffered_response
=NOTICE REPORT==== 29-Jun-2026::11:10:50.434000 ===
    reason: closed
    msg: roadrunner response send failed
    phase: buffered_response
=NOTICE REPORT==== 29-Jun-2026::11:10:50.433601 ===
    reason: closed
    msg: roadrunner response send failed
    phase: buffered_response
=NOTICE REPORT==== 29-Jun-2026::11:10:50.432678 ===
    reason: closed
    msg: roadrunner response send failed
    phase: buffered_response
=NOTICE REPORT==== 29-Jun-2026::11:10:50.433345 ===
    reason: enotconn
    msg: roadrunner response send failed
    phase: buffered_response
=NOTICE REPORT==== 29-Jun-2026::11:10:50.432727 ===
    reason: closed
    msg: roadrunner response send failed
    phase: buffered_response
=NOTICE REPORT==== 29-Jun-2026::11:10:50.434118 ===
    reason: closed
    msg: roadrunner response send failed
    phase: buffered_response
=NOTICE REPORT==== 29-Jun-2026::11:10:50.434104 ===
    reason: closed
    msg: roadrunner response send failed
    phase: buffered_response
=NOTICE REPORT==== 29-Jun-2026::11:10:50.433916 ===
    reason: closed
    msg: roadrunner response send failed
    phase: buffered_response
=NOTICE REPORT==== 29-Jun-2026::11:10:50.434164 ===
    reason: closed
    msg: roadrunner response send failed
    phase: buffered_response
=NOTICE REPORT==== 29-Jun-2026::11:10:50.433896 ===
    reason: closed
    msg: roadrunner response send failed
    phase: buffered_response
=NOTICE REPORT==== 29-Jun-2026::11:10:50.434055 ===
    reason: closed
    msg: roadrunner response send failed
    phase: buffered_response
=NOTICE REPORT==== 29-Jun-2026::11:10:50.433276 ===
    reason: enotconn
    msg: roadrunner response send failed
    phase: buffered_response
=NOTICE REPORT==== 29-Jun-2026::11:10:50.433087 ===
    reason: closed
    msg: roadrunner response send failed
    phase: buffered_response
=NOTICE REPORT==== 29-Jun-2026::11:10:50.434033 ===
    reason: closed
    msg: roadrunner response send failed
    phase: buffered_response
=NOTICE REPORT==== 29-Jun-2026::11:10:50.433012 ===
    reason: closed
    msg: roadrunner response send failed
    phase: buffered_response
=NOTICE REPORT==== 29-Jun-2026::11:10:50.433797 ===
    reason: closed
    msg: roadrunner response send failed
    phase: buffered_response
=NOTICE REPORT==== 29-Jun-2026::11:10:50.433294 ===
    reason: closed
    msg: roadrunner response send failed
    phase: buffered_response
=NOTICE REPORT==== 29-Jun-2026::11:10:50.432546 ===
    reason: closed
    msg: roadrunner response send failed
    phase: buffered_response
=NOTICE REPORT==== 29-Jun-2026::11:10:50.434065 ===
    reason: closed
    msg: roadrunner response send failed
    phase: buffered_response
=NOTICE REPORT==== 29-Jun-2026::11:10:50.433427 ===
    reason: closed
    msg: roadrunner response send failed
    phase: buffered_response
=NOTICE REPORT==== 29-Jun-2026::11:10:50.434147 ===
    reason: closed
    msg: roadrunner response send failed
    phase: buffered_response
=NOTICE REPORT==== 29-Jun-2026::11:10:50.433549 ===
    reason: closed
    msg: roadrunner response send failed
    phase: buffered_response
=NOTICE REPORT==== 29-Jun-2026::11:10:50.434668 ===
    reason: closed
    msg: roadrunner response send failed
    phase: buffered_response
=NOTICE REPORT==== 29-Jun-2026::11:10:50.433811 ===
    reason: enotconn
    msg: roadrunner response send failed
    phase: buffered_response
=NOTICE REPORT==== 29-Jun-2026::11:10:50.434368 ===
    reason: closed
    msg: roadrunner response send failed
    phase: buffered_response
=NOTICE REPORT==== 29-Jun-2026::11:10:50.434242 ===
    reason: closed
    msg: roadrunner response send failed
    phase: buffered_response
=NOTICE REPORT==== 29-Jun-2026::11:10:50.433806 ===
    reason: closed
    msg: roadrunner response send failed
    phase: buffered_response
=NOTICE REPORT==== 29-Jun-2026::11:10:50.433139 ===
    reason: closed
    msg: roadrunner response send failed
    phase: buffered_response
=NOTICE REPORT==== 29-Jun-2026::11:10:50.432684 ===
    reason: closed
    msg: roadrunner response send failed
    phase: buffered_response
=NOTICE REPORT==== 29-Jun-2026::11:10:50.432599 ===
    reason: closed
    msg: roadrunner response send failed
    phase: buffered_response
=NOTICE REPORT==== 29-Jun-2026::11:10:50.433290 ===
    reason: enotconn
    msg: roadrunner response send failed
    phase: buffered_response
=NOTICE REPORT==== 29-Jun-2026::11:10:50.433961 ===
    reason: closed
    msg: roadrunner response send failed
    phase: buffered_response
=NOTICE REPORT==== 29-Jun-2026::11:10:50.433283 ===
    reason: closed
    msg: roadrunner response send failed
    phase: buffered_response
=NOTICE REPORT==== 29-Jun-2026::11:10:50.432707 ===
    reason: closed
    msg: roadrunner response send failed
    phase: buffered_response
=NOTICE REPORT==== 29-Jun-2026::11:10:50.432650 ===
    reason: closed
    msg: roadrunner response send failed
    phase: buffered_response
=NOTICE REPORT==== 29-Jun-2026::11:10:50.433868 ===
    reason: closed
    msg: roadrunner response send failed
    phase: buffered_response
=NOTICE REPORT==== 29-Jun-2026::11:10:50.433399 ===
    reason: enotconn
    msg: roadrunner response send failed
    phase: buffered_response
=NOTICE REPORT==== 29-Jun-2026::11:10:50.433339 ===
    reason: closed
    msg: roadrunner response send failed
    phase: buffered_response
=NOTICE REPORT==== 29-Jun-2026::11:10:50.434149 ===
    reason: closed
    msg: roadrunner response send failed
    phase: buffered_response
=NOTICE REPORT==== 29-Jun-2026::11:10:50.432748 ===
    reason: closed
    msg: roadrunner response send failed
    phase: buffered_response
=NOTICE REPORT==== 29-Jun-2026::11:10:50.434511 ===
    reason: closed
    msg: roadrunner response send failed
    phase: buffered_response
=NOTICE REPORT==== 29-Jun-2026::11:10:50.433939 ===
    reason: closed
    msg: roadrunner response send failed
    phase: buffered_response
=NOTICE REPORT==== 29-Jun-2026::11:10:50.434454 ===
    reason: closed
    msg: roadrunner response send failed
    phase: buffered_response
=NOTICE REPORT==== 29-Jun-2026::11:10:50.434263 ===
    reason: closed
    msg: roadrunner response send failed
    phase: buffered_response
=NOTICE REPORT==== 29-Jun-2026::11:10:50.433829 ===
    reason: closed
    msg: roadrunner response send failed
    phase: buffered_response
=NOTICE REPORT==== 29-Jun-2026::11:10:50.434160 ===
    reason: closed
    msg: roadrunner response send failed
    phase: buffered_response
=NOTICE REPORT==== 29-Jun-2026::11:10:50.433284 ===
    reason: closed
    msg: roadrunner response send failed
    phase: buffered_response
=NOTICE REPORT==== 29-Jun-2026::11:10:50.433543 ===
    reason: enotconn
    msg: roadrunner response send failed
    phase: buffered_response
=NOTICE REPORT==== 29-Jun-2026::11:10:50.433161 ===
    reason: closed
    msg: roadrunner response send failed
    phase: buffered_response
=NOTICE REPORT==== 29-Jun-2026::11:10:50.434011 ===
    reason: closed
    msg: roadrunner response send failed
    phase: buffered_response
=NOTICE REPORT==== 29-Jun-2026::11:10:50.433261 ===
    reason: closed
    msg: roadrunner response send failed
    phase: buffered_response
=NOTICE REPORT==== 29-Jun-2026::11:10:50.433499 ===
    reason: closed
    msg: roadrunner response send failed
    phase: buffered_response
=NOTICE REPORT==== 29-Jun-2026::11:10:50.434366 ===
    reason: closed
    msg: roadrunner response send failed
    phase: buffered_response
=NOTICE REPORT==== 29-Jun-2026::11:10:50.433539 ===
    reason: enotconn
    msg: roadrunner response send failed
    phase: buffered_response
=NOTICE REPORT==== 29-Jun-2026::11:10:50.433281 ===
    reason: closed
    msg: roadrunner response send failed
    phase: buffered_response
=NOTICE REPORT==== 29-Jun-2026::11:10:50.433896 ===
    reason: enotconn
    msg: roadrunner response send failed
    phase: buffered_response
=NOTICE REPORT==== 29-Jun-2026::11:10:50.433901 ===
    reason: closed
    msg: roadrunner response send failed
    phase: buffered_response
=NOTICE REPORT==== 29-Jun-2026::11:10:50.434021 ===
    reason: closed
    msg: roadrunner response send failed
    phase: buffered_response
=NOTICE REPORT==== 29-Jun-2026::11:10:50.433806 ===
    reason: enotconn
    msg: roadrunner response send failed
    phase: buffered_response
=NOTICE REPORT==== 29-Jun-2026::11:10:50.433499 ===
    reason: enotconn
    msg: roadrunner response send failed
    phase: buffered_response
=NOTICE REPORT==== 29-Jun-2026::11:10:50.433290 ===
    reason: enotconn
    msg: roadrunner response send failed
    phase: buffered_response
=NOTICE REPORT==== 29-Jun-2026::11:10:50.434350 ===
    reason: closed
    msg: roadrunner response send failed
    phase: buffered_response
=NOTICE REPORT==== 29-Jun-2026::11:10:50.433414 ===
    reason: closed
    msg: roadrunner response send failed
    phase: buffered_response
=NOTICE REPORT==== 29-Jun-2026::11:10:50.434216 ===
    reason: closed
    msg: roadrunner response send failed
    phase: buffered_response
=NOTICE REPORT==== 29-Jun-2026::11:10:50.434065 ===
    reason: enotconn
    msg: roadrunner response send failed
    phase: buffered_response
=NOTICE REPORT==== 29-Jun-2026::11:10:50.433279 ===
    reason: closed
    msg: roadrunner response send failed
    phase: buffered_response
=NOTICE REPORT==== 29-Jun-2026::11:10:50.433052 ===
    reason: closed
    msg: roadrunner response send failed
    phase: buffered_response
=NOTICE REPORT==== 29-Jun-2026::11:10:50.434075 ===
    reason: closed
    msg: roadrunner response send failed
    phase: buffered_response
=NOTICE REPORT==== 29-Jun-2026::11:10:50.434021 ===
    reason: enotconn
    msg: roadrunner response send failed
    phase: buffered_response
=NOTICE REPORT==== 29-Jun-2026::11:10:50.434030 ===
    reason: enotconn
    msg: roadrunner response send failed
    phase: buffered_response
=NOTICE REPORT==== 29-Jun-2026::11:10:50.433549 ===
    reason: closed
    msg: roadrunner response send failed
    phase: buffered_response
=NOTICE REPORT==== 29-Jun-2026::11:10:50.433884 ===
    reason: closed
    msg: roadrunner response send failed
    phase: buffered_response
=NOTICE REPORT==== 29-Jun-2026::11:10:50.433417 ===
    reason: closed
    msg: roadrunner response send failed
    phase: buffered_response
=NOTICE REPORT==== 29-Jun-2026::11:10:50.436170 ===
    reason: closed
    msg: roadrunner response send failed
    phase: buffered_response
=NOTICE REPORT==== 29-Jun-2026::11:10:50.434762 ===
    reason: closed
    msg: roadrunner response send failed
    phase: buffered_response
=NOTICE REPORT==== 29-Jun-2026::11:10:50.436549 ===
    reason: closed
    msg: roadrunner response send failed
    phase: buffered_response
=NOTICE REPORT==== 29-Jun-2026::11:10:50.435707 ===
    reason: closed
    msg: roadrunner response send failed
    phase: buffered_response
=NOTICE REPORT==== 29-Jun-2026::11:10:50.435858 ===
    reason: closed
    msg: roadrunner response send failed
    phase: buffered_response
=NOTICE REPORT==== 29-Jun-2026::11:10:50.434993 ===
    reason: closed
    msg: roadrunner response send failed
    phase: buffered_response
=NOTICE REPORT==== 29-Jun-2026::11:10:50.436522 ===
    reason: closed
    msg: roadrunner response send failed
    phase: buffered_response
=NOTICE REPORT==== 29-Jun-2026::11:10:50.434393 ===
    reason: closed
    msg: roadrunner response send failed
    phase: buffered_response
=NOTICE REPORT==== 29-Jun-2026::11:10:50.434502 ===
    reason: closed
    msg: roadrunner response send failed
    phase: buffered_response
=NOTICE REPORT==== 29-Jun-2026::11:10:50.436184 ===
    reason: closed
    msg: roadrunner response send failed
    phase: buffered_response
=NOTICE REPORT==== 29-Jun-2026::11:10:50.434959 ===
    reason: closed
    msg: roadrunner response send failed
    phase: buffered_response
=NOTICE REPORT==== 29-Jun-2026::11:10:50.434726 ===
    reason: closed
    msg: roadrunner response send failed
    phase: buffered_response
=NOTICE REPORT==== 29-Jun-2026::11:10:50.434637 ===
    reason: closed
    msg: roadrunner response send failed
    phase: buffered_response
=NOTICE REPORT==== 29-Jun-2026::11:10:50.436265 ===
    reason: closed
    msg: roadrunner response send failed
    phase: buffered_response
=NOTICE REPORT==== 29-Jun-2026::11:10:50.434756 ===
    reason: closed
    msg: roadrunner response send failed
    phase: buffered_response
=NOTICE REPORT==== 29-Jun-2026::11:10:50.435107 ===
    reason: closed
    msg: roadrunner response send failed
    phase: buffered_response
=NOTICE REPORT==== 29-Jun-2026::11:10:50.434870 ===
    reason: closed
    msg: roadrunner response send failed
    phase: buffered_response
=NOTICE REPORT==== 29-Jun-2026::11:10:50.434724 ===
    reason: closed
    msg: roadrunner response send failed
    phase: buffered_response
=NOTICE REPORT==== 29-Jun-2026::11:10:50.436566 ===
    reason: closed
    msg: roadrunner response send failed
    phase: buffered_response
=NOTICE REPORT==== 29-Jun-2026::11:10:50.435909 ===
    reason: closed
    msg: roadrunner response send failed
    phase: buffered_response
=NOTICE REPORT==== 29-Jun-2026::11:10:50.435042 ===
    reason: closed
    msg: roadrunner response send failed
    phase: buffered_response
=NOTICE REPORT==== 29-Jun-2026::11:10:50.434757 ===
    reason: closed
    msg: roadrunner response send failed
    phase: buffered_response
=NOTICE REPORT==== 29-Jun-2026::11:10:50.434467 ===
    reason: closed
    msg: roadrunner response send failed
    phase: buffered_response
=NOTICE REPORT==== 29-Jun-2026::11:10:50.436001 ===
    reason: closed
    msg: roadrunner response send failed
    phase: buffered_response
=NOTICE REPORT==== 29-Jun-2026::11:10:50.435413 ===
    reason: closed
    msg: roadrunner response send failed
    phase: buffered_response
=NOTICE REPORT==== 29-Jun-2026::11:10:50.435777 ===
    reason: closed
    msg: roadrunner response send failed
    phase: buffered_response
=NOTICE REPORT==== 29-Jun-2026::11:10:50.436210 ===
    reason: closed
    msg: roadrunner response send failed
    phase: buffered_response
=NOTICE REPORT==== 29-Jun-2026::11:10:50.434390 ===
    reason: closed
    msg: roadrunner response send failed
    phase: buffered_response
=NOTICE REPORT==== 29-Jun-2026::11:10:50.435830 ===
    reason: closed
    msg: roadrunner response send failed
    phase: buffered_response
=NOTICE REPORT==== 29-Jun-2026::11:10:50.435430 ===
    reason: closed
    msg: roadrunner response send failed
    phase: buffered_response
=NOTICE REPORT==== 29-Jun-2026::11:10:50.434571 ===
    reason: closed
    msg: roadrunner response send failed
    phase: buffered_response
=NOTICE REPORT==== 29-Jun-2026::11:10:50.434817 ===
    reason: closed
    msg: roadrunner response send failed
    phase: buffered_response
=NOTICE REPORT==== 29-Jun-2026::11:10:50.434499 ===
    reason: closed
    msg: roadrunner response send failed
    phase: buffered_response
=NOTICE REPORT==== 29-Jun-2026::11:10:50.434896 ===
    reason: closed
    msg: roadrunner response send failed
    phase: buffered_response
=NOTICE REPORT==== 29-Jun-2026::11:10:50.435873 ===
    reason: closed
    msg: roadrunner response send failed
    phase: buffered_response
=NOTICE REPORT==== 29-Jun-2026::11:10:50.440154 ===
    reason: closed
    msg: roadrunner response send failed
    phase: buffered_response
=NOTICE REPORT==== 29-Jun-2026::11:10:50.438786 ===
    reason: closed
    msg: roadrunner response send failed
    phase: buffered_response
=NOTICE REPORT==== 29-Jun-2026::11:10:50.437570 ===
    reason: closed
    msg: roadrunner response send failed
    phase: buffered_response
=NOTICE REPORT==== 29-Jun-2026::11:10:50.438238 ===
    reason: closed
    msg: roadrunner response send failed
    phase: buffered_response
=NOTICE REPORT==== 29-Jun-2026::11:10:50.436765 ===
    reason: closed
    msg: roadrunner response send failed
    phase: buffered_response
=NOTICE REPORT==== 29-Jun-2026::11:10:50.438060 ===
    reason: closed
    msg: roadrunner response send failed
    phase: buffered_response
=NOTICE REPORT==== 29-Jun-2026::11:10:50.437404 ===
    reason: closed
    msg: roadrunner response send failed
    phase: buffered_response
=NOTICE REPORT==== 29-Jun-2026::11:10:50.436870 ===
    reason: closed
    msg: roadrunner response send failed
    phase: buffered_response
=NOTICE REPORT==== 29-Jun-2026::11:10:50.437153 ===
    reason: closed
    msg: roadrunner response send failed
    phase: buffered_response
=NOTICE REPORT==== 29-Jun-2026::11:10:50.438107 ===
    reason: closed
    msg: roadrunner response send failed
    phase: buffered_response
=NOTICE REPORT==== 29-Jun-2026::11:10:50.437935 ===
    reason: closed
    msg: roadrunner response send failed
    phase: buffered_response
=NOTICE REPORT==== 29-Jun-2026::11:10:50.437340 ===
    reason: closed
    msg: roadrunner response send failed
    phase: buffered_response
=NOTICE REPORT==== 29-Jun-2026::11:10:50.437504 ===
    reason: closed
    msg: roadrunner response send failed
    phase: buffered_response
=NOTICE REPORT==== 29-Jun-2026::11:10:50.438290 ===
    reason: closed
    msg: roadrunner response send failed
    phase: buffered_response
=NOTICE REPORT==== 29-Jun-2026::11:10:50.437984 ===
    reason: closed
    msg: roadrunner response send failed
    phase: buffered_response
=NOTICE REPORT==== 29-Jun-2026::11:10:50.438042 ===
    reason: closed
    msg: roadrunner response send failed
    phase: buffered_response
=NOTICE REPORT==== 29-Jun-2026::11:10:50.437368 ===
    reason: closed
    msg: roadrunner response send failed
    phase: buffered_response
=NOTICE REPORT==== 29-Jun-2026::11:10:50.436551 ===
    reason: closed
    msg: roadrunner response send failed
    phase: buffered_response
=NOTICE REPORT==== 29-Jun-2026::11:10:50.438143 ===
    reason: closed
    msg: roadrunner response send failed
    phase: buffered_response
=NOTICE REPORT==== 29-Jun-2026::11:10:50.437149 ===
    reason: closed
    msg: roadrunner response send failed
    phase: buffered_response
=NOTICE REPORT==== 29-Jun-2026::11:10:50.438157 ===
    reason: closed
    msg: roadrunner response send failed
    phase: buffered_response
=NOTICE REPORT==== 29-Jun-2026::11:10:50.437036 ===
    reason: closed
    msg: roadrunner response send failed
    phase: buffered_response
=NOTICE REPORT==== 29-Jun-2026::11:10:50.436498 ===
    reason: closed
    msg: roadrunner response send failed
    phase: buffered_response
=NOTICE REPORT==== 29-Jun-2026::11:10:50.436931 ===
    reason: closed
    msg: roadrunner response send failed
    phase: buffered_response
=NOTICE REPORT==== 29-Jun-2026::11:10:50.436267 ===
    reason: closed
    msg: roadrunner response send failed
    phase: buffered_response
=NOTICE REPORT==== 29-Jun-2026::11:10:50.438247 ===
    reason: closed
    msg: roadrunner response send failed
    phase: buffered_response
=NOTICE REPORT==== 29-Jun-2026::11:10:50.439562 ===
    reason: closed
    msg: roadrunner response send failed
    phase: buffered_response
=NOTICE REPORT==== 29-Jun-2026::11:10:50.438002 ===
    reason: closed
    msg: roadrunner response send failed
    phase: buffered_response
=NOTICE REPORT==== 29-Jun-2026::11:10:50.437381 ===
    reason: closed
    msg: roadrunner response send failed
    phase: buffered_response
=NOTICE REPORT==== 29-Jun-2026::11:10:50.437181 ===
    reason: closed
    msg: roadrunner response send failed
    phase: buffered_response
=NOTICE REPORT==== 29-Jun-2026::11:10:50.438002 ===
    reason: closed
    msg: roadrunner response send failed
    phase: buffered_response
=NOTICE REPORT==== 29-Jun-2026::11:10:50.437437 ===
    reason: closed
    msg: roadrunner response send failed
    phase: buffered_response
=NOTICE REPORT==== 29-Jun-2026::11:10:50.438002 ===
    reason: closed
    msg: roadrunner response send failed
    phase: buffered_response
=NOTICE REPORT==== 29-Jun-2026::11:10:50.437147 ===
    reason: closed
    msg: roadrunner response send failed
    phase: buffered_response
=NOTICE REPORT==== 29-Jun-2026::11:10:50.437773 ===
    reason: closed
    msg: roadrunner response send failed
    phase: buffered_response
=NOTICE REPORT==== 29-Jun-2026::11:10:50.438282 ===
    reason: closed
    msg: roadrunner response send failed
    phase: buffered_response
=NOTICE REPORT==== 29-Jun-2026::11:10:50.436665 ===
    reason: closed
    msg: roadrunner response send failed
    phase: buffered_response
=NOTICE REPORT==== 29-Jun-2026::11:10:50.438382 ===
    reason: closed
    msg: roadrunner response send failed
    phase: buffered_response
=NOTICE REPORT==== 29-Jun-2026::11:10:50.436515 ===
    reason: closed
    msg: roadrunner response send failed
    phase: buffered_response
=NOTICE REPORT==== 29-Jun-2026::11:10:50.436833 ===
    reason: closed
    msg: roadrunner response send failed
    phase: buffered_response
=NOTICE REPORT==== 29-Jun-2026::11:10:50.436877 ===
    reason: closed
    msg: roadrunner response send failed
    phase: buffered_response
=NOTICE REPORT==== 29-Jun-2026::11:10:50.438365 ===
    reason: closed
    msg: roadrunner response send failed
    phase: buffered_response
=NOTICE REPORT==== 29-Jun-2026::11:10:50.437320 ===
    reason: closed
    msg: roadrunner response send failed
    phase: buffered_response
=NOTICE REPORT==== 29-Jun-2026::11:10:50.437115 ===
    reason: closed
    msg: roadrunner response send failed
    phase: buffered_response
=NOTICE REPORT==== 29-Jun-2026::11:10:50.436809 ===
    reason: closed
    msg: roadrunner response send failed
    phase: buffered_response
=NOTICE REPORT==== 29-Jun-2026::11:10:50.439691 ===
    reason: closed
    msg: roadrunner response send failed
    phase: buffered_response
=NOTICE REPORT==== 29-Jun-2026::11:10:50.439705 ===
    reason: closed
    msg: roadrunner response send failed
    phase: buffered_response
=NOTICE REPORT==== 29-Jun-2026::11:10:50.439452 ===
    reason: closed
    msg: roadrunner response send failed
    phase: buffered_response
=NOTICE REPORT==== 29-Jun-2026::11:10:50.437266 ===
    reason: closed
    msg: roadrunner response send failed
    phase: buffered_response
=NOTICE REPORT==== 29-Jun-2026::11:10:50.439284 ===
    reason: closed
    msg: roadrunner response send failed
    phase: buffered_response
=NOTICE REPORT==== 29-Jun-2026::11:10:50.439606 ===
    reason: closed
    msg: roadrunner response send failed
    phase: buffered_response
=NOTICE REPORT==== 29-Jun-2026::11:10:50.438496 ===
    reason: closed
    msg: roadrunner response send failed
    phase: buffered_response
=NOTICE REPORT==== 29-Jun-2026::11:10:50.438722 ===
    reason: closed
    msg: roadrunner response send failed
    phase: buffered_response
=NOTICE REPORT==== 29-Jun-2026::11:10:50.440938 ===
    reason: closed
    msg: roadrunner response send failed
    phase: buffered_response
=NOTICE REPORT==== 29-Jun-2026::11:10:50.439200 ===
    reason: closed
    msg: roadrunner response send failed
    phase: buffered_response
=NOTICE REPORT==== 29-Jun-2026::11:10:50.438985 ===
    reason: closed
    msg: roadrunner response send failed
    phase: buffered_response
=NOTICE REPORT==== 29-Jun-2026::11:10:50.439088 ===
    reason: closed
    msg: roadrunner response send failed
    phase: buffered_response
=NOTICE REPORT==== 29-Jun-2026::11:10:50.466676 ===
Handler default switched from drop to sync mode
=NOTICE REPORT==== 29-Jun-2026::11:10:50.439245 ===
    reason: closed
    msg: roadrunner response send failed
    phase: buffered_response
=NOTICE REPORT==== 29-Jun-2026::11:10:50.439119 ===
    reason: closed
    msg: roadrunner response send failed
    phase: buffered_response
=NOTICE REPORT==== 29-Jun-2026::11:10:50.438946 ===
    reason: closed
    msg: roadrunner response send failed
    phase: buffered_response
=NOTICE REPORT==== 29-Jun-2026::11:10:50.439178 ===
    reason: closed
    msg: roadrunner response send failed
    phase: buffered_response
=NOTICE REPORT==== 29-Jun-2026::11:10:50.441020 ===
    reason: closed
    msg: roadrunner response send failed
    phase: buffered_response
=NOTICE REPORT==== 29-Jun-2026::11:10:50.438923 ===
    reason: closed
    msg: roadrunner response send failed
    phase: buffered_response
=NOTICE REPORT==== 29-Jun-2026::11:10:50.438326 ===
    reason: closed
    msg: roadrunner response send failed
    phase: buffered_response
=NOTICE REPORT==== 29-Jun-2026::11:10:50.439199 ===
    reason: closed
    msg: roadrunner response send failed
    phase: buffered_response
=NOTICE REPORT==== 29-Jun-2026::11:10:50.438411 ===
    reason: closed
    msg: roadrunner response send failed
    phase: buffered_response
=NOTICE REPORT==== 29-Jun-2026::11:10:50.440926 ===
    reason: closed
    msg: roadrunner response send failed
    phase: buffered_response
=NOTICE REPORT==== 29-Jun-2026::11:10:50.438942 ===
    reason: closed
    msg: roadrunner response send failed
    phase: buffered_response
=NOTICE REPORT==== 29-Jun-2026::11:10:50.438860 ===
    reason: closed
    msg: roadrunner response send failed
    phase: buffered_response
=NOTICE REPORT==== 29-Jun-2026::11:10:50.440307 ===
    reason: closed
    msg: roadrunner response send failed
    phase: buffered_response
=NOTICE REPORT==== 29-Jun-2026::11:10:50.440221 ===
    reason: closed
    msg: roadrunner response send failed
    phase: buffered_response
=NOTICE REPORT==== 29-Jun-2026::11:10:50.440450 ===
    reason: closed
    msg: roadrunner response send failed
    phase: buffered_response
=NOTICE REPORT==== 29-Jun-2026::11:10:50.440227 ===
    reason: closed
    msg: roadrunner response send failed
    phase: buffered_response
=NOTICE REPORT==== 29-Jun-2026::11:10:50.440063 ===
    reason: closed
    msg: roadrunner response send failed
    phase: buffered_response
=NOTICE REPORT==== 29-Jun-2026::11:10:50.440217 ===
    reason: closed
    msg: roadrunner response send failed
    phase: buffered_response
=NOTICE REPORT==== 29-Jun-2026::11:10:50.439836 ===
    reason: closed
    msg: roadrunner response send failed
    phase: buffered_response
=NOTICE REPORT==== 29-Jun-2026::11:10:50.438513 ===
    reason: closed
    msg: roadrunner response send failed
    phase: buffered_response
=NOTICE REPORT==== 29-Jun-2026::11:10:50.440168 ===
    reason: closed
    msg: roadrunner response send failed
    phase: buffered_response
=NOTICE REPORT==== 29-Jun-2026::11:10:50.440085 ===
    reason: closed
    msg: roadrunner response send failed
    phase: buffered_response
=NOTICE REPORT==== 29-Jun-2026::11:10:50.440795 ===
    reason: closed
    msg: roadrunner response send failed
    phase: buffered_response
=NOTICE REPORT==== 29-Jun-2026::11:10:50.440634 ===
    reason: closed
    msg: roadrunner response send failed
    phase: buffered_response
=NOTICE REPORT==== 29-Jun-2026::11:10:50.440544 ===
    reason: closed
    msg: roadrunner response send failed
    phase: buffered_response
=NOTICE REPORT==== 29-Jun-2026::11:10:50.440194 ===
    reason: closed
    msg: roadrunner response send failed
    phase: buffered_response
=NOTICE REPORT==== 29-Jun-2026::11:10:50.439871 ===
    reason: closed
    msg: roadrunner response send failed
    phase: buffered_response
=NOTICE REPORT==== 29-Jun-2026::11:10:50.439606 ===
    reason: closed
    msg: roadrunner response send failed
    phase: buffered_response
=NOTICE REPORT==== 29-Jun-2026::11:10:50.440077 ===
    reason: closed
    msg: roadrunner response send failed
    phase: buffered_response
=NOTICE REPORT==== 29-Jun-2026::11:10:50.439399 ===
    reason: closed
    msg: roadrunner response send failed
    phase: buffered_response
=NOTICE REPORT==== 29-Jun-2026::11:10:50.440704 ===
    reason: closed
    msg: roadrunner response send failed
    phase: buffered_response
=NOTICE REPORT==== 29-Jun-2026::11:10:50.440230 ===
    reason: closed
    msg: roadrunner response send failed
    phase: buffered_response
=NOTICE REPORT==== 29-Jun-2026::11:10:50.440833 ===
    reason: closed
    msg: roadrunner response send failed
    phase: buffered_response
=NOTICE REPORT==== 29-Jun-2026::11:10:50.440339 ===
    reason: closed
    msg: roadrunner response send failed
    phase: buffered_response
=NOTICE REPORT==== 29-Jun-2026::11:10:50.440841 ===
    reason: closed
    msg: roadrunner response send failed
    phase: buffered_response
=NOTICE REPORT==== 29-Jun-2026::11:10:50.440423 ===
    reason: closed
    msg: roadrunner response send failed
    phase: buffered_response
=NOTICE REPORT==== 29-Jun-2026::11:10:50.439419 ===
    reason: closed
    msg: roadrunner response send failed
    phase: buffered_response
=NOTICE REPORT==== 29-Jun-2026::11:10:50.440541 ===
    reason: closed
    msg: roadrunner response send failed
    phase: buffered_response
=NOTICE REPORT==== 29-Jun-2026::11:10:50.441968 ===
    reason: closed
    msg: roadrunner response send failed
    phase: buffered_response
=NOTICE REPORT==== 29-Jun-2026::11:10:50.440246 ===
    reason: closed
    msg: roadrunner response send failed
    phase: buffered_response
=NOTICE REPORT==== 29-Jun-2026::11:10:50.440019 ===
    reason: closed
    msg: roadrunner response send failed
    phase: buffered_response
=NOTICE REPORT==== 29-Jun-2026::11:10:50.441324 ===
    reason: closed
    msg: roadrunner response send failed
    phase: buffered_response
=NOTICE REPORT==== 29-Jun-2026::11:10:50.441505 ===
    reason: closed
    msg: roadrunner response send failed
    phase: buffered_response
=NOTICE REPORT==== 29-Jun-2026::11:10:50.440816 ===
    reason: closed
    msg: roadrunner response send failed
    phase: buffered_response
=NOTICE REPORT==== 29-Jun-2026::11:10:50.441553 ===
    reason: closed
    msg: roadrunner response send failed
    phase: buffered_response
=NOTICE REPORT==== 29-Jun-2026::11:10:50.441539 ===
    reason: closed
    msg: roadrunner response send failed
    phase: buffered_response
=NOTICE REPORT==== 29-Jun-2026::11:10:50.440707 ===
    reason: closed
    msg: roadrunner response send failed
    phase: buffered_response
=NOTICE REPORT==== 29-Jun-2026::11:10:50.441347 ===
    reason: closed
    msg: roadrunner response send failed
    phase: buffered_response
=NOTICE REPORT==== 29-Jun-2026::11:10:50.441451 ===
    reason: closed
    msg: roadrunner response send failed
    phase: buffered_response
=NOTICE REPORT==== 29-Jun-2026::11:10:50.441373 ===
    reason: closed
    msg: roadrunner response send failed
    phase: buffered_response
=NOTICE REPORT==== 29-Jun-2026::11:10:50.440879 ===
    reason: closed
    msg: roadrunner response send failed
    phase: buffered_response
=NOTICE REPORT==== 29-Jun-2026::11:10:50.441560 ===
    reason: closed
    msg: roadrunner response send failed
    phase: buffered_response
=NOTICE REPORT==== 29-Jun-2026::11:10:50.440804 ===
    reason: closed
    msg: roadrunner response send failed
    phase: buffered_response
=NOTICE REPORT==== 29-Jun-2026::11:10:50.441227 ===
    reason: closed
    msg: roadrunner response send failed
    phase: buffered_response
=NOTICE REPORT==== 29-Jun-2026::11:10:50.441008 ===
    reason: closed
    msg: roadrunner response send failed
    phase: buffered_response
=NOTICE REPORT==== 29-Jun-2026::11:10:50.440384 ===
    reason: closed
    msg: roadrunner response send failed
    phase: buffered_response
=NOTICE REPORT==== 29-Jun-2026::11:10:50.441214 ===
    reason: closed
    msg: roadrunner response send failed
    phase: buffered_response
=NOTICE REPORT==== 29-Jun-2026::11:10:50.441285 ===
    reason: closed
    msg: roadrunner response send failed
    phase: buffered_response
=NOTICE REPORT==== 29-Jun-2026::11:10:50.440519 ===
    reason: closed
    msg: roadrunner response send failed
    phase: buffered_response
=NOTICE REPORT==== 29-Jun-2026::11:10:50.440355 ===
    reason: closed
    msg: roadrunner response send failed
    phase: buffered_response
=NOTICE REPORT==== 29-Jun-2026::11:10:50.441908 ===
    reason: closed
    msg: roadrunner response send failed
    phase: buffered_response
=NOTICE REPORT==== 29-Jun-2026::11:10:50.444109 ===
    reason: closed
    msg: roadrunner response send failed
    phase: buffered_response
=NOTICE REPORT==== 29-Jun-2026::11:10:50.442046 ===
    reason: closed
    msg: roadrunner response send failed
    phase: buffered_response
=NOTICE REPORT==== 29-Jun-2026::11:10:50.444151 ===
    reason: closed
    msg: roadrunner response send failed
    phase: buffered_response
=NOTICE REPORT==== 29-Jun-2026::11:10:50.441850 ===
    reason: closed
    msg: roadrunner response send failed
    phase: buffered_response
=NOTICE REPORT==== 29-Jun-2026::11:10:50.441534 ===
    reason: closed
    msg: roadrunner response send failed
    phase: buffered_response
=NOTICE REPORT==== 29-Jun-2026::11:10:50.443113 ===
    reason: closed
    msg: roadrunner response send failed
    phase: buffered_response
=NOTICE REPORT==== 29-Jun-2026::11:10:50.442224 ===
    reason: closed
    msg: roadrunner response send failed
    phase: buffered_response
=NOTICE REPORT==== 29-Jun-2026::11:10:50.441872 ===
    reason: closed
    msg: roadrunner response send failed
    phase: buffered_response
=NOTICE REPORT==== 29-Jun-2026::11:10:50.441553 ===
    reason: closed
    msg: roadrunner response send failed
    phase: buffered_response
=NOTICE REPORT==== 29-Jun-2026::11:10:50.441655 ===
    reason: closed
    msg: roadrunner response send failed
    phase: buffered_response
=NOTICE REPORT==== 29-Jun-2026::11:10:50.441858 ===
    reason: closed
    msg: roadrunner response send failed
    phase: buffered_response
=NOTICE REPORT==== 29-Jun-2026::11:10:50.442157 ===
    reason: closed
    msg: roadrunner response send failed
    phase: buffered_response
=NOTICE REPORT==== 29-Jun-2026::11:10:50.441729 ===
    reason: closed
    msg: roadrunner response send failed
    phase: buffered_response
=NOTICE REPORT==== 29-Jun-2026::11:10:50.442151 ===
    reason: closed
    msg: roadrunner response send failed
    phase: buffered_response
=NOTICE REPORT==== 29-Jun-2026::11:10:50.441874 ===
    reason: closed
    msg: roadrunner response send failed
    phase: buffered_response
=NOTICE REPORT==== 29-Jun-2026::11:10:50.442248 ===
    reason: closed
    msg: roadrunner response send failed
    phase: buffered_response
=NOTICE REPORT==== 29-Jun-2026::11:10:50.441764 ===
    reason: closed
    msg: roadrunner response send failed
    phase: buffered_response
=NOTICE REPORT==== 29-Jun-2026::11:10:50.442310 ===
    reason: closed
    msg: roadrunner response send failed
    phase: buffered_response
=NOTICE REPORT==== 29-Jun-2026::11:10:50.442162 ===
    reason: closed
    msg: roadrunner response send failed
    phase: buffered_response
=NOTICE REPORT==== 29-Jun-2026::11:10:50.442305 ===
    reason: closed
    msg: roadrunner response send failed
    phase: buffered_response
=NOTICE REPORT==== 29-Jun-2026::11:10:50.441912 ===
    reason: closed
    msg: roadrunner response send failed
    phase: buffered_response
=NOTICE REPORT==== 29-Jun-2026::11:10:50.442087 ===
    reason: closed
    msg: roadrunner response send failed
    phase: buffered_response
=NOTICE REPORT==== 29-Jun-2026::11:10:50.441985 ===
    reason: closed
    msg: roadrunner response send failed
    phase: buffered_response
=NOTICE REPORT==== 29-Jun-2026::11:10:50.441420 ===
    reason: closed
    msg: roadrunner response send failed
    phase: buffered_response
=NOTICE REPORT==== 29-Jun-2026::11:10:50.441948 ===
    reason: closed
    msg: roadrunner response send failed
    phase: buffered_response
=NOTICE REPORT==== 29-Jun-2026::11:10:50.441596 ===
    reason: closed
    msg: roadrunner response send failed
    phase: buffered_response
=NOTICE REPORT==== 29-Jun-2026::11:10:50.441809 ===
    reason: closed
    msg: roadrunner response send failed
    phase: buffered_response
=NOTICE REPORT==== 29-Jun-2026::11:10:50.439589 ===
    reason: closed
    msg: roadrunner response send failed
    phase: buffered_response
=NOTICE REPORT==== 29-Jun-2026::11:10:50.445352 ===
    reason: closed
    msg: roadrunner response send failed
    phase: buffered_response
=NOTICE REPORT==== 29-Jun-2026::11:10:50.445395 ===
    reason: closed
    msg: roadrunner response send failed
    phase: buffered_response
=NOTICE REPORT==== 29-Jun-2026::11:10:50.442731 ===
    reason: closed
    msg: roadrunner response send failed
    phase: buffered_response
=NOTICE REPORT==== 29-Jun-2026::11:10:50.442467 ===
    reason: closed
    msg: roadrunner response send failed
    phase: buffered_response
=NOTICE REPORT==== 29-Jun-2026::11:10:50.442461 ===
    reason: closed
    msg: roadrunner response send failed
    phase: buffered_response
=NOTICE REPORT==== 29-Jun-2026::11:10:50.442582 ===
    reason: closed
    msg: roadrunner response send failed
    phase: buffered_response
=NOTICE REPORT==== 29-Jun-2026::11:10:50.443038 ===
    reason: closed
    msg: roadrunner response send failed
    phase: buffered_response
=NOTICE REPORT==== 29-Jun-2026::11:10:50.442868 ===
    reason: closed
    msg: roadrunner response send failed
    phase: buffered_response
=NOTICE REPORT==== 29-Jun-2026::11:10:50.442878 ===
    reason: closed
    msg: roadrunner response send failed
    phase: buffered_response
=NOTICE REPORT==== 29-Jun-2026::11:10:50.441686 ===
    reason: closed
    msg: roadrunner response send failed
    phase: buffered_response
=NOTICE REPORT==== 29-Jun-2026::11:10:50.446231 ===
    reason: closed
    msg: roadrunner response send failed
    phase: buffered_response
=NOTICE REPORT==== 29-Jun-2026::11:10:50.445420 ===
    reason: closed
    msg: roadrunner response send failed
    phase: buffered_response
=NOTICE REPORT==== 29-Jun-2026::11:10:50.445549 ===
    reason: closed
    msg: roadrunner response send failed
    phase: buffered_response
=NOTICE REPORT==== 29-Jun-2026::11:10:50.445785 ===
    reason: closed
    msg: roadrunner response send failed
    phase: buffered_response
=NOTICE REPORT==== 29-Jun-2026::11:10:50.445750 ===
    reason: closed
    msg: roadrunner response send failed
    phase: buffered_response
=NOTICE REPORT==== 29-Jun-2026::11:10:50.445914 ===
    reason: closed
    msg: roadrunner response send failed
    phase: buffered_response
=NOTICE REPORT==== 29-Jun-2026::11:10:50.445795 ===
    reason: closed
    msg: roadrunner response send failed
    phase: buffered_response
=NOTICE REPORT==== 29-Jun-2026::11:10:50.443346 ===
    reason: closed
    msg: roadrunner response send failed
    phase: buffered_response
=NOTICE REPORT==== 29-Jun-2026::11:10:50.445310 ===
    reason: closed
    msg: roadrunner response send failed
    phase: buffered_response
=NOTICE REPORT==== 29-Jun-2026::11:10:50.443360 ===
    reason: closed
    msg: roadrunner response send failed
    phase: buffered_response
=NOTICE REPORT==== 29-Jun-2026::11:10:50.445501 ===
    reason: closed
    msg: roadrunner response send failed
    phase: buffered_response
=NOTICE REPORT==== 29-Jun-2026::11:10:50.443507 ===
    reason: closed
    msg: roadrunner response send failed
    phase: buffered_response
=NOTICE REPORT==== 29-Jun-2026::11:10:50.447043 ===
    reason: closed
    msg: roadrunner response send failed
    phase: buffered_response
=NOTICE REPORT==== 29-Jun-2026::11:10:50.446091 ===
    reason: closed
    msg: roadrunner response send failed
    phase: buffered_response
=NOTICE REPORT==== 29-Jun-2026::11:10:50.445497 ===
    reason: closed
    msg: roadrunner response send failed
    phase: buffered_response
=NOTICE REPORT==== 29-Jun-2026::11:10:50.446868 ===
    reason: closed
    msg: roadrunner response send failed
    phase: buffered_response
=NOTICE REPORT==== 29-Jun-2026::11:10:50.445509 ===
    reason: closed
    msg: roadrunner response send failed
    phase: buffered_response
=NOTICE REPORT==== 29-Jun-2026::11:10:50.446305 ===
    reason: closed
    msg: roadrunner response send failed
    phase: buffered_response
=NOTICE REPORT==== 29-Jun-2026::11:10:50.445031 ===
    reason: closed
    msg: roadrunner response send failed
    phase: buffered_response
=NOTICE REPORT==== 29-Jun-2026::11:10:50.446296 ===
    reason: closed
    msg: roadrunner response send failed
    phase: buffered_response
=NOTICE REPORT==== 29-Jun-2026::11:10:50.446636 ===
    reason: closed
    msg: roadrunner response send failed
    phase: buffered_response
=NOTICE REPORT==== 29-Jun-2026::11:10:50.446144 ===
    reason: closed
    msg: roadrunner response send failed
    phase: buffered_response
=NOTICE REPORT==== 29-Jun-2026::11:10:50.446192 ===
    reason: closed
    msg: roadrunner response send failed
    phase: buffered_response
=NOTICE REPORT==== 29-Jun-2026::11:10:50.446311 ===
    reason: closed
    msg: roadrunner response send failed
    phase: buffered_response
=NOTICE REPORT==== 29-Jun-2026::11:10:50.446324 ===
    reason: closed
    msg: roadrunner response send failed
    phase: buffered_response
=NOTICE REPORT==== 29-Jun-2026::11:10:50.445638 ===
    reason: closed
    msg: roadrunner response send failed
    phase: buffered_response
=NOTICE REPORT==== 29-Jun-2026::11:10:50.445654 ===
    reason: closed
    msg: roadrunner response send failed
    phase: buffered_response
=NOTICE REPORT==== 29-Jun-2026::11:10:50.448579 ===
    reason: closed
    msg: roadrunner response send failed
    phase: buffered_response
=NOTICE REPORT==== 29-Jun-2026::11:10:50.445922 ===
    reason: closed
    msg: roadrunner response send failed
    phase: buffered_response
=NOTICE REPORT==== 29-Jun-2026::11:10:50.447978 ===
    reason: closed
    msg: roadrunner response send failed
    phase: buffered_response
=NOTICE REPORT==== 29-Jun-2026::11:10:50.446364 ===
    reason: closed
    msg: roadrunner response send failed
    phase: buffered_response
=NOTICE REPORT==== 29-Jun-2026::11:10:50.446266 ===
    reason: closed
    msg: roadrunner response send failed
    phase: buffered_response
=NOTICE REPORT==== 29-Jun-2026::11:10:50.446346 ===
    reason: closed
    msg: roadrunner response send failed
    phase: buffered_response
=NOTICE REPORT==== 29-Jun-2026::11:10:50.446289 ===
    reason: closed
    msg: roadrunner response send failed
    phase: buffered_response
=NOTICE REPORT==== 29-Jun-2026::11:10:50.446975 ===
    reason: closed
    msg: roadrunner response send failed
    phase: buffered_response
=NOTICE REPORT==== 29-Jun-2026::11:10:50.445793 ===
    reason: closed
    msg: roadrunner response send failed
    phase: buffered_response
=NOTICE REPORT==== 29-Jun-2026::11:10:50.445981 ===
    reason: closed
    msg: roadrunner response send failed
    phase: buffered_response
=NOTICE REPORT==== 29-Jun-2026::11:10:50.447268 ===
    reason: closed
    msg: roadrunner response send failed
    phase: buffered_response
=NOTICE REPORT==== 29-Jun-2026::11:10:50.446347 ===
    reason: closed
    msg: roadrunner response send failed
    phase: buffered_response
=NOTICE REPORT==== 29-Jun-2026::11:10:50.446400 ===
    reason: closed
    msg: roadrunner response send failed
    phase: buffered_response
=NOTICE REPORT==== 29-Jun-2026::11:10:50.447114 ===
    reason: closed
    msg: roadrunner response send failed
    phase: buffered_response
=NOTICE REPORT==== 29-Jun-2026::11:10:50.443922 ===
    reason: closed
    msg: roadrunner response send failed
    phase: buffered_response
=NOTICE REPORT==== 29-Jun-2026::11:10:50.446098 ===
    reason: closed
    msg: roadrunner response send failed
    phase: buffered_response
=NOTICE REPORT==== 29-Jun-2026::11:10:50.447015 ===
    reason: closed
    msg: roadrunner response send failed
    phase: buffered_response
=NOTICE REPORT==== 29-Jun-2026::11:10:50.445561 ===
    reason: closed
    msg: roadrunner response send failed
    phase: buffered_response
=NOTICE REPORT==== 29-Jun-2026::11:10:50.446392 ===
    reason: closed
    msg: roadrunner response send failed
    phase: buffered_response
=NOTICE REPORT==== 29-Jun-2026::11:10:50.446454 ===
    reason: closed
    msg: roadrunner response send failed
    phase: buffered_response
=NOTICE REPORT==== 29-Jun-2026::11:10:50.446421 ===
    reason: closed
    msg: roadrunner response send failed
    phase: buffered_response
=NOTICE REPORT==== 29-Jun-2026::11:10:50.445532 ===
    reason: closed
    msg: roadrunner response send failed
    phase: buffered_response
=NOTICE REPORT==== 29-Jun-2026::11:10:50.446283 ===
    reason: closed
    msg: roadrunner response send failed
    phase: buffered_response
=NOTICE REPORT==== 29-Jun-2026::11:10:50.445806 ===
    reason: closed
    msg: roadrunner response send failed
    phase: buffered_response
=NOTICE REPORT==== 29-Jun-2026::11:10:50.447500 ===
    reason: closed
    msg: roadrunner response send failed
    phase: buffered_response
=NOTICE REPORT==== 29-Jun-2026::11:10:50.446264 ===
    reason: closed
    msg: roadrunner response send failed
    phase: buffered_response
=NOTICE REPORT==== 29-Jun-2026::11:10:50.447452 ===
    reason: closed
    msg: roadrunner response send failed
    phase: buffered_response
=NOTICE REPORT==== 29-Jun-2026::11:10:50.449666 ===
    reason: closed
    msg: roadrunner response send failed
    phase: buffered_response
=NOTICE REPORT==== 29-Jun-2026::11:10:50.449798 ===
    reason: closed
    msg: roadrunner response send failed
    phase: buffered_response
=NOTICE REPORT==== 29-Jun-2026::11:10:50.448773 ===
    reason: closed
    msg: roadrunner response send failed
    phase: buffered_response
=NOTICE REPORT==== 29-Jun-2026::11:10:50.449765 ===
    reason: closed
    msg: roadrunner response send failed
    phase: buffered_response
=NOTICE REPORT==== 29-Jun-2026::11:10:50.447133 ===
    reason: closed
    msg: roadrunner response send failed
    phase: buffered_response
=NOTICE REPORT==== 29-Jun-2026::11:10:50.450716 ===
    reason: closed
    msg: roadrunner response send failed
    phase: buffered_response
=NOTICE REPORT==== 29-Jun-2026::11:10:50.449217 ===
    reason: closed
    msg: roadrunner response send failed
    phase: buffered_response
=NOTICE REPORT==== 29-Jun-2026::11:10:50.450152 ===
    reason: closed
    msg: roadrunner response send failed
    phase: buffered_response
=NOTICE REPORT==== 29-Jun-2026::11:10:50.450897 ===
    reason: closed
    msg: roadrunner response send failed
    phase: buffered_response
=NOTICE REPORT==== 29-Jun-2026::11:10:50.449781 ===
    reason: closed
    msg: roadrunner response send failed
    phase: buffered_response
=NOTICE REPORT==== 29-Jun-2026::11:10:50.447795 ===
    reason: closed
    msg: roadrunner response send failed
    phase: buffered_response
=NOTICE REPORT==== 29-Jun-2026::11:10:50.449265 ===
    reason: closed
    msg: roadrunner response send failed
    phase: buffered_response
=NOTICE REPORT==== 29-Jun-2026::11:10:50.447996 ===
    reason: closed
    msg: roadrunner response send failed
    phase: buffered_response
=NOTICE REPORT==== 29-Jun-2026::11:10:50.447771 ===
    reason: closed
    msg: roadrunner response send failed
    phase: buffered_response
=NOTICE REPORT==== 29-Jun-2026::11:10:50.446164 ===
    reason: closed
    msg: roadrunner response send failed
    phase: buffered_response
=NOTICE REPORT==== 29-Jun-2026::11:10:50.449078 ===
    reason: closed
    msg: roadrunner response send failed
    phase: buffered_response
=NOTICE REPORT==== 29-Jun-2026::11:10:50.450557 ===
    reason: closed
    msg: roadrunner response send failed
    phase: buffered_response
=NOTICE REPORT==== 29-Jun-2026::11:10:50.448429 ===
    reason: closed
    msg: roadrunner response send failed
    phase: buffered_response
=NOTICE REPORT==== 29-Jun-2026::11:10:50.448436 ===
    reason: closed
    msg: roadrunner response send failed
    phase: buffered_response
=NOTICE REPORT==== 29-Jun-2026::11:10:50.445745 ===
    reason: closed
    msg: roadrunner response send failed
    phase: buffered_response
=NOTICE REPORT==== 29-Jun-2026::11:10:50.446115 ===
    reason: closed
    msg: roadrunner response send failed
    phase: buffered_response
=NOTICE REPORT==== 29-Jun-2026::11:10:50.446813 ===
    reason: closed
    msg: roadrunner response send failed
    phase: buffered_response
=NOTICE REPORT==== 29-Jun-2026::11:10:50.445804 ===
    reason: closed
    msg: roadrunner response send failed
    phase: buffered_response
=NOTICE REPORT==== 29-Jun-2026::11:10:50.448284 ===
    reason: closed
    msg: roadrunner response send failed
    phase: buffered_response
=NOTICE REPORT==== 29-Jun-2026::11:10:50.449578 ===
    reason: closed
    msg: roadrunner response send failed
    phase: buffered_response
=NOTICE REPORT==== 29-Jun-2026::11:10:50.448654 ===
    reason: closed
    msg: roadrunner response send failed
    phase: buffered_response
=NOTICE REPORT==== 29-Jun-2026::11:10:50.447809 ===
    reason: closed
    msg: roadrunner response send failed
    phase: buffered_response
=NOTICE REPORT==== 29-Jun-2026::11:10:50.447693 ===
    reason: closed
    msg: roadrunner response send failed
    phase: buffered_response
=NOTICE REPORT==== 29-Jun-2026::11:10:50.449277 ===
    reason: closed
    msg: roadrunner response send failed
    phase: buffered_response
=NOTICE REPORT==== 29-Jun-2026::11:10:50.446384 ===
    reason: closed
    msg: roadrunner response send failed
    phase: buffered_response
=NOTICE REPORT==== 29-Jun-2026::11:10:50.450671 ===
    reason: closed
    msg: roadrunner response send failed
    phase: buffered_response
=NOTICE REPORT==== 29-Jun-2026::11:10:50.449534 ===
    reason: closed
    msg: roadrunner response send failed
    phase: buffered_response
=NOTICE REPORT==== 29-Jun-2026::11:10:50.447620 ===
    reason: closed
    msg: roadrunner response send failed
    phase: buffered_response
=NOTICE REPORT==== 29-Jun-2026::11:10:50.451105 ===
    reason: closed
    msg: roadrunner response send failed
    phase: buffered_response
=NOTICE REPORT==== 29-Jun-2026::11:10:50.448185 ===
    reason: closed
    msg: roadrunner response send failed
    phase: buffered_response
=NOTICE REPORT==== 29-Jun-2026::11:10:50.447897 ===
    reason: closed
    msg: roadrunner response send failed
    phase: buffered_response
=NOTICE REPORT==== 29-Jun-2026::11:10:50.448318 ===
    reason: closed
    msg: roadrunner response send failed
    phase: buffered_response
=NOTICE REPORT==== 29-Jun-2026::11:10:50.448514 ===
    reason: closed
    msg: roadrunner response send failed
    phase: buffered_response
=NOTICE REPORT==== 29-Jun-2026::11:10:50.448414 ===
    reason: closed
    msg: roadrunner response send failed
    phase: buffered_response
=NOTICE REPORT==== 29-Jun-2026::11:10:50.448756 ===
    reason: closed
    msg: roadrunner response send failed
    phase: buffered_response
=NOTICE REPORT==== 29-Jun-2026::11:10:50.449777 ===
    reason: closed
    msg: roadrunner response send failed
    phase: buffered_response
=NOTICE REPORT==== 29-Jun-2026::11:10:50.447238 ===
    reason: closed
    msg: roadrunner response send failed
    phase: buffered_response
=NOTICE REPORT==== 29-Jun-2026::11:10:50.447897 ===
    reason: closed
    msg: roadrunner response send failed
    phase: buffered_response
=NOTICE REPORT==== 29-Jun-2026::11:10:50.452390 ===
    reason: closed
    msg: roadrunner response send failed
    phase: buffered_response
=NOTICE REPORT==== 29-Jun-2026::11:10:50.446776 ===
    reason: closed
    msg: roadrunner response send failed
    phase: buffered_response
=NOTICE REPORT==== 29-Jun-2026::11:10:50.451242 ===
    reason: closed
    msg: roadrunner response send failed
    phase: buffered_response
=NOTICE REPORT==== 29-Jun-2026::11:10:50.452409 ===
    reason: closed
    msg: roadrunner response send failed
    phase: buffered_response
=NOTICE REPORT==== 29-Jun-2026::11:10:50.466761 ===
    reason: enotconn
    msg: roadrunner response send failed
    phase: buffered_response
=NOTICE REPORT==== 29-Jun-2026::11:10:50.466782 ===
    reason: enotconn
    msg: roadrunner response send failed
    phase: buffered_response
=NOTICE REPORT==== 29-Jun-2026::11:10:50.466764 ===
    reason: enotconn
    msg: roadrunner response send failed
    phase: buffered_response
=NOTICE REPORT==== 29-Jun-2026::11:10:50.466773 ===
    reason: enotconn
    msg: roadrunner response send failed
    phase: buffered_response
=NOTICE REPORT==== 29-Jun-2026::11:10:50.466786 ===
    reason: enotconn
    msg: roadrunner response send failed
    phase: buffered_response
=NOTICE REPORT==== 29-Jun-2026::11:10:50.466816 ===
    reason: enotconn
    msg: roadrunner response send failed
    phase: buffered_response
=NOTICE REPORT==== 29-Jun-2026::11:10:50.467103 ===
    reason: enotconn
    msg: roadrunner response send failed
    phase: buffered_response
=NOTICE REPORT==== 29-Jun-2026::11:10:50.467094 ===
    reason: enotconn
    msg: roadrunner response send failed
    phase: buffered_response
=NOTICE REPORT==== 29-Jun-2026::11:10:50.467110 ===
    reason: enotconn
    msg: roadrunner response send failed
    phase: buffered_response
=NOTICE REPORT==== 29-Jun-2026::11:10:50.467182 ===
    reason: enotconn
    msg: roadrunner response send failed
    phase: buffered_response
=NOTICE REPORT==== 29-Jun-2026::11:10:50.467147 ===
    reason: enotconn
    msg: roadrunner response send failed
    phase: buffered_response
=NOTICE REPORT==== 29-Jun-2026::11:10:50.467155 ===
    reason: enotconn
    msg: roadrunner response send failed
    phase: buffered_response
=NOTICE REPORT==== 29-Jun-2026::11:10:50.467140 ===
    reason: enotconn
    msg: roadrunner response send failed
    phase: buffered_response
=NOTICE REPORT==== 29-Jun-2026::11:10:50.467167 ===
    reason: enotconn
    msg: roadrunner response send failed
    phase: buffered_response
=NOTICE REPORT==== 29-Jun-2026::11:10:50.467116 ===
    reason: enotconn
    msg: roadrunner response send failed
    phase: buffered_response
=NOTICE REPORT==== 29-Jun-2026::11:10:50.467160 ===
    reason: enotconn
    msg: roadrunner response send failed
    phase: buffered_response
=NOTICE REPORT==== 29-Jun-2026::11:10:50.467155 ===
    reason: enotconn
    msg: roadrunner response send failed
    phase: buffered_response
=NOTICE REPORT==== 29-Jun-2026::11:10:50.467169 ===
    reason: enotconn
    msg: roadrunner response send failed
    phase: buffered_response
=NOTICE REPORT==== 29-Jun-2026::11:10:50.467190 ===
    reason: enotconn
    msg: roadrunner response send failed
    phase: buffered_response
=NOTICE REPORT==== 29-Jun-2026::11:10:50.467145 ===
    reason: enotconn
    msg: roadrunner response send failed
    phase: buffered_response
=NOTICE REPORT==== 29-Jun-2026::11:10:50.467106 ===
    reason: enotconn
    msg: roadrunner response send failed
    phase: buffered_response
=NOTICE REPORT==== 29-Jun-2026::11:10:50.467202 ===
    reason: enotconn
    msg: roadrunner response send failed
    phase: buffered_response
=NOTICE REPORT==== 29-Jun-2026::11:10:50.467167 ===
    reason: enotconn
    msg: roadrunner response send failed
    phase: buffered_response
=NOTICE REPORT==== 29-Jun-2026::11:10:50.467140 ===
    reason: enotconn
    msg: roadrunner response send failed
    phase: buffered_response
=NOTICE REPORT==== 29-Jun-2026::11:10:50.467226 ===
    reason: enotconn
    msg: roadrunner response send failed
    phase: buffered_response
=NOTICE REPORT==== 29-Jun-2026::11:10:50.467765 ===
    reason: enotconn
    msg: roadrunner response send failed
    phase: buffered_response
=NOTICE REPORT==== 29-Jun-2026::11:10:50.467693 ===
    reason: enotconn
    msg: roadrunner response send failed
    phase: buffered_response
=NOTICE REPORT==== 29-Jun-2026::11:10:50.467727 ===
    reason: enotconn
    msg: roadrunner response send failed
    phase: buffered_response
=NOTICE REPORT==== 29-Jun-2026::11:10:50.467684 ===
    reason: enotconn
    msg: roadrunner response send failed
    phase: buffered_response
=NOTICE REPORT==== 29-Jun-2026::11:10:50.467749 ===
    reason: enotconn
    msg: roadrunner response send failed
    phase: buffered_response
=NOTICE REPORT==== 29-Jun-2026::11:10:50.467708 ===
    reason: enotconn
    msg: roadrunner response send failed
    phase: buffered_response
=NOTICE REPORT==== 29-Jun-2026::11:10:50.467686 ===
    reason: enotconn
    msg: roadrunner response send failed
    phase: buffered_response
=NOTICE REPORT==== 29-Jun-2026::11:10:50.467720 ===
    reason: enotconn
    msg: roadrunner response send failed
    phase: buffered_response
=NOTICE REPORT==== 29-Jun-2026::11:10:50.467706 ===
    reason: enotconn
    msg: roadrunner response send failed
    phase: buffered_response
=NOTICE REPORT==== 29-Jun-2026::11:10:50.467732 ===
    reason: enotconn
    msg: roadrunner response send failed
    phase: buffered_response
=NOTICE REPORT==== 29-Jun-2026::11:10:50.467726 ===
    reason: enotconn
    msg: roadrunner response send failed
    phase: buffered_response
=NOTICE REPORT==== 29-Jun-2026::11:10:50.467773 ===
    reason: enotconn
    msg: roadrunner response send failed
    phase: buffered_response
=NOTICE REPORT==== 29-Jun-2026::11:10:50.467786 ===
    reason: enotconn
    msg: roadrunner response send failed
    phase: buffered_response
=NOTICE REPORT==== 29-Jun-2026::11:10:50.467790 ===
    reason: enotconn
    msg: roadrunner response send failed
    phase: buffered_response
=NOTICE REPORT==== 29-Jun-2026::11:10:50.467737 ===
    reason: enotconn
    msg: roadrunner response send failed
    phase: buffered_response
=NOTICE REPORT==== 29-Jun-2026::11:10:50.467786 ===
    reason: enotconn
    msg: roadrunner response send failed
    phase: buffered_response
=NOTICE REPORT==== 29-Jun-2026::11:10:50.467796 ===
    reason: enotconn
    msg: roadrunner response send failed
    phase: buffered_response
=NOTICE REPORT==== 29-Jun-2026::11:10:50.467796 ===
    reason: enotconn
    msg: roadrunner response send failed
    phase: buffered_response
=NOTICE REPORT==== 29-Jun-2026::11:10:50.468466 ===
    reason: enotconn
    msg: roadrunner response send failed
    phase: buffered_response
=NOTICE REPORT==== 29-Jun-2026::11:10:50.468491 ===
    reason: enotconn
    msg: roadrunner response send failed
    phase: buffered_response
=NOTICE REPORT==== 29-Jun-2026::11:10:50.468500 ===
    reason: enotconn
    msg: roadrunner response send failed
    phase: buffered_response
=NOTICE REPORT==== 29-Jun-2026::11:10:50.468503 ===
    reason: enotconn
    msg: roadrunner response send failed
    phase: buffered_response
=NOTICE REPORT==== 29-Jun-2026::11:10:50.468537 ===
    reason: enotconn
    msg: roadrunner response send failed
    phase: buffered_response
=NOTICE REPORT==== 29-Jun-2026::11:10:50.468514 ===
    reason: enotconn
    msg: roadrunner response send failed
    phase: buffered_response
=NOTICE REPORT==== 29-Jun-2026::11:10:50.468504 ===
    reason: enotconn
    msg: roadrunner response send failed
    phase: buffered_response
=NOTICE REPORT==== 29-Jun-2026::11:10:50.468552 ===
    reason: enotconn
    msg: roadrunner response send failed
    phase: buffered_response
=NOTICE REPORT==== 29-Jun-2026::11:10:50.468533 ===
    reason: enotconn
    msg: roadrunner response send failed
    phase: buffered_response
=NOTICE REPORT==== 29-Jun-2026::11:10:50.468534 ===
    reason: enotconn
    msg: roadrunner response send failed
    phase: buffered_response
=NOTICE REPORT==== 29-Jun-2026::11:10:50.468487 ===
    reason: enotconn
    msg: roadrunner response send failed
    phase: buffered_response
=NOTICE REPORT==== 29-Jun-2026::11:10:50.468537 ===
    reason: enotconn
    msg: roadrunner response send failed
    phase: buffered_response
=NOTICE REPORT==== 29-Jun-2026::11:10:50.468552 ===
    reason: enotconn
    msg: roadrunner response send failed
    phase: buffered_response
=NOTICE REPORT==== 29-Jun-2026::11:10:50.468539 ===
    reason: enotconn
    msg: roadrunner response send failed
    phase: buffered_response
=NOTICE REPORT==== 29-Jun-2026::11:10:50.468565 ===
    reason: enotconn
    msg: roadrunner response send failed
    phase: buffered_response
=NOTICE REPORT==== 29-Jun-2026::11:10:50.468526 ===
    reason: enotconn
    msg: roadrunner response send failed
    phase: buffered_response
=NOTICE REPORT==== 29-Jun-2026::11:10:50.468561 ===
    reason: enotconn
    msg: roadrunner response send failed
    phase: buffered_response
=NOTICE REPORT==== 29-Jun-2026::11:10:50.468574 ===
    reason: enotconn
    msg: roadrunner response send failed
    phase: buffered_response
=NOTICE REPORT==== 29-Jun-2026::11:10:50.468576 ===
    reason: enotconn
    msg: roadrunner response send failed
    phase: buffered_response
=NOTICE REPORT==== 29-Jun-2026::11:10:50.468532 ===
    reason: enotconn
    msg: roadrunner response send failed
    phase: buffered_response
=NOTICE REPORT==== 29-Jun-2026::11:10:50.468559 ===
    reason: enotconn
    msg: roadrunner response send failed
    phase: buffered_response
=NOTICE REPORT==== 29-Jun-2026::11:10:50.469425 ===
    reason: enotconn
    msg: roadrunner response send failed
    phase: buffered_response
=NOTICE REPORT==== 29-Jun-2026::11:10:50.469423 ===
    reason: enotconn
    msg: roadrunner response send failed
    phase: buffered_response
=NOTICE REPORT==== 29-Jun-2026::11:10:50.469401 ===
    reason: enotconn
    msg: roadrunner response send failed
    phase: buffered_response
=NOTICE REPORT==== 29-Jun-2026::11:10:50.469455 ===
    reason: enotconn
    msg: roadrunner response send failed
    phase: buffered_response
=NOTICE REPORT==== 29-Jun-2026::11:10:50.469416 ===
    reason: enotconn
    msg: roadrunner response send failed
    phase: buffered_response
=NOTICE REPORT==== 29-Jun-2026::11:10:50.469439 ===
    reason: enotconn
    msg: roadrunner response send failed
    phase: buffered_response
=NOTICE REPORT==== 29-Jun-2026::11:10:50.469431 ===
    reason: enotconn
    msg: roadrunner response send failed
    phase: buffered_response
=NOTICE REPORT==== 29-Jun-2026::11:10:50.469461 ===
    reason: enotconn
    msg: roadrunner response send failed
    phase: buffered_response
=NOTICE REPORT==== 29-Jun-2026::11:10:50.469476 ===
    reason: enotconn
    msg: roadrunner response send failed
    phase: buffered_response
=NOTICE REPORT==== 29-Jun-2026::11:10:50.469421 ===
    reason: enotconn
    msg: roadrunner response send failed
    phase: buffered_response
=NOTICE REPORT==== 29-Jun-2026::11:10:50.469442 ===
    reason: enotconn
    msg: roadrunner response send failed
    phase: buffered_response
=NOTICE REPORT==== 29-Jun-2026::11:10:50.469444 ===
    reason: enotconn
    msg: roadrunner response send failed
    phase: buffered_response
=NOTICE REPORT==== 29-Jun-2026::11:10:50.469465 ===
    reason: enotconn
    msg: roadrunner response send failed
    phase: buffered_response
=NOTICE REPORT==== 29-Jun-2026::11:10:50.469478 ===
    reason: enotconn
    msg: roadrunner response send failed
    phase: buffered_response
=NOTICE REPORT==== 29-Jun-2026::11:10:50.469421 ===
    reason: enotconn
    msg: roadrunner response send failed
    phase: buffered_response
=NOTICE REPORT==== 29-Jun-2026::11:10:50.469449 ===
    reason: enotconn
    msg: roadrunner response send failed
    phase: buffered_response
=NOTICE REPORT==== 29-Jun-2026::11:10:50.469507 ===
    reason: enotconn
    msg: roadrunner response send failed
    phase: buffered_response
=NOTICE REPORT==== 29-Jun-2026::11:10:50.469477 ===
    reason: enotconn
    msg: roadrunner response send failed
    phase: buffered_response
=NOTICE REPORT==== 29-Jun-2026::11:10:50.469512 ===
    reason: enotconn
    msg: roadrunner response send failed
    phase: buffered_response
=NOTICE REPORT==== 29-Jun-2026::11:10:50.469500 ===
    reason: enotconn
    msg: roadrunner response send failed
    phase: buffered_response
=NOTICE REPORT==== 29-Jun-2026::11:10:50.470319 ===
    reason: enotconn
    msg: roadrunner response send failed
    phase: buffered_response
=NOTICE REPORT==== 29-Jun-2026::11:10:50.470345 ===
    reason: enotconn
    msg: roadrunner response send failed
    phase: buffered_response
=NOTICE REPORT==== 29-Jun-2026::11:10:50.470342 ===
    reason: enotconn
    msg: roadrunner response send failed
    phase: buffered_response
=NOTICE REPORT==== 29-Jun-2026::11:10:50.470315 ===
    reason: enotconn
    msg: roadrunner response send failed
    phase: buffered_response
=NOTICE REPORT==== 29-Jun-2026::11:10:50.470299 ===
    reason: enotconn
    msg: roadrunner response send failed
    phase: buffered_response
=NOTICE REPORT==== 29-Jun-2026::11:10:50.470330 ===
    reason: enotconn
    msg: roadrunner response send failed
    phase: buffered_response
=NOTICE REPORT==== 29-Jun-2026::11:10:50.470337 ===
    reason: enotconn
    msg: roadrunner response send failed
    phase: buffered_response
=NOTICE REPORT==== 29-Jun-2026::11:10:50.470372 ===
    reason: enotconn
    msg: roadrunner response send failed
    phase: buffered_response
=NOTICE REPORT==== 29-Jun-2026::11:10:50.470352 ===
    reason: enotconn
    msg: roadrunner response send failed
    phase: buffered_response
=NOTICE REPORT==== 29-Jun-2026::11:10:50.470359 ===
    reason: enotconn
    msg: roadrunner response send failed
    phase: buffered_response
=NOTICE REPORT==== 29-Jun-2026::11:10:50.470381 ===
    reason: enotconn
    msg: roadrunner response send failed
    phase: buffered_response
=NOTICE REPORT==== 29-Jun-2026::11:10:50.470324 ===
    reason: enotconn
    msg: roadrunner response send failed
    phase: buffered_response
=NOTICE REPORT==== 29-Jun-2026::11:10:50.470354 ===
    reason: enotconn
    msg: roadrunner response send failed
    phase: buffered_response
=NOTICE REPORT==== 29-Jun-2026::11:10:50.470381 ===
    reason: enotconn
    msg: roadrunner response send failed
    phase: buffered_response
=NOTICE REPORT==== 29-Jun-2026::11:10:50.470345 ===
    reason: enotconn
    msg: roadrunner response send failed
    phase: buffered_response
=NOTICE REPORT==== 29-Jun-2026::11:10:50.470372 ===
    reason: enotconn
    msg: roadrunner response send failed
    phase: buffered_response
=NOTICE REPORT==== 29-Jun-2026::11:10:50.470368 ===
    reason: enotconn
    msg: roadrunner response send failed
    phase: buffered_response
=NOTICE REPORT==== 29-Jun-2026::11:10:50.471015 ===
    reason: enotconn
    msg: roadrunner response send failed
    phase: buffered_response
=NOTICE REPORT==== 29-Jun-2026::11:10:50.471007 ===
    reason: enotconn
    msg: roadrunner response send failed
    phase: buffered_response
=NOTICE REPORT==== 29-Jun-2026::11:10:50.471046 ===
    reason: enotconn
    msg: roadrunner response send failed
    phase: buffered_response
=NOTICE REPORT==== 29-Jun-2026::11:10:50.471046 ===
    reason: enotconn
    msg: roadrunner response send failed
    phase: buffered_response
=NOTICE REPORT==== 29-Jun-2026::11:10:50.471084 ===
    reason: enotconn
    msg: roadrunner response send failed
    phase: buffered_response
=NOTICE REPORT==== 29-Jun-2026::11:10:50.471059 ===
    reason: enotconn
    msg: roadrunner response send failed
    phase: buffered_response
=NOTICE REPORT==== 29-Jun-2026::11:10:50.471014 ===
    reason: enotconn
    msg: roadrunner response send failed
    phase: buffered_response
=NOTICE REPORT==== 29-Jun-2026::11:10:50.471085 ===
    reason: enotconn
    msg: roadrunner response send failed
    phase: buffered_response
=NOTICE REPORT==== 29-Jun-2026::11:10:50.471002 ===
    reason: enotconn
    msg: roadrunner response send failed
    phase: buffered_response
=NOTICE REPORT==== 29-Jun-2026::11:10:50.471081 ===
    reason: enotconn
    msg: roadrunner response send failed
    phase: buffered_response
=NOTICE REPORT==== 29-Jun-2026::11:10:50.471088 ===
    reason: enotconn
    msg: roadrunner response send failed
    phase: buffered_response
=NOTICE REPORT==== 29-Jun-2026::11:10:50.471072 ===
    reason: enotconn
    msg: roadrunner response send failed
    phase: buffered_response
=NOTICE REPORT==== 29-Jun-2026::11:10:50.471022 ===
    reason: enotconn
    msg: roadrunner response send failed
    phase: buffered_response
=NOTICE REPORT==== 29-Jun-2026::11:10:50.471112 ===
    reason: enotconn
    msg: roadrunner response send failed
    phase: buffered_response
=NOTICE REPORT==== 29-Jun-2026::11:10:50.471142 ===
    reason: enotconn
    msg: roadrunner response send failed
    phase: buffered_response
=NOTICE REPORT==== 29-Jun-2026::11:10:50.471120 ===
    reason: enotconn
    msg: roadrunner response send failed
    phase: buffered_response
=NOTICE REPORT==== 29-Jun-2026::11:10:50.471141 ===
    reason: enotconn
    msg: roadrunner response send failed
    phase: buffered_response
=NOTICE REPORT==== 29-Jun-2026::11:10:50.471196 ===
    reason: enotconn
    msg: roadrunner response send failed
    phase: buffered_response
=NOTICE REPORT==== 29-Jun-2026::11:10:50.471916 ===
    reason: enotconn
    msg: roadrunner response send failed
    phase: buffered_response
=NOTICE REPORT==== 29-Jun-2026::11:10:50.471946 ===
    reason: enotconn
    msg: roadrunner response send failed
    phase: buffered_response
=NOTICE REPORT==== 29-Jun-2026::11:10:50.471926 ===
    reason: enotconn
    msg: roadrunner response send failed
    phase: buffered_response
=NOTICE REPORT==== 29-Jun-2026::11:10:50.471963 ===
    reason: enotconn
    msg: roadrunner response send failed
    phase: buffered_response
=NOTICE REPORT==== 29-Jun-2026::11:10:50.471992 ===
    reason: enotconn
    msg: roadrunner response send failed
    phase: buffered_response
=NOTICE REPORT==== 29-Jun-2026::11:10:50.471981 ===
    reason: enotconn
    msg: roadrunner response send failed
    phase: buffered_response
=NOTICE REPORT==== 29-Jun-2026::11:10:50.471945 ===
    reason: enotconn
    msg: roadrunner response send failed
    phase: buffered_response
=NOTICE REPORT==== 29-Jun-2026::11:10:50.471956 ===
    reason: enotconn
    msg: roadrunner response send failed
    phase: buffered_response
=NOTICE REPORT==== 29-Jun-2026::11:10:50.471983 ===
    reason: enotconn
    msg: roadrunner response send failed
    phase: buffered_response
=NOTICE REPORT==== 29-Jun-2026::11:10:50.471978 ===
    reason: enotconn
    msg: roadrunner response send failed
    phase: buffered_response
=NOTICE REPORT==== 29-Jun-2026::11:10:50.471972 ===
    reason: enotconn
    msg: roadrunner response send failed
    phase: buffered_response
=NOTICE REPORT==== 29-Jun-2026::11:10:50.471977 ===
    reason: enotconn
    msg: roadrunner response send failed
    phase: buffered_response
=NOTICE REPORT==== 29-Jun-2026::11:10:50.471990 ===
    reason: enotconn
    msg: roadrunner response send failed
    phase: buffered_response
=NOTICE REPORT==== 29-Jun-2026::11:10:50.472015 ===
    reason: enotconn
    msg: roadrunner response send failed
    phase: buffered_response
=NOTICE REPORT==== 29-Jun-2026::11:10:50.471988 ===
    reason: enotconn
    msg: roadrunner response send failed
    phase: buffered_response
=NOTICE REPORT==== 29-Jun-2026::11:10:50.471953 ===
    reason: enotconn
    msg: roadrunner response send failed
    phase: buffered_response
=NOTICE REPORT==== 29-Jun-2026::11:10:50.471984 ===
    reason: enotconn
    msg: roadrunner response send failed
    phase: buffered_response
=NOTICE REPORT==== 29-Jun-2026::11:10:50.471998 ===
    reason: enotconn
    msg: roadrunner response send failed
    phase: buffered_response
=NOTICE REPORT==== 29-Jun-2026::11:10:50.471975 ===
    reason: enotconn
    msg: roadrunner response send failed
    phase: buffered_response
=NOTICE REPORT==== 29-Jun-2026::11:10:50.473345 ===
    reason: enotconn
    msg: roadrunner response send failed
    phase: buffered_response
=NOTICE REPORT==== 29-Jun-2026::11:10:50.473312 ===
    reason: enotconn
    msg: roadrunner response send failed
    phase: buffered_response
=NOTICE REPORT==== 29-Jun-2026::11:10:50.473329 ===
    reason: enotconn
    msg: roadrunner response send failed
    phase: buffered_response
=NOTICE REPORT==== 29-Jun-2026::11:10:50.473318 ===
    reason: enotconn
    msg: roadrunner response send failed
    phase: buffered_response
=NOTICE REPORT==== 29-Jun-2026::11:10:50.473327 ===
    reason: enotconn
    msg: roadrunner response send failed
    phase: buffered_response
=NOTICE REPORT==== 29-Jun-2026::11:10:50.473338 ===
    reason: enotconn
    msg: roadrunner response send failed
    phase: buffered_response
=NOTICE REPORT==== 29-Jun-2026::11:10:50.473391 ===
    reason: enotconn
    msg: roadrunner response send failed
    phase: buffered_response
=NOTICE REPORT==== 29-Jun-2026::11:10:50.473374 ===
    reason: enotconn
    msg: roadrunner response send failed
    phase: buffered_response
=NOTICE REPORT==== 29-Jun-2026::11:10:50.473353 ===
    reason: enotconn
    msg: roadrunner response send failed
    phase: buffered_response
=NOTICE REPORT==== 29-Jun-2026::11:10:50.473368 ===
    reason: enotconn
    msg: roadrunner response send failed
    phase: buffered_response
=NOTICE REPORT==== 29-Jun-2026::11:10:50.473370 ===
    reason: enotconn
    msg: roadrunner response send failed
    phase: buffered_response
=NOTICE REPORT==== 29-Jun-2026::11:10:50.473395 ===
    reason: enotconn
    msg: roadrunner response send failed
    phase: buffered_response
=NOTICE REPORT==== 29-Jun-2026::11:10:50.473420 ===
    reason: enotconn
    msg: roadrunner response send failed
    phase: buffered_response
=NOTICE REPORT==== 29-Jun-2026::11:10:50.473433 ===
    reason: enotconn
    msg: roadrunner response send failed
    phase: buffered_response
=NOTICE REPORT==== 29-Jun-2026::11:10:50.474540 ===
    reason: enotconn
    msg: roadrunner response send failed
    phase: buffered_response
=NOTICE REPORT==== 29-Jun-2026::11:10:50.474544 ===
    reason: enotconn
    msg: roadrunner response send failed
    phase: buffered_response
=NOTICE REPORT==== 29-Jun-2026::11:10:50.474557 ===
    reason: enotconn
    msg: roadrunner response send failed
    phase: buffered_response
=NOTICE REPORT==== 29-Jun-2026::11:10:50.474557 ===
    reason: enotconn
    msg: roadrunner response send failed
    phase: buffered_response
=NOTICE REPORT==== 29-Jun-2026::11:10:50.474560 ===
    reason: enotconn
    msg: roadrunner response send failed
    phase: buffered_response
=NOTICE REPORT==== 29-Jun-2026::11:10:50.474573 ===
    reason: enotconn
    msg: roadrunner response send failed
    phase: buffered_response
=NOTICE REPORT==== 29-Jun-2026::11:10:50.474588 ===
    reason: enotconn
    msg: roadrunner response send failed
    phase: buffered_response
=NOTICE REPORT==== 29-Jun-2026::11:10:50.474598 ===
    reason: enotconn
    msg: roadrunner response send failed
    phase: buffered_response
=NOTICE REPORT==== 29-Jun-2026::11:10:50.474604 ===
    reason: enotconn
    msg: roadrunner response send failed
    phase: buffered_response
=NOTICE REPORT==== 29-Jun-2026::11:10:50.474599 ===
    reason: enotconn
    msg: roadrunner response send failed
    phase: buffered_response
=NOTICE REPORT==== 29-Jun-2026::11:10:50.474574 ===
    reason: enotconn
    msg: roadrunner response send failed
    phase: buffered_response
=NOTICE REPORT==== 29-Jun-2026::11:10:50.474591 ===
    reason: enotconn
    msg: roadrunner response send failed
    phase: buffered_response
=NOTICE REPORT==== 29-Jun-2026::11:10:50.474564 ===
    reason: enotconn
    msg: roadrunner response send failed
    phase: buffered_response
=NOTICE REPORT==== 29-Jun-2026::11:10:50.474595 ===
    reason: enotconn
    msg: roadrunner response send failed
    phase: buffered_response
=NOTICE REPORT==== 29-Jun-2026::11:10:50.474626 ===
    reason: enotconn
    msg: roadrunner response send failed
    phase: buffered_response
=NOTICE REPORT==== 29-Jun-2026::11:10:50.474588 ===
    reason: enotconn
    msg: roadrunner response send failed
    phase: buffered_response
=NOTICE REPORT==== 29-Jun-2026::11:10:50.475337 ===
    reason: enotconn
    msg: roadrunner response send failed
    phase: buffered_response
=NOTICE REPORT==== 29-Jun-2026::11:10:50.475328 ===
    reason: enotconn
    msg: roadrunner response send failed
    phase: buffered_response
=NOTICE REPORT==== 29-Jun-2026::11:10:50.475288 ===
    reason: enotconn
    msg: roadrunner response send failed
    phase: buffered_response
=NOTICE REPORT==== 29-Jun-2026::11:10:50.475334 ===
    reason: enotconn
    msg: roadrunner response send failed
    phase: buffered_response
=NOTICE REPORT==== 29-Jun-2026::11:10:50.475271 ===
    reason: enotconn
    msg: roadrunner response send failed
    phase: buffered_response
=NOTICE REPORT==== 29-Jun-2026::11:10:50.475327 ===
    reason: enotconn
    msg: roadrunner response send failed
    phase: buffered_response
=NOTICE REPORT==== 29-Jun-2026::11:10:50.475290 ===
    reason: enotconn
    msg: roadrunner response send failed
    phase: buffered_response
=NOTICE REPORT==== 29-Jun-2026::11:10:50.475311 ===
    reason: enotconn
    msg: roadrunner response send failed
    phase: buffered_response
=NOTICE REPORT==== 29-Jun-2026::11:10:50.475373 ===
    reason: enotconn
    msg: roadrunner response send failed
    phase: buffered_response
=NOTICE REPORT==== 29-Jun-2026::11:10:50.475312 ===
    reason: enotconn
    msg: roadrunner response send failed
    phase: buffered_response
=NOTICE REPORT==== 29-Jun-2026::11:10:50.475349 ===
    reason: enotconn
    msg: roadrunner response send failed
    phase: buffered_response
=NOTICE REPORT==== 29-Jun-2026::11:10:50.475396 ===
    reason: enotconn
    msg: roadrunner response send failed
    phase: buffered_response
=NOTICE REPORT==== 29-Jun-2026::11:10:50.475379 ===
    reason: enotconn
    msg: roadrunner response send failed
    phase: buffered_response
=NOTICE REPORT==== 29-Jun-2026::11:10:50.475385 ===
    reason: enotconn
    msg: roadrunner response send failed
    phase: buffered_response
=NOTICE REPORT==== 29-Jun-2026::11:10:50.475357 ===
    reason: enotconn
    msg: roadrunner response send failed
    phase: buffered_response
=NOTICE REPORT==== 29-Jun-2026::11:10:50.475403 ===
    reason: enotconn
    msg: roadrunner response send failed
    phase: buffered_response
=NOTICE REPORT==== 29-Jun-2026::11:10:50.475438 ===
    reason: enotconn
    msg: roadrunner response send failed
    phase: buffered_response
=NOTICE REPORT==== 29-Jun-2026::11:10:50.476182 ===
    reason: enotconn
    msg: roadrunner response send failed
    phase: buffered_response
=NOTICE REPORT==== 29-Jun-2026::11:10:50.476167 ===
    reason: enotconn
    msg: roadrunner response send failed
    phase: buffered_response
=NOTICE REPORT==== 29-Jun-2026::11:10:50.476169 ===
    reason: enotconn
    msg: roadrunner response send failed
    phase: buffered_response
=NOTICE REPORT==== 29-Jun-2026::11:10:50.476167 ===
    reason: enotconn
    msg: roadrunner response send failed
    phase: buffered_response
=NOTICE REPORT==== 29-Jun-2026::11:10:50.476207 ===
    reason: enotconn
    msg: roadrunner response send failed
    phase: buffered_response
=NOTICE REPORT==== 29-Jun-2026::11:10:50.476189 ===
    reason: enotconn
    msg: roadrunner response send failed
    phase: buffered_response
=NOTICE REPORT==== 29-Jun-2026::11:10:50.476219 ===
    reason: enotconn
    msg: roadrunner response send failed
    phase: buffered_response
=NOTICE REPORT==== 29-Jun-2026::11:10:50.476189 ===
    reason: enotconn
    msg: roadrunner response send failed
    phase: buffered_response
=NOTICE REPORT==== 29-Jun-2026::11:10:50.476196 ===
    reason: enotconn
    msg: roadrunner response send failed
    phase: buffered_response
=NOTICE REPORT==== 29-Jun-2026::11:10:50.476166 ===
    reason: enotconn
    msg: roadrunner response send failed
    phase: buffered_response
=NOTICE REPORT==== 29-Jun-2026::11:10:50.476203 ===
    reason: enotconn
    msg: roadrunner response send failed
    phase: buffered_response
=NOTICE REPORT==== 29-Jun-2026::11:10:50.476184 ===
    reason: enotconn
    msg: roadrunner response send failed
    phase: buffered_response
=NOTICE REPORT==== 29-Jun-2026::11:10:50.476199 ===
    reason: enotconn
    msg: roadrunner response send failed
    phase: buffered_response
=NOTICE REPORT==== 29-Jun-2026::11:10:50.476191 ===
    reason: enotconn
    msg: roadrunner response send failed
    phase: buffered_response
=NOTICE REPORT==== 29-Jun-2026::11:10:50.476217 ===
    reason: enotconn
    msg: roadrunner response send failed
    phase: buffered_response
=NOTICE REPORT==== 29-Jun-2026::11:10:50.476192 ===
    reason: enotconn
    msg: roadrunner response send failed
    phase: buffered_response
=NOTICE REPORT==== 29-Jun-2026::11:10:50.476228 ===
    reason: enotconn
    msg: roadrunner response send failed
    phase: buffered_response
=NOTICE REPORT==== 29-Jun-2026::11:10:50.476186 ===
    reason: enotconn
    msg: roadrunner response send failed
    phase: buffered_response
=NOTICE REPORT==== 29-Jun-2026::11:10:50.476250 ===
    reason: enotconn
    msg: roadrunner response send failed
    phase: buffered_response
=NOTICE REPORT==== 29-Jun-2026::11:10:50.476964 ===
    reason: enotconn
    msg: roadrunner response send failed
    phase: buffered_response
=NOTICE REPORT==== 29-Jun-2026::11:10:50.476980 ===
    reason: enotconn
    msg: roadrunner response send failed
    phase: buffered_response
=NOTICE REPORT==== 29-Jun-2026::11:10:50.476974 ===
    reason: enotconn
    msg: roadrunner response send failed
    phase: buffered_response
=NOTICE REPORT==== 29-Jun-2026::11:10:50.477011 ===
    reason: enotconn
    msg: roadrunner response send failed
    phase: buffered_response
=NOTICE REPORT==== 29-Jun-2026::11:10:50.477049 ===
    reason: enotconn
    msg: roadrunner response send failed
    phase: buffered_response
=NOTICE REPORT==== 29-Jun-2026::11:10:50.477059 ===
    reason: enotconn
    msg: roadrunner response send failed
    phase: buffered_response
=NOTICE REPORT==== 29-Jun-2026::11:10:50.477024 ===
    reason: enotconn
    msg: roadrunner response send failed
    phase: buffered_response
=NOTICE REPORT==== 29-Jun-2026::11:10:50.477013 ===
    reason: enotconn
    msg: roadrunner response send failed
    phase: buffered_response
=NOTICE REPORT==== 29-Jun-2026::11:10:50.477071 ===
    reason: enotconn
    msg: roadrunner response send failed
    phase: buffered_response
=NOTICE REPORT==== 29-Jun-2026::11:10:50.477056 ===
    reason: enotconn
    msg: roadrunner response send failed
    phase: buffered_response
=NOTICE REPORT==== 29-Jun-2026::11:10:50.477023 ===
    reason: enotconn
    msg: roadrunner response send failed
    phase: buffered_response
=NOTICE REPORT==== 29-Jun-2026::11:10:50.477052 ===
    reason: enotconn
    msg: roadrunner response send failed
    phase: buffered_response
=NOTICE REPORT==== 29-Jun-2026::11:10:50.477043 ===
    reason: enotconn
    msg: roadrunner response send failed
    phase: buffered_response
=NOTICE REPORT==== 29-Jun-2026::11:10:50.476949 ===
    reason: enotconn
    msg: roadrunner response send failed
    phase: buffered_response
=NOTICE REPORT==== 29-Jun-2026::11:10:50.477028 ===
    reason: enotconn
    msg: roadrunner response send failed
    phase: buffered_response
=NOTICE REPORT==== 29-Jun-2026::11:10:50.477045 ===
    reason: enotconn
    msg: roadrunner response send failed
    phase: buffered_response
=NOTICE REPORT==== 29-Jun-2026::11:10:50.477089 ===
    reason: enotconn
    msg: roadrunner response send failed
    phase: buffered_response
=NOTICE REPORT==== 29-Jun-2026::11:10:50.477104 ===
    reason: enotconn
    msg: roadrunner response send failed
    phase: buffered_response
=NOTICE REPORT==== 29-Jun-2026::11:10:50.477155 ===
    reason: enotconn
    msg: roadrunner response send failed
    phase: buffered_response
=NOTICE REPORT==== 29-Jun-2026::11:10:50.477297 ===
    reason: enotconn
    msg: roadrunner response send failed
    phase: buffered_response
=NOTICE REPORT==== 29-Jun-2026::11:10:50.477949 ===
    reason: enotconn
    msg: roadrunner response send failed
    phase: buffered_response
=NOTICE REPORT==== 29-Jun-2026::11:10:50.477916 ===
    reason: enotconn
    msg: roadrunner response send failed
    phase: buffered_response
=NOTICE REPORT==== 29-Jun-2026::11:10:50.477971 ===
    reason: enotconn
    msg: roadrunner response send failed
    phase: buffered_response
=NOTICE REPORT==== 29-Jun-2026::11:10:50.477974 ===
    reason: enotconn
    msg: roadrunner response send failed
    phase: buffered_response
=NOTICE REPORT==== 29-Jun-2026::11:10:50.477951 ===
    reason: enotconn
    msg: roadrunner response send failed
    phase: buffered_response
=NOTICE REPORT==== 29-Jun-2026::11:10:50.478006 ===
    reason: enotconn
    msg: roadrunner response send failed
    phase: buffered_response
=NOTICE REPORT==== 29-Jun-2026::11:10:50.477985 ===
    reason: enotconn
    msg: roadrunner response send failed
    phase: buffered_response
=NOTICE REPORT==== 29-Jun-2026::11:10:50.477985 ===
    reason: enotconn
    msg: roadrunner response send failed
    phase: buffered_response
=NOTICE REPORT==== 29-Jun-2026::11:10:50.478007 ===
    reason: enotconn
    msg: roadrunner response send failed
    phase: buffered_response
=NOTICE REPORT==== 29-Jun-2026::11:10:50.477987 ===
    reason: enotconn
    msg: roadrunner response send failed
    phase: buffered_response
=NOTICE REPORT==== 29-Jun-2026::11:10:50.478033 ===
    reason: enotconn
    msg: roadrunner response send failed
    phase: buffered_response
=NOTICE REPORT==== 29-Jun-2026::11:10:50.478036 ===
    reason: enotconn
    msg: roadrunner response send failed
    phase: buffered_response
=NOTICE REPORT==== 29-Jun-2026::11:10:50.477953 ===
    reason: enotconn
    msg: roadrunner response send failed
    phase: buffered_response
=NOTICE REPORT==== 29-Jun-2026::11:10:50.477897 ===
    reason: enotconn
    msg: roadrunner response send failed
    phase: buffered_response
=NOTICE REPORT==== 29-Jun-2026::11:10:50.477946 ===
    reason: enotconn
    msg: roadrunner response send failed
    phase: buffered_response
=NOTICE REPORT==== 29-Jun-2026::11:10:50.477917 ===
    reason: enotconn
    msg: roadrunner response send failed
    phase: buffered_response
=NOTICE REPORT==== 29-Jun-2026::11:10:50.477964 ===
    reason: enotconn
    msg: roadrunner response send failed
    phase: buffered_response
=NOTICE REPORT==== 29-Jun-2026::11:10:50.478040 ===
    reason: enotconn
    msg: roadrunner response send failed
    phase: buffered_response
=NOTICE REPORT==== 29-Jun-2026::11:10:50.478015 ===
    reason: enotconn
    msg: roadrunner response send failed
    phase: buffered_response
=NOTICE REPORT==== 29-Jun-2026::11:10:50.478087 ===
    reason: enotconn
    msg: roadrunner response send failed
    phase: buffered_response
=NOTICE REPORT==== 29-Jun-2026::11:10:50.479555 ===
    reason: enotconn
    msg: roadrunner response send failed
    phase: buffered_response
=NOTICE REPORT==== 29-Jun-2026::11:10:50.479576 ===
    reason: enotconn
    msg: roadrunner response send failed
    phase: buffered_response
=NOTICE REPORT==== 29-Jun-2026::11:10:50.479536 ===
    reason: enotconn
    msg: roadrunner response send failed
    phase: buffered_response
=NOTICE REPORT==== 29-Jun-2026::11:10:50.479573 ===
    reason: enotconn
    msg: roadrunner response send failed
    phase: buffered_response
=NOTICE REPORT==== 29-Jun-2026::11:10:50.479563 ===
    reason: enotconn
    msg: roadrunner response send failed
    phase: buffered_response
=NOTICE REPORT==== 29-Jun-2026::11:10:50.479565 ===
    reason: enotconn
    msg: roadrunner response send failed
    phase: buffered_response
=NOTICE REPORT==== 29-Jun-2026::11:10:50.479567 ===
    reason: enotconn
    msg: roadrunner response send failed
    phase: buffered_response
=NOTICE REPORT==== 29-Jun-2026::11:10:50.479631 ===
    reason: enotconn
    msg: roadrunner response send failed
    phase: buffered_response
=NOTICE REPORT==== 29-Jun-2026::11:10:50.479623 ===
    reason: enotconn
    msg: roadrunner response send failed
    phase: buffered_response
=NOTICE REPORT==== 29-Jun-2026::11:10:50.479628 ===
    reason: enotconn
    msg: roadrunner response send failed
    phase: buffered_response
=NOTICE REPORT==== 29-Jun-2026::11:10:50.479641 ===
    reason: enotconn
    msg: roadrunner response send failed
    phase: buffered_response
=NOTICE REPORT==== 29-Jun-2026::11:10:50.479686 ===
    reason: enotconn
    msg: roadrunner response send failed
    phase: buffered_response
=NOTICE REPORT==== 29-Jun-2026::11:10:50.479630 ===
    reason: enotconn
    msg: roadrunner response send failed
    phase: buffered_response
=NOTICE REPORT==== 29-Jun-2026::11:10:50.479691 ===
    reason: enotconn
    msg: roadrunner response send failed
    phase: buffered_response
=NOTICE REPORT==== 29-Jun-2026::11:10:50.479684 ===
    reason: enotconn
    msg: roadrunner response send failed
    phase: buffered_response
=NOTICE REPORT==== 29-Jun-2026::11:10:50.479705 ===
    reason: enotconn
    msg: roadrunner response send failed
    phase: buffered_response
=NOTICE REPORT==== 29-Jun-2026::11:10:50.479608 ===
    reason: enotconn
    msg: roadrunner response send failed
    phase: buffered_response
=NOTICE REPORT==== 29-Jun-2026::11:10:50.480176 ===
    reason: enotconn
    msg: roadrunner response send failed
    phase: buffered_response
=NOTICE REPORT==== 29-Jun-2026::11:10:50.480169 ===
    reason: enotconn
    msg: roadrunner response send failed
    phase: buffered_response
=NOTICE REPORT==== 29-Jun-2026::11:10:50.480179 ===
    reason: enotconn
    msg: roadrunner response send failed
    phase: buffered_response
=NOTICE REPORT==== 29-Jun-2026::11:10:50.480190 ===
    reason: enotconn
    msg: roadrunner response send failed
    phase: buffered_response
=NOTICE REPORT==== 29-Jun-2026::11:10:50.480169 ===
    reason: enotconn
    msg: roadrunner response send failed
    phase: buffered_response
=NOTICE REPORT==== 29-Jun-2026::11:10:50.480199 ===
    reason: enotconn
    msg: roadrunner response send failed
    phase: buffered_response
=NOTICE REPORT==== 29-Jun-2026::11:10:50.480207 ===
    reason: enotconn
    msg: roadrunner response send failed
    phase: buffered_response
=NOTICE REPORT==== 29-Jun-2026::11:10:50.480194 ===
    reason: enotconn
    msg: roadrunner response send failed
    phase: buffered_response
=NOTICE REPORT==== 29-Jun-2026::11:10:50.480195 ===
    reason: enotconn
    msg: roadrunner response send failed
    phase: buffered_response
=NOTICE REPORT==== 29-Jun-2026::11:10:50.480223 ===
    reason: enotconn
    msg: roadrunner response send failed
    phase: buffered_response
=NOTICE REPORT==== 29-Jun-2026::11:10:50.480211 ===
    reason: enotconn
    msg: roadrunner response send failed
    phase: buffered_response
=NOTICE REPORT==== 29-Jun-2026::11:10:50.480280 ===
    reason: enotconn
    msg: roadrunner response send failed
    phase: buffered_response
=NOTICE REPORT==== 29-Jun-2026::11:10:50.480246 ===
    reason: enotconn
    msg: roadrunner response send failed
    phase: buffered_response
=NOTICE REPORT==== 29-Jun-2026::11:10:50.480190 ===
    reason: enotconn
    msg: roadrunner response send failed
    phase: buffered_response
=NOTICE REPORT==== 29-Jun-2026::11:10:50.480220 ===
    reason: enotconn
    msg: roadrunner response send failed
    phase: buffered_response
=NOTICE REPORT==== 29-Jun-2026::11:10:50.480676 ===
    reason: enotconn
    msg: roadrunner response send failed
    phase: buffered_response
=NOTICE REPORT==== 29-Jun-2026::11:10:50.480690 ===
    reason: enotconn
    msg: roadrunner response send failed
    phase: buffered_response
=NOTICE REPORT==== 29-Jun-2026::11:10:50.480713 ===
    reason: enotconn
    msg: roadrunner response send failed
    phase: buffered_response
=NOTICE REPORT==== 29-Jun-2026::11:10:50.480720 ===
    reason: enotconn
    msg: roadrunner response send failed
    phase: buffered_response
=NOTICE REPORT==== 29-Jun-2026::11:10:50.480702 ===
    reason: enotconn
    msg: roadrunner response send failed
    phase: buffered_response
=NOTICE REPORT==== 29-Jun-2026::11:10:50.480693 ===
    reason: enotconn
    msg: roadrunner response send failed
    phase: buffered_response
=NOTICE REPORT==== 29-Jun-2026::11:10:50.480721 ===
    reason: enotconn
    msg: roadrunner response send failed
    phase: buffered_response
=NOTICE REPORT==== 29-Jun-2026::11:10:50.480731 ===
    reason: enotconn
    msg: roadrunner response send failed
    phase: buffered_response
=NOTICE REPORT==== 29-Jun-2026::11:10:50.480760 ===
    reason: enotconn
    msg: roadrunner response send failed
    phase: buffered_response
=NOTICE REPORT==== 29-Jun-2026::11:10:50.480733 ===
    reason: enotconn
    msg: roadrunner response send failed
    phase: buffered_response
=NOTICE REPORT==== 29-Jun-2026::11:10:50.480747 ===
    reason: enotconn
    msg: roadrunner response send failed
    phase: buffered_response
=NOTICE REPORT==== 29-Jun-2026::11:10:50.480769 ===
    reason: enotconn
    msg: roadrunner response send failed
    phase: buffered_response
=NOTICE REPORT==== 29-Jun-2026::11:10:50.480707 ===
    reason: enotconn
    msg: roadrunner response send failed
    phase: buffered_response
=NOTICE REPORT==== 29-Jun-2026::11:10:50.480726 ===
    reason: enotconn
    msg: roadrunner response send failed
    phase: buffered_response
=NOTICE REPORT==== 29-Jun-2026::11:10:50.480743 ===
    reason: enotconn
    msg: roadrunner response send failed
    phase: buffered_response
=NOTICE REPORT==== 29-Jun-2026::11:10:50.481503 ===
    reason: enotconn
    msg: roadrunner response send failed
    phase: buffered_response
=NOTICE REPORT==== 29-Jun-2026::11:10:50.481499 ===
    reason: enotconn
    msg: roadrunner response send failed
    phase: buffered_response
=NOTICE REPORT==== 29-Jun-2026::11:10:50.481508 ===
    reason: enotconn
    msg: roadrunner response send failed
    phase: buffered_response
=NOTICE REPORT==== 29-Jun-2026::11:10:50.481507 ===
    reason: enotconn
    msg: roadrunner response send failed
    phase: buffered_response
=NOTICE REPORT==== 29-Jun-2026::11:10:50.481526 ===
    reason: enotconn
    msg: roadrunner response send failed
    phase: buffered_response
=NOTICE REPORT==== 29-Jun-2026::11:10:50.481517 ===
    reason: enotconn
    msg: roadrunner response send failed
    phase: buffered_response
=NOTICE REPORT==== 29-Jun-2026::11:10:50.481521 ===
    reason: enotconn
    msg: roadrunner response send failed
    phase: buffered_response
=NOTICE REPORT==== 29-Jun-2026::11:10:50.481514 ===
    reason: enotconn
    msg: roadrunner response send failed
    phase: buffered_response
=NOTICE REPORT==== 29-Jun-2026::11:10:50.481546 ===
    reason: enotconn
    msg: roadrunner response send failed
    phase: buffered_response
=NOTICE REPORT==== 29-Jun-2026::11:10:50.481586 ===
    reason: enotconn
    msg: roadrunner response send failed
    phase: buffered_response
=NOTICE REPORT==== 29-Jun-2026::11:10:50.481545 ===
    reason: enotconn
    msg: roadrunner response send failed
    phase: buffered_response
=NOTICE REPORT==== 29-Jun-2026::11:10:50.483076 ===
    reason: enotconn
    msg: roadrunner response send failed
    phase: buffered_response
=NOTICE REPORT==== 29-Jun-2026::11:10:50.483081 ===
    reason: enotconn
    msg: roadrunner response send failed
    phase: buffered_response
=NOTICE REPORT==== 29-Jun-2026::11:10:50.483069 ===
    reason: enotconn
    msg: roadrunner response send failed
    phase: buffered_response
=NOTICE REPORT==== 29-Jun-2026::11:10:50.483098 ===
    reason: enotconn
    msg: roadrunner response send failed
    phase: buffered_response
=NOTICE REPORT==== 29-Jun-2026::11:10:50.483097 ===
    reason: enotconn
    msg: roadrunner response send failed
    phase: buffered_response
=NOTICE REPORT==== 29-Jun-2026::11:10:50.483093 ===
    reason: enotconn
    msg: roadrunner response send failed
    phase: buffered_response
=NOTICE REPORT==== 29-Jun-2026::11:10:50.483124 ===
    reason: enotconn
    msg: roadrunner response send failed
    phase: buffered_response
=NOTICE REPORT==== 29-Jun-2026::11:10:50.483121 ===
    reason: enotconn
    msg: roadrunner response send failed
    phase: buffered_response
=NOTICE REPORT==== 29-Jun-2026::11:10:50.483161 ===
    reason: enotconn
    msg: roadrunner response send failed
    phase: buffered_response
=NOTICE REPORT==== 29-Jun-2026::11:10:50.483163 ===
    reason: enotconn
    msg: roadrunner response send failed
    phase: buffered_response
=NOTICE REPORT==== 29-Jun-2026::11:10:50.483138 ===
    reason: enotconn
    msg: roadrunner response send failed
    phase: buffered_response
=NOTICE REPORT==== 29-Jun-2026::11:10:50.483137 ===
    reason: enotconn
    msg: roadrunner response send failed
    phase: buffered_response
=NOTICE REPORT==== 29-Jun-2026::11:10:50.483138 ===
    reason: enotconn
    msg: roadrunner response send failed
    phase: buffered_response
=NOTICE REPORT==== 29-Jun-2026::11:10:50.483145 ===
    reason: enotconn
    msg: roadrunner response send failed
    phase: buffered_response
=NOTICE REPORT==== 29-Jun-2026::11:10:50.483136 ===
    reason: enotconn
    msg: roadrunner response send failed
    phase: buffered_response
=NOTICE REPORT==== 29-Jun-2026::11:10:50.484103 ===
    reason: enotconn
    msg: roadrunner response send failed
    phase: buffered_response
=NOTICE REPORT==== 29-Jun-2026::11:10:50.484131 ===
    reason: enotconn
    msg: roadrunner response send failed
    phase: buffered_response
=NOTICE REPORT==== 29-Jun-2026::11:10:50.484138 ===
    reason: enotconn
    msg: roadrunner response send failed
    phase: buffered_response
=NOTICE REPORT==== 29-Jun-2026::11:10:50.484141 ===
    reason: enotconn
    msg: roadrunner response send failed
    phase: buffered_response
=NOTICE REPORT==== 29-Jun-2026::11:10:50.484105 ===
    reason: enotconn
    msg: roadrunner response send failed
    phase: buffered_response
=NOTICE REPORT==== 29-Jun-2026::11:10:50.484143 ===
    reason: enotconn
    msg: roadrunner response send failed
    phase: buffered_response
=NOTICE REPORT==== 29-Jun-2026::11:10:50.484215 ===
    reason: enotconn
    msg: roadrunner response send failed
    phase: buffered_response
=NOTICE REPORT==== 29-Jun-2026::11:10:50.484208 ===
    reason: enotconn
    msg: roadrunner response send failed
    phase: buffered_response
=NOTICE REPORT==== 29-Jun-2026::11:10:50.484143 ===
    reason: enotconn
    msg: roadrunner response send failed
    phase: buffered_response
=NOTICE REPORT==== 29-Jun-2026::11:10:50.484127 ===
    reason: enotconn
    msg: roadrunner response send failed
    phase: buffered_response
=NOTICE REPORT==== 29-Jun-2026::11:10:50.484125 ===
    reason: enotconn
    msg: roadrunner response send failed
    phase: buffered_response
=NOTICE REPORT==== 29-Jun-2026::11:10:50.484168 ===
    reason: enotconn
    msg: roadrunner response send failed
    phase: buffered_response
=NOTICE REPORT==== 29-Jun-2026::11:10:50.484181 ===
    reason: enotconn
    msg: roadrunner response send failed
    phase: buffered_response
=NOTICE REPORT==== 29-Jun-2026::11:10:50.484182 ===
    reason: enotconn
    msg: roadrunner response send failed
    phase: buffered_response
=NOTICE REPORT==== 29-Jun-2026::11:10:50.484184 ===
    reason: enotconn
    msg: roadrunner response send failed
    phase: buffered_response
=NOTICE REPORT==== 29-Jun-2026::11:10:50.484198 ===
    reason: enotconn
    msg: roadrunner response send failed
    phase: buffered_response
=NOTICE REPORT==== 29-Jun-2026::11:10:50.484182 ===
    reason: enotconn
    msg: roadrunner response send failed
    phase: buffered_response
=NOTICE REPORT==== 29-Jun-2026::11:10:50.484212 ===
    reason: enotconn
    msg: roadrunner response send failed
    phase: buffered_response
=NOTICE REPORT==== 29-Jun-2026::11:10:50.484211 ===
    reason: enotconn
    msg: roadrunner response send failed
    phase: buffered_response
=NOTICE REPORT==== 29-Jun-2026::11:10:50.484737 ===
    reason: enotconn
    msg: roadrunner response send failed
    phase: buffered_response
=NOTICE REPORT==== 29-Jun-2026::11:10:50.484741 ===
    reason: enotconn
    msg: roadrunner response send failed
    phase: buffered_response
=NOTICE REPORT==== 29-Jun-2026::11:10:50.484720 ===
    reason: enotconn
    msg: roadrunner response send failed
    phase: buffered_response
=NOTICE REPORT==== 29-Jun-2026::11:10:50.484742 ===
    reason: enotconn
    msg: roadrunner response send failed
    phase: buffered_response
=NOTICE REPORT==== 29-Jun-2026::11:10:50.484748 ===
    reason: enotconn
    msg: roadrunner response send failed
    phase: buffered_response
=NOTICE REPORT==== 29-Jun-2026::11:10:50.484741 ===
    reason: enotconn
    msg: roadrunner response send failed
    phase: buffered_response
=NOTICE REPORT==== 29-Jun-2026::11:10:50.484798 ===
    reason: enotconn
    msg: roadrunner response send failed
    phase: buffered_response
=NOTICE REPORT==== 29-Jun-2026::11:10:50.484797 ===
    reason: enotconn
    msg: roadrunner response send failed
    phase: buffered_response
=NOTICE REPORT==== 29-Jun-2026::11:10:50.484776 ===
    reason: enotconn
    msg: roadrunner response send failed
    phase: buffered_response
=NOTICE REPORT==== 29-Jun-2026::11:10:50.484752 ===
    reason: enotconn
    msg: roadrunner response send failed
    phase: buffered_response
=NOTICE REPORT==== 29-Jun-2026::11:10:50.484756 ===
    reason: enotconn
    msg: roadrunner response send failed
    phase: buffered_response
=NOTICE REPORT==== 29-Jun-2026::11:10:50.484826 ===
    reason: enotconn
    msg: roadrunner response send failed
    phase: buffered_response
=NOTICE REPORT==== 29-Jun-2026::11:10:50.484771 ===
    reason: enotconn
    msg: roadrunner response send failed
    phase: buffered_response
=NOTICE REPORT==== 29-Jun-2026::11:10:50.484787 ===
    reason: enotconn
    msg: roadrunner response send failed
    phase: buffered_response
=NOTICE REPORT==== 29-Jun-2026::11:10:50.484830 ===
    reason: enotconn
    msg: roadrunner response send failed
    phase: buffered_response
=NOTICE REPORT==== 29-Jun-2026::11:10:50.484812 ===
    reason: enotconn
    msg: roadrunner response send failed
    phase: buffered_response
=NOTICE REPORT==== 29-Jun-2026::11:10:50.484835 ===
    reason: enotconn
    msg: roadrunner response send failed
    phase: buffered_response
=NOTICE REPORT==== 29-Jun-2026::11:10:50.484786 ===
    reason: enotconn
    msg: roadrunner response send failed
    phase: buffered_response
=NOTICE REPORT==== 29-Jun-2026::11:10:50.484788 ===
    reason: enotconn
    msg: roadrunner response send failed
    phase: buffered_response
=NOTICE REPORT==== 29-Jun-2026::11:10:50.485303 ===
    reason: enotconn
    msg: roadrunner response send failed
    phase: buffered_response
=NOTICE REPORT==== 29-Jun-2026::11:10:50.485289 ===
    reason: enotconn
    msg: roadrunner response send failed
    phase: buffered_response
=NOTICE REPORT==== 29-Jun-2026::11:10:50.485321 ===
    reason: enotconn
    msg: roadrunner response send failed
    phase: buffered_response
=NOTICE REPORT==== 29-Jun-2026::11:10:50.485319 ===
    reason: enotconn
    msg: roadrunner response send failed
    phase: buffered_response
=NOTICE REPORT==== 29-Jun-2026::11:10:50.485361 ===
    reason: enotconn
    msg: roadrunner response send failed
    phase: buffered_response
=NOTICE REPORT==== 29-Jun-2026::11:10:50.485320 ===
    reason: enotconn
    msg: roadrunner response send failed
    phase: buffered_response
=NOTICE REPORT==== 29-Jun-2026::11:10:50.485315 ===
    reason: enotconn
    msg: roadrunner response send failed
    phase: buffered_response
=NOTICE REPORT==== 29-Jun-2026::11:10:50.485346 ===
    reason: enotconn
    msg: roadrunner response send failed
    phase: buffered_response
=NOTICE REPORT==== 29-Jun-2026::11:10:50.485332 ===
    reason: enotconn
    msg: roadrunner response send failed
    phase: buffered_response
=NOTICE REPORT==== 29-Jun-2026::11:10:50.485336 ===
    reason: enotconn
    msg: roadrunner response send failed
    phase: buffered_response
=NOTICE REPORT==== 29-Jun-2026::11:10:50.485298 ===
    reason: enotconn
    msg: roadrunner response send failed
    phase: buffered_response
=NOTICE REPORT==== 29-Jun-2026::11:10:50.485328 ===
    reason: enotconn
    msg: roadrunner response send failed
    phase: buffered_response
=NOTICE REPORT==== 29-Jun-2026::11:10:50.485299 ===
    reason: enotconn
    msg: roadrunner response send failed
    phase: buffered_response
=NOTICE REPORT==== 29-Jun-2026::11:10:50.485338 ===
    reason: enotconn
    msg: roadrunner response send failed
    phase: buffered_response
=NOTICE REPORT==== 29-Jun-2026::11:10:50.485369 ===
    reason: enotconn
    msg: roadrunner response send failed
    phase: buffered_response
=NOTICE REPORT==== 29-Jun-2026::11:10:50.485369 ===
    reason: enotconn
    msg: roadrunner response send failed
    phase: buffered_response
=NOTICE REPORT==== 29-Jun-2026::11:10:50.485358 ===
    reason: enotconn
    msg: roadrunner response send failed
    phase: buffered_response
=NOTICE REPORT==== 29-Jun-2026::11:10:50.485379 ===
    reason: enotconn
    msg: roadrunner response send failed
    phase: buffered_response
=NOTICE REPORT==== 29-Jun-2026::11:10:50.485345 ===
    reason: enotconn
    msg: roadrunner response send failed
    phase: buffered_response
=NOTICE REPORT==== 29-Jun-2026::11:10:50.485893 ===
    reason: enotconn
    msg: roadrunner response send failed
    phase: buffered_response
=NOTICE REPORT==== 29-Jun-2026::11:10:50.485892 ===
    reason: enotconn
    msg: roadrunner response send failed
    phase: buffered_response
=NOTICE REPORT==== 29-Jun-2026::11:10:50.485898 ===
    reason: enotconn
    msg: roadrunner response send failed
    phase: buffered_response
=NOTICE REPORT==== 29-Jun-2026::11:10:50.485908 ===
    reason: enotconn
    msg: roadrunner response send failed
    phase: buffered_response
=NOTICE REPORT==== 29-Jun-2026::11:10:50.485885 ===
    reason: enotconn
    msg: roadrunner response send failed
    phase: buffered_response
=NOTICE REPORT==== 29-Jun-2026::11:10:50.485881 ===
    reason: enotconn
    msg: roadrunner response send failed
    phase: buffered_response
=NOTICE REPORT==== 29-Jun-2026::11:10:50.485945 ===
    reason: enotconn
    msg: roadrunner response send failed
    phase: buffered_response
=NOTICE REPORT==== 29-Jun-2026::11:10:50.485924 ===
    reason: enotconn
    msg: roadrunner response send failed
    phase: buffered_response
=NOTICE REPORT==== 29-Jun-2026::11:10:50.485938 ===
    reason: enotconn
    msg: roadrunner response send failed
    phase: buffered_response
=NOTICE REPORT==== 29-Jun-2026::11:10:50.485951 ===
    reason: enotconn
    msg: roadrunner response send failed
    phase: buffered_response
=NOTICE REPORT==== 29-Jun-2026::11:10:50.485950 ===
    reason: enotconn
    msg: roadrunner response send failed
    phase: buffered_response
=NOTICE REPORT==== 29-Jun-2026::11:10:50.485975 ===
    reason: enotconn
    msg: roadrunner response send failed
    phase: buffered_response
=NOTICE REPORT==== 29-Jun-2026::11:10:50.485973 ===
    reason: enotconn
    msg: roadrunner response send failed
    phase: buffered_response
=NOTICE REPORT==== 29-Jun-2026::11:10:50.485993 ===
    reason: enotconn
    msg: roadrunner response send failed
    phase: buffered_response
=NOTICE REPORT==== 29-Jun-2026::11:10:50.486676 ===
    reason: enotconn
    msg: roadrunner response send failed
    phase: buffered_response
=NOTICE REPORT==== 29-Jun-2026::11:10:50.486685 ===
    reason: enotconn
    msg: roadrunner response send failed
    phase: buffered_response
=NOTICE REPORT==== 29-Jun-2026::11:10:50.486700 ===
    reason: enotconn
    msg: roadrunner response send failed
    phase: buffered_response
=NOTICE REPORT==== 29-Jun-2026::11:10:50.486658 ===
    reason: enotconn
    msg: roadrunner response send failed
    phase: buffered_response
=NOTICE REPORT==== 29-Jun-2026::11:10:50.486642 ===
    reason: enotconn
    msg: roadrunner response send failed
    phase: buffered_response
=NOTICE REPORT==== 29-Jun-2026::11:10:50.486575 ===
    reason: closed
    msg: roadrunner response send failed
    phase: buffered_response
=NOTICE REPORT==== 29-Jun-2026::11:10:50.486683 ===
    reason: enotconn
    msg: roadrunner response send failed
    phase: buffered_response
=NOTICE REPORT==== 29-Jun-2026::11:10:50.486716 ===
    reason: enotconn
    msg: roadrunner response send failed
    phase: buffered_response
=NOTICE REPORT==== 29-Jun-2026::11:10:50.486646 ===
    reason: enotconn
    msg: roadrunner response send failed
    phase: buffered_response
=NOTICE REPORT==== 29-Jun-2026::11:10:50.486702 ===
    reason: enotconn
    msg: roadrunner response send failed
    phase: buffered_response
=NOTICE REPORT==== 29-Jun-2026::11:10:50.486663 ===
    reason: enotconn
    msg: roadrunner response send failed
    phase: buffered_response
=NOTICE REPORT==== 29-Jun-2026::11:10:50.486715 ===
    reason: enotconn
    msg: roadrunner response send failed
    phase: buffered_response
=NOTICE REPORT==== 29-Jun-2026::11:10:50.486699 ===
    reason: enotconn
    msg: roadrunner response send failed
    phase: buffered_response
=NOTICE REPORT==== 29-Jun-2026::11:10:50.486727 ===
    reason: enotconn
    msg: roadrunner response send failed
    phase: buffered_response
=NOTICE REPORT==== 29-Jun-2026::11:10:50.486712 ===
    reason: enotconn
    msg: roadrunner response send failed
    phase: buffered_response
=NOTICE REPORT==== 29-Jun-2026::11:10:50.486754 ===
    reason: enotconn
    msg: roadrunner response send failed
    phase: buffered_response
=NOTICE REPORT==== 29-Jun-2026::11:10:50.487391 ===
    reason: enotconn
    msg: roadrunner response send failed
    phase: buffered_response
=NOTICE REPORT==== 29-Jun-2026::11:10:50.487409 ===
    reason: enotconn
    msg: roadrunner response send failed
    phase: buffered_response
=NOTICE REPORT==== 29-Jun-2026::11:10:50.487415 ===
    reason: enotconn
    msg: roadrunner response send failed
    phase: buffered_response
=NOTICE REPORT==== 29-Jun-2026::11:10:50.487439 ===
    reason: enotconn
    msg: roadrunner response send failed
    phase: buffered_response
=NOTICE REPORT==== 29-Jun-2026::11:10:50.487445 ===
    reason: enotconn
    msg: roadrunner response send failed
    phase: buffered_response
=NOTICE REPORT==== 29-Jun-2026::11:10:50.487471 ===
    reason: enotconn
    msg: roadrunner response send failed
    phase: buffered_response
=NOTICE REPORT==== 29-Jun-2026::11:10:50.487450 ===
    reason: enotconn
    msg: roadrunner response send failed
    phase: buffered_response
=NOTICE REPORT==== 29-Jun-2026::11:10:50.487517 ===
    reason: enotconn
    msg: roadrunner response send failed
    phase: buffered_response
=NOTICE REPORT==== 29-Jun-2026::11:10:50.487523 ===
    reason: enotconn
    msg: roadrunner response send failed
    phase: buffered_response
=NOTICE REPORT==== 29-Jun-2026::11:10:50.487476 ===
    reason: enotconn
    msg: roadrunner response send failed
    phase: buffered_response
=NOTICE REPORT==== 29-Jun-2026::11:10:50.487506 ===
    reason: enotconn
    msg: roadrunner response send failed
    phase: buffered_response
=NOTICE REPORT==== 29-Jun-2026::11:10:50.487526 ===
    reason: enotconn
    msg: roadrunner response send failed
    phase: buffered_response
=NOTICE REPORT==== 29-Jun-2026::11:10:50.487462 ===
    reason: enotconn
    msg: roadrunner response send failed
    phase: buffered_response
=NOTICE REPORT==== 29-Jun-2026::11:10:50.487523 ===
    reason: enotconn
    msg: roadrunner response send failed
    phase: buffered_response
=NOTICE REPORT==== 29-Jun-2026::11:10:50.488149 ===
    reason: enotconn
    msg: roadrunner response send failed
    phase: buffered_response
=NOTICE REPORT==== 29-Jun-2026::11:10:50.488197 ===
    reason: enotconn
    msg: roadrunner response send failed
    phase: buffered_response
=NOTICE REPORT==== 29-Jun-2026::11:10:50.488164 ===
    reason: enotconn
    msg: roadrunner response send failed
    phase: buffered_response
=NOTICE REPORT==== 29-Jun-2026::11:10:50.488174 ===
    reason: enotconn
    msg: roadrunner response send failed
    phase: buffered_response
=NOTICE REPORT==== 29-Jun-2026::11:10:50.488167 ===
    reason: enotconn
    msg: roadrunner response send failed
    phase: buffered_response
=NOTICE REPORT==== 29-Jun-2026::11:10:50.488197 ===
    reason: enotconn
    msg: roadrunner response send failed
    phase: buffered_response
=NOTICE REPORT==== 29-Jun-2026::11:10:50.488173 ===
    reason: enotconn
    msg: roadrunner response send failed
    phase: buffered_response
=NOTICE REPORT==== 29-Jun-2026::11:10:50.488211 ===
    reason: enotconn
    msg: roadrunner response send failed
    phase: buffered_response
=NOTICE REPORT==== 29-Jun-2026::11:10:50.488197 ===
    reason: enotconn
    msg: roadrunner response send failed
    phase: buffered_response
=NOTICE REPORT==== 29-Jun-2026::11:10:50.488202 ===
    reason: enotconn
    msg: roadrunner response send failed
    phase: buffered_response
=NOTICE REPORT==== 29-Jun-2026::11:10:50.488200 ===
    reason: enotconn
    msg: roadrunner response send failed
    phase: buffered_response
=NOTICE REPORT==== 29-Jun-2026::11:10:50.488221 ===
    reason: enotconn
    msg: roadrunner response send failed
    phase: buffered_response
=NOTICE REPORT==== 29-Jun-2026::11:10:50.488223 ===
    reason: enotconn
    msg: roadrunner response send failed
    phase: buffered_response
=NOTICE REPORT==== 29-Jun-2026::11:10:50.488178 ===
    reason: enotconn
    msg: roadrunner response send failed
    phase: buffered_response
=NOTICE REPORT==== 29-Jun-2026::11:10:50.488202 ===
    reason: enotconn
    msg: roadrunner response send failed
    phase: buffered_response
=NOTICE REPORT==== 29-Jun-2026::11:10:50.488209 ===
    reason: enotconn
    msg: roadrunner response send failed
    phase: buffered_response
=NOTICE REPORT==== 29-Jun-2026::11:10:50.488235 ===
    reason: enotconn
    msg: roadrunner response send failed
    phase: buffered_response
=NOTICE REPORT==== 29-Jun-2026::11:10:50.488154 ===
    reason: enotconn
    msg: roadrunner response send failed
    phase: buffered_response
=NOTICE REPORT==== 29-Jun-2026::11:10:50.488227 ===
    reason: enotconn
    msg: roadrunner response send failed
    phase: buffered_response
=NOTICE REPORT==== 29-Jun-2026::11:10:50.488226 ===
    reason: enotconn
    msg: roadrunner response send failed
    phase: buffered_response
=NOTICE REPORT==== 29-Jun-2026::11:10:50.488161 ===
    reason: enotconn
    msg: roadrunner response send failed
    phase: buffered_response
=NOTICE REPORT==== 29-Jun-2026::11:10:50.488776 ===
    reason: enotconn
    msg: roadrunner response send failed
    phase: buffered_response
=NOTICE REPORT==== 29-Jun-2026::11:10:50.488807 ===
    reason: enotconn
    msg: roadrunner response send failed
    phase: buffered_response
=NOTICE REPORT==== 29-Jun-2026::11:10:50.488785 ===
    reason: enotconn
    msg: roadrunner response send failed
    phase: buffered_response
=NOTICE REPORT==== 29-Jun-2026::11:10:50.488791 ===
    reason: enotconn
    msg: roadrunner response send failed
    phase: buffered_response
=NOTICE REPORT==== 29-Jun-2026::11:10:50.488796 ===
    reason: enotconn
    msg: roadrunner response send failed
    phase: buffered_response
=NOTICE REPORT==== 29-Jun-2026::11:10:50.488833 ===
    reason: enotconn
    msg: roadrunner response send failed
    phase: buffered_response
=NOTICE REPORT==== 29-Jun-2026::11:10:50.488850 ===
    reason: enotconn
    msg: roadrunner response send failed
    phase: buffered_response
=NOTICE REPORT==== 29-Jun-2026::11:10:50.488797 ===
    reason: enotconn
    msg: roadrunner response send failed
    phase: buffered_response
=NOTICE REPORT==== 29-Jun-2026::11:10:50.488844 ===
    reason: enotconn
    msg: roadrunner response send failed
    phase: buffered_response
=NOTICE REPORT==== 29-Jun-2026::11:10:50.488887 ===
    reason: enotconn
    msg: roadrunner response send failed
    phase: buffered_response
=NOTICE REPORT==== 29-Jun-2026::11:10:50.488864 ===
    reason: enotconn
    msg: roadrunner response send failed
    phase: buffered_response
=NOTICE REPORT==== 29-Jun-2026::11:10:50.488840 ===
    reason: enotconn
    msg: roadrunner response send failed
    phase: buffered_response
=NOTICE REPORT==== 29-Jun-2026::11:10:50.488873 ===
    reason: enotconn
    msg: roadrunner response send failed
    phase: buffered_response
=NOTICE REPORT==== 29-Jun-2026::11:10:50.488830 ===
    reason: enotconn
    msg: roadrunner response send failed
    phase: buffered_response
=NOTICE REPORT==== 29-Jun-2026::11:10:50.488889 ===
    reason: enotconn
    msg: roadrunner response send failed
    phase: buffered_response
=NOTICE REPORT==== 29-Jun-2026::11:10:50.488898 ===
    reason: enotconn
    msg: roadrunner response send failed
    phase: buffered_response
=NOTICE REPORT==== 29-Jun-2026::11:10:50.488894 ===
    reason: enotconn
    msg: roadrunner response send failed
    phase: buffered_response
=NOTICE REPORT==== 29-Jun-2026::11:10:50.488903 ===
    reason: enotconn
    msg: roadrunner response send failed
    phase: buffered_response
=NOTICE REPORT==== 29-Jun-2026::11:10:50.489409 ===
    reason: enotconn
    msg: roadrunner response send failed
    phase: buffered_response
=NOTICE REPORT==== 29-Jun-2026::11:10:50.489422 ===
    reason: enotconn
    msg: roadrunner response send failed
    phase: buffered_response
=NOTICE REPORT==== 29-Jun-2026::11:10:50.489433 ===
    reason: enotconn
    msg: roadrunner response send failed
    phase: buffered_response
=NOTICE REPORT==== 29-Jun-2026::11:10:50.489453 ===
    reason: enotconn
    msg: roadrunner response send failed
    phase: buffered_response
=NOTICE REPORT==== 29-Jun-2026::11:10:50.489421 ===
    reason: enotconn
    msg: roadrunner response send failed
    phase: buffered_response
=NOTICE REPORT==== 29-Jun-2026::11:10:50.489483 ===
    reason: enotconn
    msg: roadrunner response send failed
    phase: buffered_response
=NOTICE REPORT==== 29-Jun-2026::11:10:50.489457 ===
    reason: enotconn
    msg: roadrunner response send failed
    phase: buffered_response
=NOTICE REPORT==== 29-Jun-2026::11:10:50.489438 ===
    reason: enotconn
    msg: roadrunner response send failed
    phase: buffered_response
=NOTICE REPORT==== 29-Jun-2026::11:10:50.489454 ===
    reason: enotconn
    msg: roadrunner response send failed
    phase: buffered_response
=NOTICE REPORT==== 29-Jun-2026::11:10:50.489469 ===
    reason: enotconn
    msg: roadrunner response send failed
    phase: buffered_response
=NOTICE REPORT==== 29-Jun-2026::11:10:50.489475 ===
    reason: enotconn
    msg: roadrunner response send failed
    phase: buffered_response
=NOTICE REPORT==== 29-Jun-2026::11:10:50.489430 ===
    reason: enotconn
    msg: roadrunner response send failed
    phase: buffered_response
=NOTICE REPORT==== 29-Jun-2026::11:10:50.489482 ===
    reason: enotconn
    msg: roadrunner response send failed
    phase: buffered_response
=NOTICE REPORT==== 29-Jun-2026::11:10:50.489450 ===
    reason: enotconn
    msg: roadrunner response send failed
    phase: buffered_response
=NOTICE REPORT==== 29-Jun-2026::11:10:50.489502 ===
    reason: enotconn
    msg: roadrunner response send failed
    phase: buffered_response
=NOTICE REPORT==== 29-Jun-2026::11:10:50.489520 ===
    reason: enotconn
    msg: roadrunner response send failed
    phase: buffered_response
=NOTICE REPORT==== 29-Jun-2026::11:10:50.489535 ===
    reason: enotconn
    msg: roadrunner response send failed
    phase: buffered_response
=NOTICE REPORT==== 29-Jun-2026::11:10:50.490209 ===
    reason: enotconn
    msg: roadrunner response send failed
    phase: buffered_response
=NOTICE REPORT==== 29-Jun-2026::11:10:50.490225 ===
    reason: enotconn
    msg: roadrunner response send failed
    phase: buffered_response
=NOTICE REPORT==== 29-Jun-2026::11:10:50.490212 ===
    reason: enotconn
    msg: roadrunner response send failed
    phase: buffered_response
=NOTICE REPORT==== 29-Jun-2026::11:10:50.490207 ===
    reason: enotconn
    msg: roadrunner response send failed
    phase: buffered_response
=NOTICE REPORT==== 29-Jun-2026::11:10:50.490221 ===
    reason: enotconn
    msg: roadrunner response send failed
    phase: buffered_response
=NOTICE REPORT==== 29-Jun-2026::11:10:50.490215 ===
    reason: enotconn
    msg: roadrunner response send failed
    phase: buffered_response
=NOTICE REPORT==== 29-Jun-2026::11:10:50.490237 ===
    reason: enotconn
    msg: roadrunner response send failed
    phase: buffered_response
=NOTICE REPORT==== 29-Jun-2026::11:10:50.490256 ===
    reason: enotconn
    msg: roadrunner response send failed
    phase: buffered_response
=NOTICE REPORT==== 29-Jun-2026::11:10:50.490277 ===
    reason: enotconn
    msg: roadrunner response send failed
    phase: buffered_response
=NOTICE REPORT==== 29-Jun-2026::11:10:50.490338 ===
    reason: enotconn
    msg: roadrunner response send failed
    phase: buffered_response
=NOTICE REPORT==== 29-Jun-2026::11:10:50.490337 ===
    reason: enotconn
    msg: roadrunner response send failed
    phase: buffered_response
=NOTICE REPORT==== 29-Jun-2026::11:10:50.490292 ===
    reason: enotconn
    msg: roadrunner response send failed
    phase: buffered_response
=NOTICE REPORT==== 29-Jun-2026::11:10:50.490283 ===
    reason: enotconn
    msg: roadrunner response send failed
    phase: buffered_response
=NOTICE REPORT==== 29-Jun-2026::11:10:50.491260 ===
    reason: enotconn
    msg: roadrunner response send failed
    phase: buffered_response
=NOTICE REPORT==== 29-Jun-2026::11:10:50.491216 ===
    reason: enotconn
    msg: roadrunner response send failed
    phase: buffered_response
=NOTICE REPORT==== 29-Jun-2026::11:10:50.491246 ===
    reason: enotconn
    msg: roadrunner response send failed
    phase: buffered_response
=NOTICE REPORT==== 29-Jun-2026::11:10:50.491281 ===
    reason: enotconn
    msg: roadrunner response send failed
    phase: buffered_response
=NOTICE REPORT==== 29-Jun-2026::11:10:50.491251 ===
    reason: enotconn
    msg: roadrunner response send failed
    phase: buffered_response
=NOTICE REPORT==== 29-Jun-2026::11:10:50.491288 ===
    reason: enotconn
    msg: roadrunner response send failed
    phase: buffered_response
=NOTICE REPORT==== 29-Jun-2026::11:10:50.491278 ===
    reason: enotconn
    msg: roadrunner response send failed
    phase: buffered_response
=NOTICE REPORT==== 29-Jun-2026::11:10:50.491232 ===
    reason: enotconn
    msg: roadrunner response send failed
    phase: buffered_response
=NOTICE REPORT==== 29-Jun-2026::11:10:50.491250 ===
    reason: enotconn
    msg: roadrunner response send failed
    phase: buffered_response
=NOTICE REPORT==== 29-Jun-2026::11:10:50.491283 ===
    reason: enotconn
    msg: roadrunner response send failed
    phase: buffered_response
=NOTICE REPORT==== 29-Jun-2026::11:10:50.491251 ===
    reason: enotconn
    msg: roadrunner response send failed
    phase: buffered_response
=NOTICE REPORT==== 29-Jun-2026::11:10:50.491310 ===
    reason: enotconn
    msg: roadrunner response send failed
    phase: buffered_response
=NOTICE REPORT==== 29-Jun-2026::11:10:50.491303 ===
    reason: enotconn
    msg: roadrunner response send failed
    phase: buffered_response
=NOTICE REPORT==== 29-Jun-2026::11:10:50.491272 ===
    reason: enotconn
    msg: roadrunner response send failed
    phase: buffered_response
=NOTICE REPORT==== 29-Jun-2026::11:10:50.491762 ===
    reason: enotconn
    msg: roadrunner response send failed
    phase: buffered_response
=NOTICE REPORT==== 29-Jun-2026::11:10:50.491786 ===
    reason: enotconn
    msg: roadrunner response send failed
    phase: buffered_response
=NOTICE REPORT==== 29-Jun-2026::11:10:50.491777 ===
    reason: enotconn
    msg: roadrunner response send failed
    phase: buffered_response
=NOTICE REPORT==== 29-Jun-2026::11:10:50.491783 ===
    reason: enotconn
    msg: roadrunner response send failed
    phase: buffered_response
=NOTICE REPORT==== 29-Jun-2026::11:10:50.491764 ===
    reason: enotconn
    msg: roadrunner response send failed
    phase: buffered_response
=NOTICE REPORT==== 29-Jun-2026::11:10:50.491766 ===
    reason: enotconn
    msg: roadrunner response send failed
    phase: buffered_response
=NOTICE REPORT==== 29-Jun-2026::11:10:50.491753 ===
    reason: enotconn
    msg: roadrunner response send failed
    phase: buffered_response
=NOTICE REPORT==== 29-Jun-2026::11:10:50.491800 ===
    reason: enotconn
    msg: roadrunner response send failed
    phase: buffered_response
=NOTICE REPORT==== 29-Jun-2026::11:10:50.491847 ===
    reason: enotconn
    msg: roadrunner response send failed
    phase: buffered_response
=NOTICE REPORT==== 29-Jun-2026::11:10:50.491894 ===
    reason: enotconn
    msg: roadrunner response send failed
    phase: buffered_response
=NOTICE REPORT==== 29-Jun-2026::11:10:50.491868 ===
    reason: enotconn
    msg: roadrunner response send failed
    phase: buffered_response
=NOTICE REPORT==== 29-Jun-2026::11:10:50.491914 ===
    reason: enotconn
    msg: roadrunner response send failed
    phase: buffered_response
=NOTICE REPORT==== 29-Jun-2026::11:10:50.491861 ===
    reason: enotconn
    msg: roadrunner response send failed
    phase: buffered_response
=NOTICE REPORT==== 29-Jun-2026::11:10:50.491849 ===
    reason: enotconn
    msg: roadrunner response send failed
    phase: buffered_response
=NOTICE REPORT==== 29-Jun-2026::11:10:50.491901 ===
    reason: enotconn
    msg: roadrunner response send failed
    phase: buffered_response
=NOTICE REPORT==== 29-Jun-2026::11:10:50.491897 ===
    reason: enotconn
    msg: roadrunner response send failed
    phase: buffered_response
=NOTICE REPORT==== 29-Jun-2026::11:10:50.491928 ===
    reason: enotconn
    msg: roadrunner response send failed
    phase: buffered_response
=NOTICE REPORT==== 29-Jun-2026::11:10:50.492719 ===
    reason: enotconn
    msg: roadrunner response send failed
    phase: buffered_response
=NOTICE REPORT==== 29-Jun-2026::11:10:50.492741 ===
    reason: enotconn
    msg: roadrunner response send failed
    phase: buffered_response
=NOTICE REPORT==== 29-Jun-2026::11:10:50.492698 ===
    reason: enotconn
    msg: roadrunner response send failed
    phase: buffered_response
=NOTICE REPORT==== 29-Jun-2026::11:10:50.492759 ===
    reason: enotconn
    msg: roadrunner response send failed
    phase: buffered_response
=NOTICE REPORT==== 29-Jun-2026::11:10:50.492734 ===
    reason: enotconn
    msg: roadrunner response send failed
    phase: buffered_response
=NOTICE REPORT==== 29-Jun-2026::11:10:50.492753 ===
    reason: enotconn
    msg: roadrunner response send failed
    phase: buffered_response
=NOTICE REPORT==== 29-Jun-2026::11:10:50.492716 ===
    reason: enotconn
    msg: roadrunner response send failed
    phase: buffered_response
=NOTICE REPORT==== 29-Jun-2026::11:10:50.492767 ===
    reason: enotconn
    msg: roadrunner response send failed
    phase: buffered_response
=NOTICE REPORT==== 29-Jun-2026::11:10:50.492723 ===
    reason: enotconn
    msg: roadrunner response send failed
    phase: buffered_response
=NOTICE REPORT==== 29-Jun-2026::11:10:50.492725 ===
    reason: enotconn
    msg: roadrunner response send failed
    phase: buffered_response
=NOTICE REPORT==== 29-Jun-2026::11:10:50.492715 ===
    reason: enotconn
    msg: roadrunner response send failed
    phase: buffered_response
=NOTICE REPORT==== 29-Jun-2026::11:10:50.492755 ===
    reason: enotconn
    msg: roadrunner response send failed
    phase: buffered_response
=NOTICE REPORT==== 29-Jun-2026::11:10:50.492767 ===
    reason: enotconn
    msg: roadrunner response send failed
    phase: buffered_response
=NOTICE REPORT==== 29-Jun-2026::11:10:50.492767 ===
    reason: enotconn
    msg: roadrunner response send failed
    phase: buffered_response
=NOTICE REPORT==== 29-Jun-2026::11:10:50.492736 ===
    reason: enotconn
    msg: roadrunner response send failed
    phase: buffered_response
=NOTICE REPORT==== 29-Jun-2026::11:10:50.492776 ===
    reason: enotconn
    msg: roadrunner response send failed
    phase: buffered_response
=NOTICE REPORT==== 29-Jun-2026::11:10:50.493710 ===
    reason: enotconn
    msg: roadrunner response send failed
    phase: buffered_response
=NOTICE REPORT==== 29-Jun-2026::11:10:50.493753 ===
    reason: enotconn
    msg: roadrunner response send failed
    phase: buffered_response
=NOTICE REPORT==== 29-Jun-2026::11:10:50.493730 ===
    reason: enotconn
    msg: roadrunner response send failed
    phase: buffered_response
=NOTICE REPORT==== 29-Jun-2026::11:10:50.493722 ===
    reason: enotconn
    msg: roadrunner response send failed
    phase: buffered_response
=NOTICE REPORT==== 29-Jun-2026::11:10:50.493761 ===
    reason: enotconn
    msg: roadrunner response send failed
    phase: buffered_response
=NOTICE REPORT==== 29-Jun-2026::11:10:50.493757 ===
    reason: enotconn
    msg: roadrunner response send failed
    phase: buffered_response
=NOTICE REPORT==== 29-Jun-2026::11:10:50.493749 ===
    reason: enotconn
    msg: roadrunner response send failed
    phase: buffered_response
=NOTICE REPORT==== 29-Jun-2026::11:10:50.493808 ===
    reason: enotconn
    msg: roadrunner response send failed
    phase: buffered_response
=NOTICE REPORT==== 29-Jun-2026::11:10:50.493822 ===
    reason: enotconn
    msg: roadrunner response send failed
    phase: buffered_response
=NOTICE REPORT==== 29-Jun-2026::11:10:50.493770 ===
    reason: enotconn
    msg: roadrunner response send failed
    phase: buffered_response
=NOTICE REPORT==== 29-Jun-2026::11:10:50.493779 ===
    reason: enotconn
    msg: roadrunner response send failed
    phase: buffered_response
=NOTICE REPORT==== 29-Jun-2026::11:10:50.493817 ===
    reason: enotconn
    msg: roadrunner response send failed
    phase: buffered_response
=NOTICE REPORT==== 29-Jun-2026::11:10:50.493777 ===
    reason: enotconn
    msg: roadrunner response send failed
    phase: buffered_response
=NOTICE REPORT==== 29-Jun-2026::11:10:50.493813 ===
    reason: enotconn
    msg: roadrunner response send failed
    phase: buffered_response
=NOTICE REPORT==== 29-Jun-2026::11:10:50.493792 ===
    reason: enotconn
    msg: roadrunner response send failed
    phase: buffered_response
=NOTICE REPORT==== 29-Jun-2026::11:10:50.493826 ===
    reason: enotconn
    msg: roadrunner response send failed
    phase: buffered_response
=NOTICE REPORT==== 29-Jun-2026::11:10:50.493814 ===
    reason: enotconn
    msg: roadrunner response send failed
    phase: buffered_response
=NOTICE REPORT==== 29-Jun-2026::11:10:50.493832 ===
    reason: enotconn
    msg: roadrunner response send failed
    phase: buffered_response
=NOTICE REPORT==== 29-Jun-2026::11:10:50.493837 ===
    reason: enotconn
    msg: roadrunner response send failed
    phase: buffered_response
=NOTICE REPORT==== 29-Jun-2026::11:10:50.494823 ===
    reason: enotconn
    msg: roadrunner response send failed
    phase: buffered_response
=NOTICE REPORT==== 29-Jun-2026::11:10:50.494795 ===
    reason: enotconn
    msg: roadrunner response send failed
    phase: buffered_response
=NOTICE REPORT==== 29-Jun-2026::11:10:50.494833 ===
    reason: enotconn
    msg: roadrunner response send failed
    phase: buffered_response
=NOTICE REPORT==== 29-Jun-2026::11:10:50.682258 ===
Handler default flushed 1110 log events
=NOTICE REPORT==== 29-Jun-2026::11:10:57.731338 ===
    reason: closed
    msg: roadrunner response send failed
    phase: buffered_response
=NOTICE REPORT==== 29-Jun-2026::11:10:57.732276 ===
    reason: closed
    msg: roadrunner response send failed
    phase: buffered_response
=NOTICE REPORT==== 29-Jun-2026::11:10:57.731645 ===
    reason: enotconn
    msg: roadrunner response send failed
    phase: buffered_response
=NOTICE REPORT==== 29-Jun-2026::11:10:57.731552 ===
    reason: closed
    msg: roadrunner response send failed
    phase: buffered_response
=NOTICE REPORT==== 29-Jun-2026::11:10:57.731662 ===
    reason: closed
    msg: roadrunner response send failed
    phase: buffered_response
=NOTICE REPORT==== 29-Jun-2026::11:10:57.731690 ===
    reason: closed
    msg: roadrunner response send failed
    phase: buffered_response
=NOTICE REPORT==== 29-Jun-2026::11:10:57.733171 ===
    reason: closed
    msg: roadrunner response send failed
    phase: buffered_response
=NOTICE REPORT==== 29-Jun-2026::11:10:57.745281 ===
Handler default switched from sync to drop mode
=NOTICE REPORT==== 29-Jun-2026::11:10:57.732786 ===
    reason: enotconn
    msg: roadrunner response send failed
    phase: buffered_response
=NOTICE REPORT==== 29-Jun-2026::11:10:57.732833 ===
    reason: enotconn
    msg: roadrunner response send failed
    phase: buffered_response
=NOTICE REPORT==== 29-Jun-2026::11:10:57.732399 ===
    reason: enotconn
    msg: roadrunner response send failed
    phase: buffered_response
=NOTICE REPORT==== 29-Jun-2026::11:10:57.732555 ===
    reason: closed
    msg: roadrunner response send failed
    phase: buffered_response
=NOTICE REPORT==== 29-Jun-2026::11:10:57.731904 ===
    reason: closed
    msg: roadrunner response send failed
    phase: buffered_response
=NOTICE REPORT==== 29-Jun-2026::11:10:57.732175 ===
    reason: closed
    msg: roadrunner response send failed
    phase: buffered_response
=NOTICE REPORT==== 29-Jun-2026::11:10:57.732009 ===
    reason: closed
    msg: roadrunner response send failed
    phase: buffered_response
=NOTICE REPORT==== 29-Jun-2026::11:10:57.731731 ===
    reason: closed
    msg: roadrunner response send failed
    phase: buffered_response
=NOTICE REPORT==== 29-Jun-2026::11:10:57.732324 ===
    reason: closed
    msg: roadrunner response send failed
    phase: buffered_response
=NOTICE REPORT==== 29-Jun-2026::11:10:57.732144 ===
    reason: closed
    msg: roadrunner response send failed
    phase: buffered_response
=NOTICE REPORT==== 29-Jun-2026::11:10:57.732425 ===
    reason: closed
    msg: roadrunner response send failed
    phase: buffered_response
=NOTICE REPORT==== 29-Jun-2026::11:10:57.732193 ===
    reason: closed
    msg: roadrunner response send failed
    phase: buffered_response
=NOTICE REPORT==== 29-Jun-2026::11:10:57.732064 ===
    reason: closed
    msg: roadrunner response send failed
    phase: buffered_response
=NOTICE REPORT==== 29-Jun-2026::11:10:57.733436 ===
    reason: enotconn
    msg: roadrunner response send failed
    phase: buffered_response
=NOTICE REPORT==== 29-Jun-2026::11:10:57.733687 ===
    reason: enotconn
    msg: roadrunner response send failed
    phase: buffered_response
=NOTICE REPORT==== 29-Jun-2026::11:10:57.733090 ===
    reason: enotconn
    msg: roadrunner response send failed
    phase: buffered_response
=NOTICE REPORT==== 29-Jun-2026::11:10:57.732535 ===
    reason: closed
    msg: roadrunner response send failed
    phase: buffered_response
=NOTICE REPORT==== 29-Jun-2026::11:10:57.733965 ===
    reason: enotconn
    msg: roadrunner response send failed
    phase: buffered_response
=NOTICE REPORT==== 29-Jun-2026::11:10:57.734321 ===
    reason: enotconn
    msg: roadrunner response send failed
    phase: buffered_response
=NOTICE REPORT==== 29-Jun-2026::11:10:57.734335 ===
    reason: enotconn
    msg: roadrunner response send failed
    phase: buffered_response
=NOTICE REPORT==== 29-Jun-2026::11:10:57.734288 ===
    reason: closed
    msg: roadrunner response send failed
    phase: buffered_response
=NOTICE REPORT==== 29-Jun-2026::11:10:57.732446 ===
    reason: closed
    msg: roadrunner response send failed
    phase: buffered_response
=NOTICE REPORT==== 29-Jun-2026::11:10:57.732406 ===
    reason: closed
    msg: roadrunner response send failed
    phase: buffered_response
=NOTICE REPORT==== 29-Jun-2026::11:10:57.732966 ===
    reason: closed
    msg: roadrunner response send failed
    phase: buffered_response
=NOTICE REPORT==== 29-Jun-2026::11:10:57.732337 ===
    reason: closed
    msg: roadrunner response send failed
    phase: buffered_response
=NOTICE REPORT==== 29-Jun-2026::11:10:57.732463 ===
    reason: closed
    msg: roadrunner response send failed
    phase: buffered_response
=NOTICE REPORT==== 29-Jun-2026::11:10:57.732542 ===
    reason: closed
    msg: roadrunner response send failed
    phase: buffered_response
=NOTICE REPORT==== 29-Jun-2026::11:10:57.732848 ===
    reason: closed
    msg: roadrunner response send failed
    phase: buffered_response
=NOTICE REPORT==== 29-Jun-2026::11:10:57.732708 ===
    reason: closed
    msg: roadrunner response send failed
    phase: buffered_response
=NOTICE REPORT==== 29-Jun-2026::11:10:57.732863 ===
    reason: closed
    msg: roadrunner response send failed
    phase: buffered_response
=NOTICE REPORT==== 29-Jun-2026::11:10:57.732651 ===
    reason: closed
    msg: roadrunner response send failed
    phase: buffered_response
=NOTICE REPORT==== 29-Jun-2026::11:10:57.731970 ===
    reason: closed
    msg: roadrunner response send failed
    phase: buffered_response
=NOTICE REPORT==== 29-Jun-2026::11:10:57.732973 ===
    reason: closed
    msg: roadrunner response send failed
    phase: buffered_response
=NOTICE REPORT==== 29-Jun-2026::11:10:57.732535 ===
    reason: closed
    msg: roadrunner response send failed
    phase: buffered_response
=NOTICE REPORT==== 29-Jun-2026::11:10:57.732746 ===
    reason: closed
    msg: roadrunner response send failed
    phase: buffered_response
=NOTICE REPORT==== 29-Jun-2026::11:10:57.732322 ===
    reason: closed
    msg: roadrunner response send failed
    phase: buffered_response
=NOTICE REPORT==== 29-Jun-2026::11:10:57.732521 ===
    reason: closed
    msg: roadrunner response send failed
    phase: buffered_response
=NOTICE REPORT==== 29-Jun-2026::11:10:57.734894 ===
    reason: enotconn
    msg: roadrunner response send failed
    phase: buffered_response
=NOTICE REPORT==== 29-Jun-2026::11:10:57.734906 ===
    reason: enotconn
    msg: roadrunner response send failed
    phase: buffered_response
=NOTICE REPORT==== 29-Jun-2026::11:10:57.735443 ===
    reason: enotconn
    msg: roadrunner response send failed
    phase: buffered_response
=NOTICE REPORT==== 29-Jun-2026::11:10:57.734251 ===
    reason: enotconn
    msg: roadrunner response send failed
    phase: buffered_response
=NOTICE REPORT==== 29-Jun-2026::11:10:57.734837 ===
    reason: enotconn
    msg: roadrunner response send failed
    phase: buffered_response
=NOTICE REPORT==== 29-Jun-2026::11:10:57.733347 ===
    reason: closed
    msg: roadrunner response send failed
    phase: buffered_response
=NOTICE REPORT==== 29-Jun-2026::11:10:57.734798 ===
    reason: enotconn
    msg: roadrunner response send failed
    phase: buffered_response
=NOTICE REPORT==== 29-Jun-2026::11:10:57.732750 ===
    reason: closed
    msg: roadrunner response send failed
    phase: buffered_response
=NOTICE REPORT==== 29-Jun-2026::11:10:57.734944 ===
    reason: closed
    msg: roadrunner response send failed
    phase: buffered_response
=NOTICE REPORT==== 29-Jun-2026::11:10:57.733103 ===
    reason: closed
    msg: roadrunner response send failed
    phase: buffered_response
=NOTICE REPORT==== 29-Jun-2026::11:10:57.732806 ===
    reason: closed
    msg: roadrunner response send failed
    phase: buffered_response
=NOTICE REPORT==== 29-Jun-2026::11:10:57.734525 ===
    reason: enotconn
    msg: roadrunner response send failed
    phase: buffered_response
=NOTICE REPORT==== 29-Jun-2026::11:10:57.733129 ===
    reason: closed
    msg: roadrunner response send failed
    phase: buffered_response
=NOTICE REPORT==== 29-Jun-2026::11:10:57.734655 ===
    reason: enotconn
    msg: roadrunner response send failed
    phase: buffered_response
=NOTICE REPORT==== 29-Jun-2026::11:10:57.734647 ===
    reason: enotconn
    msg: roadrunner response send failed
    phase: buffered_response
=NOTICE REPORT==== 29-Jun-2026::11:10:57.734732 ===
    reason: enotconn
    msg: roadrunner response send failed
    phase: buffered_response
=NOTICE REPORT==== 29-Jun-2026::11:10:57.732834 ===
    reason: closed
    msg: roadrunner response send failed
    phase: buffered_response
=NOTICE REPORT==== 29-Jun-2026::11:10:57.734786 ===
    reason: closed
    msg: roadrunner response send failed
    phase: buffered_response
=NOTICE REPORT==== 29-Jun-2026::11:10:57.734741 ===
    reason: enotconn
    msg: roadrunner response send failed
    phase: buffered_response
=NOTICE REPORT==== 29-Jun-2026::11:10:57.732552 ===
    reason: closed
    msg: roadrunner response send failed
    phase: buffered_response
=NOTICE REPORT==== 29-Jun-2026::11:10:57.732703 ===
    reason: closed
    msg: roadrunner response send failed
    phase: buffered_response
=NOTICE REPORT==== 29-Jun-2026::11:10:57.734572 ===
    reason: closed
    msg: roadrunner response send failed
    phase: buffered_response
=NOTICE REPORT==== 29-Jun-2026::11:10:57.732564 ===
    reason: closed
    msg: roadrunner response send failed
    phase: buffered_response
=NOTICE REPORT==== 29-Jun-2026::11:10:57.735571 ===
    reason: enotconn
    msg: roadrunner response send failed
    phase: buffered_response
=NOTICE REPORT==== 29-Jun-2026::11:10:57.736130 ===
    reason: closed
    msg: roadrunner response send failed
    phase: buffered_response
=NOTICE REPORT==== 29-Jun-2026::11:10:57.736003 ===
    reason: enotconn
    msg: roadrunner response send failed
    phase: buffered_response
=NOTICE REPORT==== 29-Jun-2026::11:10:57.735650 ===
    reason: enotconn
    msg: roadrunner response send failed
    phase: buffered_response
=NOTICE REPORT==== 29-Jun-2026::11:10:57.735882 ===
    reason: enotconn
    msg: roadrunner response send failed
    phase: buffered_response
=NOTICE REPORT==== 29-Jun-2026::11:10:57.735562 ===
    reason: enotconn
    msg: roadrunner response send failed
    phase: buffered_response
=NOTICE REPORT==== 29-Jun-2026::11:10:57.735810 ===
    reason: enotconn
    msg: roadrunner response send failed
    phase: buffered_response
=NOTICE REPORT==== 29-Jun-2026::11:10:57.735999 ===
    reason: enotconn
    msg: roadrunner response send failed
    phase: buffered_response
=NOTICE REPORT==== 29-Jun-2026::11:10:57.735535 ===
    reason: enotconn
    msg: roadrunner response send failed
    phase: buffered_response
=NOTICE REPORT==== 29-Jun-2026::11:10:57.734250 ===
    reason: closed
    msg: roadrunner response send failed
    phase: buffered_response
=NOTICE REPORT==== 29-Jun-2026::11:10:57.733857 ===
    reason: closed
    msg: roadrunner response send failed
    phase: buffered_response
=NOTICE REPORT==== 29-Jun-2026::11:10:57.733715 ===
    reason: closed
    msg: roadrunner response send failed
    phase: buffered_response
=NOTICE REPORT==== 29-Jun-2026::11:10:57.732593 ===
    reason: closed
    msg: roadrunner response send failed
    phase: buffered_response
=NOTICE REPORT==== 29-Jun-2026::11:10:57.733345 ===
    reason: closed
    msg: roadrunner response send failed
    phase: buffered_response
=NOTICE REPORT==== 29-Jun-2026::11:10:57.735410 ===
    reason: closed
    msg: roadrunner response send failed
    phase: buffered_response
=NOTICE REPORT==== 29-Jun-2026::11:10:57.734946 ===
    reason: enotconn
    msg: roadrunner response send failed
    phase: buffered_response
=NOTICE REPORT==== 29-Jun-2026::11:10:57.734812 ===
    reason: enotconn
    msg: roadrunner response send failed
    phase: buffered_response
=NOTICE REPORT==== 29-Jun-2026::11:10:57.735043 ===
    reason: closed
    msg: roadrunner response send failed
    phase: buffered_response
=NOTICE REPORT==== 29-Jun-2026::11:10:57.734821 ===
    reason: enotconn
    msg: roadrunner response send failed
    phase: buffered_response
=NOTICE REPORT==== 29-Jun-2026::11:10:57.736570 ===
    reason: enotconn
    msg: roadrunner response send failed
    phase: buffered_response
=NOTICE REPORT==== 29-Jun-2026::11:10:57.734989 ===
    reason: closed
    msg: roadrunner response send failed
    phase: buffered_response
=NOTICE REPORT==== 29-Jun-2026::11:10:57.736555 ===
    reason: enotconn
    msg: roadrunner response send failed
    phase: buffered_response
=NOTICE REPORT==== 29-Jun-2026::11:10:57.736505 ===
    reason: enotconn
    msg: roadrunner response send failed
    phase: buffered_response
=NOTICE REPORT==== 29-Jun-2026::11:10:57.736503 ===
    reason: enotconn
    msg: roadrunner response send failed
    phase: buffered_response
=NOTICE REPORT==== 29-Jun-2026::11:10:57.735257 ===
    reason: closed
    msg: roadrunner response send failed
    phase: buffered_response
=NOTICE REPORT==== 29-Jun-2026::11:10:57.736509 ===
    reason: enotconn
    msg: roadrunner response send failed
    phase: buffered_response
=NOTICE REPORT==== 29-Jun-2026::11:10:57.736753 ===
    reason: enotconn
    msg: roadrunner response send failed
    phase: buffered_response
=NOTICE REPORT==== 29-Jun-2026::11:10:57.736490 ===
    reason: enotconn
    msg: roadrunner response send failed
    phase: buffered_response
=NOTICE REPORT==== 29-Jun-2026::11:10:57.736589 ===
    reason: enotconn
    msg: roadrunner response send failed
    phase: buffered_response
=NOTICE REPORT==== 29-Jun-2026::11:10:57.736806 ===
    reason: closed
    msg: roadrunner response send failed
    phase: buffered_response
=NOTICE REPORT==== 29-Jun-2026::11:10:57.736237 ===
    reason: enotconn
    msg: roadrunner response send failed
    phase: buffered_response
=NOTICE REPORT==== 29-Jun-2026::11:10:57.737291 ===
    reason: enotconn
    msg: roadrunner response send failed
    phase: buffered_response
=NOTICE REPORT==== 29-Jun-2026::11:10:57.737290 ===
    reason: enotconn
    msg: roadrunner response send failed
    phase: buffered_response
=NOTICE REPORT==== 29-Jun-2026::11:10:57.737324 ===
    reason: enotconn
    msg: roadrunner response send failed
    phase: buffered_response
=NOTICE REPORT==== 29-Jun-2026::11:10:57.736506 ===
    reason: enotconn
    msg: roadrunner response send failed
    phase: buffered_response
=NOTICE REPORT==== 29-Jun-2026::11:10:57.737363 ===
    reason: enotconn
    msg: roadrunner response send failed
    phase: buffered_response
=NOTICE REPORT==== 29-Jun-2026::11:10:57.737375 ===
    reason: enotconn
    msg: roadrunner response send failed
    phase: buffered_response
=NOTICE REPORT==== 29-Jun-2026::11:10:57.737320 ===
    reason: enotconn
    msg: roadrunner response send failed
    phase: buffered_response
=NOTICE REPORT==== 29-Jun-2026::11:10:57.734621 ===
    reason: enotconn
    msg: roadrunner response send failed
    phase: buffered_response
=NOTICE REPORT==== 29-Jun-2026::11:10:57.736654 ===
    reason: enotconn
    msg: roadrunner response send failed
    phase: buffered_response
=NOTICE REPORT==== 29-Jun-2026::11:10:57.737545 ===
    reason: enotconn
    msg: roadrunner response send failed
    phase: buffered_response
=NOTICE REPORT==== 29-Jun-2026::11:10:57.736821 ===
    reason: closed
    msg: roadrunner response send failed
    phase: buffered_response
=NOTICE REPORT==== 29-Jun-2026::11:10:57.737604 ===
    reason: enotconn
    msg: roadrunner response send failed
    phase: buffered_response
=NOTICE REPORT==== 29-Jun-2026::11:10:57.737559 ===
    reason: enotconn
    msg: roadrunner response send failed
    phase: buffered_response
=NOTICE REPORT==== 29-Jun-2026::11:10:57.735777 ===
    reason: enotconn
    msg: roadrunner response send failed
    phase: buffered_response
=NOTICE REPORT==== 29-Jun-2026::11:10:57.736119 ===
    reason: enotconn
    msg: roadrunner response send failed
    phase: buffered_response
=NOTICE REPORT==== 29-Jun-2026::11:10:57.733967 ===
    reason: closed
    msg: roadrunner response send failed
    phase: buffered_response
=NOTICE REPORT==== 29-Jun-2026::11:10:57.737642 ===
    reason: enotconn
    msg: roadrunner response send failed
    phase: buffered_response
=NOTICE REPORT==== 29-Jun-2026::11:10:57.736548 ===
    reason: enotconn
    msg: roadrunner response send failed
    phase: buffered_response
=NOTICE REPORT==== 29-Jun-2026::11:10:57.737078 ===
    reason: enotconn
    msg: roadrunner response send failed
    phase: buffered_response
=NOTICE REPORT==== 29-Jun-2026::11:10:57.737570 ===
    reason: enotconn
    msg: roadrunner response send failed
    phase: buffered_response
=NOTICE REPORT==== 29-Jun-2026::11:10:57.735627 ===
    reason: closed
    msg: roadrunner response send failed
    phase: buffered_response
=NOTICE REPORT==== 29-Jun-2026::11:10:57.737704 ===
    reason: enotconn
    msg: roadrunner response send failed
    phase: buffered_response
=NOTICE REPORT==== 29-Jun-2026::11:10:57.736739 ===
    reason: enotconn
    msg: roadrunner response send failed
    phase: buffered_response
=NOTICE REPORT==== 29-Jun-2026::11:10:57.737752 ===
    reason: enotconn
    msg: roadrunner response send failed
    phase: buffered_response
=NOTICE REPORT==== 29-Jun-2026::11:10:57.735769 ===
    reason: enotconn
    msg: roadrunner response send failed
    phase: buffered_response
=NOTICE REPORT==== 29-Jun-2026::11:10:57.735750 ===
    reason: enotconn
    msg: roadrunner response send failed
    phase: buffered_response
=NOTICE REPORT==== 29-Jun-2026::11:10:57.736752 ===
    reason: enotconn
    msg: roadrunner response send failed
    phase: buffered_response
=NOTICE REPORT==== 29-Jun-2026::11:10:57.734073 ===
    reason: closed
    msg: roadrunner response send failed
    phase: buffered_response
=NOTICE REPORT==== 29-Jun-2026::11:10:57.736749 ===
    reason: enotconn
    msg: roadrunner response send failed
    phase: buffered_response
=NOTICE REPORT==== 29-Jun-2026::11:10:57.736700 ===
    reason: closed
    msg: roadrunner response send failed
    phase: buffered_response
=NOTICE REPORT==== 29-Jun-2026::11:10:57.736659 ===
    reason: closed
    msg: roadrunner response send failed
    phase: buffered_response
=NOTICE REPORT==== 29-Jun-2026::11:10:57.738107 ===
    reason: enotconn
    msg: roadrunner response send failed
    phase: buffered_response
=NOTICE REPORT==== 29-Jun-2026::11:10:57.736695 ===
    reason: closed
    msg: roadrunner response send failed
    phase: buffered_response
=NOTICE REPORT==== 29-Jun-2026::11:10:57.738012 ===
    reason: enotconn
    msg: roadrunner response send failed
    phase: buffered_response
=NOTICE REPORT==== 29-Jun-2026::11:10:57.738018 ===
    reason: enotconn
    msg: roadrunner response send failed
    phase: buffered_response
=NOTICE REPORT==== 29-Jun-2026::11:10:57.736103 ===
    reason: enotconn
    msg: roadrunner response send failed
    phase: buffered_response
=NOTICE REPORT==== 29-Jun-2026::11:10:57.736741 ===
    reason: closed
    msg: roadrunner response send failed
    phase: buffered_response
=NOTICE REPORT==== 29-Jun-2026::11:10:57.737732 ===
    reason: enotconn
    msg: roadrunner response send failed
    phase: buffered_response
=NOTICE REPORT==== 29-Jun-2026::11:10:57.735554 ===
    reason: closed
    msg: roadrunner response send failed
    phase: buffered_response
=NOTICE REPORT==== 29-Jun-2026::11:10:57.735248 ===
    reason: closed
    msg: roadrunner response send failed
    phase: buffered_response
=NOTICE REPORT==== 29-Jun-2026::11:10:57.736766 ===
    reason: closed
    msg: roadrunner response send failed
    phase: buffered_response
=NOTICE REPORT==== 29-Jun-2026::11:10:57.737780 ===
    reason: enotconn
    msg: roadrunner response send failed
    phase: buffered_response
=NOTICE REPORT==== 29-Jun-2026::11:10:57.736210 ===
    reason: closed
    msg: roadrunner response send failed
    phase: buffered_response
=NOTICE REPORT==== 29-Jun-2026::11:10:57.738246 ===
    reason: enotconn
    msg: roadrunner response send failed
    phase: buffered_response
=NOTICE REPORT==== 29-Jun-2026::11:10:57.738243 ===
    reason: enotconn
    msg: roadrunner response send failed
    phase: buffered_response
=NOTICE REPORT==== 29-Jun-2026::11:10:57.736317 ===
    reason: enotconn
    msg: roadrunner response send failed
    phase: buffered_response
=NOTICE REPORT==== 29-Jun-2026::11:10:57.737855 ===
    reason: enotconn
    msg: roadrunner response send failed
    phase: buffered_response
=NOTICE REPORT==== 29-Jun-2026::11:10:57.736265 ===
    reason: closed
    msg: roadrunner response send failed
    phase: buffered_response
=NOTICE REPORT==== 29-Jun-2026::11:10:57.734968 ===
    reason: closed
    msg: roadrunner response send failed
    phase: buffered_response
=NOTICE REPORT==== 29-Jun-2026::11:10:57.737732 ===
    reason: enotconn
    msg: roadrunner response send failed
    phase: buffered_response
=NOTICE REPORT==== 29-Jun-2026::11:10:57.736327 ===
    reason: enotconn
    msg: roadrunner response send failed
    phase: buffered_response
=NOTICE REPORT==== 29-Jun-2026::11:10:57.736148 ===
    reason: enotconn
    msg: roadrunner response send failed
    phase: buffered_response
=NOTICE REPORT==== 29-Jun-2026::11:10:57.738057 ===
    reason: enotconn
    msg: roadrunner response send failed
    phase: buffered_response
=NOTICE REPORT==== 29-Jun-2026::11:10:57.736333 ===
    reason: enotconn
    msg: roadrunner response send failed
    phase: buffered_response
=NOTICE REPORT==== 29-Jun-2026::11:10:57.738467 ===
    reason: enotconn
    msg: roadrunner response send failed
    phase: buffered_response
=NOTICE REPORT==== 29-Jun-2026::11:10:57.738072 ===
    reason: enotconn
    msg: roadrunner response send failed
    phase: buffered_response
=NOTICE REPORT==== 29-Jun-2026::11:10:57.736636 ===
    reason: enotconn
    msg: roadrunner response send failed
    phase: buffered_response
=NOTICE REPORT==== 29-Jun-2026::11:10:57.736958 ===
    reason: closed
    msg: roadrunner response send failed
    phase: buffered_response
=NOTICE REPORT==== 29-Jun-2026::11:10:57.738477 ===
    reason: enotconn
    msg: roadrunner response send failed
    phase: buffered_response
=NOTICE REPORT==== 29-Jun-2026::11:10:57.738256 ===
    reason: enotconn
    msg: roadrunner response send failed
    phase: buffered_response
=NOTICE REPORT==== 29-Jun-2026::11:10:57.738120 ===
    reason: enotconn
    msg: roadrunner response send failed
    phase: buffered_response
=NOTICE REPORT==== 29-Jun-2026::11:10:57.738244 ===
    reason: closed
    msg: roadrunner response send failed
    phase: buffered_response
=NOTICE REPORT==== 29-Jun-2026::11:10:57.736302 ===
    reason: enotconn
    msg: roadrunner response send failed
    phase: buffered_response
=NOTICE REPORT==== 29-Jun-2026::11:10:57.738476 ===
    reason: enotconn
    msg: roadrunner response send failed
    phase: buffered_response
=NOTICE REPORT==== 29-Jun-2026::11:10:57.738730 ===
    reason: enotconn
    msg: roadrunner response send failed
    phase: buffered_response
=NOTICE REPORT==== 29-Jun-2026::11:10:57.738732 ===
    reason: enotconn
    msg: roadrunner response send failed
    phase: buffered_response
=NOTICE REPORT==== 29-Jun-2026::11:10:57.738738 ===
    reason: enotconn
    msg: roadrunner response send failed
    phase: buffered_response
=NOTICE REPORT==== 29-Jun-2026::11:10:57.738736 ===
    reason: closed
    msg: roadrunner response send failed
    phase: buffered_response
=NOTICE REPORT==== 29-Jun-2026::11:10:57.736493 ===
    reason: enotconn
    msg: roadrunner response send failed
    phase: buffered_response
=NOTICE REPORT==== 29-Jun-2026::11:10:57.738322 ===
    reason: enotconn
    msg: roadrunner response send failed
    phase: buffered_response
=NOTICE REPORT==== 29-Jun-2026::11:10:57.737548 ===
    reason: enotconn
    msg: roadrunner response send failed
    phase: buffered_response
=NOTICE REPORT==== 29-Jun-2026::11:10:57.737297 ===
    reason: closed
    msg: roadrunner response send failed
    phase: buffered_response
=NOTICE REPORT==== 29-Jun-2026::11:10:57.736187 ===
    reason: closed
    msg: roadrunner response send failed
    phase: buffered_response
=NOTICE REPORT==== 29-Jun-2026::11:10:57.738306 ===
    reason: enotconn
    msg: roadrunner response send failed
    phase: buffered_response
=NOTICE REPORT==== 29-Jun-2026::11:10:57.738069 ===
    reason: enotconn
    msg: roadrunner response send failed
    phase: buffered_response
=NOTICE REPORT==== 29-Jun-2026::11:10:57.738806 ===
    reason: enotconn
    msg: roadrunner response send failed
    phase: buffered_response
=NOTICE REPORT==== 29-Jun-2026::11:10:57.736545 ===
    reason: enotconn
    msg: roadrunner response send failed
    phase: buffered_response
=NOTICE REPORT==== 29-Jun-2026::11:10:57.738651 ===
    reason: enotconn
    msg: roadrunner response send failed
    phase: buffered_response
=NOTICE REPORT==== 29-Jun-2026::11:10:57.738856 ===
    reason: enotconn
    msg: roadrunner response send failed
    phase: buffered_response
=NOTICE REPORT==== 29-Jun-2026::11:10:57.738453 ===
    reason: closed
    msg: roadrunner response send failed
    phase: buffered_response
=NOTICE REPORT==== 29-Jun-2026::11:10:57.736454 ===
    reason: enotconn
    msg: roadrunner response send failed
    phase: buffered_response
=NOTICE REPORT==== 29-Jun-2026::11:10:57.738664 ===
    reason: enotconn
    msg: roadrunner response send failed
    phase: buffered_response
=NOTICE REPORT==== 29-Jun-2026::11:10:57.738959 ===
    reason: enotconn
    msg: roadrunner response send failed
    phase: buffered_response
=NOTICE REPORT==== 29-Jun-2026::11:10:57.738650 ===
    reason: closed
    msg: roadrunner response send failed
    phase: buffered_response
=NOTICE REPORT==== 29-Jun-2026::11:10:57.738662 ===
    reason: closed
    msg: roadrunner response send failed
    phase: buffered_response
=NOTICE REPORT==== 29-Jun-2026::11:10:57.738881 ===
    reason: enotconn
    msg: roadrunner response send failed
    phase: buffered_response
=NOTICE REPORT==== 29-Jun-2026::11:10:57.738672 ===
    reason: enotconn
    msg: roadrunner response send failed
    phase: buffered_response
=NOTICE REPORT==== 29-Jun-2026::11:10:57.739064 ===
    reason: enotconn
    msg: roadrunner response send failed
    phase: buffered_response
=NOTICE REPORT==== 29-Jun-2026::11:10:57.739017 ===
    reason: enotconn
    msg: roadrunner response send failed
    phase: buffered_response
=NOTICE REPORT==== 29-Jun-2026::11:10:57.739080 ===
    reason: enotconn
    msg: roadrunner response send failed
    phase: buffered_response
=NOTICE REPORT==== 29-Jun-2026::11:10:57.738842 ===
    reason: enotconn
    msg: roadrunner response send failed
    phase: buffered_response
=NOTICE REPORT==== 29-Jun-2026::11:10:57.737725 ===
    reason: enotconn
    msg: roadrunner response send failed
    phase: buffered_response
=NOTICE REPORT==== 29-Jun-2026::11:10:57.738855 ===
    reason: enotconn
    msg: roadrunner response send failed
    phase: buffered_response
=NOTICE REPORT==== 29-Jun-2026::11:10:57.738588 ===
    reason: enotconn
    msg: roadrunner response send failed
    phase: buffered_response
=NOTICE REPORT==== 29-Jun-2026::11:10:57.739160 ===
    reason: enotconn
    msg: roadrunner response send failed
    phase: buffered_response
=NOTICE REPORT==== 29-Jun-2026::11:10:57.738934 ===
    reason: closed
    msg: roadrunner response send failed
    phase: buffered_response
=NOTICE REPORT==== 29-Jun-2026::11:10:57.738242 ===
    reason: enotconn
    msg: roadrunner response send failed
    phase: buffered_response
=NOTICE REPORT==== 29-Jun-2026::11:10:57.739154 ===
    reason: enotconn
    msg: roadrunner response send failed
    phase: buffered_response
=NOTICE REPORT==== 29-Jun-2026::11:10:57.739167 ===
    reason: enotconn
    msg: roadrunner response send failed
    phase: buffered_response
=NOTICE REPORT==== 29-Jun-2026::11:10:57.738829 ===
    reason: enotconn
    msg: roadrunner response send failed
    phase: buffered_response
=NOTICE REPORT==== 29-Jun-2026::11:10:57.736936 ===
    reason: enotconn
    msg: roadrunner response send failed
    phase: buffered_response
=NOTICE REPORT==== 29-Jun-2026::11:10:57.736968 ===
    reason: enotconn
    msg: roadrunner response send failed
    phase: buffered_response
=NOTICE REPORT==== 29-Jun-2026::11:10:57.737787 ===
    reason: enotconn
    msg: roadrunner response send failed
    phase: buffered_response
=NOTICE REPORT==== 29-Jun-2026::11:10:57.739251 ===
    reason: enotconn
    msg: roadrunner response send failed
    phase: buffered_response
=NOTICE REPORT==== 29-Jun-2026::11:10:57.737284 ===
    reason: enotconn
    msg: roadrunner response send failed
    phase: buffered_response
=NOTICE REPORT==== 29-Jun-2026::11:10:57.736993 ===
    reason: enotconn
    msg: roadrunner response send failed
    phase: buffered_response
=NOTICE REPORT==== 29-Jun-2026::11:10:57.739270 ===
    reason: enotconn
    msg: roadrunner response send failed
    phase: buffered_response
=NOTICE REPORT==== 29-Jun-2026::11:10:57.739191 ===
    reason: enotconn
    msg: roadrunner response send failed
    phase: buffered_response
=NOTICE REPORT==== 29-Jun-2026::11:10:57.738928 ===
    reason: enotconn
    msg: roadrunner response send failed
    phase: buffered_response
=NOTICE REPORT==== 29-Jun-2026::11:10:57.737055 ===
    reason: closed
    msg: roadrunner response send failed
    phase: buffered_response
=NOTICE REPORT==== 29-Jun-2026::11:10:57.736086 ===
    reason: closed
    msg: roadrunner response send failed
    phase: buffered_response
=NOTICE REPORT==== 29-Jun-2026::11:10:57.739261 ===
    reason: enotconn
    msg: roadrunner response send failed
    phase: buffered_response
=NOTICE REPORT==== 29-Jun-2026::11:10:57.739345 ===
    reason: enotconn
    msg: roadrunner response send failed
    phase: buffered_response
=NOTICE REPORT==== 29-Jun-2026::11:10:57.739274 ===
    reason: enotconn
    msg: roadrunner response send failed
    phase: buffered_response
=NOTICE REPORT==== 29-Jun-2026::11:10:57.738981 ===
    reason: enotconn
    msg: roadrunner response send failed
    phase: buffered_response
=NOTICE REPORT==== 29-Jun-2026::11:10:57.739344 ===
    reason: enotconn
    msg: roadrunner response send failed
    phase: buffered_response
=NOTICE REPORT==== 29-Jun-2026::11:10:57.736882 ===
    reason: closed
    msg: roadrunner response send failed
    phase: buffered_response
=NOTICE REPORT==== 29-Jun-2026::11:10:57.738927 ===
    reason: enotconn
    msg: roadrunner response send failed
    phase: buffered_response
=NOTICE REPORT==== 29-Jun-2026::11:10:57.739434 ===
    reason: enotconn
    msg: roadrunner response send failed
    phase: buffered_response
=NOTICE REPORT==== 29-Jun-2026::11:10:57.738937 ===
    reason: enotconn
    msg: roadrunner response send failed
    phase: buffered_response
=NOTICE REPORT==== 29-Jun-2026::11:10:57.739470 ===
    reason: enotconn
    msg: roadrunner response send failed
    phase: buffered_response
=NOTICE REPORT==== 29-Jun-2026::11:10:57.739526 ===
    reason: enotconn
    msg: roadrunner response send failed
    phase: buffered_response
=NOTICE REPORT==== 29-Jun-2026::11:10:57.738944 ===
    reason: enotconn
    msg: roadrunner response send failed
    phase: buffered_response
=NOTICE REPORT==== 29-Jun-2026::11:10:57.738812 ===
    reason: enotconn
    msg: roadrunner response send failed
    phase: buffered_response
=NOTICE REPORT==== 29-Jun-2026::11:10:57.738904 ===
    reason: enotconn
    msg: roadrunner response send failed
    phase: buffered_response
=NOTICE REPORT==== 29-Jun-2026::11:10:57.739206 ===
    reason: enotconn
    msg: roadrunner response send failed
    phase: buffered_response
=NOTICE REPORT==== 29-Jun-2026::11:10:57.739351 ===
    reason: enotconn
    msg: roadrunner response send failed
    phase: buffered_response
=NOTICE REPORT==== 29-Jun-2026::11:10:57.739149 ===
    reason: enotconn
    msg: roadrunner response send failed
    phase: buffered_response
=NOTICE REPORT==== 29-Jun-2026::11:10:57.739357 ===
    reason: enotconn
    msg: roadrunner response send failed
    phase: buffered_response
=NOTICE REPORT==== 29-Jun-2026::11:10:57.739250 ===
    reason: enotconn
    msg: roadrunner response send failed
    phase: buffered_response
=NOTICE REPORT==== 29-Jun-2026::11:10:57.739697 ===
    reason: closed
    msg: roadrunner response send failed
    phase: buffered_response
=NOTICE REPORT==== 29-Jun-2026::11:10:57.739258 ===
    reason: enotconn
    msg: roadrunner response send failed
    phase: buffered_response
=NOTICE REPORT==== 29-Jun-2026::11:10:57.739703 ===
    reason: enotconn
    msg: roadrunner response send failed
    phase: buffered_response
=NOTICE REPORT==== 29-Jun-2026::11:10:57.739460 ===
    reason: enotconn
    msg: roadrunner response send failed
    phase: buffered_response
=NOTICE REPORT==== 29-Jun-2026::11:10:57.737874 ===
    reason: closed
    msg: roadrunner response send failed
    phase: buffered_response
=NOTICE REPORT==== 29-Jun-2026::11:10:57.739677 ===
    reason: enotconn
    msg: roadrunner response send failed
    phase: buffered_response
=NOTICE REPORT==== 29-Jun-2026::11:10:57.739407 ===
    reason: enotconn
    msg: roadrunner response send failed
    phase: buffered_response
=NOTICE REPORT==== 29-Jun-2026::11:10:57.738692 ===
    reason: enotconn
    msg: roadrunner response send failed
    phase: buffered_response
=NOTICE REPORT==== 29-Jun-2026::11:10:57.739803 ===
    reason: enotconn
    msg: roadrunner response send failed
    phase: buffered_response
=NOTICE REPORT==== 29-Jun-2026::11:10:57.739812 ===
    reason: enotconn
    msg: roadrunner response send failed
    phase: buffered_response
=NOTICE REPORT==== 29-Jun-2026::11:10:57.739459 ===
    reason: enotconn
    msg: roadrunner response send failed
    phase: buffered_response
=NOTICE REPORT==== 29-Jun-2026::11:10:57.739506 ===
    reason: enotconn
    msg: roadrunner response send failed
    phase: buffered_response
=NOTICE REPORT==== 29-Jun-2026::11:10:57.738694 ===
    reason: enotconn
    msg: roadrunner response send failed
    phase: buffered_response
=NOTICE REPORT==== 29-Jun-2026::11:10:57.737295 ===
    reason: enotconn
    msg: roadrunner response send failed
    phase: buffered_response
=NOTICE REPORT==== 29-Jun-2026::11:10:57.739245 ===
    reason: closed
    msg: roadrunner response send failed
    phase: buffered_response
=NOTICE REPORT==== 29-Jun-2026::11:10:57.737275 ===
    reason: closed
    msg: roadrunner response send failed
    phase: buffered_response
=NOTICE REPORT==== 29-Jun-2026::11:10:57.736707 ===
    reason: closed
    msg: roadrunner response send failed
    phase: buffered_response
=NOTICE REPORT==== 29-Jun-2026::11:10:57.739864 ===
    reason: enotconn
    msg: roadrunner response send failed
    phase: buffered_response
=NOTICE REPORT==== 29-Jun-2026::11:10:57.739635 ===
    reason: enotconn
    msg: roadrunner response send failed
    phase: buffered_response
=NOTICE REPORT==== 29-Jun-2026::11:10:57.739341 ===
    reason: enotconn
    msg: roadrunner response send failed
    phase: buffered_response
=NOTICE REPORT==== 29-Jun-2026::11:10:57.739898 ===
    reason: enotconn
    msg: roadrunner response send failed
    phase: buffered_response
=NOTICE REPORT==== 29-Jun-2026::11:10:57.739845 ===
    reason: enotconn
    msg: roadrunner response send failed
    phase: buffered_response
=NOTICE REPORT==== 29-Jun-2026::11:10:57.739592 ===
    reason: enotconn
    msg: roadrunner response send failed
    phase: buffered_response
=NOTICE REPORT==== 29-Jun-2026::11:10:57.738605 ===
    reason: enotconn
    msg: roadrunner response send failed
    phase: buffered_response
=NOTICE REPORT==== 29-Jun-2026::11:10:57.739766 ===
    reason: enotconn
    msg: roadrunner response send failed
    phase: buffered_response
=NOTICE REPORT==== 29-Jun-2026::11:10:57.739341 ===
    reason: enotconn
    msg: roadrunner response send failed
    phase: buffered_response
=NOTICE REPORT==== 29-Jun-2026::11:10:57.739853 ===
    reason: enotconn
    msg: roadrunner response send failed
    phase: buffered_response
=NOTICE REPORT==== 29-Jun-2026::11:10:57.738634 ===
    reason: enotconn
    msg: roadrunner response send failed
    phase: buffered_response
=NOTICE REPORT==== 29-Jun-2026::11:10:57.739857 ===
    reason: enotconn
    msg: roadrunner response send failed
    phase: buffered_response
=NOTICE REPORT==== 29-Jun-2026::11:10:57.739862 ===
    reason: enotconn
    msg: roadrunner response send failed
    phase: buffered_response
=NOTICE REPORT==== 29-Jun-2026::11:10:57.737698 ===
    reason: enotconn
    msg: roadrunner response send failed
    phase: buffered_response
=NOTICE REPORT==== 29-Jun-2026::11:10:57.738826 ===
    reason: closed
    msg: roadrunner response send failed
    phase: buffered_response
=NOTICE REPORT==== 29-Jun-2026::11:10:57.738642 ===
    reason: enotconn
    msg: roadrunner response send failed
    phase: buffered_response
=NOTICE REPORT==== 29-Jun-2026::11:10:57.740001 ===
    reason: enotconn
    msg: roadrunner response send failed
    phase: buffered_response
=NOTICE REPORT==== 29-Jun-2026::11:10:57.740025 ===
    reason: enotconn
    msg: roadrunner response send failed
    phase: buffered_response
=NOTICE REPORT==== 29-Jun-2026::11:10:57.737456 ===
    reason: enotconn
    msg: roadrunner response send failed
    phase: buffered_response
=NOTICE REPORT==== 29-Jun-2026::11:10:57.755536 ===
Handler default switched from drop to sync mode
=NOTICE REPORT==== 29-Jun-2026::11:10:57.738652 ===
    reason: closed
    msg: roadrunner response send failed
    phase: buffered_response
=NOTICE REPORT==== 29-Jun-2026::11:10:57.740178 ===
    reason: closed
    msg: roadrunner response send failed
    phase: buffered_response
=NOTICE REPORT==== 29-Jun-2026::11:10:57.739996 ===
    reason: enotconn
    msg: roadrunner response send failed
    phase: buffered_response
=NOTICE REPORT==== 29-Jun-2026::11:10:57.740073 ===
    reason: enotconn
    msg: roadrunner response send failed
    phase: buffered_response
=NOTICE REPORT==== 29-Jun-2026::11:10:57.738798 ===
    reason: enotconn
    msg: roadrunner response send failed
    phase: buffered_response
=NOTICE REPORT==== 29-Jun-2026::11:10:57.738911 ===
    reason: enotconn
    msg: roadrunner response send failed
    phase: buffered_response
=NOTICE REPORT==== 29-Jun-2026::11:10:57.737750 ===
    reason: enotconn
    msg: roadrunner response send failed
    phase: buffered_response
=NOTICE REPORT==== 29-Jun-2026::11:10:57.739312 ===
    reason: enotconn
    msg: roadrunner response send failed
    phase: buffered_response
=NOTICE REPORT==== 29-Jun-2026::11:10:57.739924 ===
    reason: enotconn
    msg: roadrunner response send failed
    phase: buffered_response
=NOTICE REPORT==== 29-Jun-2026::11:10:57.739999 ===
    reason: enotconn
    msg: roadrunner response send failed
    phase: buffered_response
=NOTICE REPORT==== 29-Jun-2026::11:10:57.740321 ===
    reason: enotconn
    msg: roadrunner response send failed
    phase: buffered_response
=NOTICE REPORT==== 29-Jun-2026::11:10:57.740332 ===
    reason: enotconn
    msg: roadrunner response send failed
    phase: buffered_response
=NOTICE REPORT==== 29-Jun-2026::11:10:57.740149 ===
    reason: enotconn
    msg: roadrunner response send failed
    phase: buffered_response
=NOTICE REPORT==== 29-Jun-2026::11:10:57.737534 ===
    reason: enotconn
    msg: roadrunner response send failed
    phase: buffered_response
=NOTICE REPORT==== 29-Jun-2026::11:10:57.740175 ===
    reason: enotconn
    msg: roadrunner response send failed
    phase: buffered_response
=NOTICE REPORT==== 29-Jun-2026::11:10:57.740164 ===
    reason: closed
    msg: roadrunner response send failed
    phase: buffered_response
=NOTICE REPORT==== 29-Jun-2026::11:10:57.740184 ===
    reason: enotconn
    msg: roadrunner response send failed
    phase: buffered_response
=NOTICE REPORT==== 29-Jun-2026::11:10:57.740283 ===
    reason: enotconn
    msg: roadrunner response send failed
    phase: buffered_response
=NOTICE REPORT==== 29-Jun-2026::11:10:57.740066 ===
    reason: enotconn
    msg: roadrunner response send failed
    phase: buffered_response
=NOTICE REPORT==== 29-Jun-2026::11:10:57.740421 ===
    reason: enotconn
    msg: roadrunner response send failed
    phase: buffered_response
=NOTICE REPORT==== 29-Jun-2026::11:10:57.740193 ===
    reason: enotconn
    msg: roadrunner response send failed
    phase: buffered_response
=NOTICE REPORT==== 29-Jun-2026::11:10:57.739362 ===
    reason: enotconn
    msg: roadrunner response send failed
    phase: buffered_response
=NOTICE REPORT==== 29-Jun-2026::11:10:57.740516 ===
    reason: enotconn
    msg: roadrunner response send failed
    phase: buffered_response
=NOTICE REPORT==== 29-Jun-2026::11:10:57.740518 ===
    reason: enotconn
    msg: roadrunner response send failed
    phase: buffered_response
=NOTICE REPORT==== 29-Jun-2026::11:10:57.739111 ===
    reason: enotconn
    msg: roadrunner response send failed
    phase: buffered_response
=NOTICE REPORT==== 29-Jun-2026::11:10:57.737984 ===
    reason: enotconn
    msg: roadrunner response send failed
    phase: buffered_response
=NOTICE REPORT==== 29-Jun-2026::11:10:57.740319 ===
    reason: enotconn
    msg: roadrunner response send failed
    phase: buffered_response
=NOTICE REPORT==== 29-Jun-2026::11:10:57.740109 ===
    reason: enotconn
    msg: roadrunner response send failed
    phase: buffered_response
=NOTICE REPORT==== 29-Jun-2026::11:10:57.740001 ===
    reason: enotconn
    msg: roadrunner response send failed
    phase: buffered_response
=NOTICE REPORT==== 29-Jun-2026::11:10:57.739030 ===
    reason: enotconn
    msg: roadrunner response send failed
    phase: buffered_response
=NOTICE REPORT==== 29-Jun-2026::11:10:57.740424 ===
    reason: enotconn
    msg: roadrunner response send failed
    phase: buffered_response
=NOTICE REPORT==== 29-Jun-2026::11:10:57.738985 ===
    reason: closed
    msg: roadrunner response send failed
    phase: buffered_response
=NOTICE REPORT==== 29-Jun-2026::11:10:57.740105 ===
    reason: enotconn
    msg: roadrunner response send failed
    phase: buffered_response
=NOTICE REPORT==== 29-Jun-2026::11:10:57.740184 ===
    reason: closed
    msg: roadrunner response send failed
    phase: buffered_response
=NOTICE REPORT==== 29-Jun-2026::11:10:57.739117 ===
    reason: closed
    msg: roadrunner response send failed
    phase: buffered_response
=NOTICE REPORT==== 29-Jun-2026::11:10:57.740556 ===
    reason: enotconn
    msg: roadrunner response send failed
    phase: buffered_response
=NOTICE REPORT==== 29-Jun-2026::11:10:57.739349 ===
    reason: enotconn
    msg: roadrunner response send failed
    phase: buffered_response
=NOTICE REPORT==== 29-Jun-2026::11:10:57.739282 ===
    reason: closed
    msg: roadrunner response send failed
    phase: buffered_response
=NOTICE REPORT==== 29-Jun-2026::11:10:57.740603 ===
    reason: enotconn
    msg: roadrunner response send failed
    phase: buffered_response
=NOTICE REPORT==== 29-Jun-2026::11:10:57.740261 ===
    reason: enotconn
    msg: roadrunner response send failed
    phase: buffered_response
=NOTICE REPORT==== 29-Jun-2026::11:10:57.740590 ===
    reason: enotconn
    msg: roadrunner response send failed
    phase: buffered_response
=NOTICE REPORT==== 29-Jun-2026::11:10:57.740762 ===
    reason: enotconn
    msg: roadrunner response send failed
    phase: buffered_response
=NOTICE REPORT==== 29-Jun-2026::11:10:57.740257 ===
    reason: enotconn
    msg: roadrunner response send failed
    phase: buffered_response
=NOTICE REPORT==== 29-Jun-2026::11:10:57.740288 ===
    reason: enotconn
    msg: roadrunner response send failed
    phase: buffered_response
=NOTICE REPORT==== 29-Jun-2026::11:10:57.740852 ===
    reason: enotconn
    msg: roadrunner response send failed
    phase: buffered_response
=NOTICE REPORT==== 29-Jun-2026::11:10:57.740814 ===
    reason: enotconn
    msg: roadrunner response send failed
    phase: buffered_response
=NOTICE REPORT==== 29-Jun-2026::11:10:57.740775 ===
    reason: enotconn
    msg: roadrunner response send failed
    phase: buffered_response
=NOTICE REPORT==== 29-Jun-2026::11:10:57.740793 ===
    reason: enotconn
    msg: roadrunner response send failed
    phase: buffered_response
=NOTICE REPORT==== 29-Jun-2026::11:10:57.740770 ===
    reason: enotconn
    msg: roadrunner response send failed
    phase: buffered_response
=NOTICE REPORT==== 29-Jun-2026::11:10:57.740551 ===
    reason: enotconn
    msg: roadrunner response send failed
    phase: buffered_response
=NOTICE REPORT==== 29-Jun-2026::11:10:57.740677 ===
    reason: enotconn
    msg: roadrunner response send failed
    phase: buffered_response
=NOTICE REPORT==== 29-Jun-2026::11:10:57.740664 ===
    reason: enotconn
    msg: roadrunner response send failed
    phase: buffered_response
=NOTICE REPORT==== 29-Jun-2026::11:10:57.740352 ===
    reason: closed
    msg: roadrunner response send failed
    phase: buffered_response
=NOTICE REPORT==== 29-Jun-2026::11:10:57.740797 ===
    reason: enotconn
    msg: roadrunner response send failed
    phase: buffered_response
=NOTICE REPORT==== 29-Jun-2026::11:10:57.740672 ===
    reason: enotconn
    msg: roadrunner response send failed
    phase: buffered_response
=NOTICE REPORT==== 29-Jun-2026::11:10:57.740817 ===
    reason: enotconn
    msg: roadrunner response send failed
    phase: buffered_response
=NOTICE REPORT==== 29-Jun-2026::11:10:57.740935 ===
    reason: enotconn
    msg: roadrunner response send failed
    phase: buffered_response
=NOTICE REPORT==== 29-Jun-2026::11:10:57.740677 ===
    reason: enotconn
    msg: roadrunner response send failed
    phase: buffered_response
=NOTICE REPORT==== 29-Jun-2026::11:10:57.740837 ===
    reason: enotconn
    msg: roadrunner response send failed
    phase: buffered_response
=NOTICE REPORT==== 29-Jun-2026::11:10:57.739715 ===
    reason: enotconn
    msg: roadrunner response send failed
    phase: buffered_response
=NOTICE REPORT==== 29-Jun-2026::11:10:57.739511 ===
    reason: enotconn
    msg: roadrunner response send failed
    phase: buffered_response
=NOTICE REPORT==== 29-Jun-2026::11:10:57.738236 ===
    reason: enotconn
    msg: roadrunner response send failed
    phase: buffered_response
=NOTICE REPORT==== 29-Jun-2026::11:10:57.739844 ===
    reason: enotconn
    msg: roadrunner response send failed
    phase: buffered_response
=NOTICE REPORT==== 29-Jun-2026::11:10:57.740981 ===
    reason: enotconn
    msg: roadrunner response send failed
    phase: buffered_response
=NOTICE REPORT==== 29-Jun-2026::11:10:57.741065 ===
    reason: enotconn
    msg: roadrunner response send failed
    phase: buffered_response
=NOTICE REPORT==== 29-Jun-2026::11:10:57.740975 ===
    reason: enotconn
    msg: roadrunner response send failed
    phase: buffered_response
=NOTICE REPORT==== 29-Jun-2026::11:10:57.741024 ===
    reason: enotconn
    msg: roadrunner response send failed
    phase: buffered_response
=NOTICE REPORT==== 29-Jun-2026::11:10:57.740914 ===
    reason: enotconn
    msg: roadrunner response send failed
    phase: buffered_response
=NOTICE REPORT==== 29-Jun-2026::11:10:57.741086 ===
    reason: enotconn
    msg: roadrunner response send failed
    phase: buffered_response
=NOTICE REPORT==== 29-Jun-2026::11:10:57.739394 ===
    reason: enotconn
    msg: roadrunner response send failed
    phase: buffered_response
=NOTICE REPORT==== 29-Jun-2026::11:10:57.739905 ===
    reason: enotconn
    msg: roadrunner response send failed
    phase: buffered_response
=NOTICE REPORT==== 29-Jun-2026::11:10:57.740425 ===
    reason: enotconn
    msg: roadrunner response send failed
    phase: buffered_response
=NOTICE REPORT==== 29-Jun-2026::11:10:57.741007 ===
    reason: enotconn
    msg: roadrunner response send failed
    phase: buffered_response
=NOTICE REPORT==== 29-Jun-2026::11:10:57.740917 ===
    reason: enotconn
    msg: roadrunner response send failed
    phase: buffered_response
=NOTICE REPORT==== 29-Jun-2026::11:10:57.741161 ===
    reason: enotconn
    msg: roadrunner response send failed
    phase: buffered_response
=NOTICE REPORT==== 29-Jun-2026::11:10:57.741142 ===
    reason: enotconn
    msg: roadrunner response send failed
    phase: buffered_response
=NOTICE REPORT==== 29-Jun-2026::11:10:57.740225 ===
    reason: enotconn
    msg: roadrunner response send failed
    phase: buffered_response
=NOTICE REPORT==== 29-Jun-2026::11:10:57.740434 ===
    reason: enotconn
    msg: roadrunner response send failed
    phase: buffered_response
=NOTICE REPORT==== 29-Jun-2026::11:10:57.741138 ===
    reason: enotconn
    msg: roadrunner response send failed
    phase: buffered_response
=NOTICE REPORT==== 29-Jun-2026::11:10:57.741031 ===
    reason: enotconn
    msg: roadrunner response send failed
    phase: buffered_response
=NOTICE REPORT==== 29-Jun-2026::11:10:57.741195 ===
    reason: enotconn
    msg: roadrunner response send failed
    phase: buffered_response
=NOTICE REPORT==== 29-Jun-2026::11:10:57.740491 ===
    reason: enotconn
    msg: roadrunner response send failed
    phase: buffered_response
=NOTICE REPORT==== 29-Jun-2026::11:10:57.741286 ===
    reason: enotconn
    msg: roadrunner response send failed
    phase: buffered_response
=NOTICE REPORT==== 29-Jun-2026::11:10:57.741238 ===
    reason: enotconn
    msg: roadrunner response send failed
    phase: buffered_response
=NOTICE REPORT==== 29-Jun-2026::11:10:57.740606 ===
    reason: enotconn
    msg: roadrunner response send failed
    phase: buffered_response
=NOTICE REPORT==== 29-Jun-2026::11:10:57.741227 ===
    reason: enotconn
    msg: roadrunner response send failed
    phase: buffered_response
=NOTICE REPORT==== 29-Jun-2026::11:10:57.740513 ===
    reason: closed
    msg: roadrunner response send failed
    phase: buffered_response
=NOTICE REPORT==== 29-Jun-2026::11:10:57.741137 ===
    reason: enotconn
    msg: roadrunner response send failed
    phase: buffered_response
=NOTICE REPORT==== 29-Jun-2026::11:10:57.741226 ===
    reason: enotconn
    msg: roadrunner response send failed
    phase: buffered_response
=NOTICE REPORT==== 29-Jun-2026::11:10:57.739855 ===
    reason: enotconn
    msg: roadrunner response send failed
    phase: buffered_response
=NOTICE REPORT==== 29-Jun-2026::11:10:57.741028 ===
    reason: enotconn
    msg: roadrunner response send failed
    phase: buffered_response
=NOTICE REPORT==== 29-Jun-2026::11:10:57.741113 ===
    reason: enotconn
    msg: roadrunner response send failed
    phase: buffered_response
=NOTICE REPORT==== 29-Jun-2026::11:10:57.741351 ===
    reason: enotconn
    msg: roadrunner response send failed
    phase: buffered_response
=NOTICE REPORT==== 29-Jun-2026::11:10:57.741203 ===
    reason: enotconn
    msg: roadrunner response send failed
    phase: buffered_response
=NOTICE REPORT==== 29-Jun-2026::11:10:57.741377 ===
    reason: enotconn
    msg: roadrunner response send failed
    phase: buffered_response
=NOTICE REPORT==== 29-Jun-2026::11:10:57.741393 ===
    reason: enotconn
    msg: roadrunner response send failed
    phase: buffered_response
=NOTICE REPORT==== 29-Jun-2026::11:10:57.740982 ===
    reason: enotconn
    msg: roadrunner response send failed
    phase: buffered_response
=NOTICE REPORT==== 29-Jun-2026::11:10:57.741359 ===
    reason: enotconn
    msg: roadrunner response send failed
    phase: buffered_response
=NOTICE REPORT==== 29-Jun-2026::11:10:57.741166 ===
    reason: enotconn
    msg: roadrunner response send failed
    phase: buffered_response
=NOTICE REPORT==== 29-Jun-2026::11:10:57.740434 ===
    reason: closed
    msg: roadrunner response send failed
    phase: buffered_response
=NOTICE REPORT==== 29-Jun-2026::11:10:57.741462 ===
    reason: enotconn
    msg: roadrunner response send failed
    phase: buffered_response
=NOTICE REPORT==== 29-Jun-2026::11:10:57.741003 ===
    reason: enotconn
    msg: roadrunner response send failed
    phase: buffered_response
=NOTICE REPORT==== 29-Jun-2026::11:10:57.741177 ===
    reason: enotconn
    msg: roadrunner response send failed
    phase: buffered_response
=NOTICE REPORT==== 29-Jun-2026::11:10:57.741474 ===
    reason: enotconn
    msg: roadrunner response send failed
    phase: buffered_response
=NOTICE REPORT==== 29-Jun-2026::11:10:57.741381 ===
    reason: enotconn
    msg: roadrunner response send failed
    phase: buffered_response
=NOTICE REPORT==== 29-Jun-2026::11:10:57.740934 ===
    reason: closed
    msg: roadrunner response send failed
    phase: buffered_response
=NOTICE REPORT==== 29-Jun-2026::11:10:57.740943 ===
    reason: closed
    msg: roadrunner response send failed
    phase: buffered_response
=NOTICE REPORT==== 29-Jun-2026::11:10:57.741113 ===
    reason: enotconn
    msg: roadrunner response send failed
    phase: buffered_response
=NOTICE REPORT==== 29-Jun-2026::11:10:57.741336 ===
    reason: enotconn
    msg: roadrunner response send failed
    phase: buffered_response
=NOTICE REPORT==== 29-Jun-2026::11:10:57.738892 ===
    reason: enotconn
    msg: roadrunner response send failed
    phase: buffered_response
=NOTICE REPORT==== 29-Jun-2026::11:10:57.741411 ===
    reason: enotconn
    msg: roadrunner response send failed
    phase: buffered_response
=NOTICE REPORT==== 29-Jun-2026::11:10:57.740377 ===
    reason: closed
    msg: roadrunner response send failed
    phase: buffered_response
=NOTICE REPORT==== 29-Jun-2026::11:10:57.741045 ===
    reason: enotconn
    msg: roadrunner response send failed
    phase: buffered_response
=NOTICE REPORT==== 29-Jun-2026::11:10:57.740249 ===
    reason: enotconn
    msg: roadrunner response send failed
    phase: buffered_response
=NOTICE REPORT==== 29-Jun-2026::11:10:57.741070 ===
    reason: enotconn
    msg: roadrunner response send failed
    phase: buffered_response
=NOTICE REPORT==== 29-Jun-2026::11:10:57.740993 ===
    reason: closed
    msg: roadrunner response send failed
    phase: buffered_response
=NOTICE REPORT==== 29-Jun-2026::11:10:57.741472 ===
    reason: enotconn
    msg: roadrunner response send failed
    phase: buffered_response
=NOTICE REPORT==== 29-Jun-2026::11:10:57.739711 ===
    reason: enotconn
    msg: roadrunner response send failed
    phase: buffered_response
=NOTICE REPORT==== 29-Jun-2026::11:10:57.741558 ===
    reason: enotconn
    msg: roadrunner response send failed
    phase: buffered_response
=NOTICE REPORT==== 29-Jun-2026::11:10:57.741530 ===
    reason: enotconn
    msg: roadrunner response send failed
    phase: buffered_response
=NOTICE REPORT==== 29-Jun-2026::11:10:57.741513 ===
    reason: enotconn
    msg: roadrunner response send failed
    phase: buffered_response
=NOTICE REPORT==== 29-Jun-2026::11:10:57.740932 ===
    reason: enotconn
    msg: roadrunner response send failed
    phase: buffered_response
=NOTICE REPORT==== 29-Jun-2026::11:10:57.741052 ===
    reason: closed
    msg: roadrunner response send failed
    phase: buffered_response
=NOTICE REPORT==== 29-Jun-2026::11:10:57.741125 ===
    reason: enotconn
    msg: roadrunner response send failed
    phase: buffered_response
=NOTICE REPORT==== 29-Jun-2026::11:10:57.741575 ===
    reason: enotconn
    msg: roadrunner response send failed
    phase: buffered_response
=NOTICE REPORT==== 29-Jun-2026::11:10:57.741564 ===
    reason: enotconn
    msg: roadrunner response send failed
    phase: buffered_response
=NOTICE REPORT==== 29-Jun-2026::11:10:57.739720 ===
    reason: enotconn
    msg: roadrunner response send failed
    phase: buffered_response
=NOTICE REPORT==== 29-Jun-2026::11:10:57.741564 ===
    reason: enotconn
    msg: roadrunner response send failed
    phase: buffered_response
=NOTICE REPORT==== 29-Jun-2026::11:10:57.741665 ===
    reason: enotconn
    msg: roadrunner response send failed
    phase: buffered_response
=NOTICE REPORT==== 29-Jun-2026::11:10:57.740577 ===
    reason: closed
    msg: roadrunner response send failed
    phase: buffered_response
=NOTICE REPORT==== 29-Jun-2026::11:10:57.741480 ===
    reason: enotconn
    msg: roadrunner response send failed
    phase: buffered_response
=NOTICE REPORT==== 29-Jun-2026::11:10:57.741450 ===
    reason: enotconn
    msg: roadrunner response send failed
    phase: buffered_response
=NOTICE REPORT==== 29-Jun-2026::11:10:57.741383 ===
    reason: enotconn
    msg: roadrunner response send failed
    phase: buffered_response
=NOTICE REPORT==== 29-Jun-2026::11:10:57.739729 ===
    reason: enotconn
    msg: roadrunner response send failed
    phase: buffered_response
=NOTICE REPORT==== 29-Jun-2026::11:10:57.741304 ===
    reason: closed
    msg: roadrunner response send failed
    phase: buffered_response
=NOTICE REPORT==== 29-Jun-2026::11:10:57.741535 ===
    reason: enotconn
    msg: roadrunner response send failed
    phase: buffered_response
=NOTICE REPORT==== 29-Jun-2026::11:10:57.741761 ===
    reason: enotconn
    msg: roadrunner response send failed
    phase: buffered_response
=NOTICE REPORT==== 29-Jun-2026::11:10:57.741507 ===
    reason: enotconn
    msg: roadrunner response send failed
    phase: buffered_response
=NOTICE REPORT==== 29-Jun-2026::11:10:57.741328 ===
    reason: enotconn
    msg: roadrunner response send failed
    phase: buffered_response
=NOTICE REPORT==== 29-Jun-2026::11:10:57.741786 ===
    reason: enotconn
    msg: roadrunner response send failed
    phase: buffered_response
=NOTICE REPORT==== 29-Jun-2026::11:10:57.739569 ===
    reason: enotconn
    msg: roadrunner response send failed
    phase: buffered_response
=NOTICE REPORT==== 29-Jun-2026::11:10:57.741688 ===
    reason: enotconn
    msg: roadrunner response send failed
    phase: buffered_response
=NOTICE REPORT==== 29-Jun-2026::11:10:57.740021 ===
    reason: closed
    msg: roadrunner response send failed
    phase: buffered_response
=NOTICE REPORT==== 29-Jun-2026::11:10:57.741706 ===
    reason: enotconn
    msg: roadrunner response send failed
    phase: buffered_response
=NOTICE REPORT==== 29-Jun-2026::11:10:57.741561 ===
    reason: enotconn
    msg: roadrunner response send failed
    phase: buffered_response
=NOTICE REPORT==== 29-Jun-2026::11:10:57.741506 ===
    reason: enotconn
    msg: roadrunner response send failed
    phase: buffered_response
=NOTICE REPORT==== 29-Jun-2026::11:10:57.741150 ===
    reason: closed
    msg: roadrunner response send failed
    phase: buffered_response
=NOTICE REPORT==== 29-Jun-2026::11:10:57.740582 ===
    reason: enotconn
    msg: roadrunner response send failed
    phase: buffered_response
=NOTICE REPORT==== 29-Jun-2026::11:10:57.740972 ===
    reason: enotconn
    msg: roadrunner response send failed
    phase: buffered_response
=NOTICE REPORT==== 29-Jun-2026::11:10:57.741696 ===
    reason: enotconn
    msg: roadrunner response send failed
    phase: buffered_response
=NOTICE REPORT==== 29-Jun-2026::11:10:57.741562 ===
    reason: enotconn
    msg: roadrunner response send failed
    phase: buffered_response
=NOTICE REPORT==== 29-Jun-2026::11:10:57.740511 ===
    reason: closed
    msg: roadrunner response send failed
    phase: buffered_response
=NOTICE REPORT==== 29-Jun-2026::11:10:57.740672 ===
    reason: closed
    msg: roadrunner response send failed
    phase: buffered_response
=NOTICE REPORT==== 29-Jun-2026::11:10:57.740682 ===
    reason: closed
    msg: roadrunner response send failed
    phase: buffered_response
=NOTICE REPORT==== 29-Jun-2026::11:10:57.740388 ===
    reason: enotconn
    msg: roadrunner response send failed
    phase: buffered_response
=NOTICE REPORT==== 29-Jun-2026::11:10:57.741753 ===
    reason: enotconn
    msg: roadrunner response send failed
    phase: buffered_response
=NOTICE REPORT==== 29-Jun-2026::11:10:57.739568 ===
    reason: enotconn
    msg: roadrunner response send failed
    phase: buffered_response
=NOTICE REPORT==== 29-Jun-2026::11:10:57.741606 ===
    reason: enotconn
    msg: roadrunner response send failed
    phase: buffered_response
=NOTICE REPORT==== 29-Jun-2026::11:10:57.740720 ===
    reason: enotconn
    msg: roadrunner response send failed
    phase: buffered_response
=NOTICE REPORT==== 29-Jun-2026::11:10:57.741863 ===
    reason: closed
    msg: roadrunner response send failed
    phase: buffered_response
=NOTICE REPORT==== 29-Jun-2026::11:10:57.740990 ===
    reason: enotconn
    msg: roadrunner response send failed
    phase: buffered_response
=NOTICE REPORT==== 29-Jun-2026::11:10:57.740876 ===
    reason: enotconn
    msg: roadrunner response send failed
    phase: buffered_response
=NOTICE REPORT==== 29-Jun-2026::11:10:57.742160 ===
    reason: closed
    msg: roadrunner response send failed
    phase: buffered_response
=NOTICE REPORT==== 29-Jun-2026::11:10:57.740451 ===
    reason: enotconn
    msg: roadrunner response send failed
    phase: buffered_response
=NOTICE REPORT==== 29-Jun-2026::11:10:57.740462 ===
    reason: enotconn
    msg: roadrunner response send failed
    phase: buffered_response
=NOTICE REPORT==== 29-Jun-2026::11:10:57.740373 ===
    reason: enotconn
    msg: roadrunner response send failed
    phase: buffered_response
=NOTICE REPORT==== 29-Jun-2026::11:10:57.740373 ===
    reason: closed
    msg: roadrunner response send failed
    phase: buffered_response
=NOTICE REPORT==== 29-Jun-2026::11:10:57.742653 ===
    reason: closed
    msg: roadrunner response send failed
    phase: buffered_response
=NOTICE REPORT==== 29-Jun-2026::11:10:57.739742 ===
    reason: closed
    msg: roadrunner response send failed
    phase: buffered_response
=NOTICE REPORT==== 29-Jun-2026::11:10:57.742465 ===
    reason: closed
    msg: roadrunner response send failed
    phase: buffered_response
=NOTICE REPORT==== 29-Jun-2026::11:10:57.741238 ===
    reason: enotconn
    msg: roadrunner response send failed
    phase: buffered_response
=NOTICE REPORT==== 29-Jun-2026::11:10:57.742002 ===
    reason: closed
    msg: roadrunner response send failed
    phase: buffered_response
=NOTICE REPORT==== 29-Jun-2026::11:10:57.740893 ===
    reason: closed
    msg: roadrunner response send failed
    phase: buffered_response
=NOTICE REPORT==== 29-Jun-2026::11:10:57.741730 ===
    reason: enotconn
    msg: roadrunner response send failed
    phase: buffered_response
=NOTICE REPORT==== 29-Jun-2026::11:10:57.741849 ===
    reason: enotconn
    msg: roadrunner response send failed
    phase: buffered_response
=NOTICE REPORT==== 29-Jun-2026::11:10:57.741858 ===
    reason: enotconn
    msg: roadrunner response send failed
    phase: buffered_response
=NOTICE REPORT==== 29-Jun-2026::11:10:57.741324 ===
    reason: closed
    msg: roadrunner response send failed
    phase: buffered_response
=NOTICE REPORT==== 29-Jun-2026::11:10:57.738990 ===
    reason: closed
    msg: roadrunner response send failed
    phase: buffered_response
=NOTICE REPORT==== 29-Jun-2026::11:10:57.742357 ===
    reason: closed
    msg: roadrunner response send failed
    phase: buffered_response
=NOTICE REPORT==== 29-Jun-2026::11:10:57.738980 ===
    reason: closed
    msg: roadrunner response send failed
    phase: buffered_response
=NOTICE REPORT==== 29-Jun-2026::11:10:57.738774 ===
    reason: closed
    msg: roadrunner response send failed
    phase: buffered_response
=NOTICE REPORT==== 29-Jun-2026::11:10:57.738783 ===
    reason: closed
    msg: roadrunner response send failed
    phase: buffered_response
=NOTICE REPORT==== 29-Jun-2026::11:10:57.742677 ===
    reason: closed
    msg: roadrunner response send failed
    phase: buffered_response
=NOTICE REPORT==== 29-Jun-2026::11:10:57.739074 ===
    reason: closed
    msg: roadrunner response send failed
    phase: buffered_response
=NOTICE REPORT==== 29-Jun-2026::11:10:57.742802 ===
    reason: closed
    msg: roadrunner response send failed
    phase: buffered_response
=NOTICE REPORT==== 29-Jun-2026::11:10:57.742459 ===
    reason: closed
    msg: roadrunner response send failed
    phase: buffered_response
=NOTICE REPORT==== 29-Jun-2026::11:10:57.743089 ===
    reason: closed
    msg: roadrunner response send failed
    phase: buffered_response
=NOTICE REPORT==== 29-Jun-2026::11:10:57.743078 ===
    reason: closed
    msg: roadrunner response send failed
    phase: buffered_response
=NOTICE REPORT==== 29-Jun-2026::11:10:57.743121 ===
    reason: closed
    msg: roadrunner response send failed
    phase: buffered_response
=NOTICE REPORT==== 29-Jun-2026::11:10:57.741244 ===
    reason: enotconn
    msg: roadrunner response send failed
    phase: buffered_response
=NOTICE REPORT==== 29-Jun-2026::11:10:57.743493 ===
    reason: closed
    msg: roadrunner response send failed
    phase: buffered_response
=NOTICE REPORT==== 29-Jun-2026::11:10:57.743528 ===
    reason: closed
    msg: roadrunner response send failed
    phase: buffered_response
=NOTICE REPORT==== 29-Jun-2026::11:10:57.743787 ===
    reason: closed
    msg: roadrunner response send failed
    phase: buffered_response
=NOTICE REPORT==== 29-Jun-2026::11:10:57.741471 ===
    reason: enotconn
    msg: roadrunner response send failed
    phase: buffered_response
=NOTICE REPORT==== 29-Jun-2026::11:10:57.739345 ===
    reason: closed
    msg: roadrunner response send failed
    phase: buffered_response
=NOTICE REPORT==== 29-Jun-2026::11:10:57.743934 ===
    reason: closed
    msg: roadrunner response send failed
    phase: buffered_response
=NOTICE REPORT==== 29-Jun-2026::11:10:57.743962 ===
    reason: closed
    msg: roadrunner response send failed
    phase: buffered_response
=NOTICE REPORT==== 29-Jun-2026::11:10:57.743813 ===
    reason: closed
    msg: roadrunner response send failed
    phase: buffered_response
=NOTICE REPORT==== 29-Jun-2026::11:10:57.743942 ===
    reason: closed
    msg: roadrunner response send failed
    phase: buffered_response
=NOTICE REPORT==== 29-Jun-2026::11:10:57.744158 ===
    reason: closed
    msg: roadrunner response send failed
    phase: buffered_response
=NOTICE REPORT==== 29-Jun-2026::11:10:57.759675 ===
    reason: enotconn
    msg: roadrunner response send failed
    phase: buffered_response
=NOTICE REPORT==== 29-Jun-2026::11:10:57.759631 ===
    reason: enotconn
    msg: roadrunner response send failed
    phase: buffered_response
=NOTICE REPORT==== 29-Jun-2026::11:10:57.759652 ===
    reason: enotconn
    msg: roadrunner response send failed
    phase: buffered_response
=NOTICE REPORT==== 29-Jun-2026::11:10:57.759639 ===
    reason: enotconn
    msg: roadrunner response send failed
    phase: buffered_response
=NOTICE REPORT==== 29-Jun-2026::11:10:57.759639 ===
    reason: enotconn
    msg: roadrunner response send failed
    phase: buffered_response
=NOTICE REPORT==== 29-Jun-2026::11:10:57.759637 ===
    reason: enotconn
    msg: roadrunner response send failed
    phase: buffered_response
=NOTICE REPORT==== 29-Jun-2026::11:10:57.759659 ===
    reason: enotconn
    msg: roadrunner response send failed
    phase: buffered_response
=NOTICE REPORT==== 29-Jun-2026::11:10:57.759677 ===
    reason: enotconn
    msg: roadrunner response send failed
    phase: buffered_response
=NOTICE REPORT==== 29-Jun-2026::11:10:57.759651 ===
    reason: enotconn
    msg: roadrunner response send failed
    phase: buffered_response
=NOTICE REPORT==== 29-Jun-2026::11:10:57.759661 ===
    reason: enotconn
    msg: roadrunner response send failed
    phase: buffered_response
=NOTICE REPORT==== 29-Jun-2026::11:10:57.759651 ===
    reason: enotconn
    msg: roadrunner response send failed
    phase: buffered_response
=NOTICE REPORT==== 29-Jun-2026::11:10:57.759696 ===
    reason: enotconn
    msg: roadrunner response send failed
    phase: buffered_response
=NOTICE REPORT==== 29-Jun-2026::11:10:57.759637 ===
    reason: enotconn
    msg: roadrunner response send failed
    phase: buffered_response
=NOTICE REPORT==== 29-Jun-2026::11:10:57.759674 ===
    reason: enotconn
    msg: roadrunner response send failed
    phase: buffered_response
=NOTICE REPORT==== 29-Jun-2026::11:10:57.760350 ===
    reason: enotconn
    msg: roadrunner response send failed
    phase: buffered_response
=NOTICE REPORT==== 29-Jun-2026::11:10:57.760355 ===
    reason: enotconn
    msg: roadrunner response send failed
    phase: buffered_response
=NOTICE REPORT==== 29-Jun-2026::11:10:57.760325 ===
    reason: enotconn
    msg: roadrunner response send failed
    phase: buffered_response
=NOTICE REPORT==== 29-Jun-2026::11:10:57.760318 ===
    reason: enotconn
    msg: roadrunner response send failed
    phase: buffered_response
=NOTICE REPORT==== 29-Jun-2026::11:10:57.760331 ===
    reason: enotconn
    msg: roadrunner response send failed
    phase: buffered_response
=NOTICE REPORT==== 29-Jun-2026::11:10:57.760346 ===
    reason: enotconn
    msg: roadrunner response send failed
    phase: buffered_response
=NOTICE REPORT==== 29-Jun-2026::11:10:57.760335 ===
    reason: enotconn
    msg: roadrunner response send failed
    phase: buffered_response
=NOTICE REPORT==== 29-Jun-2026::11:10:57.760390 ===
    reason: enotconn
    msg: roadrunner response send failed
    phase: buffered_response
=NOTICE REPORT==== 29-Jun-2026::11:10:57.760357 ===
    reason: enotconn
    msg: roadrunner response send failed
    phase: buffered_response
=NOTICE REPORT==== 29-Jun-2026::11:10:57.760361 ===
    reason: enotconn
    msg: roadrunner response send failed
    phase: buffered_response
=NOTICE REPORT==== 29-Jun-2026::11:10:57.760371 ===
    reason: enotconn
    msg: roadrunner response send failed
    phase: buffered_response
=NOTICE REPORT==== 29-Jun-2026::11:10:57.760396 ===
    reason: enotconn
    msg: roadrunner response send failed
    phase: buffered_response
=NOTICE REPORT==== 29-Jun-2026::11:10:57.760366 ===
    reason: enotconn
    msg: roadrunner response send failed
    phase: buffered_response
=NOTICE REPORT==== 29-Jun-2026::11:10:57.760359 ===
    reason: enotconn
    msg: roadrunner response send failed
    phase: buffered_response
=NOTICE REPORT==== 29-Jun-2026::11:10:57.760388 ===
    reason: enotconn
    msg: roadrunner response send failed
    phase: buffered_response
=NOTICE REPORT==== 29-Jun-2026::11:10:57.760382 ===
    reason: enotconn
    msg: roadrunner response send failed
    phase: buffered_response
=NOTICE REPORT==== 29-Jun-2026::11:10:57.760397 ===
    reason: enotconn
    msg: roadrunner response send failed
    phase: buffered_response
=NOTICE REPORT==== 29-Jun-2026::11:10:57.760360 ===
    reason: enotconn
    msg: roadrunner response send failed
    phase: buffered_response
=NOTICE REPORT==== 29-Jun-2026::11:10:57.761292 ===
    reason: enotconn
    msg: roadrunner response send failed
    phase: buffered_response
=NOTICE REPORT==== 29-Jun-2026::11:10:57.761261 ===
    reason: enotconn
    msg: roadrunner response send failed
    phase: buffered_response
=NOTICE REPORT==== 29-Jun-2026::11:10:57.761270 ===
    reason: enotconn
    msg: roadrunner response send failed
    phase: buffered_response
=NOTICE REPORT==== 29-Jun-2026::11:10:57.761303 ===
    reason: enotconn
    msg: roadrunner response send failed
    phase: buffered_response
=NOTICE REPORT==== 29-Jun-2026::11:10:57.761265 ===
    reason: enotconn
    msg: roadrunner response send failed
    phase: buffered_response
=NOTICE REPORT==== 29-Jun-2026::11:10:57.761304 ===
    reason: enotconn
    msg: roadrunner response send failed
    phase: buffered_response
=NOTICE REPORT==== 29-Jun-2026::11:10:57.761292 ===
    reason: enotconn
    msg: roadrunner response send failed
    phase: buffered_response
=NOTICE REPORT==== 29-Jun-2026::11:10:57.761293 ===
    reason: enotconn
    msg: roadrunner response send failed
    phase: buffered_response
=NOTICE REPORT==== 29-Jun-2026::11:10:57.761294 ===
    reason: enotconn
    msg: roadrunner response send failed
    phase: buffered_response
=NOTICE REPORT==== 29-Jun-2026::11:10:57.761300 ===
    reason: enotconn
    msg: roadrunner response send failed
    phase: buffered_response
=NOTICE REPORT==== 29-Jun-2026::11:10:57.761308 ===
    reason: enotconn
    msg: roadrunner response send failed
    phase: buffered_response
=NOTICE REPORT==== 29-Jun-2026::11:10:57.761317 ===
    reason: enotconn
    msg: roadrunner response send failed
    phase: buffered_response
=NOTICE REPORT==== 29-Jun-2026::11:10:57.761325 ===
    reason: enotconn
    msg: roadrunner response send failed
    phase: buffered_response
=NOTICE REPORT==== 29-Jun-2026::11:10:57.761391 ===
    reason: enotconn
    msg: roadrunner response send failed
    phase: buffered_response
=NOTICE REPORT==== 29-Jun-2026::11:10:57.761270 ===
    reason: enotconn
    msg: roadrunner response send failed
    phase: buffered_response
=NOTICE REPORT==== 29-Jun-2026::11:10:57.761389 ===
    reason: enotconn
    msg: roadrunner response send failed
    phase: buffered_response
=NOTICE REPORT==== 29-Jun-2026::11:10:57.761378 ===
    reason: enotconn
    msg: roadrunner response send failed
    phase: buffered_response
=NOTICE REPORT==== 29-Jun-2026::11:10:57.761354 ===
    reason: enotconn
    msg: roadrunner response send failed
    phase: buffered_response
=NOTICE REPORT==== 29-Jun-2026::11:10:57.761379 ===
    reason: enotconn
    msg: roadrunner response send failed
    phase: buffered_response
=NOTICE REPORT==== 29-Jun-2026::11:10:57.762014 ===
    reason: enotconn
    msg: roadrunner response send failed
    phase: buffered_response
=NOTICE REPORT==== 29-Jun-2026::11:10:57.762061 ===
    reason: enotconn
    msg: roadrunner response send failed
    phase: buffered_response
=NOTICE REPORT==== 29-Jun-2026::11:10:57.762000 ===
    reason: enotconn
    msg: roadrunner response send failed
    phase: buffered_response
=NOTICE REPORT==== 29-Jun-2026::11:10:57.762010 ===
    reason: enotconn
    msg: roadrunner response send failed
    phase: buffered_response
=NOTICE REPORT==== 29-Jun-2026::11:10:57.762044 ===
    reason: enotconn
    msg: roadrunner response send failed
    phase: buffered_response
=NOTICE REPORT==== 29-Jun-2026::11:10:57.762099 ===
    reason: enotconn
    msg: roadrunner response send failed
    phase: buffered_response
=NOTICE REPORT==== 29-Jun-2026::11:10:57.762076 ===
    reason: enotconn
    msg: roadrunner response send failed
    phase: buffered_response
=NOTICE REPORT==== 29-Jun-2026::11:10:57.762111 ===
    reason: enotconn
    msg: roadrunner response send failed
    phase: buffered_response
=NOTICE REPORT==== 29-Jun-2026::11:10:57.761994 ===
    reason: enotconn
    msg: roadrunner response send failed
    phase: buffered_response
=NOTICE REPORT==== 29-Jun-2026::11:10:57.761973 ===
    reason: enotconn
    msg: roadrunner response send failed
    phase: buffered_response
=NOTICE REPORT==== 29-Jun-2026::11:10:57.762064 ===
    reason: enotconn
    msg: roadrunner response send failed
    phase: buffered_response
=NOTICE REPORT==== 29-Jun-2026::11:10:57.762032 ===
    reason: enotconn
    msg: roadrunner response send failed
    phase: buffered_response
=NOTICE REPORT==== 29-Jun-2026::11:10:57.762022 ===
    reason: enotconn
    msg: roadrunner response send failed
    phase: buffered_response
=NOTICE REPORT==== 29-Jun-2026::11:10:57.762071 ===
    reason: enotconn
    msg: roadrunner response send failed
    phase: buffered_response
=NOTICE REPORT==== 29-Jun-2026::11:10:57.762008 ===
    reason: enotconn
    msg: roadrunner response send failed
    phase: buffered_response
=NOTICE REPORT==== 29-Jun-2026::11:10:57.762094 ===
    reason: enotconn
    msg: roadrunner response send failed
    phase: buffered_response
=NOTICE REPORT==== 29-Jun-2026::11:10:57.762047 ===
    reason: enotconn
    msg: roadrunner response send failed
    phase: buffered_response
=NOTICE REPORT==== 29-Jun-2026::11:10:57.762035 ===
    reason: enotconn
    msg: roadrunner response send failed
    phase: buffered_response
=NOTICE REPORT==== 29-Jun-2026::11:10:57.762047 ===
    reason: enotconn
    msg: roadrunner response send failed
    phase: buffered_response
=NOTICE REPORT==== 29-Jun-2026::11:10:57.762145 ===
    reason: enotconn
    msg: roadrunner response send failed
    phase: buffered_response
=NOTICE REPORT==== 29-Jun-2026::11:10:57.762840 ===
    reason: enotconn
    msg: roadrunner response send failed
    phase: buffered_response
=NOTICE REPORT==== 29-Jun-2026::11:10:57.762850 ===
    reason: enotconn
    msg: roadrunner response send failed
    phase: buffered_response
=NOTICE REPORT==== 29-Jun-2026::11:10:57.762832 ===
    reason: enotconn
    msg: roadrunner response send failed
    phase: buffered_response
=NOTICE REPORT==== 29-Jun-2026::11:10:57.762838 ===
    reason: enotconn
    msg: roadrunner response send failed
    phase: buffered_response
=NOTICE REPORT==== 29-Jun-2026::11:10:57.762883 ===
    reason: enotconn
    msg: roadrunner response send failed
    phase: buffered_response
=NOTICE REPORT==== 29-Jun-2026::11:10:57.762900 ===
    reason: enotconn
    msg: roadrunner response send failed
    phase: buffered_response
=NOTICE REPORT==== 29-Jun-2026::11:10:57.762885 ===
    reason: enotconn
    msg: roadrunner response send failed
    phase: buffered_response
=NOTICE REPORT==== 29-Jun-2026::11:10:57.762879 ===
    reason: enotconn
    msg: roadrunner response send failed
    phase: buffered_response
=NOTICE REPORT==== 29-Jun-2026::11:10:57.762859 ===
    reason: enotconn
    msg: roadrunner response send failed
    phase: buffered_response
=NOTICE REPORT==== 29-Jun-2026::11:10:57.762876 ===
    reason: enotconn
    msg: roadrunner response send failed
    phase: buffered_response
=NOTICE REPORT==== 29-Jun-2026::11:10:57.762893 ===
    reason: enotconn
    msg: roadrunner response send failed
    phase: buffered_response
=NOTICE REPORT==== 29-Jun-2026::11:10:57.762931 ===
    reason: enotconn
    msg: roadrunner response send failed
    phase: buffered_response
=NOTICE REPORT==== 29-Jun-2026::11:10:57.762951 ===
    reason: enotconn
    msg: roadrunner response send failed
    phase: buffered_response
=NOTICE REPORT==== 29-Jun-2026::11:10:57.762940 ===
    reason: enotconn
    msg: roadrunner response send failed
    phase: buffered_response
=NOTICE REPORT==== 29-Jun-2026::11:10:57.762841 ===
    reason: enotconn
    msg: roadrunner response send failed
    phase: buffered_response
=NOTICE REPORT==== 29-Jun-2026::11:10:57.762907 ===
    reason: enotconn
    msg: roadrunner response send failed
    phase: buffered_response
=NOTICE REPORT==== 29-Jun-2026::11:10:57.762948 ===
    reason: enotconn
    msg: roadrunner response send failed
    phase: buffered_response
=NOTICE REPORT==== 29-Jun-2026::11:10:57.762967 ===
    reason: enotconn
    msg: roadrunner response send failed
    phase: buffered_response
=NOTICE REPORT==== 29-Jun-2026::11:10:57.762997 ===
    reason: enotconn
    msg: roadrunner response send failed
    phase: buffered_response
=NOTICE REPORT==== 29-Jun-2026::11:10:57.762923 ===
    reason: enotconn
    msg: roadrunner response send failed
    phase: buffered_response
=NOTICE REPORT==== 29-Jun-2026::11:10:57.763580 ===
    reason: enotconn
    msg: roadrunner response send failed
    phase: buffered_response
=NOTICE REPORT==== 29-Jun-2026::11:10:57.763590 ===
    reason: enotconn
    msg: roadrunner response send failed
    phase: buffered_response
=NOTICE REPORT==== 29-Jun-2026::11:10:57.763555 ===
    reason: enotconn
    msg: roadrunner response send failed
    phase: buffered_response
=NOTICE REPORT==== 29-Jun-2026::11:10:57.763634 ===
    reason: enotconn
    msg: roadrunner response send failed
    phase: buffered_response
=NOTICE REPORT==== 29-Jun-2026::11:10:57.763605 ===
    reason: enotconn
    msg: roadrunner response send failed
    phase: buffered_response
=NOTICE REPORT==== 29-Jun-2026::11:10:57.763597 ===
    reason: enotconn
    msg: roadrunner response send failed
    phase: buffered_response
=NOTICE REPORT==== 29-Jun-2026::11:10:57.763642 ===
    reason: enotconn
    msg: roadrunner response send failed
    phase: buffered_response
=NOTICE REPORT==== 29-Jun-2026::11:10:57.763630 ===
    reason: enotconn
    msg: roadrunner response send failed
    phase: buffered_response
=NOTICE REPORT==== 29-Jun-2026::11:10:57.763650 ===
    reason: enotconn
    msg: roadrunner response send failed
    phase: buffered_response
=NOTICE REPORT==== 29-Jun-2026::11:10:57.763582 ===
    reason: enotconn
    msg: roadrunner response send failed
    phase: buffered_response
=NOTICE REPORT==== 29-Jun-2026::11:10:57.763601 ===
    reason: enotconn
    msg: roadrunner response send failed
    phase: buffered_response
=NOTICE REPORT==== 29-Jun-2026::11:10:57.763674 ===
    reason: enotconn
    msg: roadrunner response send failed
    phase: buffered_response
=NOTICE REPORT==== 29-Jun-2026::11:10:57.763590 ===
    reason: enotconn
    msg: roadrunner response send failed
    phase: buffered_response
=NOTICE REPORT==== 29-Jun-2026::11:10:57.763650 ===
    reason: enotconn
    msg: roadrunner response send failed
    phase: buffered_response
=NOTICE REPORT==== 29-Jun-2026::11:10:57.763647 ===
    reason: enotconn
    msg: roadrunner response send failed
    phase: buffered_response
=NOTICE REPORT==== 29-Jun-2026::11:10:57.763675 ===
    reason: enotconn
    msg: roadrunner response send failed
    phase: buffered_response
=NOTICE REPORT==== 29-Jun-2026::11:10:57.763628 ===
    reason: enotconn
    msg: roadrunner response send failed
    phase: buffered_response
=NOTICE REPORT==== 29-Jun-2026::11:10:57.763647 ===
    reason: enotconn
    msg: roadrunner response send failed
    phase: buffered_response
=NOTICE REPORT==== 29-Jun-2026::11:10:57.764385 ===
    reason: enotconn
    msg: roadrunner response send failed
    phase: buffered_response
=NOTICE REPORT==== 29-Jun-2026::11:10:57.764361 ===
    reason: enotconn
    msg: roadrunner response send failed
    phase: buffered_response
=NOTICE REPORT==== 29-Jun-2026::11:10:57.764382 ===
    reason: enotconn
    msg: roadrunner response send failed
    phase: buffered_response
=NOTICE REPORT==== 29-Jun-2026::11:10:57.764360 ===
    reason: enotconn
    msg: roadrunner response send failed
    phase: buffered_response
=NOTICE REPORT==== 29-Jun-2026::11:10:57.764401 ===
    reason: enotconn
    msg: roadrunner response send failed
    phase: buffered_response
=NOTICE REPORT==== 29-Jun-2026::11:10:57.764394 ===
    reason: enotconn
    msg: roadrunner response send failed
    phase: buffered_response
=NOTICE REPORT==== 29-Jun-2026::11:10:57.764401 ===
    reason: enotconn
    msg: roadrunner response send failed
    phase: buffered_response
=NOTICE REPORT==== 29-Jun-2026::11:10:57.764396 ===
    reason: enotconn
    msg: roadrunner response send failed
    phase: buffered_response
=NOTICE REPORT==== 29-Jun-2026::11:10:57.764363 ===
    reason: enotconn
    msg: roadrunner response send failed
    phase: buffered_response
=NOTICE REPORT==== 29-Jun-2026::11:10:57.764387 ===
    reason: enotconn
    msg: roadrunner response send failed
    phase: buffered_response
=NOTICE REPORT==== 29-Jun-2026::11:10:57.764465 ===
    reason: enotconn
    msg: roadrunner response send failed
    phase: buffered_response
=NOTICE REPORT==== 29-Jun-2026::11:10:57.764416 ===
    reason: enotconn
    msg: roadrunner response send failed
    phase: buffered_response
=NOTICE REPORT==== 29-Jun-2026::11:10:57.764444 ===
    reason: enotconn
    msg: roadrunner response send failed
    phase: buffered_response
=NOTICE REPORT==== 29-Jun-2026::11:10:57.764412 ===
    reason: enotconn
    msg: roadrunner response send failed
    phase: buffered_response
=NOTICE REPORT==== 29-Jun-2026::11:10:57.764409 ===
    reason: enotconn
    msg: roadrunner response send failed
    phase: buffered_response
=NOTICE REPORT==== 29-Jun-2026::11:10:57.764464 ===
    reason: enotconn
    msg: roadrunner response send failed
    phase: buffered_response
=NOTICE REPORT==== 29-Jun-2026::11:10:57.764489 ===
    reason: enotconn
    msg: roadrunner response send failed
    phase: buffered_response
=NOTICE REPORT==== 29-Jun-2026::11:10:57.764470 ===
    reason: enotconn
    msg: roadrunner response send failed
    phase: buffered_response
=NOTICE REPORT==== 29-Jun-2026::11:10:57.764501 ===
    reason: enotconn
    msg: roadrunner response send failed
    phase: buffered_response
=NOTICE REPORT==== 29-Jun-2026::11:10:57.764988 ===
    reason: enotconn
    msg: roadrunner response send failed
    phase: buffered_response
=NOTICE REPORT==== 29-Jun-2026::11:10:57.765000 ===
    reason: enotconn
    msg: roadrunner response send failed
    phase: buffered_response
=NOTICE REPORT==== 29-Jun-2026::11:10:57.764978 ===
    reason: enotconn
    msg: roadrunner response send failed
    phase: buffered_response
=NOTICE REPORT==== 29-Jun-2026::11:10:57.765013 ===
    reason: enotconn
    msg: roadrunner response send failed
    phase: buffered_response
=NOTICE REPORT==== 29-Jun-2026::11:10:57.764993 ===
    reason: enotconn
    msg: roadrunner response send failed
    phase: buffered_response
=NOTICE REPORT==== 29-Jun-2026::11:10:57.765007 ===
    reason: enotconn
    msg: roadrunner response send failed
    phase: buffered_response
=NOTICE REPORT==== 29-Jun-2026::11:10:57.765002 ===
    reason: enotconn
    msg: roadrunner response send failed
    phase: buffered_response
=NOTICE REPORT==== 29-Jun-2026::11:10:57.765010 ===
    reason: enotconn
    msg: roadrunner response send failed
    phase: buffered_response
=NOTICE REPORT==== 29-Jun-2026::11:10:57.765016 ===
    reason: enotconn
    msg: roadrunner response send failed
    phase: buffered_response
=NOTICE REPORT==== 29-Jun-2026::11:10:57.765045 ===
    reason: enotconn
    msg: roadrunner response send failed
    phase: buffered_response
=NOTICE REPORT==== 29-Jun-2026::11:10:57.765048 ===
    reason: enotconn
    msg: roadrunner response send failed
    phase: buffered_response
=NOTICE REPORT==== 29-Jun-2026::11:10:57.765016 ===
    reason: enotconn
    msg: roadrunner response send failed
    phase: buffered_response
=NOTICE REPORT==== 29-Jun-2026::11:10:57.765042 ===
    reason: enotconn
    msg: roadrunner response send failed
    phase: buffered_response
=NOTICE REPORT==== 29-Jun-2026::11:10:57.765052 ===
    reason: enotconn
    msg: roadrunner response send failed
    phase: buffered_response
=NOTICE REPORT==== 29-Jun-2026::11:10:57.765031 ===
    reason: enotconn
    msg: roadrunner response send failed
    phase: buffered_response
=NOTICE REPORT==== 29-Jun-2026::11:10:57.765003 ===
    reason: enotconn
    msg: roadrunner response send failed
    phase: buffered_response
=NOTICE REPORT==== 29-Jun-2026::11:10:57.765036 ===
    reason: enotconn
    msg: roadrunner response send failed
    phase: buffered_response
=NOTICE REPORT==== 29-Jun-2026::11:10:57.764991 ===
    reason: enotconn
    msg: roadrunner response send failed
    phase: buffered_response
=NOTICE REPORT==== 29-Jun-2026::11:10:57.765025 ===
    reason: enotconn
    msg: roadrunner response send failed
    phase: buffered_response
=NOTICE REPORT==== 29-Jun-2026::11:10:57.765622 ===
    reason: enotconn
    msg: roadrunner response send failed
    phase: buffered_response
=NOTICE REPORT==== 29-Jun-2026::11:10:57.765600 ===
    reason: enotconn
    msg: roadrunner response send failed
    phase: buffered_response
=NOTICE REPORT==== 29-Jun-2026::11:10:57.765599 ===
    reason: enotconn
    msg: roadrunner response send failed
    phase: buffered_response
=NOTICE REPORT==== 29-Jun-2026::11:10:57.765624 ===
    reason: enotconn
    msg: roadrunner response send failed
    phase: buffered_response
=NOTICE REPORT==== 29-Jun-2026::11:10:57.765634 ===
    reason: enotconn
    msg: roadrunner response send failed
    phase: buffered_response
=NOTICE REPORT==== 29-Jun-2026::11:10:57.765624 ===
    reason: enotconn
    msg: roadrunner response send failed
    phase: buffered_response
=NOTICE REPORT==== 29-Jun-2026::11:10:57.765647 ===
    reason: enotconn
    msg: roadrunner response send failed
    phase: buffered_response
=NOTICE REPORT==== 29-Jun-2026::11:10:57.765661 ===
    reason: enotconn
    msg: roadrunner response send failed
    phase: buffered_response
=NOTICE REPORT==== 29-Jun-2026::11:10:57.765639 ===
    reason: enotconn
    msg: roadrunner response send failed
    phase: buffered_response
=NOTICE REPORT==== 29-Jun-2026::11:10:57.765647 ===
    reason: enotconn
    msg: roadrunner response send failed
    phase: buffered_response
=NOTICE REPORT==== 29-Jun-2026::11:10:57.765679 ===
    reason: enotconn
    msg: roadrunner response send failed
    phase: buffered_response
=NOTICE REPORT==== 29-Jun-2026::11:10:57.765656 ===
    reason: enotconn
    msg: roadrunner response send failed
    phase: buffered_response
=NOTICE REPORT==== 29-Jun-2026::11:10:57.765676 ===
    reason: enotconn
    msg: roadrunner response send failed
    phase: buffered_response
=NOTICE REPORT==== 29-Jun-2026::11:10:57.765756 ===
    reason: enotconn
    msg: roadrunner response send failed
    phase: buffered_response
=NOTICE REPORT==== 29-Jun-2026::11:10:57.765756 ===
    reason: enotconn
    msg: roadrunner response send failed
    phase: buffered_response
=NOTICE REPORT==== 29-Jun-2026::11:10:57.765767 ===
    reason: enotconn
    msg: roadrunner response send failed
    phase: buffered_response
=NOTICE REPORT==== 29-Jun-2026::11:10:57.766410 ===
    reason: enotconn
    msg: roadrunner response send failed
    phase: buffered_response
=NOTICE REPORT==== 29-Jun-2026::11:10:57.766398 ===
    reason: enotconn
    msg: roadrunner response send failed
    phase: buffered_response
=NOTICE REPORT==== 29-Jun-2026::11:10:57.766396 ===
    reason: enotconn
    msg: roadrunner response send failed
    phase: buffered_response
=NOTICE REPORT==== 29-Jun-2026::11:10:57.766439 ===
    reason: enotconn
    msg: roadrunner response send failed
    phase: buffered_response
=NOTICE REPORT==== 29-Jun-2026::11:10:57.766413 ===
    reason: enotconn
    msg: roadrunner response send failed
    phase: buffered_response
=NOTICE REPORT==== 29-Jun-2026::11:10:57.766493 ===
    reason: enotconn
    msg: roadrunner response send failed
    phase: buffered_response
=NOTICE REPORT==== 29-Jun-2026::11:10:57.766436 ===
    reason: enotconn
    msg: roadrunner response send failed
    phase: buffered_response
=NOTICE REPORT==== 29-Jun-2026::11:10:57.766451 ===
    reason: enotconn
    msg: roadrunner response send failed
    phase: buffered_response
=NOTICE REPORT==== 29-Jun-2026::11:10:57.766426 ===
    reason: enotconn
    msg: roadrunner response send failed
    phase: buffered_response
=NOTICE REPORT==== 29-Jun-2026::11:10:57.766413 ===
    reason: enotconn
    msg: roadrunner response send failed
    phase: buffered_response
=NOTICE REPORT==== 29-Jun-2026::11:10:57.766415 ===
    reason: enotconn
    msg: roadrunner response send failed
    phase: buffered_response
=NOTICE REPORT==== 29-Jun-2026::11:10:57.766428 ===
    reason: enotconn
    msg: roadrunner response send failed
    phase: buffered_response
=NOTICE REPORT==== 29-Jun-2026::11:10:57.766461 ===
    reason: enotconn
    msg: roadrunner response send failed
    phase: buffered_response
=NOTICE REPORT==== 29-Jun-2026::11:10:57.766496 ===
    reason: enotconn
    msg: roadrunner response send failed
    phase: buffered_response
=NOTICE REPORT==== 29-Jun-2026::11:10:57.766451 ===
    reason: enotconn
    msg: roadrunner response send failed
    phase: buffered_response
=NOTICE REPORT==== 29-Jun-2026::11:10:57.766456 ===
    reason: enotconn
    msg: roadrunner response send failed
    phase: buffered_response
=NOTICE REPORT==== 29-Jun-2026::11:10:57.766455 ===
    reason: enotconn
    msg: roadrunner response send failed
    phase: buffered_response
=NOTICE REPORT==== 29-Jun-2026::11:10:57.766536 ===
    reason: enotconn
    msg: roadrunner response send failed
    phase: buffered_response
=NOTICE REPORT==== 29-Jun-2026::11:10:57.766543 ===
    reason: enotconn
    msg: roadrunner response send failed
    phase: buffered_response
=NOTICE REPORT==== 29-Jun-2026::11:10:57.767316 ===
    reason: enotconn
    msg: roadrunner response send failed
    phase: buffered_response
=NOTICE REPORT==== 29-Jun-2026::11:10:57.767313 ===
    reason: enotconn
    msg: roadrunner response send failed
    phase: buffered_response
=NOTICE REPORT==== 29-Jun-2026::11:10:57.767335 ===
    reason: enotconn
    msg: roadrunner response send failed
    phase: buffered_response
=NOTICE REPORT==== 29-Jun-2026::11:10:57.767308 ===
    reason: enotconn
    msg: roadrunner response send failed
    phase: buffered_response
=NOTICE REPORT==== 29-Jun-2026::11:10:57.767355 ===
    reason: enotconn
    msg: roadrunner response send failed
    phase: buffered_response
=NOTICE REPORT==== 29-Jun-2026::11:10:57.767325 ===
    reason: enotconn
    msg: roadrunner response send failed
    phase: buffered_response
=NOTICE REPORT==== 29-Jun-2026::11:10:57.767343 ===
    reason: enotconn
    msg: roadrunner response send failed
    phase: buffered_response
=NOTICE REPORT==== 29-Jun-2026::11:10:57.767411 ===
    reason: enotconn
    msg: roadrunner response send failed
    phase: buffered_response
=NOTICE REPORT==== 29-Jun-2026::11:10:57.767402 ===
    reason: enotconn
    msg: roadrunner response send failed
    phase: buffered_response
=NOTICE REPORT==== 29-Jun-2026::11:10:57.767344 ===
    reason: enotconn
    msg: roadrunner response send failed
    phase: buffered_response
=NOTICE REPORT==== 29-Jun-2026::11:10:57.767329 ===
    reason: enotconn
    msg: roadrunner response send failed
    phase: buffered_response
=NOTICE REPORT==== 29-Jun-2026::11:10:57.767318 ===
    reason: enotconn
    msg: roadrunner response send failed
    phase: buffered_response
=NOTICE REPORT==== 29-Jun-2026::11:10:57.767391 ===
    reason: enotconn
    msg: roadrunner response send failed
    phase: buffered_response
=NOTICE REPORT==== 29-Jun-2026::11:10:57.767426 ===
    reason: enotconn
    msg: roadrunner response send failed
    phase: buffered_response
=NOTICE REPORT==== 29-Jun-2026::11:10:57.767367 ===
    reason: enotconn
    msg: roadrunner response send failed
    phase: buffered_response
=NOTICE REPORT==== 29-Jun-2026::11:10:57.767439 ===
    reason: enotconn
    msg: roadrunner response send failed
    phase: buffered_response
=NOTICE REPORT==== 29-Jun-2026::11:10:57.767423 ===
    reason: enotconn
    msg: roadrunner response send failed
    phase: buffered_response
=NOTICE REPORT==== 29-Jun-2026::11:10:57.767466 ===
    reason: enotconn
    msg: roadrunner response send failed
    phase: buffered_response
=NOTICE REPORT==== 29-Jun-2026::11:10:57.767469 ===
    reason: enotconn
    msg: roadrunner response send failed
    phase: buffered_response
=NOTICE REPORT==== 29-Jun-2026::11:10:57.767474 ===
    reason: enotconn
    msg: roadrunner response send failed
    phase: buffered_response
=NOTICE REPORT==== 29-Jun-2026::11:10:57.768196 ===
    reason: enotconn
    msg: roadrunner response send failed
    phase: buffered_response
=NOTICE REPORT==== 29-Jun-2026::11:10:57.768192 ===
    reason: enotconn
    msg: roadrunner response send failed
    phase: buffered_response
=NOTICE REPORT==== 29-Jun-2026::11:10:57.768214 ===
    reason: enotconn
    msg: roadrunner response send failed
    phase: buffered_response
=NOTICE REPORT==== 29-Jun-2026::11:10:57.768184 ===
    reason: enotconn
    msg: roadrunner response send failed
    phase: buffered_response
=NOTICE REPORT==== 29-Jun-2026::11:10:57.768229 ===
    reason: enotconn
    msg: roadrunner response send failed
    phase: buffered_response
=NOTICE REPORT==== 29-Jun-2026::11:10:57.768240 ===
    reason: enotconn
    msg: roadrunner response send failed
    phase: buffered_response
=NOTICE REPORT==== 29-Jun-2026::11:10:57.768203 ===
    reason: enotconn
    msg: roadrunner response send failed
    phase: buffered_response
=NOTICE REPORT==== 29-Jun-2026::11:10:57.768211 ===
    reason: enotconn
    msg: roadrunner response send failed
    phase: buffered_response
=NOTICE REPORT==== 29-Jun-2026::11:10:57.768196 ===
    reason: enotconn
    msg: roadrunner response send failed
    phase: buffered_response
=NOTICE REPORT==== 29-Jun-2026::11:10:57.768241 ===
    reason: enotconn
    msg: roadrunner response send failed
    phase: buffered_response
=NOTICE REPORT==== 29-Jun-2026::11:10:57.768235 ===
    reason: enotconn
    msg: roadrunner response send failed
    phase: buffered_response
=NOTICE REPORT==== 29-Jun-2026::11:10:57.768248 ===
    reason: enotconn
    msg: roadrunner response send failed
    phase: buffered_response
=NOTICE REPORT==== 29-Jun-2026::11:10:57.768254 ===
    reason: enotconn
    msg: roadrunner response send failed
    phase: buffered_response
=NOTICE REPORT==== 29-Jun-2026::11:10:57.768250 ===
    reason: enotconn
    msg: roadrunner response send failed
    phase: buffered_response
=NOTICE REPORT==== 29-Jun-2026::11:10:57.768218 ===
    reason: enotconn
    msg: roadrunner response send failed
    phase: buffered_response
=NOTICE REPORT==== 29-Jun-2026::11:10:57.768243 ===
    reason: enotconn
    msg: roadrunner response send failed
    phase: buffered_response
=NOTICE REPORT==== 29-Jun-2026::11:10:57.768278 ===
    reason: enotconn
    msg: roadrunner response send failed
    phase: buffered_response
=NOTICE REPORT==== 29-Jun-2026::11:10:57.768286 ===
    reason: enotconn
    msg: roadrunner response send failed
    phase: buffered_response
=NOTICE REPORT==== 29-Jun-2026::11:10:57.768276 ===
    reason: enotconn
    msg: roadrunner response send failed
    phase: buffered_response
=NOTICE REPORT==== 29-Jun-2026::11:10:57.768217 ===
    reason: enotconn
    msg: roadrunner response send failed
    phase: buffered_response
=NOTICE REPORT==== 29-Jun-2026::11:10:57.769029 ===
    reason: enotconn
    msg: roadrunner response send failed
    phase: buffered_response
=NOTICE REPORT==== 29-Jun-2026::11:10:57.769025 ===
    reason: enotconn
    msg: roadrunner response send failed
    phase: buffered_response
=NOTICE REPORT==== 29-Jun-2026::11:10:57.769059 ===
    reason: enotconn
    msg: roadrunner response send failed
    phase: buffered_response
=NOTICE REPORT==== 29-Jun-2026::11:10:57.769030 ===
    reason: enotconn
    msg: roadrunner response send failed
    phase: buffered_response
=NOTICE REPORT==== 29-Jun-2026::11:10:57.769050 ===
    reason: enotconn
    msg: roadrunner response send failed
    phase: buffered_response
=NOTICE REPORT==== 29-Jun-2026::11:10:57.769035 ===
    reason: enotconn
    msg: roadrunner response send failed
    phase: buffered_response
=NOTICE REPORT==== 29-Jun-2026::11:10:57.769103 ===
    reason: enotconn
    msg: roadrunner response send failed
    phase: buffered_response
=NOTICE REPORT==== 29-Jun-2026::11:10:57.769072 ===
    reason: enotconn
    msg: roadrunner response send failed
    phase: buffered_response
=NOTICE REPORT==== 29-Jun-2026::11:10:57.769127 ===
    reason: enotconn
    msg: roadrunner response send failed
    phase: buffered_response
=NOTICE REPORT==== 29-Jun-2026::11:10:57.769145 ===
    reason: enotconn
    msg: roadrunner response send failed
    phase: buffered_response
=NOTICE REPORT==== 29-Jun-2026::11:10:57.769158 ===
    reason: enotconn
    msg: roadrunner response send failed
    phase: buffered_response
=NOTICE REPORT==== 29-Jun-2026::11:10:57.769152 ===
    reason: enotconn
    msg: roadrunner response send failed
    phase: buffered_response
=NOTICE REPORT==== 29-Jun-2026::11:10:57.769159 ===
    reason: enotconn
    msg: roadrunner response send failed
    phase: buffered_response
=NOTICE REPORT==== 29-Jun-2026::11:10:57.769161 ===
    reason: enotconn
    msg: roadrunner response send failed
    phase: buffered_response
=NOTICE REPORT==== 29-Jun-2026::11:10:57.769747 ===
    reason: enotconn
    msg: roadrunner response send failed
    phase: buffered_response
=NOTICE REPORT==== 29-Jun-2026::11:10:57.769776 ===
    reason: enotconn
    msg: roadrunner response send failed
    phase: buffered_response
=NOTICE REPORT==== 29-Jun-2026::11:10:57.769794 ===
    reason: enotconn
    msg: roadrunner response send failed
    phase: buffered_response
=NOTICE REPORT==== 29-Jun-2026::11:10:57.769776 ===
    reason: enotconn
    msg: roadrunner response send failed
    phase: buffered_response
=NOTICE REPORT==== 29-Jun-2026::11:10:57.769814 ===
    reason: enotconn
    msg: roadrunner response send failed
    phase: buffered_response
=NOTICE REPORT==== 29-Jun-2026::11:10:57.769821 ===
    reason: enotconn
    msg: roadrunner response send failed
    phase: buffered_response
=NOTICE REPORT==== 29-Jun-2026::11:10:57.769799 ===
    reason: enotconn
    msg: roadrunner response send failed
    phase: buffered_response
=NOTICE REPORT==== 29-Jun-2026::11:10:57.769799 ===
    reason: enotconn
    msg: roadrunner response send failed
    phase: buffered_response
=NOTICE REPORT==== 29-Jun-2026::11:10:57.769846 ===
    reason: enotconn
    msg: roadrunner response send failed
    phase: buffered_response
=NOTICE REPORT==== 29-Jun-2026::11:10:57.769870 ===
    reason: enotconn
    msg: roadrunner response send failed
    phase: buffered_response
=NOTICE REPORT==== 29-Jun-2026::11:10:57.769862 ===
    reason: enotconn
    msg: roadrunner response send failed
    phase: buffered_response
=NOTICE REPORT==== 29-Jun-2026::11:10:57.769842 ===
    reason: enotconn
    msg: roadrunner response send failed
    phase: buffered_response
=NOTICE REPORT==== 29-Jun-2026::11:10:57.769865 ===
    reason: enotconn
    msg: roadrunner response send failed
    phase: buffered_response
=NOTICE REPORT==== 29-Jun-2026::11:10:57.769826 ===
    reason: enotconn
    msg: roadrunner response send failed
    phase: buffered_response
=NOTICE REPORT==== 29-Jun-2026::11:10:57.769871 ===
    reason: enotconn
    msg: roadrunner response send failed
    phase: buffered_response
=NOTICE REPORT==== 29-Jun-2026::11:10:57.769866 ===
    reason: enotconn
    msg: roadrunner response send failed
    phase: buffered_response
=NOTICE REPORT==== 29-Jun-2026::11:10:57.769887 ===
    reason: enotconn
    msg: roadrunner response send failed
    phase: buffered_response
=NOTICE REPORT==== 29-Jun-2026::11:10:57.769839 ===
    reason: enotconn
    msg: roadrunner response send failed
    phase: buffered_response
=NOTICE REPORT==== 29-Jun-2026::11:10:57.770381 ===
    reason: enotconn
    msg: roadrunner response send failed
    phase: buffered_response
=NOTICE REPORT==== 29-Jun-2026::11:10:57.770399 ===
    reason: enotconn
    msg: roadrunner response send failed
    phase: buffered_response
=NOTICE REPORT==== 29-Jun-2026::11:10:57.770412 ===
    reason: enotconn
    msg: roadrunner response send failed
    phase: buffered_response
=NOTICE REPORT==== 29-Jun-2026::11:10:57.770427 ===
    reason: enotconn
    msg: roadrunner response send failed
    phase: buffered_response
=NOTICE REPORT==== 29-Jun-2026::11:10:57.770414 ===
    reason: enotconn
    msg: roadrunner response send failed
    phase: buffered_response
=NOTICE REPORT==== 29-Jun-2026::11:10:57.770411 ===
    reason: enotconn
    msg: roadrunner response send failed
    phase: buffered_response
=NOTICE REPORT==== 29-Jun-2026::11:10:57.770411 ===
    reason: enotconn
    msg: roadrunner response send failed
    phase: buffered_response
=NOTICE REPORT==== 29-Jun-2026::11:10:57.770457 ===
    reason: enotconn
    msg: roadrunner response send failed
    phase: buffered_response
=NOTICE REPORT==== 29-Jun-2026::11:10:57.770412 ===
    reason: enotconn
    msg: roadrunner response send failed
    phase: buffered_response
=NOTICE REPORT==== 29-Jun-2026::11:10:57.770440 ===
    reason: enotconn
    msg: roadrunner response send failed
    phase: buffered_response
=NOTICE REPORT==== 29-Jun-2026::11:10:57.770468 ===
    reason: enotconn
    msg: roadrunner response send failed
    phase: buffered_response
=NOTICE REPORT==== 29-Jun-2026::11:10:57.770457 ===
    reason: enotconn
    msg: roadrunner response send failed
    phase: buffered_response
=NOTICE REPORT==== 29-Jun-2026::11:10:57.770473 ===
    reason: enotconn
    msg: roadrunner response send failed
    phase: buffered_response
=NOTICE REPORT==== 29-Jun-2026::11:10:57.770498 ===
    reason: enotconn
    msg: roadrunner response send failed
    phase: buffered_response
=NOTICE REPORT==== 29-Jun-2026::11:10:57.770479 ===
    reason: enotconn
    msg: roadrunner response send failed
    phase: buffered_response
=NOTICE REPORT==== 29-Jun-2026::11:10:57.770404 ===
    reason: enotconn
    msg: roadrunner response send failed
    phase: buffered_response
=NOTICE REPORT==== 29-Jun-2026::11:10:57.770440 ===
    reason: enotconn
    msg: roadrunner response send failed
    phase: buffered_response
=NOTICE REPORT==== 29-Jun-2026::11:10:57.770393 ===
    reason: enotconn
    msg: roadrunner response send failed
    phase: buffered_response
=NOTICE REPORT==== 29-Jun-2026::11:10:57.771131 ===
    reason: enotconn
    msg: roadrunner response send failed
    phase: buffered_response
=NOTICE REPORT==== 29-Jun-2026::11:10:57.771155 ===
    reason: enotconn
    msg: roadrunner response send failed
    phase: buffered_response
=NOTICE REPORT==== 29-Jun-2026::11:10:57.771112 ===
    reason: enotconn
    msg: roadrunner response send failed
    phase: buffered_response
=NOTICE REPORT==== 29-Jun-2026::11:10:57.771140 ===
    reason: enotconn
    msg: roadrunner response send failed
    phase: buffered_response
=NOTICE REPORT==== 29-Jun-2026::11:10:57.771106 ===
    reason: enotconn
    msg: roadrunner response send failed
    phase: buffered_response
=NOTICE REPORT==== 29-Jun-2026::11:10:57.771171 ===
    reason: enotconn
    msg: roadrunner response send failed
    phase: buffered_response
=NOTICE REPORT==== 29-Jun-2026::11:10:57.771136 ===
    reason: enotconn
    msg: roadrunner response send failed
    phase: buffered_response
=NOTICE REPORT==== 29-Jun-2026::11:10:57.771148 ===
    reason: enotconn
    msg: roadrunner response send failed
    phase: buffered_response
=NOTICE REPORT==== 29-Jun-2026::11:10:57.771180 ===
    reason: enotconn
    msg: roadrunner response send failed
    phase: buffered_response
=NOTICE REPORT==== 29-Jun-2026::11:10:57.771165 ===
    reason: enotconn
    msg: roadrunner response send failed
    phase: buffered_response
=NOTICE REPORT==== 29-Jun-2026::11:10:57.771191 ===
    reason: enotconn
    msg: roadrunner response send failed
    phase: buffered_response
=NOTICE REPORT==== 29-Jun-2026::11:10:57.771188 ===
    reason: enotconn
    msg: roadrunner response send failed
    phase: buffered_response
=NOTICE REPORT==== 29-Jun-2026::11:10:57.771192 ===
    reason: enotconn
    msg: roadrunner response send failed
    phase: buffered_response
=NOTICE REPORT==== 29-Jun-2026::11:10:57.771184 ===
    reason: enotconn
    msg: roadrunner response send failed
    phase: buffered_response
=NOTICE REPORT==== 29-Jun-2026::11:10:57.771218 ===
    reason: enotconn
    msg: roadrunner response send failed
    phase: buffered_response
=NOTICE REPORT==== 29-Jun-2026::11:10:57.771757 ===
    reason: enotconn
    msg: roadrunner response send failed
    phase: buffered_response
=NOTICE REPORT==== 29-Jun-2026::11:10:57.771744 ===
    reason: enotconn
    msg: roadrunner response send failed
    phase: buffered_response
=NOTICE REPORT==== 29-Jun-2026::11:10:57.771748 ===
    reason: enotconn
    msg: roadrunner response send failed
    phase: buffered_response
=NOTICE REPORT==== 29-Jun-2026::11:10:57.771805 ===
    reason: enotconn
    msg: roadrunner response send failed
    phase: buffered_response
=NOTICE REPORT==== 29-Jun-2026::11:10:57.771780 ===
    reason: enotconn
    msg: roadrunner response send failed
    phase: buffered_response
=NOTICE REPORT==== 29-Jun-2026::11:10:57.771818 ===
    reason: enotconn
    msg: roadrunner response send failed
    phase: buffered_response
=NOTICE REPORT==== 29-Jun-2026::11:10:57.771855 ===
    reason: enotconn
    msg: roadrunner response send failed
    phase: buffered_response
=NOTICE REPORT==== 29-Jun-2026::11:10:57.771846 ===
    reason: enotconn
    msg: roadrunner response send failed
    phase: buffered_response
=NOTICE REPORT==== 29-Jun-2026::11:10:57.771789 ===
    reason: enotconn
    msg: roadrunner response send failed
    phase: buffered_response
=NOTICE REPORT==== 29-Jun-2026::11:10:57.771815 ===
    reason: enotconn
    msg: roadrunner response send failed
    phase: buffered_response
=NOTICE REPORT==== 29-Jun-2026::11:10:57.771867 ===
    reason: enotconn
    msg: roadrunner response send failed
    phase: buffered_response
=NOTICE REPORT==== 29-Jun-2026::11:10:57.771847 ===
    reason: enotconn
    msg: roadrunner response send failed
    phase: buffered_response
=NOTICE REPORT==== 29-Jun-2026::11:10:57.771875 ===
    reason: enotconn
    msg: roadrunner response send failed
    phase: buffered_response
=NOTICE REPORT==== 29-Jun-2026::11:10:57.771897 ===
    reason: enotconn
    msg: roadrunner response send failed
    phase: buffered_response
=NOTICE REPORT==== 29-Jun-2026::11:10:57.771943 ===
    reason: enotconn
    msg: roadrunner response send failed
    phase: buffered_response
=NOTICE REPORT==== 29-Jun-2026::11:10:57.772255 ===
    reason: enotconn
    msg: roadrunner response send failed
    phase: buffered_response
=NOTICE REPORT==== 29-Jun-2026::11:10:57.772265 ===
    reason: enotconn
    msg: roadrunner response send failed
    phase: buffered_response
=NOTICE REPORT==== 29-Jun-2026::11:10:57.772289 ===
    reason: enotconn
    msg: roadrunner response send failed
    phase: buffered_response
=NOTICE REPORT==== 29-Jun-2026::11:10:57.772303 ===
    reason: enotconn
    msg: roadrunner response send failed
    phase: buffered_response
=NOTICE REPORT==== 29-Jun-2026::11:10:57.772275 ===
    reason: enotconn
    msg: roadrunner response send failed
    phase: buffered_response
=NOTICE REPORT==== 29-Jun-2026::11:10:57.772341 ===
    reason: enotconn
    msg: roadrunner response send failed
    phase: buffered_response
=NOTICE REPORT==== 29-Jun-2026::11:10:57.772343 ===
    reason: enotconn
    msg: roadrunner response send failed
    phase: buffered_response
=NOTICE REPORT==== 29-Jun-2026::11:10:57.772285 ===
    reason: enotconn
    msg: roadrunner response send failed
    phase: buffered_response
=NOTICE REPORT==== 29-Jun-2026::11:10:57.772272 ===
    reason: enotconn
    msg: roadrunner response send failed
    phase: buffered_response
=NOTICE REPORT==== 29-Jun-2026::11:10:57.772325 ===
    reason: enotconn
    msg: roadrunner response send failed
    phase: buffered_response
=NOTICE REPORT==== 29-Jun-2026::11:10:57.772313 ===
    reason: enotconn
    msg: roadrunner response send failed
    phase: buffered_response
=NOTICE REPORT==== 29-Jun-2026::11:10:57.772352 ===
    reason: enotconn
    msg: roadrunner response send failed
    phase: buffered_response
=NOTICE REPORT==== 29-Jun-2026::11:10:57.772348 ===
    reason: enotconn
    msg: roadrunner response send failed
    phase: buffered_response
=NOTICE REPORT==== 29-Jun-2026::11:10:57.772284 ===
    reason: enotconn
    msg: roadrunner response send failed
    phase: buffered_response
=NOTICE REPORT==== 29-Jun-2026::11:10:57.772305 ===
    reason: enotconn
    msg: roadrunner response send failed
    phase: buffered_response
=NOTICE REPORT==== 29-Jun-2026::11:10:57.772316 ===
    reason: enotconn
    msg: roadrunner response send failed
    phase: buffered_response
=NOTICE REPORT==== 29-Jun-2026::11:10:57.772348 ===
    reason: enotconn
    msg: roadrunner response send failed
    phase: buffered_response
=NOTICE REPORT==== 29-Jun-2026::11:10:57.772334 ===
    reason: enotconn
    msg: roadrunner response send failed
    phase: buffered_response
=NOTICE REPORT==== 29-Jun-2026::11:10:57.773021 ===
    reason: enotconn
    msg: roadrunner response send failed
    phase: buffered_response
=NOTICE REPORT==== 29-Jun-2026::11:10:57.773021 ===
    reason: enotconn
    msg: roadrunner response send failed
    phase: buffered_response
=NOTICE REPORT==== 29-Jun-2026::11:10:57.773012 ===
    reason: enotconn
    msg: roadrunner response send failed
    phase: buffered_response
=NOTICE REPORT==== 29-Jun-2026::11:10:57.773014 ===
    reason: enotconn
    msg: roadrunner response send failed
    phase: buffered_response
=NOTICE REPORT==== 29-Jun-2026::11:10:57.773018 ===
    reason: enotconn
    msg: roadrunner response send failed
    phase: buffered_response
=NOTICE REPORT==== 29-Jun-2026::11:10:57.773063 ===
    reason: enotconn
    msg: roadrunner response send failed
    phase: buffered_response
=NOTICE REPORT==== 29-Jun-2026::11:10:57.773075 ===
    reason: enotconn
    msg: roadrunner response send failed
    phase: buffered_response
=NOTICE REPORT==== 29-Jun-2026::11:10:57.773068 ===
    reason: enotconn
    msg: roadrunner response send failed
    phase: buffered_response
=NOTICE REPORT==== 29-Jun-2026::11:10:57.773126 ===
    reason: enotconn
    msg: roadrunner response send failed
    phase: buffered_response
=NOTICE REPORT==== 29-Jun-2026::11:10:57.773073 ===
    reason: enotconn
    msg: roadrunner response send failed
    phase: buffered_response
=NOTICE REPORT==== 29-Jun-2026::11:10:57.773118 ===
    reason: enotconn
    msg: roadrunner response send failed
    phase: buffered_response
=NOTICE REPORT==== 29-Jun-2026::11:10:57.773105 ===
    reason: enotconn
    msg: roadrunner response send failed
    phase: buffered_response
=NOTICE REPORT==== 29-Jun-2026::11:10:57.773067 ===
    reason: enotconn
    msg: roadrunner response send failed
    phase: buffered_response
=NOTICE REPORT==== 29-Jun-2026::11:10:57.773063 ===
    reason: enotconn
    msg: roadrunner response send failed
    phase: buffered_response
=NOTICE REPORT==== 29-Jun-2026::11:10:57.773087 ===
    reason: enotconn
    msg: roadrunner response send failed
    phase: buffered_response
=NOTICE REPORT==== 29-Jun-2026::11:10:57.773134 ===
    reason: enotconn
    msg: roadrunner response send failed
    phase: buffered_response
=NOTICE REPORT==== 29-Jun-2026::11:10:57.773110 ===
    reason: enotconn
    msg: roadrunner response send failed
    phase: buffered_response
=NOTICE REPORT==== 29-Jun-2026::11:10:57.773825 ===
    reason: enotconn
    msg: roadrunner response send failed
    phase: buffered_response
=NOTICE REPORT==== 29-Jun-2026::11:10:57.773815 ===
    reason: enotconn
    msg: roadrunner response send failed
    phase: buffered_response
=NOTICE REPORT==== 29-Jun-2026::11:10:57.773808 ===
    reason: enotconn
    msg: roadrunner response send failed
    phase: buffered_response
=NOTICE REPORT==== 29-Jun-2026::11:10:57.773829 ===
    reason: enotconn
    msg: roadrunner response send failed
    phase: buffered_response
=NOTICE REPORT==== 29-Jun-2026::11:10:57.773830 ===
    reason: enotconn
    msg: roadrunner response send failed
    phase: buffered_response
=NOTICE REPORT==== 29-Jun-2026::11:10:57.773817 ===
    reason: enotconn
    msg: roadrunner response send failed
    phase: buffered_response
=NOTICE REPORT==== 29-Jun-2026::11:10:57.773793 ===
    reason: enotconn
    msg: roadrunner response send failed
    phase: buffered_response
=NOTICE REPORT==== 29-Jun-2026::11:10:57.773792 ===
    reason: enotconn
    msg: roadrunner response send failed
    phase: buffered_response
=NOTICE REPORT==== 29-Jun-2026::11:10:57.773792 ===
    reason: enotconn
    msg: roadrunner response send failed
    phase: buffered_response
=NOTICE REPORT==== 29-Jun-2026::11:10:57.773841 ===
    reason: enotconn
    msg: roadrunner response send failed
    phase: buffered_response
=NOTICE REPORT==== 29-Jun-2026::11:10:57.773842 ===
    reason: enotconn
    msg: roadrunner response send failed
    phase: buffered_response
=NOTICE REPORT==== 29-Jun-2026::11:10:57.773853 ===
    reason: enotconn
    msg: roadrunner response send failed
    phase: buffered_response
=NOTICE REPORT==== 29-Jun-2026::11:10:57.773860 ===
    reason: enotconn
    msg: roadrunner response send failed
    phase: buffered_response
=NOTICE REPORT==== 29-Jun-2026::11:10:57.773837 ===
    reason: enotconn
    msg: roadrunner response send failed
    phase: buffered_response
=NOTICE REPORT==== 29-Jun-2026::11:10:57.773861 ===
    reason: enotconn
    msg: roadrunner response send failed
    phase: buffered_response
=NOTICE REPORT==== 29-Jun-2026::11:10:57.773812 ===
    reason: enotconn
    msg: roadrunner response send failed
    phase: buffered_response
=NOTICE REPORT==== 29-Jun-2026::11:10:57.773830 ===
    reason: enotconn
    msg: roadrunner response send failed
    phase: buffered_response
=NOTICE REPORT==== 29-Jun-2026::11:10:57.773876 ===
    reason: enotconn
    msg: roadrunner response send failed
    phase: buffered_response
=NOTICE REPORT==== 29-Jun-2026::11:10:57.774196 ===
    reason: enotconn
    msg: roadrunner response send failed
    phase: buffered_response
=NOTICE REPORT==== 29-Jun-2026::11:10:57.774241 ===
    reason: enotconn
    msg: roadrunner response send failed
    phase: buffered_response
=NOTICE REPORT==== 29-Jun-2026::11:10:57.774241 ===
    reason: enotconn
    msg: roadrunner response send failed
    phase: buffered_response
=NOTICE REPORT==== 29-Jun-2026::11:10:57.774251 ===
    reason: enotconn
    msg: roadrunner response send failed
    phase: buffered_response
=NOTICE REPORT==== 29-Jun-2026::11:10:57.774274 ===
    reason: enotconn
    msg: roadrunner response send failed
    phase: buffered_response
=NOTICE REPORT==== 29-Jun-2026::11:10:57.774313 ===
    reason: enotconn
    msg: roadrunner response send failed
    phase: buffered_response
=NOTICE REPORT==== 29-Jun-2026::11:10:57.774290 ===
    reason: enotconn
    msg: roadrunner response send failed
    phase: buffered_response
=NOTICE REPORT==== 29-Jun-2026::11:10:57.774311 ===
    reason: enotconn
    msg: roadrunner response send failed
    phase: buffered_response
=NOTICE REPORT==== 29-Jun-2026::11:10:57.774338 ===
    reason: enotconn
    msg: roadrunner response send failed
    phase: buffered_response
=NOTICE REPORT==== 29-Jun-2026::11:10:57.774330 ===
    reason: enotconn
    msg: roadrunner response send failed
    phase: buffered_response
=NOTICE REPORT==== 29-Jun-2026::11:10:57.774331 ===
    reason: enotconn
    msg: roadrunner response send failed
    phase: buffered_response
=NOTICE REPORT==== 29-Jun-2026::11:10:57.774305 ===
    reason: enotconn
    msg: roadrunner response send failed
    phase: buffered_response
=NOTICE REPORT==== 29-Jun-2026::11:10:57.774358 ===
    reason: enotconn
    msg: roadrunner response send failed
    phase: buffered_response
=NOTICE REPORT==== 29-Jun-2026::11:10:57.774340 ===
    reason: enotconn
    msg: roadrunner response send failed
    phase: buffered_response
=NOTICE REPORT==== 29-Jun-2026::11:10:57.774357 ===
    reason: enotconn
    msg: roadrunner response send failed
    phase: buffered_response
=NOTICE REPORT==== 29-Jun-2026::11:10:57.774832 ===
    reason: enotconn
    msg: roadrunner response send failed
    phase: buffered_response
=NOTICE REPORT==== 29-Jun-2026::11:10:57.774892 ===
    reason: enotconn
    msg: roadrunner response send failed
    phase: buffered_response
=NOTICE REPORT==== 29-Jun-2026::11:10:57.774839 ===
    reason: enotconn
    msg: roadrunner response send failed
    phase: buffered_response
=NOTICE REPORT==== 29-Jun-2026::11:10:57.774869 ===
    reason: enotconn
    msg: roadrunner response send failed
    phase: buffered_response
=NOTICE REPORT==== 29-Jun-2026::11:10:57.774924 ===
    reason: enotconn
    msg: roadrunner response send failed
    phase: buffered_response
=NOTICE REPORT==== 29-Jun-2026::11:10:57.774886 ===
    reason: enotconn
    msg: roadrunner response send failed
    phase: buffered_response
=NOTICE REPORT==== 29-Jun-2026::11:10:57.774908 ===
    reason: enotconn
    msg: roadrunner response send failed
    phase: buffered_response
=NOTICE REPORT==== 29-Jun-2026::11:10:57.774832 ===
    reason: enotconn
    msg: roadrunner response send failed
    phase: buffered_response
=NOTICE REPORT==== 29-Jun-2026::11:10:57.774919 ===
    reason: enotconn
    msg: roadrunner response send failed
    phase: buffered_response
=NOTICE REPORT==== 29-Jun-2026::11:10:57.774897 ===
    reason: enotconn
    msg: roadrunner response send failed
    phase: buffered_response
=NOTICE REPORT==== 29-Jun-2026::11:10:57.774892 ===
    reason: enotconn
    msg: roadrunner response send failed
    phase: buffered_response
=NOTICE REPORT==== 29-Jun-2026::11:10:57.774897 ===
    reason: enotconn
    msg: roadrunner response send failed
    phase: buffered_response
=NOTICE REPORT==== 29-Jun-2026::11:10:57.774916 ===
    reason: enotconn
    msg: roadrunner response send failed
    phase: buffered_response
=NOTICE REPORT==== 29-Jun-2026::11:10:57.775987 ===
    reason: enotconn
    msg: roadrunner response send failed
    phase: buffered_response
=NOTICE REPORT==== 29-Jun-2026::11:10:57.776069 ===
    reason: enotconn
    msg: roadrunner response send failed
    phase: buffered_response
=NOTICE REPORT==== 29-Jun-2026::11:10:57.776130 ===
    reason: enotconn
    msg: roadrunner response send failed
    phase: buffered_response
=NOTICE REPORT==== 29-Jun-2026::11:10:57.777157 ===
    reason: enotconn
    msg: roadrunner response send failed
    phase: buffered_response
=NOTICE REPORT==== 29-Jun-2026::11:10:57.777141 ===
    reason: enotconn
    msg: roadrunner response send failed
    phase: buffered_response
=NOTICE REPORT==== 29-Jun-2026::11:10:57.777178 ===
    reason: enotconn
    msg: roadrunner response send failed
    phase: buffered_response
=NOTICE REPORT==== 29-Jun-2026::11:10:57.777186 ===
    reason: enotconn
    msg: roadrunner response send failed
    phase: buffered_response
=NOTICE REPORT==== 29-Jun-2026::11:10:57.777194 ===
    reason: enotconn
    msg: roadrunner response send failed
    phase: buffered_response
=NOTICE REPORT==== 29-Jun-2026::11:10:57.777215 ===
    reason: enotconn
    msg: roadrunner response send failed
    phase: buffered_response
=NOTICE REPORT==== 29-Jun-2026::11:10:57.777215 ===
    reason: enotconn
    msg: roadrunner response send failed
    phase: buffered_response
=NOTICE REPORT==== 29-Jun-2026::11:10:57.777181 ===
    reason: enotconn
    msg: roadrunner response send failed
    phase: buffered_response
=NOTICE REPORT==== 29-Jun-2026::11:10:57.777218 ===
    reason: enotconn
    msg: roadrunner response send failed
    phase: buffered_response
=NOTICE REPORT==== 29-Jun-2026::11:10:57.777227 ===
    reason: enotconn
    msg: roadrunner response send failed
    phase: buffered_response
=NOTICE REPORT==== 29-Jun-2026::11:10:57.777239 ===
    reason: enotconn
    msg: roadrunner response send failed
    phase: buffered_response
=NOTICE REPORT==== 29-Jun-2026::11:10:57.777202 ===
    reason: enotconn
    msg: roadrunner response send failed
    phase: buffered_response
=NOTICE REPORT==== 29-Jun-2026::11:10:57.778812 ===
    reason: enotconn
    msg: roadrunner response send failed
    phase: buffered_response
=NOTICE REPORT==== 29-Jun-2026::11:10:57.781082 ===
    reason: enotconn
    msg: roadrunner response send failed
    phase: buffered_response
=NOTICE REPORT==== 29-Jun-2026::11:10:57.781094 ===
    reason: enotconn
    msg: roadrunner response send failed
    phase: buffered_response
=NOTICE REPORT==== 29-Jun-2026::11:10:57.781081 ===
    reason: enotconn
    msg: roadrunner response send failed
    phase: buffered_response
=NOTICE REPORT==== 29-Jun-2026::11:10:57.781095 ===
    reason: enotconn
    msg: roadrunner response send failed
    phase: buffered_response
=NOTICE REPORT==== 29-Jun-2026::11:10:57.781149 ===
    reason: enotconn
    msg: roadrunner response send failed
    phase: buffered_response
=NOTICE REPORT==== 29-Jun-2026::11:10:57.781294 ===
    reason: enotconn
    msg: roadrunner response send failed
    phase: buffered_response
=NOTICE REPORT==== 29-Jun-2026::11:10:57.781326 ===
    reason: enotconn
    msg: roadrunner response send failed
    phase: buffered_response
=NOTICE REPORT==== 29-Jun-2026::11:10:57.781354 ===
    reason: enotconn
    msg: roadrunner response send failed
    phase: buffered_response
=NOTICE REPORT==== 29-Jun-2026::11:10:57.781375 ===
    reason: enotconn
    msg: roadrunner response send failed
    phase: buffered_response
=NOTICE REPORT==== 29-Jun-2026::11:10:57.781390 ===
    reason: enotconn
    msg: roadrunner response send failed
    phase: buffered_response
=NOTICE REPORT==== 29-Jun-2026::11:10:57.784309 ===
    reason: closed
    msg: roadrunner response send failed
    phase: buffered_response
=NOTICE REPORT==== 29-Jun-2026::11:10:57.784369 ===
    reason: enotconn
    msg: roadrunner response send failed
    phase: buffered_response
=NOTICE REPORT==== 29-Jun-2026::11:10:57.784469 ===
    reason: enotconn
    msg: roadrunner response send failed
    phase: buffered_response
=NOTICE REPORT==== 29-Jun-2026::11:10:57.784465 ===
    reason: enotconn
    msg: roadrunner response send failed
    phase: buffered_response
=NOTICE REPORT==== 29-Jun-2026::11:10:57.784514 ===
    reason: enotconn
    msg: roadrunner response send failed
    phase: buffered_response
=NOTICE REPORT==== 29-Jun-2026::11:10:57.787100 ===
    reason: enotconn
    msg: roadrunner response send failed
    phase: buffered_response
=NOTICE REPORT==== 29-Jun-2026::11:10:57.787186 ===
    reason: enotconn
    msg: roadrunner response send failed
    phase: buffered_response
=NOTICE REPORT==== 29-Jun-2026::11:10:57.789492 ===
    reason: enotconn
    msg: roadrunner response send failed
    phase: buffered_response
=NOTICE REPORT==== 29-Jun-2026::11:10:57.789589 ===
    reason: enotconn
    msg: roadrunner response send failed
    phase: buffered_response
=NOTICE REPORT==== 29-Jun-2026::11:10:57.791588 ===
    reason: enotconn
    msg: roadrunner response send failed
    phase: buffered_response
=NOTICE REPORT==== 29-Jun-2026::11:10:57.791603 ===
    reason: enotconn
    msg: roadrunner response send failed
    phase: buffered_response
=NOTICE REPORT==== 29-Jun-2026::11:10:57.791623 ===
    reason: enotconn
    msg: roadrunner response send failed
    phase: buffered_response
=NOTICE REPORT==== 29-Jun-2026::11:10:57.793223 ===
    reason: enotconn
    msg: roadrunner response send failed
    phase: buffered_response
=NOTICE REPORT==== 29-Jun-2026::11:10:57.793299 ===
    reason: enotconn
    msg: roadrunner response send failed
    phase: buffered_response
=NOTICE REPORT==== 29-Jun-2026::11:10:57.794940 ===
    reason: enotconn
    msg: roadrunner response send failed
    phase: buffered_response
=NOTICE REPORT==== 29-Jun-2026::11:10:57.794932 ===
    reason: enotconn
    msg: roadrunner response send failed
    phase: buffered_response
=NOTICE REPORT==== 29-Jun-2026::11:10:57.794941 ===
    reason: enotconn
    msg: roadrunner response send failed
    phase: buffered_response
=NOTICE REPORT==== 29-Jun-2026::11:10:57.797990 ===
    reason: enotconn
    msg: roadrunner response send failed
    phase: buffered_response
=NOTICE REPORT==== 29-Jun-2026::11:10:57.798009 ===
    reason: enotconn
    msg: roadrunner response send failed
    phase: buffered_response
=NOTICE REPORT==== 29-Jun-2026::11:10:57.801973 ===
    reason: closed
    msg: roadrunner response send failed
    phase: buffered_response
=NOTICE REPORT==== 29-Jun-2026::11:10:57.802234 ===
    reason: enotconn
    msg: roadrunner response send failed
    phase: buffered_response
=NOTICE REPORT==== 29-Jun-2026::11:10:57.802315 ===
    reason: enotconn
    msg: roadrunner response send failed
    phase: buffered_response
=NOTICE REPORT==== 29-Jun-2026::11:10:57.802385 ===
    reason: enotconn
    msg: roadrunner response send failed
    phase: buffered_response
=NOTICE REPORT==== 29-Jun-2026::11:10:57.802434 ===
    reason: enotconn
    msg: roadrunner response send failed
    phase: buffered_response
=NOTICE REPORT==== 29-Jun-2026::11:10:57.802429 ===
    reason: enotconn
    msg: roadrunner response send failed
    phase: buffered_response
=NOTICE REPORT==== 29-Jun-2026::11:10:57.802449 ===
    reason: enotconn
    msg: roadrunner response send failed
    phase: buffered_response
=NOTICE REPORT==== 29-Jun-2026::11:10:57.802449 ===
    reason: enotconn
    msg: roadrunner response send failed
    phase: buffered_response
=NOTICE REPORT==== 29-Jun-2026::11:10:57.802462 ===
    reason: enotconn
    msg: roadrunner response send failed
    phase: buffered_response
=NOTICE REPORT==== 29-Jun-2026::11:10:57.802486 ===
    reason: enotconn
    msg: roadrunner response send failed
    phase: buffered_response
=NOTICE REPORT==== 29-Jun-2026::11:10:57.802509 ===
    reason: enotconn
    msg: roadrunner response send failed
    phase: buffered_response
=NOTICE REPORT==== 29-Jun-2026::11:10:57.802534 ===
    reason: enotconn
    msg: roadrunner response send failed
    phase: buffered_response
=NOTICE REPORT==== 29-Jun-2026::11:10:57.802574 ===
    reason: enotconn
    msg: roadrunner response send failed
    phase: buffered_response
=NOTICE REPORT==== 29-Jun-2026::11:10:57.802588 ===
    reason: enotconn
    msg: roadrunner response send failed
    phase: buffered_response
=NOTICE REPORT==== 29-Jun-2026::11:10:57.802630 ===
    reason: enotconn
    msg: roadrunner response send failed
    phase: buffered_response
=NOTICE REPORT==== 29-Jun-2026::11:10:57.802634 ===
    reason: enotconn
    msg: roadrunner response send failed
    phase: buffered_response
=NOTICE REPORT==== 29-Jun-2026::11:10:57.802671 ===
    reason: enotconn
    msg: roadrunner response send failed
    phase: buffered_response
=NOTICE REPORT==== 29-Jun-2026::11:10:57.802686 ===
    reason: enotconn
    msg: roadrunner response send failed
    phase: buffered_response
=NOTICE REPORT==== 29-Jun-2026::11:10:57.802768 ===
    reason: enotconn
    msg: roadrunner response send failed
    phase: buffered_response
=NOTICE REPORT==== 29-Jun-2026::11:10:57.802771 ===
    reason: enotconn
    msg: roadrunner response send failed
    phase: buffered_response
=NOTICE REPORT==== 29-Jun-2026::11:10:57.802835 ===
    reason: enotconn
    msg: roadrunner response send failed
    phase: buffered_response
=NOTICE REPORT==== 29-Jun-2026::11:10:57.802858 ===
    reason: enotconn
    msg: roadrunner response send failed
    phase: buffered_response
=NOTICE REPORT==== 29-Jun-2026::11:10:57.802910 ===
    reason: enotconn
    msg: roadrunner response send failed
    phase: buffered_response
=NOTICE REPORT==== 29-Jun-2026::11:10:57.802922 ===
    reason: enotconn
    msg: roadrunner response send failed
    phase: buffered_response
=NOTICE REPORT==== 29-Jun-2026::11:10:57.802995 ===
    reason: enotconn
    msg: roadrunner response send failed
    phase: buffered_response
=NOTICE REPORT==== 29-Jun-2026::11:10:57.803045 ===
    reason: enotconn
    msg: roadrunner response send failed
    phase: buffered_response
=NOTICE REPORT==== 29-Jun-2026::11:10:57.803097 ===
    reason: enotconn
    msg: roadrunner response send failed
    phase: buffered_response
=NOTICE REPORT==== 29-Jun-2026::11:10:57.803160 ===
    reason: enotconn
    msg: roadrunner response send failed
    phase: buffered_response
=NOTICE REPORT==== 29-Jun-2026::11:10:57.803249 ===
    reason: enotconn
    msg: roadrunner response send failed
    phase: buffered_response
=NOTICE REPORT==== 29-Jun-2026::11:10:57.803313 ===
    reason: enotconn
    msg: roadrunner response send failed
    phase: buffered_response
=NOTICE REPORT==== 29-Jun-2026::11:10:57.807850 ===
    reason: closed
    msg: roadrunner response send failed
    phase: buffered_response
=NOTICE REPORT==== 29-Jun-2026::11:10:57.807911 ===
    reason: enotconn
    msg: roadrunner response send failed
    phase: buffered_response
=NOTICE REPORT==== 29-Jun-2026::11:10:57.807976 ===
    reason: enotconn
    msg: roadrunner response send failed
    phase: buffered_response
=NOTICE REPORT==== 29-Jun-2026::11:10:57.808041 ===
    reason: enotconn
    msg: roadrunner response send failed
    phase: buffered_response
=NOTICE REPORT==== 29-Jun-2026::11:10:57.808103 ===
    reason: enotconn
    msg: roadrunner response send failed
    phase: buffered_response
=NOTICE REPORT==== 29-Jun-2026::11:10:57.808160 ===
    reason: enotconn
    msg: roadrunner response send failed
    phase: buffered_response
=NOTICE REPORT==== 29-Jun-2026::11:10:57.808219 ===
    reason: enotconn
    msg: roadrunner response send failed
    phase: buffered_response
=NOTICE REPORT==== 29-Jun-2026::11:10:57.808274 ===
    reason: enotconn
    msg: roadrunner response send failed
    phase: buffered_response
=NOTICE REPORT==== 29-Jun-2026::11:10:57.808333 ===
    reason: enotconn
    msg: roadrunner response send failed
    phase: buffered_response
=NOTICE REPORT==== 29-Jun-2026::11:10:57.808385 ===
    reason: enotconn
    msg: roadrunner response send failed
    phase: buffered_response
=NOTICE REPORT==== 29-Jun-2026::11:10:57.808475 ===
    reason: enotconn
    msg: roadrunner response send failed
    phase: buffered_response
=NOTICE REPORT==== 29-Jun-2026::11:10:57.808563 ===
    reason: enotconn
    msg: roadrunner response send failed
    phase: buffered_response
=NOTICE REPORT==== 29-Jun-2026::11:10:57.808653 ===
    reason: closed
    msg: roadrunner response send failed
    phase: buffered_response
=NOTICE REPORT==== 29-Jun-2026::11:10:57.808642 ===
    reason: enotconn
    msg: roadrunner response send failed
    phase: buffered_response
=NOTICE REPORT==== 29-Jun-2026::11:10:57.808711 ===
    reason: enotconn
    msg: roadrunner response send failed
    phase: buffered_response
=NOTICE REPORT==== 29-Jun-2026::11:10:57.808723 ===
    reason: enotconn
    msg: roadrunner response send failed
    phase: buffered_response
=NOTICE REPORT==== 29-Jun-2026::11:10:57.808778 ===
    reason: enotconn
    msg: roadrunner response send failed
    phase: buffered_response
=NOTICE REPORT==== 29-Jun-2026::11:10:57.808789 ===
    reason: enotconn
    msg: roadrunner response send failed
    phase: buffered_response
=NOTICE REPORT==== 29-Jun-2026::11:10:57.808872 ===
    reason: enotconn
    msg: roadrunner response send failed
    phase: buffered_response
=NOTICE REPORT==== 29-Jun-2026::11:10:57.808937 ===
    reason: enotconn
    msg: roadrunner response send failed
    phase: buffered_response
=NOTICE REPORT==== 29-Jun-2026::11:10:57.808991 ===
    reason: enotconn
    msg: roadrunner response send failed
    phase: buffered_response
=NOTICE REPORT==== 29-Jun-2026::11:10:57.809045 ===
    reason: enotconn
    msg: roadrunner response send failed
    phase: buffered_response
=NOTICE REPORT==== 29-Jun-2026::11:10:57.809096 ===
    reason: enotconn
    msg: roadrunner response send failed
    phase: buffered_response
=NOTICE REPORT==== 29-Jun-2026::11:10:57.809151 ===
    reason: enotconn
    msg: roadrunner response send failed
    phase: buffered_response
=NOTICE REPORT==== 29-Jun-2026::11:10:57.809196 ===
    reason: enotconn
    msg: roadrunner response send failed
    phase: buffered_response
=NOTICE REPORT==== 29-Jun-2026::11:10:57.809271 ===
    reason: enotconn
    msg: roadrunner response send failed
    phase: buffered_response
=NOTICE REPORT==== 29-Jun-2026::11:10:57.809312 ===
    reason: enotconn
    msg: roadrunner response send failed
    phase: buffered_response
=NOTICE REPORT==== 29-Jun-2026::11:10:57.809349 ===
    reason: enotconn
    msg: roadrunner response send failed
    phase: buffered_response
=NOTICE REPORT==== 29-Jun-2026::11:10:57.809384 ===
    reason: enotconn
    msg: roadrunner response send failed
    phase: buffered_response
=NOTICE REPORT==== 29-Jun-2026::11:10:57.809419 ===
    reason: enotconn
    msg: roadrunner response send failed
    phase: buffered_response
=NOTICE REPORT==== 29-Jun-2026::11:10:57.817262 ===
    reason: closed
    msg: roadrunner response send failed
    phase: buffered_response
=NOTICE REPORT==== 29-Jun-2026::11:10:57.817328 ===
    reason: enotconn
    msg: roadrunner response send failed
    phase: buffered_response
=NOTICE REPORT==== 29-Jun-2026::11:10:57.817371 ===
    reason: enotconn
    msg: roadrunner response send failed
    phase: buffered_response
=NOTICE REPORT==== 29-Jun-2026::11:10:57.817416 ===
    reason: enotconn
    msg: roadrunner response send failed
    phase: buffered_response
=NOTICE REPORT==== 29-Jun-2026::11:10:57.817458 ===
    reason: enotconn
    msg: roadrunner response send failed
    phase: buffered_response
=NOTICE REPORT==== 29-Jun-2026::11:10:57.817495 ===
    reason: enotconn
    msg: roadrunner response send failed
    phase: buffered_response
=NOTICE REPORT==== 29-Jun-2026::11:10:57.817553 ===
    reason: enotconn
    msg: roadrunner response send failed
    phase: buffered_response
=NOTICE REPORT==== 29-Jun-2026::11:10:57.817592 ===
    reason: enotconn
    msg: roadrunner response send failed
    phase: buffered_response
=NOTICE REPORT==== 29-Jun-2026::11:10:57.817650 ===
    reason: enotconn
    msg: roadrunner response send failed
    phase: buffered_response
=NOTICE REPORT==== 29-Jun-2026::11:10:57.817689 ===
    reason: enotconn
    msg: roadrunner response send failed
    phase: buffered_response
=NOTICE REPORT==== 29-Jun-2026::11:10:57.817727 ===
    reason: enotconn
    msg: roadrunner response send failed
    phase: buffered_response
=NOTICE REPORT==== 29-Jun-2026::11:10:57.817762 ===
    reason: enotconn
    msg: roadrunner response send failed
    phase: buffered_response
=NOTICE REPORT==== 29-Jun-2026::11:10:57.817746 ===
    reason: closed
    msg: roadrunner response send failed
    phase: buffered_response
=NOTICE REPORT==== 29-Jun-2026::11:10:57.817799 ===
    reason: enotconn
    msg: roadrunner response send failed
    phase: buffered_response
=NOTICE REPORT==== 29-Jun-2026::11:10:57.817815 ===
    reason: enotconn
    msg: roadrunner response send failed
    phase: buffered_response
=NOTICE REPORT==== 29-Jun-2026::11:10:57.817848 ===
    reason: enotconn
    msg: roadrunner response send failed
    phase: buffered_response
=NOTICE REPORT==== 29-Jun-2026::11:10:57.817893 ===
    reason: enotconn
    msg: roadrunner response send failed
    phase: buffered_response
=NOTICE REPORT==== 29-Jun-2026::11:10:57.817874 ===
    reason: enotconn
    msg: roadrunner response send failed
    phase: buffered_response
=NOTICE REPORT==== 29-Jun-2026::11:10:57.817989 ===
    reason: enotconn
    msg: roadrunner response send failed
    phase: buffered_response
=NOTICE REPORT==== 29-Jun-2026::11:10:57.818053 ===
    reason: enotconn
    msg: roadrunner response send failed
    phase: buffered_response
=NOTICE REPORT==== 29-Jun-2026::11:10:57.818108 ===
    reason: enotconn
    msg: roadrunner response send failed
    phase: buffered_response
=NOTICE REPORT==== 29-Jun-2026::11:10:57.818198 ===
    reason: enotconn
    msg: roadrunner response send failed
    phase: buffered_response
=NOTICE REPORT==== 29-Jun-2026::11:10:57.818259 ===
    reason: enotconn
    msg: roadrunner response send failed
    phase: buffered_response
=NOTICE REPORT==== 29-Jun-2026::11:10:57.818314 ===
    reason: enotconn
    msg: roadrunner response send failed
    phase: buffered_response
=NOTICE REPORT==== 29-Jun-2026::11:10:57.818361 ===
    reason: enotconn
    msg: roadrunner response send failed
    phase: buffered_response
=NOTICE REPORT==== 29-Jun-2026::11:10:57.818408 ===
    reason: enotconn
    msg: roadrunner response send failed
    phase: buffered_response
=NOTICE REPORT==== 29-Jun-2026::11:10:57.818464 ===
    reason: enotconn
    msg: roadrunner response send failed
    phase: buffered_response
=NOTICE REPORT==== 29-Jun-2026::11:10:57.818582 ===
    reason: enotconn
    msg: roadrunner response send failed
    phase: buffered_response
=NOTICE REPORT==== 29-Jun-2026::11:10:57.818663 ===
    reason: enotconn
    msg: roadrunner response send failed
    phase: buffered_response
=NOTICE REPORT==== 29-Jun-2026::11:10:57.818720 ===
    reason: enotconn
    msg: roadrunner response send failed
    phase: buffered_response
=NOTICE REPORT==== 29-Jun-2026::11:10:57.819799 ===
    reason: closed
    msg: roadrunner response send failed
    phase: buffered_response
=NOTICE REPORT==== 29-Jun-2026::11:10:57.819877 ===
    reason: enotconn
    msg: roadrunner response send failed
    phase: buffered_response
=NOTICE REPORT==== 29-Jun-2026::11:10:57.819968 ===
    reason: enotconn
    msg: roadrunner response send failed
    phase: buffered_response
=NOTICE REPORT==== 29-Jun-2026::11:10:57.820035 ===
    reason: enotconn
    msg: roadrunner response send failed
    phase: buffered_response
=NOTICE REPORT==== 29-Jun-2026::11:10:57.820107 ===
    reason: enotconn
    msg: roadrunner response send failed
    phase: buffered_response
=NOTICE REPORT==== 29-Jun-2026::11:10:57.820163 ===
    reason: enotconn
    msg: roadrunner response send failed
    phase: buffered_response
=NOTICE REPORT==== 29-Jun-2026::11:10:57.820219 ===
    reason: enotconn
    msg: roadrunner response send failed
    phase: buffered_response
=NOTICE REPORT==== 29-Jun-2026::11:10:57.820268 ===
    reason: enotconn
    msg: roadrunner response send failed
    phase: buffered_response
=NOTICE REPORT==== 29-Jun-2026::11:10:57.820319 ===
    reason: enotconn
    msg: roadrunner response send failed
    phase: buffered_response
=NOTICE REPORT==== 29-Jun-2026::11:10:57.820372 ===
    reason: enotconn
    msg: roadrunner response send failed
    phase: buffered_response
=NOTICE REPORT==== 29-Jun-2026::11:10:57.820421 ===
    reason: enotconn
    msg: roadrunner response send failed
    phase: buffered_response
=NOTICE REPORT==== 29-Jun-2026::11:10:57.820465 ===
    reason: enotconn
    msg: roadrunner response send failed
    phase: buffered_response
=NOTICE REPORT==== 29-Jun-2026::11:10:57.820517 ===
    reason: enotconn
    msg: roadrunner response send failed
    phase: buffered_response
=NOTICE REPORT==== 29-Jun-2026::11:10:57.820552 ===
    reason: enotconn
    msg: roadrunner response send failed
    phase: buffered_response
=NOTICE REPORT==== 29-Jun-2026::11:10:57.820594 ===
    reason: enotconn
    msg: roadrunner response send failed
    phase: buffered_response
=NOTICE REPORT==== 29-Jun-2026::11:10:57.824830 ===
    reason: closed
    msg: roadrunner response send failed
    phase: buffered_response
=NOTICE REPORT==== 29-Jun-2026::11:10:57.824895 ===
    reason: enotconn
    msg: roadrunner response send failed
    phase: buffered_response
=NOTICE REPORT==== 29-Jun-2026::11:10:57.824953 ===
    reason: enotconn
    msg: roadrunner response send failed
    phase: buffered_response
=NOTICE REPORT==== 29-Jun-2026::11:10:57.825008 ===
    reason: enotconn
    msg: roadrunner response send failed
    phase: buffered_response
=NOTICE REPORT==== 29-Jun-2026::11:10:57.952058 ===
Handler default flushed 5000 log events
=NOTICE REPORT==== 29-Jun-2026::11:10:57.955692 ===
Handler default switched from async to drop mode
=NOTICE REPORT==== 29-Jun-2026::11:10:57.960101 ===
Handler default flushed 1191 log events
=NOTICE REPORT==== 29-Jun-2026::11:10:57.960983 ===
Handler default switched from drop to async mode
=NOTICE REPORT==== 29-Jun-2026::11:10:57.973021 ===
Handler default flushed 2688 log events
=NOTICE REPORT==== 29-Jun-2026::11:10:58.114117 ===
    reason: closed
    msg: roadrunner response send failed
    phase: buffered_response
=NOTICE REPORT==== 29-Jun-2026::11:10:58.114205 ===
    reason: enotconn
    msg: roadrunner response send failed
    phase: buffered_response
=NOTICE REPORT==== 29-Jun-2026::11:10:58.114257 ===
    reason: enotconn
    msg: roadrunner response send failed
    phase: buffered_response
=NOTICE REPORT==== 29-Jun-2026::11:10:58.114296 ===
    reason: enotconn
    msg: roadrunner response send failed
    phase: buffered_response
=NOTICE REPORT==== 29-Jun-2026::11:10:58.114334 ===
    reason: enotconn
    msg: roadrunner response send failed
    phase: buffered_response
=NOTICE REPORT==== 29-Jun-2026::11:10:58.114369 ===
    reason: enotconn
    msg: roadrunner response send failed
    phase: buffered_response
=NOTICE REPORT==== 29-Jun-2026::11:10:58.114404 ===
    reason: enotconn
    msg: roadrunner response send failed
    phase: buffered_response
=NOTICE REPORT==== 29-Jun-2026::11:10:58.114443 ===
    reason: enotconn
    msg: roadrunner response send failed
    phase: buffered_response
=NOTICE REPORT==== 29-Jun-2026::11:10:58.114481 ===
    reason: enotconn
    msg: roadrunner response send failed
    phase: buffered_response
=NOTICE REPORT==== 29-Jun-2026::11:10:58.114559 ===
    reason: enotconn
    msg: roadrunner response send failed
    phase: buffered_response
=NOTICE REPORT==== 29-Jun-2026::11:10:58.114657 ===
    reason: enotconn
    msg: roadrunner response send failed
    phase: buffered_response
=NOTICE REPORT==== 29-Jun-2026::11:10:58.114795 ===
    reason: enotconn
    msg: roadrunner response send failed
    phase: buffered_response
=NOTICE REPORT==== 29-Jun-2026::11:10:58.114853 ===
    reason: enotconn
    msg: roadrunner response send failed
    phase: buffered_response
=NOTICE REPORT==== 29-Jun-2026::11:10:58.114904 ===
    reason: enotconn
    msg: roadrunner response send failed
    phase: buffered_response
=NOTICE REPORT==== 29-Jun-2026::11:10:58.114947 ===
    reason: enotconn
    msg: roadrunner response send failed
    phase: buffered_response
=NOTICE REPORT==== 29-Jun-2026::11:11:00.359375 ===
    reason: closed
    msg: roadrunner response send failed
    phase: buffered_response
=NOTICE REPORT==== 29-Jun-2026::11:11:00.360014 ===
    reason: enotconn
    msg: roadrunner response send failed
    phase: buffered_response
=NOTICE REPORT==== 29-Jun-2026::11:11:00.360980 ===
    reason: closed
    msg: roadrunner response send failed
    phase: buffered_response
=NOTICE REPORT==== 29-Jun-2026::11:11:00.361290 ===
    reason: closed
    msg: roadrunner response send failed
    phase: buffered_response
=NOTICE REPORT==== 29-Jun-2026::11:11:00.361142 ===
    reason: closed
    msg: roadrunner response send failed
    phase: buffered_response
=NOTICE REPORT==== 29-Jun-2026::11:11:00.363778 ===
    reason: enotconn
    msg: roadrunner response send failed
    phase: buffered_response
=NOTICE REPORT==== 29-Jun-2026::11:11:00.361504 ===
    reason: closed
    msg: roadrunner response send failed
    phase: buffered_response
=NOTICE REPORT==== 29-Jun-2026::11:11:00.362868 ===
    reason: closed
    msg: roadrunner response send failed
    phase: buffered_response
=NOTICE REPORT==== 29-Jun-2026::11:11:00.361897 ===
    reason: enotconn
    msg: roadrunner response send failed
    phase: buffered_response
=NOTICE REPORT==== 29-Jun-2026::11:11:00.361991 ===
    reason: closed
    msg: roadrunner response send failed
    phase: buffered_response
=NOTICE REPORT==== 29-Jun-2026::11:11:00.362016 ===
    reason: closed
    msg: roadrunner response send failed
    phase: buffered_response
=NOTICE REPORT==== 29-Jun-2026::11:11:00.361816 ===
    reason: closed
    msg: roadrunner response send failed
    phase: buffered_response
=NOTICE REPORT==== 29-Jun-2026::11:11:00.361914 ===
    reason: enotconn
    msg: roadrunner response send failed
    phase: buffered_response
=NOTICE REPORT==== 29-Jun-2026::11:11:00.361876 ===
    reason: closed
    msg: roadrunner response send failed
    phase: buffered_response
=NOTICE REPORT==== 29-Jun-2026::11:11:00.363932 ===
    reason: enotconn
    msg: roadrunner response send failed
    phase: buffered_response
=NOTICE REPORT==== 29-Jun-2026::11:11:00.364750 ===
    reason: enotconn
    msg: roadrunner response send failed
    phase: buffered_response
=NOTICE REPORT==== 29-Jun-2026::11:11:00.364607 ===
    reason: enotconn
    msg: roadrunner response send failed
    phase: buffered_response
=NOTICE REPORT==== 29-Jun-2026::11:11:00.364620 ===
    reason: enotconn
    msg: roadrunner response send failed
    phase: buffered_response
=NOTICE REPORT==== 29-Jun-2026::11:11:00.364685 ===
    reason: enotconn
    msg: roadrunner response send failed
    phase: buffered_response
=NOTICE REPORT==== 29-Jun-2026::11:11:00.364696 ===
    reason: enotconn
    msg: roadrunner response send failed
    phase: buffered_response
=NOTICE REPORT==== 29-Jun-2026::11:11:00.604871 ===
Handler default switched from async to drop mode
=NOTICE REPORT==== 29-Jun-2026::11:11:00.365275 ===
    reason: enotconn
    msg: roadrunner response send failed
    phase: buffered_response
=NOTICE REPORT==== 29-Jun-2026::11:11:00.367875 ===
    reason: enotconn
    msg: roadrunner response send failed
    phase: buffered_response
=NOTICE REPORT==== 29-Jun-2026::11:11:00.365415 ===
    reason: enotconn
    msg: roadrunner response send failed
    phase: buffered_response
=NOTICE REPORT==== 29-Jun-2026::11:11:00.366652 ===
    reason: enotconn
    msg: roadrunner response send failed
    phase: buffered_response
=NOTICE REPORT==== 29-Jun-2026::11:11:00.365573 ===
    reason: closed
    msg: roadrunner response send failed
    phase: buffered_response
=NOTICE REPORT==== 29-Jun-2026::11:11:00.365439 ===
    reason: enotconn
    msg: roadrunner response send failed
    phase: buffered_response
=NOTICE REPORT==== 29-Jun-2026::11:11:00.365448 ===
    reason: enotconn
    msg: roadrunner response send failed
    phase: buffered_response
=NOTICE REPORT==== 29-Jun-2026::11:11:00.368948 ===
    reason: closed
    msg: roadrunner response send failed
    phase: buffered_response
=NOTICE REPORT==== 29-Jun-2026::11:11:00.367396 ===
    reason: enotconn
    msg: roadrunner response send failed
    phase: buffered_response
=NOTICE REPORT==== 29-Jun-2026::11:11:00.367194 ===
    reason: closed
    msg: roadrunner response send failed
    phase: buffered_response
=NOTICE REPORT==== 29-Jun-2026::11:11:00.367403 ===
    reason: enotconn
    msg: roadrunner response send failed
    phase: buffered_response
=NOTICE REPORT==== 29-Jun-2026::11:11:00.367127 ===
    reason: closed
    msg: roadrunner response send failed
    phase: buffered_response
=NOTICE REPORT==== 29-Jun-2026::11:11:00.367468 ===
    reason: enotconn
    msg: roadrunner response send failed
    phase: buffered_response
=NOTICE REPORT==== 29-Jun-2026::11:11:00.367255 ===
    reason: closed
    msg: roadrunner response send failed
    phase: buffered_response
=NOTICE REPORT==== 29-Jun-2026::11:11:00.367477 ===
    reason: enotconn
    msg: roadrunner response send failed
    phase: buffered_response
=NOTICE REPORT==== 29-Jun-2026::11:11:00.367110 ===
    reason: closed
    msg: roadrunner response send failed
    phase: buffered_response
=NOTICE REPORT==== 29-Jun-2026::11:11:00.367960 ===
    reason: enotconn
    msg: roadrunner response send failed
    phase: buffered_response
=NOTICE REPORT==== 29-Jun-2026::11:11:00.368625 ===
    reason: closed
    msg: roadrunner response send failed
    phase: buffered_response
=NOTICE REPORT==== 29-Jun-2026::11:11:00.368760 ===
    reason: enotconn
    msg: roadrunner response send failed
    phase: buffered_response
=NOTICE REPORT==== 29-Jun-2026::11:11:00.369429 ===
    reason: enotconn
    msg: roadrunner response send failed
    phase: buffered_response
=NOTICE REPORT==== 29-Jun-2026::11:11:00.369213 ===
    reason: enotconn
    msg: roadrunner response send failed
    phase: buffered_response
=NOTICE REPORT==== 29-Jun-2026::11:11:00.368576 ===
    reason: closed
    msg: roadrunner response send failed
    phase: buffered_response
=NOTICE REPORT==== 29-Jun-2026::11:11:00.368838 ===
    reason: closed
    msg: roadrunner response send failed
    phase: buffered_response
=NOTICE REPORT==== 29-Jun-2026::11:11:00.369438 ===
    reason: enotconn
    msg: roadrunner response send failed
    phase: buffered_response
=NOTICE REPORT==== 29-Jun-2026::11:11:00.368806 ===
    reason: closed
    msg: roadrunner response send failed
    phase: buffered_response
=NOTICE REPORT==== 29-Jun-2026::11:11:00.368506 ===
    reason: closed
    msg: roadrunner response send failed
    phase: buffered_response
=NOTICE REPORT==== 29-Jun-2026::11:11:00.368909 ===
    reason: closed
    msg: roadrunner response send failed
    phase: buffered_response
=NOTICE REPORT==== 29-Jun-2026::11:11:00.368800 ===
    reason: closed
    msg: roadrunner response send failed
    phase: buffered_response
=NOTICE REPORT==== 29-Jun-2026::11:11:00.369509 ===
    reason: closed
    msg: roadrunner response send failed
    phase: buffered_response
=NOTICE REPORT==== 29-Jun-2026::11:11:00.370155 ===
    reason: enotconn
    msg: roadrunner response send failed
    phase: buffered_response
=NOTICE REPORT==== 29-Jun-2026::11:11:00.370076 ===
    reason: enotconn
    msg: roadrunner response send failed
    phase: buffered_response
=NOTICE REPORT==== 29-Jun-2026::11:11:00.370082 ===
    reason: enotconn
    msg: roadrunner response send failed
    phase: buffered_response
=NOTICE REPORT==== 29-Jun-2026::11:11:00.370099 ===
    reason: enotconn
    msg: roadrunner response send failed
    phase: buffered_response
=NOTICE REPORT==== 29-Jun-2026::11:11:00.370109 ===
    reason: enotconn
    msg: roadrunner response send failed
    phase: buffered_response
=NOTICE REPORT==== 29-Jun-2026::11:11:00.369475 ===
    reason: enotconn
    msg: roadrunner response send failed
    phase: buffered_response
=NOTICE REPORT==== 29-Jun-2026::11:11:00.370485 ===
    reason: enotconn
    msg: roadrunner response send failed
    phase: buffered_response
=NOTICE REPORT==== 29-Jun-2026::11:11:00.369484 ===
    reason: enotconn
    msg: roadrunner response send failed
    phase: buffered_response
=NOTICE REPORT==== 29-Jun-2026::11:11:00.370053 ===
    reason: closed
    msg: roadrunner response send failed
    phase: buffered_response
=NOTICE REPORT==== 29-Jun-2026::11:11:00.370270 ===
    reason: closed
    msg: roadrunner response send failed
    phase: buffered_response
=NOTICE REPORT==== 29-Jun-2026::11:11:00.371956 ===
    reason: enotconn
    msg: roadrunner response send failed
    phase: buffered_response
=NOTICE REPORT==== 29-Jun-2026::11:11:00.371971 ===
    reason: closed
    msg: roadrunner response send failed
    phase: buffered_response
=NOTICE REPORT==== 29-Jun-2026::11:11:00.371168 ===
    reason: enotconn
    msg: roadrunner response send failed
    phase: buffered_response
=NOTICE REPORT==== 29-Jun-2026::11:11:00.371975 ===
    reason: enotconn
    msg: roadrunner response send failed
    phase: buffered_response
=NOTICE REPORT==== 29-Jun-2026::11:11:00.371774 ===
    reason: closed
    msg: roadrunner response send failed
    phase: buffered_response
=NOTICE REPORT==== 29-Jun-2026::11:11:00.371178 ===
    reason: enotconn
    msg: roadrunner response send failed
    phase: buffered_response
=NOTICE REPORT==== 29-Jun-2026::11:11:00.371184 ===
    reason: enotconn
    msg: roadrunner response send failed
    phase: buffered_response
=NOTICE REPORT==== 29-Jun-2026::11:11:00.371216 ===
    reason: enotconn
    msg: roadrunner response send failed
    phase: buffered_response
=NOTICE REPORT==== 29-Jun-2026::11:11:00.370911 ===
    reason: closed
    msg: roadrunner response send failed
    phase: buffered_response
=NOTICE REPORT==== 29-Jun-2026::11:11:00.369389 ===
    reason: closed
    msg: roadrunner response send failed
    phase: buffered_response
=NOTICE REPORT==== 29-Jun-2026::11:11:00.371497 ===
    reason: enotconn
    msg: roadrunner response send failed
    phase: buffered_response
=NOTICE REPORT==== 29-Jun-2026::11:11:00.370405 ===
    reason: closed
    msg: roadrunner response send failed
    phase: buffered_response
=NOTICE REPORT==== 29-Jun-2026::11:11:00.370998 ===
    reason: closed
    msg: roadrunner response send failed
    phase: buffered_response
=NOTICE REPORT==== 29-Jun-2026::11:11:00.372689 ===
    reason: enotconn
    msg: roadrunner response send failed
    phase: buffered_response
=NOTICE REPORT==== 29-Jun-2026::11:11:00.372172 ===
    reason: enotconn
    msg: roadrunner response send failed
    phase: buffered_response
=NOTICE REPORT==== 29-Jun-2026::11:11:00.372842 ===
    reason: enotconn
    msg: roadrunner response send failed
    phase: buffered_response
=NOTICE REPORT==== 29-Jun-2026::11:11:00.372848 ===
    reason: enotconn
    msg: roadrunner response send failed
    phase: buffered_response
=NOTICE REPORT==== 29-Jun-2026::11:11:00.371531 ===
    reason: closed
    msg: roadrunner response send failed
    phase: buffered_response
=NOTICE REPORT==== 29-Jun-2026::11:11:00.372771 ===
    reason: enotconn
    msg: roadrunner response send failed
    phase: buffered_response
=NOTICE REPORT==== 29-Jun-2026::11:11:00.372719 ===
    reason: enotconn
    msg: roadrunner response send failed
    phase: buffered_response
=NOTICE REPORT==== 29-Jun-2026::11:11:00.372781 ===
    reason: enotconn
    msg: roadrunner response send failed
    phase: buffered_response
=NOTICE REPORT==== 29-Jun-2026::11:11:00.372034 ===
    reason: closed
    msg: roadrunner response send failed
    phase: buffered_response
=NOTICE REPORT==== 29-Jun-2026::11:11:00.372182 ===
    reason: enotconn
    msg: roadrunner response send failed
    phase: buffered_response
=NOTICE REPORT==== 29-Jun-2026::11:11:00.372703 ===
    reason: enotconn
    msg: roadrunner response send failed
    phase: buffered_response
=NOTICE REPORT==== 29-Jun-2026::11:11:00.371428 ===
    reason: closed
    msg: roadrunner response send failed
    phase: buffered_response
=NOTICE REPORT==== 29-Jun-2026::11:11:00.372700 ===
    reason: enotconn
    msg: roadrunner response send failed
    phase: buffered_response
=NOTICE REPORT==== 29-Jun-2026::11:11:00.372680 ===
    reason: enotconn
    msg: roadrunner response send failed
    phase: buffered_response
=NOTICE REPORT==== 29-Jun-2026::11:11:00.373174 ===
    reason: enotconn
    msg: roadrunner response send failed
    phase: buffered_response
=NOTICE REPORT==== 29-Jun-2026::11:11:00.370980 ===
    reason: closed
    msg: roadrunner response send failed
    phase: buffered_response
=NOTICE REPORT==== 29-Jun-2026::11:11:00.371381 ===
    reason: closed
    msg: roadrunner response send failed
    phase: buffered_response
=NOTICE REPORT==== 29-Jun-2026::11:11:00.372589 ===
    reason: closed
    msg: roadrunner response send failed
    phase: buffered_response
=NOTICE REPORT==== 29-Jun-2026::11:11:00.374496 ===
    reason: enotconn
    msg: roadrunner response send failed
    phase: buffered_response
=NOTICE REPORT==== 29-Jun-2026::11:11:00.373992 ===
    reason: enotconn
    msg: roadrunner response send failed
    phase: buffered_response
=NOTICE REPORT==== 29-Jun-2026::11:11:00.374650 ===
    reason: enotconn
    msg: roadrunner response send failed
    phase: buffered_response
=NOTICE REPORT==== 29-Jun-2026::11:11:00.372493 ===
    reason: closed
    msg: roadrunner response send failed
    phase: buffered_response
=NOTICE REPORT==== 29-Jun-2026::11:11:00.372728 ===
    reason: enotconn
    msg: roadrunner response send failed
    phase: buffered_response
=NOTICE REPORT==== 29-Jun-2026::11:11:00.371809 ===
    reason: closed
    msg: roadrunner response send failed
    phase: buffered_response
=NOTICE REPORT==== 29-Jun-2026::11:11:00.374195 ===
    reason: enotconn
    msg: roadrunner response send failed
    phase: buffered_response
=NOTICE REPORT==== 29-Jun-2026::11:11:00.373552 ===
    reason: enotconn
    msg: roadrunner response send failed
    phase: buffered_response
=NOTICE REPORT==== 29-Jun-2026::11:11:00.372236 ===
    reason: closed
    msg: roadrunner response send failed
    phase: buffered_response
=NOTICE REPORT==== 29-Jun-2026::11:11:00.373561 ===
    reason: enotconn
    msg: roadrunner response send failed
    phase: buffered_response
=NOTICE REPORT==== 29-Jun-2026::11:11:00.374000 ===
    reason: enotconn
    msg: roadrunner response send failed
    phase: buffered_response
=NOTICE REPORT==== 29-Jun-2026::11:11:00.374068 ===
    reason: enotconn
    msg: roadrunner response send failed
    phase: buffered_response
=NOTICE REPORT==== 29-Jun-2026::11:11:00.371738 ===
    reason: closed
    msg: roadrunner response send failed
    phase: buffered_response
=NOTICE REPORT==== 29-Jun-2026::11:11:00.374123 ===
    reason: enotconn
    msg: roadrunner response send failed
    phase: buffered_response
=NOTICE REPORT==== 29-Jun-2026::11:11:00.373015 ===
    reason: closed
    msg: roadrunner response send failed
    phase: buffered_response
=NOTICE REPORT==== 29-Jun-2026::11:11:00.373516 ===
    reason: closed
    msg: roadrunner response send failed
    phase: buffered_response
=NOTICE REPORT==== 29-Jun-2026::11:11:00.375445 ===
    reason: enotconn
    msg: roadrunner response send failed
    phase: buffered_response
=NOTICE REPORT==== 29-Jun-2026::11:11:00.375247 ===
    reason: enotconn
    msg: roadrunner response send failed
    phase: buffered_response
=NOTICE REPORT==== 29-Jun-2026::11:11:00.375451 ===
    reason: enotconn
    msg: roadrunner response send failed
    phase: buffered_response
=NOTICE REPORT==== 29-Jun-2026::11:11:00.375258 ===
    reason: enotconn
    msg: roadrunner response send failed
    phase: buffered_response
=NOTICE REPORT==== 29-Jun-2026::11:11:00.375273 ===
    reason: enotconn
    msg: roadrunner response send failed
    phase: buffered_response
=NOTICE REPORT==== 29-Jun-2026::11:11:00.375290 ===
    reason: enotconn
    msg: roadrunner response send failed
    phase: buffered_response
=NOTICE REPORT==== 29-Jun-2026::11:11:00.373927 ===
    reason: closed
    msg: roadrunner response send failed
    phase: buffered_response
=NOTICE REPORT==== 29-Jun-2026::11:11:00.375264 ===
    reason: enotconn
    msg: roadrunner response send failed
    phase: buffered_response
=NOTICE REPORT==== 29-Jun-2026::11:11:00.375297 ===
    reason: enotconn
    msg: roadrunner response send failed
    phase: buffered_response
=NOTICE REPORT==== 29-Jun-2026::11:11:00.375296 ===
    reason: enotconn
    msg: roadrunner response send failed
    phase: buffered_response
=NOTICE REPORT==== 29-Jun-2026::11:11:00.375249 ===
    reason: enotconn
    msg: roadrunner response send failed
    phase: buffered_response
=NOTICE REPORT==== 29-Jun-2026::11:11:00.370923 ===
    reason: closed
    msg: roadrunner response send failed
    phase: buffered_response
=NOTICE REPORT==== 29-Jun-2026::11:11:00.375800 ===
    reason: enotconn
    msg: roadrunner response send failed
    phase: buffered_response
=NOTICE REPORT==== 29-Jun-2026::11:11:00.373039 ===
    reason: closed
    msg: roadrunner response send failed
    phase: buffered_response
=NOTICE REPORT==== 29-Jun-2026::11:11:00.375438 ===
    reason: enotconn
    msg: roadrunner response send failed
    phase: buffered_response
=NOTICE REPORT==== 29-Jun-2026::11:11:00.376641 ===
    reason: enotconn
    msg: roadrunner response send failed
    phase: buffered_response
=NOTICE REPORT==== 29-Jun-2026::11:11:00.376064 ===
    reason: enotconn
    msg: roadrunner response send failed
    phase: buffered_response
=NOTICE REPORT==== 29-Jun-2026::11:11:00.377035 ===
    reason: enotconn
    msg: roadrunner response send failed
    phase: buffered_response
=NOTICE REPORT==== 29-Jun-2026::11:11:00.374210 ===
    reason: enotconn
    msg: roadrunner response send failed
    phase: buffered_response
=NOTICE REPORT==== 29-Jun-2026::11:11:00.377222 ===
    reason: enotconn
    msg: roadrunner response send failed
    phase: buffered_response
=NOTICE REPORT==== 29-Jun-2026::11:11:00.376764 ===
    reason: enotconn
    msg: roadrunner response send failed
    phase: buffered_response
=NOTICE REPORT==== 29-Jun-2026::11:11:00.376772 ===
    reason: enotconn
    msg: roadrunner response send failed
    phase: buffered_response
=NOTICE REPORT==== 29-Jun-2026::11:11:00.374838 ===
    reason: closed
    msg: roadrunner response send failed
    phase: buffered_response
=NOTICE REPORT==== 29-Jun-2026::11:11:00.376665 ===
    reason: enotconn
    msg: roadrunner response send failed
    phase: buffered_response
=NOTICE REPORT==== 29-Jun-2026::11:11:00.376116 ===
    reason: enotconn
    msg: roadrunner response send failed
    phase: buffered_response
=NOTICE REPORT==== 29-Jun-2026::11:11:00.373364 ===
    reason: closed
    msg: roadrunner response send failed
    phase: buffered_response
=NOTICE REPORT==== 29-Jun-2026::11:11:00.376608 ===
    reason: enotconn
    msg: roadrunner response send failed
    phase: buffered_response
=NOTICE REPORT==== 29-Jun-2026::11:11:00.374369 ===
    reason: enotconn
    msg: roadrunner response send failed
    phase: buffered_response
=NOTICE REPORT==== 29-Jun-2026::11:11:00.373958 ===
    reason: closed
    msg: roadrunner response send failed
    phase: buffered_response
=NOTICE REPORT==== 29-Jun-2026::11:11:00.376695 ===
    reason: enotconn
    msg: roadrunner response send failed
    phase: buffered_response
=NOTICE REPORT==== 29-Jun-2026::11:11:00.376789 ===
    reason: enotconn
    msg: roadrunner response send failed
    phase: buffered_response
=NOTICE REPORT==== 29-Jun-2026::11:11:00.376724 ===
    reason: enotconn
    msg: roadrunner response send failed
    phase: buffered_response
=NOTICE REPORT==== 29-Jun-2026::11:11:00.376069 ===
    reason: enotconn
    msg: roadrunner response send failed
    phase: buffered_response
=NOTICE REPORT==== 29-Jun-2026::11:11:00.378180 ===
    reason: enotconn
    msg: roadrunner response send failed
    phase: buffered_response
=NOTICE REPORT==== 29-Jun-2026::11:11:00.377881 ===
    reason: enotconn
    msg: roadrunner response send failed
    phase: buffered_response
=NOTICE REPORT==== 29-Jun-2026::11:11:00.377998 ===
    reason: enotconn
    msg: roadrunner response send failed
    phase: buffered_response
=NOTICE REPORT==== 29-Jun-2026::11:11:00.378005 ===
    reason: enotconn
    msg: roadrunner response send failed
    phase: buffered_response
=NOTICE REPORT==== 29-Jun-2026::11:11:00.375833 ===
    reason: enotconn
    msg: roadrunner response send failed
    phase: buffered_response
=NOTICE REPORT==== 29-Jun-2026::11:11:00.378014 ===
    reason: enotconn
    msg: roadrunner response send failed
    phase: buffered_response
=NOTICE REPORT==== 29-Jun-2026::11:11:00.378024 ===
    reason: enotconn
    msg: roadrunner response send failed
    phase: buffered_response
=NOTICE REPORT==== 29-Jun-2026::11:11:00.379443 ===
    reason: enotconn
    msg: roadrunner response send failed
    phase: buffered_response
=NOTICE REPORT==== 29-Jun-2026::11:11:00.375842 ===
    reason: enotconn
    msg: roadrunner response send failed
    phase: buffered_response
=NOTICE REPORT==== 29-Jun-2026::11:11:00.377454 ===
    reason: enotconn
    msg: roadrunner response send failed
    phase: buffered_response
=NOTICE REPORT==== 29-Jun-2026::11:11:00.378350 ===
    reason: enotconn
    msg: roadrunner response send failed
    phase: buffered_response
=NOTICE REPORT==== 29-Jun-2026::11:11:00.377464 ===
    reason: enotconn
    msg: roadrunner response send failed
    phase: buffered_response
=NOTICE REPORT==== 29-Jun-2026::11:11:00.377890 ===
    reason: enotconn
    msg: roadrunner response send failed
    phase: buffered_response
=NOTICE REPORT==== 29-Jun-2026::11:11:00.376134 ===
    reason: enotconn
    msg: roadrunner response send failed
    phase: buffered_response
=NOTICE REPORT==== 29-Jun-2026::11:11:00.377968 ===
    reason: enotconn
    msg: roadrunner response send failed
    phase: buffered_response
=NOTICE REPORT==== 29-Jun-2026::11:11:00.375769 ===
    reason: enotconn
    msg: roadrunner response send failed
    phase: buffered_response
=NOTICE REPORT==== 29-Jun-2026::11:11:00.377029 ===
    reason: enotconn
    msg: roadrunner response send failed
    phase: buffered_response
=NOTICE REPORT==== 29-Jun-2026::11:11:00.379632 ===
    reason: enotconn
    msg: roadrunner response send failed
    phase: buffered_response
=NOTICE REPORT==== 29-Jun-2026::11:11:00.379810 ===
    reason: enotconn
    msg: roadrunner response send failed
    phase: buffered_response
=NOTICE REPORT==== 29-Jun-2026::11:11:00.379017 ===
    reason: enotconn
    msg: roadrunner response send failed
    phase: buffered_response
=NOTICE REPORT==== 29-Jun-2026::11:11:00.379687 ===
    reason: enotconn
    msg: roadrunner response send failed
    phase: buffered_response
=NOTICE REPORT==== 29-Jun-2026::11:11:00.377133 ===
    reason: enotconn
    msg: roadrunner response send failed
    phase: buffered_response
=NOTICE REPORT==== 29-Jun-2026::11:11:00.379026 ===
    reason: enotconn
    msg: roadrunner response send failed
    phase: buffered_response
=NOTICE REPORT==== 29-Jun-2026::11:11:00.379118 ===
    reason: enotconn
    msg: roadrunner response send failed
    phase: buffered_response
=NOTICE REPORT==== 29-Jun-2026::11:11:00.375803 ===
    reason: closed
    msg: roadrunner response send failed
    phase: buffered_response
=NOTICE REPORT==== 29-Jun-2026::11:11:00.379033 ===
    reason: enotconn
    msg: roadrunner response send failed
    phase: buffered_response
=NOTICE REPORT==== 29-Jun-2026::11:11:00.379053 ===
    reason: enotconn
    msg: roadrunner response send failed
    phase: buffered_response
=NOTICE REPORT==== 29-Jun-2026::11:11:00.378998 ===
    reason: enotconn
    msg: roadrunner response send failed
    phase: buffered_response
=NOTICE REPORT==== 29-Jun-2026::11:11:00.379836 ===
    reason: enotconn
    msg: roadrunner response send failed
    phase: buffered_response
=NOTICE REPORT==== 29-Jun-2026::11:11:00.377106 ===
    reason: enotconn
    msg: roadrunner response send failed
    phase: buffered_response
=NOTICE REPORT==== 29-Jun-2026::11:11:00.379336 ===
    reason: enotconn
    msg: roadrunner response send failed
    phase: buffered_response
=NOTICE REPORT==== 29-Jun-2026::11:11:00.377133 ===
    reason: enotconn
    msg: roadrunner response send failed
    phase: buffered_response
=NOTICE REPORT==== 29-Jun-2026::11:11:00.377206 ===
    reason: enotconn
    msg: roadrunner response send failed
    phase: buffered_response
=NOTICE REPORT==== 29-Jun-2026::11:11:00.379276 ===
    reason: enotconn
    msg: roadrunner response send failed
    phase: buffered_response
=NOTICE REPORT==== 29-Jun-2026::11:11:00.380501 ===
    reason: enotconn
    msg: roadrunner response send failed
    phase: buffered_response
=NOTICE REPORT==== 29-Jun-2026::11:11:00.378567 ===
    reason: enotconn
    msg: roadrunner response send failed
    phase: buffered_response
=NOTICE REPORT==== 29-Jun-2026::11:11:00.378797 ===
    reason: enotconn
    msg: roadrunner response send failed
    phase: buffered_response
=NOTICE REPORT==== 29-Jun-2026::11:11:00.380583 ===
    reason: enotconn
    msg: roadrunner response send failed
    phase: buffered_response
=NOTICE REPORT==== 29-Jun-2026::11:11:00.380588 ===
    reason: enotconn
    msg: roadrunner response send failed
    phase: buffered_response
=NOTICE REPORT==== 29-Jun-2026::11:11:00.380544 ===
    reason: enotconn
    msg: roadrunner response send failed
    phase: buffered_response
=NOTICE REPORT==== 29-Jun-2026::11:11:00.378485 ===
    reason: enotconn
    msg: roadrunner response send failed
    phase: buffered_response
=NOTICE REPORT==== 29-Jun-2026::11:11:00.380445 ===
    reason: enotconn
    msg: roadrunner response send failed
    phase: buffered_response
=NOTICE REPORT==== 29-Jun-2026::11:11:00.380453 ===
    reason: enotconn
    msg: roadrunner response send failed
    phase: buffered_response
=NOTICE REPORT==== 29-Jun-2026::11:11:00.380554 ===
    reason: enotconn
    msg: roadrunner response send failed
    phase: buffered_response
=NOTICE REPORT==== 29-Jun-2026::11:11:00.380594 ===
    reason: enotconn
    msg: roadrunner response send failed
    phase: buffered_response
=NOTICE REPORT==== 29-Jun-2026::11:11:00.380479 ===
    reason: enotconn
    msg: roadrunner response send failed
    phase: buffered_response
=NOTICE REPORT==== 29-Jun-2026::11:11:00.377855 ===
    reason: enotconn
    msg: roadrunner response send failed
    phase: buffered_response
=NOTICE REPORT==== 29-Jun-2026::11:11:00.380509 ===
    reason: enotconn
    msg: roadrunner response send failed
    phase: buffered_response
=NOTICE REPORT==== 29-Jun-2026::11:11:00.380502 ===
    reason: enotconn
    msg: roadrunner response send failed
    phase: buffered_response
=NOTICE REPORT==== 29-Jun-2026::11:11:00.380862 ===
    reason: enotconn
    msg: roadrunner response send failed
    phase: buffered_response
=NOTICE REPORT==== 29-Jun-2026::11:11:00.378524 ===
    reason: enotconn
    msg: roadrunner response send failed
    phase: buffered_response
=NOTICE REPORT==== 29-Jun-2026::11:11:00.382273 ===
    reason: enotconn
    msg: roadrunner response send failed
    phase: buffered_response
=NOTICE REPORT==== 29-Jun-2026::11:11:00.381860 ===
    reason: enotconn
    msg: roadrunner response send failed
    phase: buffered_response
=NOTICE REPORT==== 29-Jun-2026::11:11:00.379296 ===
    reason: enotconn
    msg: roadrunner response send failed
    phase: buffered_response
=NOTICE REPORT==== 29-Jun-2026::11:11:00.382306 ===
    reason: enotconn
    msg: roadrunner response send failed
    phase: buffered_response
=NOTICE REPORT==== 29-Jun-2026::11:11:00.379995 ===
    reason: enotconn
    msg: roadrunner response send failed
    phase: buffered_response
=NOTICE REPORT==== 29-Jun-2026::11:11:00.380012 ===
    reason: enotconn
    msg: roadrunner response send failed
    phase: buffered_response
=NOTICE REPORT==== 29-Jun-2026::11:11:00.382005 ===
    reason: enotconn
    msg: roadrunner response send failed
    phase: buffered_response
=NOTICE REPORT==== 29-Jun-2026::11:11:00.381277 ===
    reason: enotconn
    msg: roadrunner response send failed
    phase: buffered_response
=NOTICE REPORT==== 29-Jun-2026::11:11:00.381286 ===
    reason: enotconn
    msg: roadrunner response send failed
    phase: buffered_response
=NOTICE REPORT==== 29-Jun-2026::11:11:00.381870 ===
    reason: enotconn
    msg: roadrunner response send failed
    phase: buffered_response
=NOTICE REPORT==== 29-Jun-2026::11:11:00.381884 ===
    reason: enotconn
    msg: roadrunner response send failed
    phase: buffered_response
=NOTICE REPORT==== 29-Jun-2026::11:11:00.381941 ===
    reason: enotconn
    msg: roadrunner response send failed
    phase: buffered_response
=NOTICE REPORT==== 29-Jun-2026::11:11:00.380939 ===
    reason: enotconn
    msg: roadrunner response send failed
    phase: buffered_response
=NOTICE REPORT==== 29-Jun-2026::11:11:00.382569 ===
    reason: enotconn
    msg: roadrunner response send failed
    phase: buffered_response
=NOTICE REPORT==== 29-Jun-2026::11:11:00.383189 ===
    reason: enotconn
    msg: roadrunner response send failed
    phase: buffered_response
=NOTICE REPORT==== 29-Jun-2026::11:11:00.382977 ===
    reason: enotconn
    msg: roadrunner response send failed
    phase: buffered_response
=NOTICE REPORT==== 29-Jun-2026::11:11:00.383195 ===
    reason: enotconn
    msg: roadrunner response send failed
    phase: buffered_response
=NOTICE REPORT==== 29-Jun-2026::11:11:00.382986 ===
    reason: enotconn
    msg: roadrunner response send failed
    phase: buffered_response
=NOTICE REPORT==== 29-Jun-2026::11:11:00.383088 ===
    reason: enotconn
    msg: roadrunner response send failed
    phase: buffered_response
=NOTICE REPORT==== 29-Jun-2026::11:11:00.380949 ===
    reason: enotconn
    msg: roadrunner response send failed
    phase: buffered_response
=NOTICE REPORT==== 29-Jun-2026::11:11:00.383127 ===
    reason: enotconn
    msg: roadrunner response send failed
    phase: buffered_response
=NOTICE REPORT==== 29-Jun-2026::11:11:00.382993 ===
    reason: enotconn
    msg: roadrunner response send failed
    phase: buffered_response
=NOTICE REPORT==== 29-Jun-2026::11:11:00.383136 ===
    reason: enotconn
    msg: roadrunner response send failed
    phase: buffered_response
=NOTICE REPORT==== 29-Jun-2026::11:11:00.382927 ===
    reason: enotconn
    msg: roadrunner response send failed
    phase: buffered_response
=NOTICE REPORT==== 29-Jun-2026::11:11:00.382985 ===
    reason: enotconn
    msg: roadrunner response send failed
    phase: buffered_response
=NOTICE REPORT==== 29-Jun-2026::11:11:00.382578 ===
    reason: enotconn
    msg: roadrunner response send failed
    phase: buffered_response
=NOTICE REPORT==== 29-Jun-2026::11:11:00.380897 ===
    reason: enotconn
    msg: roadrunner response send failed
    phase: buffered_response
=NOTICE REPORT==== 29-Jun-2026::11:11:00.380975 ===
    reason: enotconn
    msg: roadrunner response send failed
    phase: buffered_response
=NOTICE REPORT==== 29-Jun-2026::11:11:00.383706 ===
    reason: enotconn
    msg: roadrunner response send failed
    phase: buffered_response
=NOTICE REPORT==== 29-Jun-2026::11:11:00.379283 ===
    reason: closed
    msg: roadrunner response send failed
    phase: buffered_response
=NOTICE REPORT==== 29-Jun-2026::11:11:00.380993 ===
    reason: enotconn
    msg: roadrunner response send failed
    phase: buffered_response
=NOTICE REPORT==== 29-Jun-2026::11:11:00.380871 ===
    reason: enotconn
    msg: roadrunner response send failed
    phase: buffered_response
=NOTICE REPORT==== 29-Jun-2026::11:11:00.383164 ===
    reason: enotconn
    msg: roadrunner response send failed
    phase: buffered_response
=NOTICE REPORT==== 29-Jun-2026::11:11:00.382214 ===
    reason: enotconn
    msg: roadrunner response send failed
    phase: buffered_response
=NOTICE REPORT==== 29-Jun-2026::11:11:00.384418 ===
    reason: enotconn
    msg: roadrunner response send failed
    phase: buffered_response
=NOTICE REPORT==== 29-Jun-2026::11:11:00.386024 ===
    reason: enotconn
    msg: roadrunner response send failed
    phase: buffered_response
=NOTICE REPORT==== 29-Jun-2026::11:11:00.385023 ===
    reason: enotconn
    msg: roadrunner response send failed
    phase: buffered_response
=NOTICE REPORT==== 29-Jun-2026::11:11:00.385032 ===
    reason: enotconn
    msg: roadrunner response send failed
    phase: buffered_response
=NOTICE REPORT==== 29-Jun-2026::11:11:00.382289 ===
    reason: enotconn
    msg: roadrunner response send failed
    phase: buffered_response
=NOTICE REPORT==== 29-Jun-2026::11:11:00.384504 ===
    reason: enotconn
    msg: roadrunner response send failed
    phase: buffered_response
=NOTICE REPORT==== 29-Jun-2026::11:11:00.384514 ===
    reason: enotconn
    msg: roadrunner response send failed
    phase: buffered_response
=NOTICE REPORT==== 29-Jun-2026::11:11:00.384554 ===
    reason: enotconn
    msg: roadrunner response send failed
    phase: buffered_response
=NOTICE REPORT==== 29-Jun-2026::11:11:00.382371 ===
    reason: enotconn
    msg: roadrunner response send failed
    phase: buffered_response
=NOTICE REPORT==== 29-Jun-2026::11:11:00.384366 ===
    reason: enotconn
    msg: roadrunner response send failed
    phase: buffered_response
=NOTICE REPORT==== 29-Jun-2026::11:11:00.384427 ===
    reason: enotconn
    msg: roadrunner response send failed
    phase: buffered_response
=NOTICE REPORT==== 29-Jun-2026::11:11:00.384673 ===
    reason: enotconn
    msg: roadrunner response send failed
    phase: buffered_response
=NOTICE REPORT==== 29-Jun-2026::11:11:00.382379 ===
    reason: enotconn
    msg: roadrunner response send failed
    phase: buffered_response
=NOTICE REPORT==== 29-Jun-2026::11:11:00.384529 ===
    reason: enotconn
    msg: roadrunner response send failed
    phase: buffered_response
=NOTICE REPORT==== 29-Jun-2026::11:11:00.382391 ===
    reason: enotconn
    msg: roadrunner response send failed
    phase: buffered_response
=NOTICE REPORT==== 29-Jun-2026::11:11:00.383810 ===
    reason: enotconn
    msg: roadrunner response send failed
    phase: buffered_response
=NOTICE REPORT==== 29-Jun-2026::11:11:00.385888 ===
    reason: enotconn
    msg: roadrunner response send failed
    phase: buffered_response
=NOTICE REPORT==== 29-Jun-2026::11:11:00.383902 ===
    reason: enotconn
    msg: roadrunner response send failed
    phase: buffered_response
=NOTICE REPORT==== 29-Jun-2026::11:11:00.385917 ===
    reason: enotconn
    msg: roadrunner response send failed
    phase: buffered_response
=NOTICE REPORT==== 29-Jun-2026::11:11:00.385924 ===
    reason: enotconn
    msg: roadrunner response send failed
    phase: buffered_response
=NOTICE REPORT==== 29-Jun-2026::11:11:00.381213 ===
    reason: closed
    msg: roadrunner response send failed
    phase: buffered_response
=NOTICE REPORT==== 29-Jun-2026::11:11:00.385894 ===
    reason: enotconn
    msg: roadrunner response send failed
    phase: buffered_response
=NOTICE REPORT==== 29-Jun-2026::11:11:00.382314 ===
    reason: enotconn
    msg: roadrunner response send failed
    phase: buffered_response
=NOTICE REPORT==== 29-Jun-2026::11:11:00.383593 ===
    reason: enotconn
    msg: roadrunner response send failed
    phase: buffered_response
=NOTICE REPORT==== 29-Jun-2026::11:11:00.385903 ===
    reason: enotconn
    msg: roadrunner response send failed
    phase: buffered_response
=NOTICE REPORT==== 29-Jun-2026::11:11:00.385316 ===
    reason: enotconn
    msg: roadrunner response send failed
    phase: buffered_response
=NOTICE REPORT==== 29-Jun-2026::11:11:00.386354 ===
    reason: enotconn
    msg: roadrunner response send failed
    phase: buffered_response
=NOTICE REPORT==== 29-Jun-2026::11:11:00.385325 ===
    reason: enotconn
    msg: roadrunner response send failed
    phase: buffered_response
=NOTICE REPORT==== 29-Jun-2026::11:11:00.385922 ===
    reason: enotconn
    msg: roadrunner response send failed
    phase: buffered_response
=NOTICE REPORT==== 29-Jun-2026::11:11:00.384073 ===
    reason: enotconn
    msg: roadrunner response send failed
    phase: buffered_response
=NOTICE REPORT==== 29-Jun-2026::11:11:00.379544 ===
    reason: closed
    msg: roadrunner response send failed
    phase: buffered_response
=NOTICE REPORT==== 29-Jun-2026::11:11:00.387591 ===
    reason: enotconn
    msg: roadrunner response send failed
    phase: buffered_response
=NOTICE REPORT==== 29-Jun-2026::11:11:00.384898 ===
    reason: enotconn
    msg: roadrunner response send failed
    phase: buffered_response
=NOTICE REPORT==== 29-Jun-2026::11:11:00.386980 ===
    reason: enotconn
    msg: roadrunner response send failed
    phase: buffered_response
=NOTICE REPORT==== 29-Jun-2026::11:11:00.387670 ===
    reason: enotconn
    msg: roadrunner response send failed
    phase: buffered_response
=NOTICE REPORT==== 29-Jun-2026::11:11:00.386990 ===
    reason: enotconn
    msg: roadrunner response send failed
    phase: buffered_response
=NOTICE REPORT==== 29-Jun-2026::11:11:00.387067 ===
    reason: enotconn
    msg: roadrunner response send failed
    phase: buffered_response
=NOTICE REPORT==== 29-Jun-2026::11:11:00.386996 ===
    reason: enotconn
    msg: roadrunner response send failed
    phase: buffered_response
=NOTICE REPORT==== 29-Jun-2026::11:11:00.385309 ===
    reason: enotconn
    msg: roadrunner response send failed
    phase: buffered_response
=NOTICE REPORT==== 29-Jun-2026::11:11:00.387103 ===
    reason: enotconn
    msg: roadrunner response send failed
    phase: buffered_response
=NOTICE REPORT==== 29-Jun-2026::11:11:00.386969 ===
    reason: enotconn
    msg: roadrunner response send failed
    phase: buffered_response
=NOTICE REPORT==== 29-Jun-2026::11:11:00.382915 ===
    reason: enotconn
    msg: roadrunner response send failed
    phase: buffered_response
=NOTICE REPORT==== 29-Jun-2026::11:11:00.384325 ===
    reason: enotconn
    msg: roadrunner response send failed
    phase: buffered_response
=NOTICE REPORT==== 29-Jun-2026::11:11:00.385275 ===
    reason: enotconn
    msg: roadrunner response send failed
    phase: buffered_response
=NOTICE REPORT==== 29-Jun-2026::11:11:00.387236 ===
    reason: enotconn
    msg: roadrunner response send failed
    phase: buffered_response
=NOTICE REPORT==== 29-Jun-2026::11:11:00.385898 ===
    reason: enotconn
    msg: roadrunner response send failed
    phase: buffered_response
=NOTICE REPORT==== 29-Jun-2026::11:11:00.387186 ===
    reason: enotconn
    msg: roadrunner response send failed
    phase: buffered_response
=NOTICE REPORT==== 29-Jun-2026::11:11:00.386172 ===
    reason: enotconn
    msg: roadrunner response send failed
    phase: buffered_response
=NOTICE REPORT==== 29-Jun-2026::11:11:00.388386 ===
    reason: enotconn
    msg: roadrunner response send failed
    phase: buffered_response
=NOTICE REPORT==== 29-Jun-2026::11:11:00.383373 ===
    reason: closed
    msg: roadrunner response send failed
    phase: buffered_response
=NOTICE REPORT==== 29-Jun-2026::11:11:00.388458 ===
    reason: enotconn
    msg: roadrunner response send failed
    phase: buffered_response
=NOTICE REPORT==== 29-Jun-2026::11:11:00.388464 ===
    reason: enotconn
    msg: roadrunner response send failed
    phase: buffered_response
=NOTICE REPORT==== 29-Jun-2026::11:11:00.386360 ===
    reason: enotconn
    msg: roadrunner response send failed
    phase: buffered_response
=NOTICE REPORT==== 29-Jun-2026::11:11:00.388400 ===
    reason: enotconn
    msg: roadrunner response send failed
    phase: buffered_response
=NOTICE REPORT==== 29-Jun-2026::11:11:00.388409 ===
    reason: enotconn
    msg: roadrunner response send failed
    phase: buffered_response
=NOTICE REPORT==== 29-Jun-2026::11:11:00.388416 ===
    reason: enotconn
    msg: roadrunner response send failed
    phase: buffered_response
=NOTICE REPORT==== 29-Jun-2026::11:11:00.388405 ===
    reason: enotconn
    msg: roadrunner response send failed
    phase: buffered_response
=NOTICE REPORT==== 29-Jun-2026::11:11:00.386140 ===
    reason: enotconn
    msg: roadrunner response send failed
    phase: buffered_response
=NOTICE REPORT==== 29-Jun-2026::11:11:00.386368 ===
    reason: enotconn
    msg: roadrunner response send failed
    phase: buffered_response
=NOTICE REPORT==== 29-Jun-2026::11:11:00.388394 ===
    reason: enotconn
    msg: roadrunner response send failed
    phase: buffered_response
=NOTICE REPORT==== 29-Jun-2026::11:11:00.388845 ===
    reason: enotconn
    msg: roadrunner response send failed
    phase: buffered_response
=NOTICE REPORT==== 29-Jun-2026::11:11:00.386182 ===
    reason: enotconn
    msg: roadrunner response send failed
    phase: buffered_response
=NOTICE REPORT==== 29-Jun-2026::11:11:00.386256 ===
    reason: enotconn
    msg: roadrunner response send failed
    phase: buffered_response
=NOTICE REPORT==== 29-Jun-2026::11:11:00.388353 ===
    reason: enotconn
    msg: roadrunner response send failed
    phase: buffered_response
=NOTICE REPORT==== 29-Jun-2026::11:11:00.387413 ===
    reason: enotconn
    msg: roadrunner response send failed
    phase: buffered_response
=NOTICE REPORT==== 29-Jun-2026::11:11:00.382501 ===
    reason: closed
    msg: roadrunner response send failed
    phase: buffered_response
=NOTICE REPORT==== 29-Jun-2026::11:11:00.387360 ===
    reason: enotconn
    msg: roadrunner response send failed
    phase: buffered_response
=NOTICE REPORT==== 29-Jun-2026::11:11:00.390057 ===
    reason: enotconn
    msg: roadrunner response send failed
    phase: buffered_response
=NOTICE REPORT==== 29-Jun-2026::11:11:00.389651 ===
    reason: enotconn
    msg: roadrunner response send failed
    phase: buffered_response
=NOTICE REPORT==== 29-Jun-2026::11:11:00.390201 ===
    reason: enotconn
    msg: roadrunner response send failed
    phase: buffered_response
=NOTICE REPORT==== 29-Jun-2026::11:11:00.387550 ===
    reason: enotconn
    msg: roadrunner response send failed
    phase: buffered_response
=NOTICE REPORT==== 29-Jun-2026::11:11:00.388362 ===
    reason: enotconn
    msg: roadrunner response send failed
    phase: buffered_response
=NOTICE REPORT==== 29-Jun-2026::11:11:00.387484 ===
    reason: enotconn
    msg: roadrunner response send failed
    phase: buffered_response
=NOTICE REPORT==== 29-Jun-2026::11:11:00.382489 ===
    reason: closed
    msg: roadrunner response send failed
    phase: buffered_response
=NOTICE REPORT==== 29-Jun-2026::11:11:00.388443 ===
    reason: enotconn
    msg: roadrunner response send failed
    phase: buffered_response
=NOTICE REPORT==== 29-Jun-2026::11:11:00.389779 ===
    reason: enotconn
    msg: roadrunner response send failed
    phase: buffered_response
=NOTICE REPORT==== 29-Jun-2026::11:11:00.389197 ===
    reason: enotconn
    msg: roadrunner response send failed
    phase: buffered_response
=NOTICE REPORT==== 29-Jun-2026::11:11:00.387581 ===
    reason: enotconn
    msg: roadrunner response send failed
    phase: buffered_response
=NOTICE REPORT==== 29-Jun-2026::11:11:00.389206 ===
    reason: enotconn
    msg: roadrunner response send failed
    phase: buffered_response
=NOTICE REPORT==== 29-Jun-2026::11:11:00.382474 ===
    reason: closed
    msg: roadrunner response send failed
    phase: buffered_response
=NOTICE REPORT==== 29-Jun-2026::11:11:00.385952 ===
    reason: enotconn
    msg: roadrunner response send failed
    phase: buffered_response
=NOTICE REPORT==== 29-Jun-2026::11:11:00.389712 ===
    reason: enotconn
    msg: roadrunner response send failed
    phase: buffered_response
=NOTICE REPORT==== 29-Jun-2026::11:11:00.387812 ===
    reason: enotconn
    msg: roadrunner response send failed
    phase: buffered_response
=NOTICE REPORT==== 29-Jun-2026::11:11:00.386525 ===
    reason: enotconn
    msg: roadrunner response send failed
    phase: buffered_response
=NOTICE REPORT==== 29-Jun-2026::11:11:00.389002 ===
    reason: enotconn
    msg: roadrunner response send failed
    phase: buffered_response
=NOTICE REPORT==== 29-Jun-2026::11:11:00.389306 ===
    reason: enotconn
    msg: roadrunner response send failed
    phase: buffered_response
=NOTICE REPORT==== 29-Jun-2026::11:11:00.389129 ===
    reason: enotconn
    msg: roadrunner response send failed
    phase: buffered_response
=NOTICE REPORT==== 29-Jun-2026::11:11:00.390985 ===
    reason: enotconn
    msg: roadrunner response send failed
    phase: buffered_response
=NOTICE REPORT==== 29-Jun-2026::11:11:00.390878 ===
    reason: enotconn
    msg: roadrunner response send failed
    phase: buffered_response
=NOTICE REPORT==== 29-Jun-2026::11:11:00.390991 ===
    reason: enotconn
    msg: roadrunner response send failed
    phase: buffered_response
=NOTICE REPORT==== 29-Jun-2026::11:11:00.390887 ===
    reason: enotconn
    msg: roadrunner response send failed
    phase: buffered_response
=NOTICE REPORT==== 29-Jun-2026::11:11:00.390931 ===
    reason: enotconn
    msg: roadrunner response send failed
    phase: buffered_response
=NOTICE REPORT==== 29-Jun-2026::11:11:00.390974 ===
    reason: enotconn
    msg: roadrunner response send failed
    phase: buffered_response
=NOTICE REPORT==== 29-Jun-2026::11:11:00.388229 ===
    reason: enotconn
    msg: roadrunner response send failed
    phase: buffered_response
=NOTICE REPORT==== 29-Jun-2026::11:11:00.388923 ===
    reason: enotconn
    msg: roadrunner response send failed
    phase: buffered_response
=NOTICE REPORT==== 29-Jun-2026::11:11:00.390892 ===
    reason: enotconn
    msg: roadrunner response send failed
    phase: buffered_response
=NOTICE REPORT==== 29-Jun-2026::11:11:00.390983 ===
    reason: enotconn
    msg: roadrunner response send failed
    phase: buffered_response
=NOTICE REPORT==== 29-Jun-2026::11:11:00.390791 ===
    reason: enotconn
    msg: roadrunner response send failed
    phase: buffered_response
=NOTICE REPORT==== 29-Jun-2026::11:11:00.390796 ===
    reason: enotconn
    msg: roadrunner response send failed
    phase: buffered_response
=NOTICE REPORT==== 29-Jun-2026::11:11:00.386577 ===
    reason: enotconn
    msg: roadrunner response send failed
    phase: buffered_response
=NOTICE REPORT==== 29-Jun-2026::11:11:00.391418 ===
    reason: enotconn
    msg: roadrunner response send failed
    phase: buffered_response
=NOTICE REPORT==== 29-Jun-2026::11:11:00.389659 ===
    reason: enotconn
    msg: roadrunner response send failed
    phase: buffered_response
=NOTICE REPORT==== 29-Jun-2026::11:11:00.383453 ===
    reason: closed
    msg: roadrunner response send failed
    phase: buffered_response
=NOTICE REPORT==== 29-Jun-2026::11:11:00.389018 ===
    reason: enotconn
    msg: roadrunner response send failed
    phase: buffered_response
=NOTICE REPORT==== 29-Jun-2026::11:11:00.391012 ===
    reason: enotconn
    msg: roadrunner response send failed
    phase: buffered_response
=NOTICE REPORT==== 29-Jun-2026::11:11:00.391396 ===
    reason: enotconn
    msg: roadrunner response send failed
    phase: buffered_response
=NOTICE REPORT==== 29-Jun-2026::11:11:00.392327 ===
    reason: enotconn
    msg: roadrunner response send failed
    phase: buffered_response
=NOTICE REPORT==== 29-Jun-2026::11:11:00.392483 ===
    reason: enotconn
    msg: roadrunner response send failed
    phase: buffered_response
=NOTICE REPORT==== 29-Jun-2026::11:11:00.392693 ===
    reason: enotconn
    msg: roadrunner response send failed
    phase: buffered_response
=NOTICE REPORT==== 29-Jun-2026::11:11:00.392717 ===
    reason: enotconn
    msg: roadrunner response send failed
    phase: buffered_response
=NOTICE REPORT==== 29-Jun-2026::11:11:00.392359 ===
    reason: enotconn
    msg: roadrunner response send failed
    phase: buffered_response
=NOTICE REPORT==== 29-Jun-2026::11:11:00.392368 ===
    reason: enotconn
    msg: roadrunner response send failed
    phase: buffered_response
=NOTICE REPORT==== 29-Jun-2026::11:11:00.390331 ===
    reason: enotconn
    msg: roadrunner response send failed
    phase: buffered_response
=NOTICE REPORT==== 29-Jun-2026::11:11:00.392290 ===
    reason: enotconn
    msg: roadrunner response send failed
    phase: buffered_response
=NOTICE REPORT==== 29-Jun-2026::11:11:00.389696 ===
    reason: enotconn
    msg: roadrunner response send failed
    phase: buffered_response
=NOTICE REPORT==== 29-Jun-2026::11:11:00.392247 ===
    reason: enotconn
    msg: roadrunner response send failed
    phase: buffered_response
=NOTICE REPORT==== 29-Jun-2026::11:11:00.390432 ===
    reason: enotconn
    msg: roadrunner response send failed
    phase: buffered_response
=NOTICE REPORT==== 29-Jun-2026::11:11:00.392337 ===
    reason: enotconn
    msg: roadrunner response send failed
    phase: buffered_response
=NOTICE REPORT==== 29-Jun-2026::11:11:00.392369 ===
    reason: enotconn
    msg: roadrunner response send failed
    phase: buffered_response
=NOTICE REPORT==== 29-Jun-2026::11:11:00.392218 ===
    reason: enotconn
    msg: roadrunner response send failed
    phase: buffered_response
=NOTICE REPORT==== 29-Jun-2026::11:11:00.391419 ===
    reason: enotconn
    msg: roadrunner response send failed
    phase: buffered_response
=NOTICE REPORT==== 29-Jun-2026::11:11:00.393556 ===
    reason: enotconn
    msg: roadrunner response send failed
    phase: buffered_response
=NOTICE REPORT==== 29-Jun-2026::11:11:00.394333 ===
    reason: enotconn
    msg: roadrunner response send failed
    phase: buffered_response
=NOTICE REPORT==== 29-Jun-2026::11:11:00.391316 ===
    reason: enotconn
    msg: roadrunner response send failed
    phase: buffered_response
=NOTICE REPORT==== 29-Jun-2026::11:11:00.393592 ===
    reason: enotconn
    msg: roadrunner response send failed
    phase: buffered_response
=NOTICE REPORT==== 29-Jun-2026::11:11:00.393599 ===
    reason: enotconn
    msg: roadrunner response send failed
    phase: buffered_response
=NOTICE REPORT==== 29-Jun-2026::11:11:00.391446 ===
    reason: enotconn
    msg: roadrunner response send failed
    phase: buffered_response
=NOTICE REPORT==== 29-Jun-2026::11:11:00.393513 ===
    reason: enotconn
    msg: roadrunner response send failed
    phase: buffered_response
=NOTICE REPORT==== 29-Jun-2026::11:11:00.393566 ===
    reason: enotconn
    msg: roadrunner response send failed
    phase: buffered_response
=NOTICE REPORT==== 29-Jun-2026::11:11:00.390496 ===
    reason: enotconn
    msg: roadrunner response send failed
    phase: buffered_response
=NOTICE REPORT==== 29-Jun-2026::11:11:00.391274 ===
    reason: enotconn
    msg: roadrunner response send failed
    phase: buffered_response
=NOTICE REPORT==== 29-Jun-2026::11:11:00.391457 ===
    reason: enotconn
    msg: roadrunner response send failed
    phase: buffered_response
=NOTICE REPORT==== 29-Jun-2026::11:11:00.393001 ===
    reason: enotconn
    msg: roadrunner response send failed
    phase: buffered_response
=NOTICE REPORT==== 29-Jun-2026::11:11:00.393871 ===
    reason: enotconn
    msg: roadrunner response send failed
    phase: buffered_response
=NOTICE REPORT==== 29-Jun-2026::11:11:00.393009 ===
    reason: enotconn
    msg: roadrunner response send failed
    phase: buffered_response
=NOTICE REPORT==== 29-Jun-2026::11:11:00.391405 ===
    reason: enotconn
    msg: roadrunner response send failed
    phase: buffered_response
=NOTICE REPORT==== 29-Jun-2026::11:11:00.393605 ===
    reason: enotconn
    msg: roadrunner response send failed
    phase: buffered_response
=NOTICE REPORT==== 29-Jun-2026::11:11:00.392620 ===
    reason: enotconn
    msg: roadrunner response send failed
    phase: buffered_response
=NOTICE REPORT==== 29-Jun-2026::11:11:00.395241 ===
    reason: enotconn
    msg: roadrunner response send failed
    phase: buffered_response
=NOTICE REPORT==== 29-Jun-2026::11:11:00.396354 ===
    reason: enotconn
    msg: roadrunner response send failed
    phase: buffered_response
=NOTICE REPORT==== 29-Jun-2026::11:11:00.394577 ===
    reason: enotconn
    msg: roadrunner response send failed
    phase: buffered_response
=NOTICE REPORT==== 29-Jun-2026::11:11:00.395325 ===
    reason: enotconn
    msg: roadrunner response send failed
    phase: buffered_response
=NOTICE REPORT==== 29-Jun-2026::11:11:00.392673 ===
    reason: enotconn
    msg: roadrunner response send failed
    phase: buffered_response
=NOTICE REPORT==== 29-Jun-2026::11:11:00.394584 ===
    reason: enotconn
    msg: roadrunner response send failed
    phase: buffered_response
=NOTICE REPORT==== 29-Jun-2026::11:11:00.394759 ===
    reason: enotconn
    msg: roadrunner response send failed
    phase: buffered_response
=NOTICE REPORT==== 29-Jun-2026::11:11:00.394591 ===
    reason: enotconn
    msg: roadrunner response send failed
    phase: buffered_response
=NOTICE REPORT==== 29-Jun-2026::11:11:00.394798 ===
    reason: enotconn
    msg: roadrunner response send failed
    phase: buffered_response
=NOTICE REPORT==== 29-Jun-2026::11:11:00.394568 ===
    reason: enotconn
    msg: roadrunner response send failed
    phase: buffered_response
=NOTICE REPORT==== 29-Jun-2026::11:11:00.392826 ===
    reason: enotconn
    msg: roadrunner response send failed
    phase: buffered_response
=NOTICE REPORT==== 29-Jun-2026::11:11:00.394973 ===
    reason: enotconn
    msg: roadrunner response send failed
    phase: buffered_response
=NOTICE REPORT==== 29-Jun-2026::11:11:00.392667 ===
    reason: enotconn
    msg: roadrunner response send failed
    phase: buffered_response
=NOTICE REPORT==== 29-Jun-2026::11:11:00.393641 ===
    reason: enotconn
    msg: roadrunner response send failed
    phase: buffered_response
=NOTICE REPORT==== 29-Jun-2026::11:11:00.392742 ===
    reason: enotconn
    msg: roadrunner response send failed
    phase: buffered_response
=NOTICE REPORT==== 29-Jun-2026::11:11:00.394929 ===
    reason: enotconn
    msg: roadrunner response send failed
    phase: buffered_response
=NOTICE REPORT==== 29-Jun-2026::11:11:00.396114 ===
    reason: enotconn
    msg: roadrunner response send failed
    phase: buffered_response
=NOTICE REPORT==== 29-Jun-2026::11:11:00.396302 ===
    reason: enotconn
    msg: roadrunner response send failed
    phase: buffered_response
=NOTICE REPORT==== 29-Jun-2026::11:11:00.393429 ===
    reason: enotconn
    msg: roadrunner response send failed
    phase: buffered_response
=NOTICE REPORT==== 29-Jun-2026::11:11:00.394060 ===
    reason: enotconn
    msg: roadrunner response send failed
    phase: buffered_response
=NOTICE REPORT==== 29-Jun-2026::11:11:00.394271 ===
    reason: enotconn
    msg: roadrunner response send failed
    phase: buffered_response
=NOTICE REPORT==== 29-Jun-2026::11:11:00.396298 ===
    reason: enotconn
    msg: roadrunner response send failed
    phase: buffered_response
=NOTICE REPORT==== 29-Jun-2026::11:11:00.391852 ===
    reason: enotconn
    msg: roadrunner response send failed
    phase: buffered_response
=NOTICE REPORT==== 29-Jun-2026::11:11:00.396276 ===
    reason: enotconn
    msg: roadrunner response send failed
    phase: buffered_response
=NOTICE REPORT==== 29-Jun-2026::11:11:00.393893 ===
    reason: enotconn
    msg: roadrunner response send failed
    phase: buffered_response
=NOTICE REPORT==== 29-Jun-2026::11:11:00.396147 ===
    reason: enotconn
    msg: roadrunner response send failed
    phase: buffered_response
=NOTICE REPORT==== 29-Jun-2026::11:11:00.396156 ===
    reason: enotconn
    msg: roadrunner response send failed
    phase: buffered_response
=NOTICE REPORT==== 29-Jun-2026::11:11:00.396284 ===
    reason: enotconn
    msg: roadrunner response send failed
    phase: buffered_response
=NOTICE REPORT==== 29-Jun-2026::11:11:00.396177 ===
    reason: enotconn
    msg: roadrunner response send failed
    phase: buffered_response
=NOTICE REPORT==== 29-Jun-2026::11:11:00.393439 ===
    reason: enotconn
    msg: roadrunner response send failed
    phase: buffered_response
=NOTICE REPORT==== 29-Jun-2026::11:11:00.396041 ===
    reason: enotconn
    msg: roadrunner response send failed
    phase: buffered_response
=NOTICE REPORT==== 29-Jun-2026::11:11:00.396122 ===
    reason: enotconn
    msg: roadrunner response send failed
    phase: buffered_response
=NOTICE REPORT==== 29-Jun-2026::11:11:00.396188 ===
    reason: enotconn
    msg: roadrunner response send failed
    phase: buffered_response
=NOTICE REPORT==== 29-Jun-2026::11:11:00.396742 ===
    reason: enotconn
    msg: roadrunner response send failed
    phase: buffered_response
=NOTICE REPORT==== 29-Jun-2026::11:11:00.392496 ===
    reason: enotconn
    msg: roadrunner response send failed
    phase: buffered_response
=NOTICE REPORT==== 29-Jun-2026::11:11:00.394014 ===
    reason: enotconn
    msg: roadrunner response send failed
    phase: buffered_response
=NOTICE REPORT==== 29-Jun-2026::11:11:00.397530 ===
    reason: enotconn
    msg: roadrunner response send failed
    phase: buffered_response
=NOTICE REPORT==== 29-Jun-2026::11:11:00.397918 ===
    reason: enotconn
    msg: roadrunner response send failed
    phase: buffered_response
=NOTICE REPORT==== 29-Jun-2026::11:11:00.394313 ===
    reason: enotconn
    msg: roadrunner response send failed
    phase: buffered_response
=NOTICE REPORT==== 29-Jun-2026::11:11:00.395629 ===
    reason: enotconn
    msg: roadrunner response send failed
    phase: buffered_response
=NOTICE REPORT==== 29-Jun-2026::11:11:00.395728 ===
    reason: enotconn
    msg: roadrunner response send failed
    phase: buffered_response
=NOTICE REPORT==== 29-Jun-2026::11:11:00.397514 ===
    reason: enotconn
    msg: roadrunner response send failed
    phase: buffered_response
=NOTICE REPORT==== 29-Jun-2026::11:11:00.397052 ===
    reason: enotconn
    msg: roadrunner response send failed
    phase: buffered_response
=NOTICE REPORT==== 29-Jun-2026::11:11:00.397061 ===
    reason: enotconn
    msg: roadrunner response send failed
    phase: buffered_response
=NOTICE REPORT==== 29-Jun-2026::11:11:00.397492 ===
    reason: enotconn
    msg: roadrunner response send failed
    phase: buffered_response
=NOTICE REPORT==== 29-Jun-2026::11:11:00.396547 ===
    reason: enotconn
    msg: roadrunner response send failed
    phase: buffered_response
=NOTICE REPORT==== 29-Jun-2026::11:11:00.390710 ===
    reason: enotconn
    msg: roadrunner response send failed
    phase: buffered_response
=NOTICE REPORT==== 29-Jun-2026::11:11:00.393347 ===
    reason: enotconn
    msg: roadrunner response send failed
    phase: buffered_response
=NOTICE REPORT==== 29-Jun-2026::11:11:00.396455 ===
    reason: enotconn
    msg: roadrunner response send failed
    phase: buffered_response
=NOTICE REPORT==== 29-Jun-2026::11:11:00.396713 ===
    reason: enotconn
    msg: roadrunner response send failed
    phase: buffered_response
=NOTICE REPORT==== 29-Jun-2026::11:11:00.398673 ===
    reason: enotconn
    msg: roadrunner response send failed
    phase: buffered_response
=NOTICE REPORT==== 29-Jun-2026::11:11:00.398516 ===
    reason: enotconn
    msg: roadrunner response send failed
    phase: buffered_response
=NOTICE REPORT==== 29-Jun-2026::11:11:00.398663 ===
    reason: enotconn
    msg: roadrunner response send failed
    phase: buffered_response
=NOTICE REPORT==== 29-Jun-2026::11:11:00.398525 ===
    reason: enotconn
    msg: roadrunner response send failed
    phase: buffered_response
=NOTICE REPORT==== 29-Jun-2026::11:11:00.396543 ===
    reason: enotconn
    msg: roadrunner response send failed
    phase: buffered_response
=NOTICE REPORT==== 29-Jun-2026::11:11:00.398719 ===
    reason: enotconn
    msg: roadrunner response send failed
    phase: buffered_response
=NOTICE REPORT==== 29-Jun-2026::11:11:00.398532 ===
    reason: enotconn
    msg: roadrunner response send failed
    phase: buffered_response
=NOTICE REPORT==== 29-Jun-2026::11:11:00.398736 ===
    reason: enotconn
    msg: roadrunner response send failed
    phase: buffered_response
=NOTICE REPORT==== 29-Jun-2026::11:11:00.398620 ===
    reason: enotconn
    msg: roadrunner response send failed
    phase: buffered_response
=NOTICE REPORT==== 29-Jun-2026::11:11:00.398671 ===
    reason: enotconn
    msg: roadrunner response send failed
    phase: buffered_response
=NOTICE REPORT==== 29-Jun-2026::11:11:00.396061 ===
    reason: enotconn
    msg: roadrunner response send failed
    phase: buffered_response
=NOTICE REPORT==== 29-Jun-2026::11:11:00.393356 ===
    reason: enotconn
    msg: roadrunner response send failed
    phase: buffered_response
=NOTICE REPORT==== 29-Jun-2026::11:11:00.396553 ===
    reason: enotconn
    msg: roadrunner response send failed
    phase: buffered_response
=NOTICE REPORT==== 29-Jun-2026::11:11:00.393417 ===
    reason: enotconn
    msg: roadrunner response send failed
    phase: buffered_response
=NOTICE REPORT==== 29-Jun-2026::11:11:00.397540 ===
    reason: enotconn
    msg: roadrunner response send failed
    phase: buffered_response
=NOTICE REPORT==== 29-Jun-2026::11:11:00.394385 ===
    reason: enotconn
    msg: roadrunner response send failed
    phase: buffered_response
=NOTICE REPORT==== 29-Jun-2026::11:11:00.396464 ===
    reason: enotconn
    msg: roadrunner response send failed
    phase: buffered_response
=NOTICE REPORT==== 29-Jun-2026::11:11:00.396506 ===
    reason: enotconn
    msg: roadrunner response send failed
    phase: buffered_response
=NOTICE REPORT==== 29-Jun-2026::11:11:00.398761 ===
    reason: enotconn
    msg: roadrunner response send failed
    phase: buffered_response
=NOTICE REPORT==== 29-Jun-2026::11:11:00.397896 ===
    reason: enotconn
    msg: roadrunner response send failed
    phase: buffered_response
=NOTICE REPORT==== 29-Jun-2026::11:11:00.399872 ===
    reason: enotconn
    msg: roadrunner response send failed
    phase: buffered_response
=NOTICE REPORT==== 29-Jun-2026::11:11:00.400053 ===
    reason: enotconn
    msg: roadrunner response send failed
    phase: buffered_response
=NOTICE REPORT==== 29-Jun-2026::11:11:00.398040 ===
    reason: enotconn
    msg: roadrunner response send failed
    phase: buffered_response
=NOTICE REPORT==== 29-Jun-2026::11:11:00.400319 ===
    reason: enotconn
    msg: roadrunner response send failed
    phase: buffered_response
=NOTICE REPORT==== 29-Jun-2026::11:11:00.399942 ===
    reason: enotconn
    msg: roadrunner response send failed
    phase: buffered_response
=NOTICE REPORT==== 29-Jun-2026::11:11:00.400022 ===
    reason: enotconn
    msg: roadrunner response send failed
    phase: buffered_response
=NOTICE REPORT==== 29-Jun-2026::11:11:00.398002 ===
    reason: enotconn
    msg: roadrunner response send failed
    phase: buffered_response
=NOTICE REPORT==== 29-Jun-2026::11:11:00.396570 ===
    reason: enotconn
    msg: roadrunner response send failed
    phase: buffered_response
=NOTICE REPORT==== 29-Jun-2026::11:11:00.399897 ===
    reason: enotconn
    msg: roadrunner response send failed
    phase: buffered_response
=NOTICE REPORT==== 29-Jun-2026::11:11:00.399925 ===
    reason: enotconn
    msg: roadrunner response send failed
    phase: buffered_response
=NOTICE REPORT==== 29-Jun-2026::11:11:00.400253 ===
    reason: enotconn
    msg: roadrunner response send failed
    phase: buffered_response
=NOTICE REPORT==== 29-Jun-2026::11:11:00.397925 ===
    reason: enotconn
    msg: roadrunner response send failed
    phase: buffered_response
=NOTICE REPORT==== 29-Jun-2026::11:11:00.399961 ===
    reason: enotconn
    msg: roadrunner response send failed
    phase: buffered_response
=NOTICE REPORT==== 29-Jun-2026::11:11:00.398157 ===
    reason: enotconn
    msg: roadrunner response send failed
    phase: buffered_response
=NOTICE REPORT==== 29-Jun-2026::11:11:00.400214 ===
    reason: enotconn
    msg: roadrunner response send failed
    phase: buffered_response
=NOTICE REPORT==== 29-Jun-2026::11:11:00.399250 ===
    reason: enotconn
    msg: roadrunner response send failed
    phase: buffered_response
=NOTICE REPORT==== 29-Jun-2026::11:11:00.401460 ===
    reason: enotconn
    msg: roadrunner response send failed
    phase: buffered_response
=NOTICE REPORT==== 29-Jun-2026::11:11:00.399432 ===
    reason: enotconn
    msg: roadrunner response send failed
    phase: buffered_response
=NOTICE REPORT==== 29-Jun-2026::11:11:00.402865 ===
    reason: enotconn
    msg: roadrunner response send failed
    phase: buffered_response
=NOTICE REPORT==== 29-Jun-2026::11:11:00.399953 ===
    reason: enotconn
    msg: roadrunner response send failed
    phase: buffered_response
=NOTICE REPORT==== 29-Jun-2026::11:11:00.399148 ===
    reason: enotconn
    msg: roadrunner response send failed
    phase: buffered_response
=NOTICE REPORT==== 29-Jun-2026::11:11:00.402865 ===
    reason: enotconn
    msg: roadrunner response send failed
    phase: buffered_response
=NOTICE REPORT==== 29-Jun-2026::11:11:00.400837 ===
    reason: enotconn
    msg: roadrunner response send failed
    phase: buffered_response
=NOTICE REPORT==== 29-Jun-2026::11:11:00.400846 ===
    reason: enotconn
    msg: roadrunner response send failed
    phase: buffered_response
=NOTICE REPORT==== 29-Jun-2026::11:11:00.401531 ===
    reason: enotconn
    msg: roadrunner response send failed
    phase: buffered_response
=NOTICE REPORT==== 29-Jun-2026::11:11:00.401410 ===
    reason: enotconn
    msg: roadrunner response send failed
    phase: buffered_response
=NOTICE REPORT==== 29-Jun-2026::11:11:00.399384 ===
    reason: enotconn
    msg: roadrunner response send failed
    phase: buffered_response
=NOTICE REPORT==== 29-Jun-2026::11:11:00.401871 ===
    reason: enotconn
    msg: roadrunner response send failed
    phase: buffered_response
=NOTICE REPORT==== 29-Jun-2026::11:11:00.399419 ===
    reason: enotconn
    msg: roadrunner response send failed
    phase: buffered_response
=NOTICE REPORT==== 29-Jun-2026::11:11:00.401859 ===
    reason: enotconn
    msg: roadrunner response send failed
    phase: buffered_response
=NOTICE REPORT==== 29-Jun-2026::11:11:00.402644 ===
    reason: enotconn
    msg: roadrunner response send failed
    phase: buffered_response
=NOTICE REPORT==== 29-Jun-2026::11:11:00.402677 ===
    reason: enotconn
    msg: roadrunner response send failed
    phase: buffered_response
=NOTICE REPORT==== 29-Jun-2026::11:11:00.402654 ===
    reason: enotconn
    msg: roadrunner response send failed
    phase: buffered_response
=NOTICE REPORT==== 29-Jun-2026::11:11:00.401888 ===
    reason: enotconn
    msg: roadrunner response send failed
    phase: buffered_response
=NOTICE REPORT==== 29-Jun-2026::11:11:00.399507 ===
    reason: enotconn
    msg: roadrunner response send failed
    phase: buffered_response
=NOTICE REPORT==== 29-Jun-2026::11:11:00.403378 ===
    reason: enotconn
    msg: roadrunner response send failed
    phase: buffered_response
=NOTICE REPORT==== 29-Jun-2026::11:11:00.402660 ===
    reason: enotconn
    msg: roadrunner response send failed
    phase: buffered_response
=NOTICE REPORT==== 29-Jun-2026::11:11:00.400633 ===
    reason: enotconn
    msg: roadrunner response send failed
    phase: buffered_response
=NOTICE REPORT==== 29-Jun-2026::11:11:00.402507 ===
    reason: enotconn
    msg: roadrunner response send failed
    phase: buffered_response
=NOTICE REPORT==== 29-Jun-2026::11:11:00.402543 ===
    reason: enotconn
    msg: roadrunner response send failed
    phase: buffered_response
=NOTICE REPORT==== 29-Jun-2026::11:11:00.399428 ===
    reason: enotconn
    msg: roadrunner response send failed
    phase: buffered_response
=NOTICE REPORT==== 29-Jun-2026::11:11:00.401624 ===
    reason: enotconn
    msg: roadrunner response send failed
    phase: buffered_response
=NOTICE REPORT==== 29-Jun-2026::11:11:00.401897 ===
    reason: enotconn
    msg: roadrunner response send failed
    phase: buffered_response
=NOTICE REPORT==== 29-Jun-2026::11:11:00.400807 ===
    reason: enotconn
    msg: roadrunner response send failed
    phase: buffered_response
=NOTICE REPORT==== 29-Jun-2026::11:11:00.403503 ===
    reason: enotconn
    msg: roadrunner response send failed
    phase: buffered_response
=NOTICE REPORT==== 29-Jun-2026::11:11:00.402832 ===
    reason: enotconn
    msg: roadrunner response send failed
    phase: buffered_response
=NOTICE REPORT==== 29-Jun-2026::11:11:00.401881 ===
    reason: enotconn
    msg: roadrunner response send failed
    phase: buffered_response
=NOTICE REPORT==== 29-Jun-2026::11:11:00.401974 ===
    reason: enotconn
    msg: roadrunner response send failed
    phase: buffered_response
=NOTICE REPORT==== 29-Jun-2026::11:11:00.402779 ===
    reason: enotconn
    msg: roadrunner response send failed
    phase: buffered_response
=NOTICE REPORT==== 29-Jun-2026::11:11:00.403189 ===
    reason: enotconn
    msg: roadrunner response send failed
    phase: buffered_response
=NOTICE REPORT==== 29-Jun-2026::11:11:00.403944 ===
    reason: enotconn
    msg: roadrunner response send failed
    phase: buffered_response
=NOTICE REPORT==== 29-Jun-2026::11:11:00.404141 ===
    reason: enotconn
    msg: roadrunner response send failed
    phase: buffered_response
=NOTICE REPORT==== 29-Jun-2026::11:11:00.405840 ===
    reason: enotconn
    msg: roadrunner response send failed
    phase: buffered_response
=NOTICE REPORT==== 29-Jun-2026::11:11:00.403270 ===
    reason: enotconn
    msg: roadrunner response send failed
    phase: buffered_response
=NOTICE REPORT==== 29-Jun-2026::11:11:00.405096 ===
    reason: enotconn
    msg: roadrunner response send failed
    phase: buffered_response
=NOTICE REPORT==== 29-Jun-2026::11:11:00.404113 ===
    reason: enotconn
    msg: roadrunner response send failed
    phase: buffered_response
=NOTICE REPORT==== 29-Jun-2026::11:11:00.404124 ===
    reason: enotconn
    msg: roadrunner response send failed
    phase: buffered_response
=NOTICE REPORT==== 29-Jun-2026::11:11:00.403991 ===
    reason: enotconn
    msg: roadrunner response send failed
    phase: buffered_response
=NOTICE REPORT==== 29-Jun-2026::11:11:00.403973 ===
    reason: enotconn
    msg: roadrunner response send failed
    phase: buffered_response
=NOTICE REPORT==== 29-Jun-2026::11:11:00.403953 ===
    reason: enotconn
    msg: roadrunner response send failed
    phase: buffered_response
=NOTICE REPORT==== 29-Jun-2026::11:11:00.404752 ===
    reason: enotconn
    msg: roadrunner response send failed
    phase: buffered_response
=NOTICE REPORT==== 29-Jun-2026::11:11:00.404073 ===
    reason: enotconn
    msg: roadrunner response send failed
    phase: buffered_response
=NOTICE REPORT==== 29-Jun-2026::11:11:00.404761 ===
    reason: enotconn
    msg: roadrunner response send failed
    phase: buffered_response
=NOTICE REPORT==== 29-Jun-2026::11:11:00.403258 ===
    reason: enotconn
    msg: roadrunner response send failed
    phase: buffered_response
=NOTICE REPORT==== 29-Jun-2026::11:11:00.405363 ===
    reason: enotconn
    msg: roadrunner response send failed
    phase: buffered_response
=NOTICE REPORT==== 29-Jun-2026::11:11:00.406499 ===
    reason: enotconn
    msg: roadrunner response send failed
    phase: buffered_response
=NOTICE REPORT==== 29-Jun-2026::11:11:00.406725 ===
    reason: enotconn
    msg: roadrunner response send failed
    phase: buffered_response
=NOTICE REPORT==== 29-Jun-2026::11:11:00.402486 ===
    reason: enotconn
    msg: roadrunner response send failed
    phase: buffered_response
=NOTICE REPORT==== 29-Jun-2026::11:11:00.402494 ===
    reason: enotconn
    msg: roadrunner response send failed
    phase: buffered_response
=NOTICE REPORT==== 29-Jun-2026::11:11:00.403267 ===
    reason: enotconn
    msg: roadrunner response send failed
    phase: buffered_response
=NOTICE REPORT==== 29-Jun-2026::11:11:00.405291 ===
    reason: enotconn
    msg: roadrunner response send failed
    phase: buffered_response
=NOTICE REPORT==== 29-Jun-2026::11:11:00.403255 ===
    reason: enotconn
    msg: roadrunner response send failed
    phase: buffered_response
=NOTICE REPORT==== 29-Jun-2026::11:11:00.402302 ===
    reason: enotconn
    msg: roadrunner response send failed
    phase: buffered_response
=NOTICE REPORT==== 29-Jun-2026::11:11:00.404679 ===
    reason: enotconn
    msg: roadrunner response send failed
    phase: buffered_response
=NOTICE REPORT==== 29-Jun-2026::11:11:00.404849 ===
    reason: enotconn
    msg: roadrunner response send failed
    phase: buffered_response
=NOTICE REPORT==== 29-Jun-2026::11:11:00.406441 ===
    reason: enotconn
    msg: roadrunner response send failed
    phase: buffered_response
=NOTICE REPORT==== 29-Jun-2026::11:11:00.406450 ===
    reason: enotconn
    msg: roadrunner response send failed
    phase: buffered_response
=NOTICE REPORT==== 29-Jun-2026::11:11:00.406425 ===
    reason: enotconn
    msg: roadrunner response send failed
    phase: buffered_response
=NOTICE REPORT==== 29-Jun-2026::11:11:00.404527 ===
    reason: enotconn
    msg: roadrunner response send failed
    phase: buffered_response
=NOTICE REPORT==== 29-Jun-2026::11:11:00.406317 ===
    reason: enotconn
    msg: roadrunner response send failed
    phase: buffered_response
=NOTICE REPORT==== 29-Jun-2026::11:11:00.408515 ===
    reason: enotconn
    msg: roadrunner response send failed
    phase: buffered_response
=NOTICE REPORT==== 29-Jun-2026::11:11:00.405372 ===
    reason: enotconn
    msg: roadrunner response send failed
    phase: buffered_response
=NOTICE REPORT==== 29-Jun-2026::11:11:00.404648 ===
    reason: enotconn
    msg: roadrunner response send failed
    phase: buffered_response
=NOTICE REPORT==== 29-Jun-2026::11:11:00.406660 ===
    reason: enotconn
    msg: roadrunner response send failed
    phase: buffered_response
=NOTICE REPORT==== 29-Jun-2026::11:11:00.406548 ===
    reason: enotconn
    msg: roadrunner response send failed
    phase: buffered_response
=NOTICE REPORT==== 29-Jun-2026::11:11:00.407026 ===
    reason: enotconn
    msg: roadrunner response send failed
    phase: buffered_response
=NOTICE REPORT==== 29-Jun-2026::11:11:00.408045 ===
    reason: enotconn
    msg: roadrunner response send failed
    phase: buffered_response
=NOTICE REPORT==== 29-Jun-2026::11:11:00.407019 ===
    reason: enotconn
    msg: roadrunner response send failed
    phase: buffered_response
=NOTICE REPORT==== 29-Jun-2026::11:11:00.408188 ===
    reason: enotconn
    msg: roadrunner response send failed
    phase: buffered_response
=NOTICE REPORT==== 29-Jun-2026::11:11:00.408177 ===
    reason: enotconn
    msg: roadrunner response send failed
    phase: buffered_response
=NOTICE REPORT==== 29-Jun-2026::11:11:00.408187 ===
    reason: enotconn
    msg: roadrunner response send failed
    phase: buffered_response
=NOTICE REPORT==== 29-Jun-2026::11:11:00.406456 ===
    reason: enotconn
    msg: roadrunner response send failed
    phase: buffered_response
=NOTICE REPORT==== 29-Jun-2026::11:11:00.406061 ===
    reason: enotconn
    msg: roadrunner response send failed
    phase: buffered_response
=NOTICE REPORT==== 29-Jun-2026::11:11:00.408260 ===
    reason: enotconn
    msg: roadrunner response send failed
    phase: buffered_response
=NOTICE REPORT==== 29-Jun-2026::11:11:00.408147 ===
    reason: enotconn
    msg: roadrunner response send failed
    phase: buffered_response
=NOTICE REPORT==== 29-Jun-2026::11:11:00.406860 ===
    reason: enotconn
    msg: roadrunner response send failed
    phase: buffered_response
=NOTICE REPORT==== 29-Jun-2026::11:11:00.407029 ===
    reason: enotconn
    msg: roadrunner response send failed
    phase: buffered_response
=NOTICE REPORT==== 29-Jun-2026::11:11:00.406103 ===
    reason: enotconn
    msg: roadrunner response send failed
    phase: buffered_response
=NOTICE REPORT==== 29-Jun-2026::11:11:00.408053 ===
    reason: enotconn
    msg: roadrunner response send failed
    phase: buffered_response
=NOTICE REPORT==== 29-Jun-2026::11:11:00.407650 ===
    reason: enotconn
    msg: roadrunner response send failed
    phase: buffered_response
=NOTICE REPORT==== 29-Jun-2026::11:11:00.408045 ===
    reason: enotconn
    msg: roadrunner response send failed
    phase: buffered_response
=NOTICE REPORT==== 29-Jun-2026::11:11:00.407658 ===
    reason: enotconn
    msg: roadrunner response send failed
    phase: buffered_response
=NOTICE REPORT==== 29-Jun-2026::11:11:00.407035 ===
    reason: enotconn
    msg: roadrunner response send failed
    phase: buffered_response
=NOTICE REPORT==== 29-Jun-2026::11:11:00.407007 ===
    reason: enotconn
    msg: roadrunner response send failed
    phase: buffered_response
=NOTICE REPORT==== 29-Jun-2026::11:11:00.404985 ===
    reason: enotconn
    msg: roadrunner response send failed
    phase: buffered_response
=NOTICE REPORT==== 29-Jun-2026::11:11:00.408321 ===
    reason: enotconn
    msg: roadrunner response send failed
    phase: buffered_response
=NOTICE REPORT==== 29-Jun-2026::11:11:00.409584 ===
    reason: enotconn
    msg: roadrunner response send failed
    phase: buffered_response
=NOTICE REPORT==== 29-Jun-2026::11:11:00.407135 ===
    reason: enotconn
    msg: roadrunner response send failed
    phase: buffered_response
=NOTICE REPORT==== 29-Jun-2026::11:11:00.404994 ===
    reason: enotconn
    msg: roadrunner response send failed
    phase: buffered_response
=NOTICE REPORT==== 29-Jun-2026::11:11:00.405000 ===
    reason: enotconn
    msg: roadrunner response send failed
    phase: buffered_response
=NOTICE REPORT==== 29-Jun-2026::11:11:00.404844 ===
    reason: enotconn
    msg: roadrunner response send failed
    phase: buffered_response
=NOTICE REPORT==== 29-Jun-2026::11:11:00.409573 ===
    reason: enotconn
    msg: roadrunner response send failed
    phase: buffered_response
=NOTICE REPORT==== 29-Jun-2026::11:11:00.408573 ===
    reason: enotconn
    msg: roadrunner response send failed
    phase: buffered_response
=NOTICE REPORT==== 29-Jun-2026::11:11:00.408461 ===
    reason: enotconn
    msg: roadrunner response send failed
    phase: buffered_response
=NOTICE REPORT==== 29-Jun-2026::11:11:00.410722 ===
    reason: enotconn
    msg: roadrunner response send failed
    phase: buffered_response
=NOTICE REPORT==== 29-Jun-2026::11:11:00.408681 ===
    reason: enotconn
    msg: roadrunner response send failed
    phase: buffered_response
=NOTICE REPORT==== 29-Jun-2026::11:11:00.410965 ===
    reason: enotconn
    msg: roadrunner response send failed
    phase: buffered_response
=NOTICE REPORT==== 29-Jun-2026::11:11:00.410731 ===
    reason: enotconn
    msg: roadrunner response send failed
    phase: buffered_response
=NOTICE REPORT==== 29-Jun-2026::11:11:00.410676 ===
    reason: enotconn
    msg: roadrunner response send failed
    phase: buffered_response
=NOTICE REPORT==== 29-Jun-2026::11:11:00.410596 ===
    reason: enotconn
    msg: roadrunner response send failed
    phase: buffered_response
=NOTICE REPORT==== 29-Jun-2026::11:11:00.410799 ===
    reason: enotconn
    msg: roadrunner response send failed
    phase: buffered_response
=NOTICE REPORT==== 29-Jun-2026::11:11:00.408686 ===
    reason: enotconn
    msg: roadrunner response send failed
    phase: buffered_response
=NOTICE REPORT==== 29-Jun-2026::11:11:00.408625 ===
    reason: enotconn
    msg: roadrunner response send failed
    phase: buffered_response
=NOTICE REPORT==== 29-Jun-2026::11:11:00.409657 ===
    reason: enotconn
    msg: roadrunner response send failed
    phase: buffered_response
=NOTICE REPORT==== 29-Jun-2026::11:11:00.408668 ===
    reason: enotconn
    msg: roadrunner response send failed
    phase: buffered_response
=NOTICE REPORT==== 29-Jun-2026::11:11:00.410885 ===
    reason: enotconn
    msg: roadrunner response send failed
    phase: buffered_response
=NOTICE REPORT==== 29-Jun-2026::11:11:00.411966 ===
    reason: enotconn
    msg: roadrunner response send failed
    phase: buffered_response
=NOTICE REPORT==== 29-Jun-2026::11:11:00.410180 ===
    reason: enotconn
    msg: roadrunner response send failed
    phase: buffered_response
=NOTICE REPORT==== 29-Jun-2026::11:11:00.410335 ===
    reason: enotconn
    msg: roadrunner response send failed
    phase: buffered_response
=NOTICE REPORT==== 29-Jun-2026::11:11:00.410107 ===
    reason: enotconn
    msg: roadrunner response send failed
    phase: buffered_response
=NOTICE REPORT==== 29-Jun-2026::11:11:00.412110 ===
    reason: enotconn
    msg: roadrunner response send failed
    phase: buffered_response
=NOTICE REPORT==== 29-Jun-2026::11:11:00.410737 ===
    reason: enotconn
    msg: roadrunner response send failed
    phase: buffered_response
=NOTICE REPORT==== 29-Jun-2026::11:11:00.412142 ===
    reason: enotconn
    msg: roadrunner response send failed
    phase: buffered_response
=NOTICE REPORT==== 29-Jun-2026::11:11:00.409535 ===
    reason: enotconn
    msg: roadrunner response send failed
    phase: buffered_response
=NOTICE REPORT==== 29-Jun-2026::11:11:00.408644 ===
    reason: enotconn
    msg: roadrunner response send failed
    phase: buffered_response
=NOTICE REPORT==== 29-Jun-2026::11:11:00.411935 ===
    reason: enotconn
    msg: roadrunner response send failed
    phase: buffered_response
=NOTICE REPORT==== 29-Jun-2026::11:11:00.411974 ===
    reason: enotconn
    msg: roadrunner response send failed
    phase: buffered_response
=NOTICE REPORT==== 29-Jun-2026::11:11:00.411574 ===
    reason: enotconn
    msg: roadrunner response send failed
    phase: buffered_response
=NOTICE REPORT==== 29-Jun-2026::11:11:00.412081 ===
    reason: enotconn
    msg: roadrunner response send failed
    phase: buffered_response
=NOTICE REPORT==== 29-Jun-2026::11:11:00.411583 ===
    reason: enotconn
    msg: roadrunner response send failed
    phase: buffered_response
=NOTICE REPORT==== 29-Jun-2026::11:11:00.410254 ===
    reason: enotconn
    msg: roadrunner response send failed
    phase: buffered_response
=NOTICE REPORT==== 29-Jun-2026::11:11:00.412119 ===
    reason: enotconn
    msg: roadrunner response send failed
    phase: buffered_response
=NOTICE REPORT==== 29-Jun-2026::11:11:00.411282 ===
    reason: enotconn
    msg: roadrunner response send failed
    phase: buffered_response
=NOTICE REPORT==== 29-Jun-2026::11:11:00.412308 ===
    reason: enotconn
    msg: roadrunner response send failed
    phase: buffered_response
=NOTICE REPORT==== 29-Jun-2026::11:11:00.409019 ===
    reason: enotconn
    msg: roadrunner response send failed
    phase: buffered_response
=NOTICE REPORT==== 29-Jun-2026::11:11:00.413409 ===
    reason: enotconn
    msg: roadrunner response send failed
    phase: buffered_response
=NOTICE REPORT==== 29-Jun-2026::11:11:00.411347 ===
    reason: enotconn
    msg: roadrunner response send failed
    phase: buffered_response
=NOTICE REPORT==== 29-Jun-2026::11:11:00.409980 ===
    reason: enotconn
    msg: roadrunner response send failed
    phase: buffered_response
=NOTICE REPORT==== 29-Jun-2026::11:11:00.413159 ===
    reason: enotconn
    msg: roadrunner response send failed
    phase: buffered_response
=NOTICE REPORT==== 29-Jun-2026::11:11:00.411674 ===
    reason: enotconn
    msg: roadrunner response send failed
    phase: buffered_response
=NOTICE REPORT==== 29-Jun-2026::11:11:00.409028 ===
    reason: enotconn
    msg: roadrunner response send failed
    phase: buffered_response
=NOTICE REPORT==== 29-Jun-2026::11:11:00.411128 ===
    reason: enotconn
    msg: roadrunner response send failed
    phase: buffered_response
=NOTICE REPORT==== 29-Jun-2026::11:11:00.411356 ===
    reason: enotconn
    msg: roadrunner response send failed
    phase: buffered_response
=NOTICE REPORT==== 29-Jun-2026::11:11:00.411665 ===
    reason: enotconn
    msg: roadrunner response send failed
    phase: buffered_response
=NOTICE REPORT==== 29-Jun-2026::11:11:00.409418 ===
    reason: enotconn
    msg: roadrunner response send failed
    phase: buffered_response
=NOTICE REPORT==== 29-Jun-2026::11:11:00.413464 ===
    reason: enotconn
    msg: roadrunner response send failed
    phase: buffered_response
=NOTICE REPORT==== 29-Jun-2026::11:11:00.411291 ===
    reason: enotconn
    msg: roadrunner response send failed
    phase: buffered_response
=NOTICE REPORT==== 29-Jun-2026::11:11:00.413381 ===
    reason: enotconn
    msg: roadrunner response send failed
    phase: buffered_response
=NOTICE REPORT==== 29-Jun-2026::11:11:00.411349 ===
    reason: enotconn
    msg: roadrunner response send failed
    phase: buffered_response
=NOTICE REPORT==== 29-Jun-2026::11:11:00.412680 ===
    reason: enotconn
    msg: roadrunner response send failed
    phase: buffered_response
=NOTICE REPORT==== 29-Jun-2026::11:11:00.414554 ===
    reason: enotconn
    msg: roadrunner response send failed
    phase: buffered_response
=NOTICE REPORT==== 29-Jun-2026::11:11:00.414563 ===
    reason: enotconn
    msg: roadrunner response send failed
    phase: buffered_response
=NOTICE REPORT==== 29-Jun-2026::11:11:00.414510 ===
    reason: enotconn
    msg: roadrunner response send failed
    phase: buffered_response
=NOTICE REPORT==== 29-Jun-2026::11:11:00.414569 ===
    reason: enotconn
    msg: roadrunner response send failed
    phase: buffered_response
=NOTICE REPORT==== 29-Jun-2026::11:11:00.414455 ===
    reason: enotconn
    msg: roadrunner response send failed
    phase: buffered_response
=NOTICE REPORT==== 29-Jun-2026::11:11:00.414550 ===
    reason: enotconn
    msg: roadrunner response send failed
    phase: buffered_response
=NOTICE REPORT==== 29-Jun-2026::11:11:00.414648 ===
    reason: enotconn
    msg: roadrunner response send failed
    phase: buffered_response
=NOTICE REPORT==== 29-Jun-2026::11:11:00.413797 ===
    reason: enotconn
    msg: roadrunner response send failed
    phase: buffered_response
=NOTICE REPORT==== 29-Jun-2026::11:11:00.415724 ===
    reason: enotconn
    msg: roadrunner response send failed
    phase: buffered_response
=NOTICE REPORT==== 29-Jun-2026::11:11:00.413435 ===
    reason: enotconn
    msg: roadrunner response send failed
    phase: buffered_response
=NOTICE REPORT==== 29-Jun-2026::11:11:00.413825 ===
    reason: enotconn
    msg: roadrunner response send failed
    phase: buffered_response
=NOTICE REPORT==== 29-Jun-2026::11:11:00.415708 ===
    reason: enotconn
    msg: roadrunner response send failed
    phase: buffered_response
=NOTICE REPORT==== 29-Jun-2026::11:11:00.415899 ===
    reason: enotconn
    msg: roadrunner response send failed
    phase: buffered_response
=NOTICE REPORT==== 29-Jun-2026::11:11:00.415909 ===
    reason: enotconn
    msg: roadrunner response send failed
    phase: buffered_response
=NOTICE REPORT==== 29-Jun-2026::11:11:00.415890 ===
    reason: enotconn
    msg: roadrunner response send failed
    phase: buffered_response
=NOTICE REPORT==== 29-Jun-2026::11:11:00.413816 ===
    reason: enotconn
    msg: roadrunner response send failed
    phase: buffered_response
=NOTICE REPORT==== 29-Jun-2026::11:11:00.415844 ===
    reason: enotconn
    msg: roadrunner response send failed
    phase: buffered_response
=NOTICE REPORT==== 29-Jun-2026::11:11:00.415776 ===
    reason: enotconn
    msg: roadrunner response send failed
    phase: buffered_response
=NOTICE REPORT==== 29-Jun-2026::11:11:00.415344 ===
    reason: enotconn
    msg: roadrunner response send failed
    phase: buffered_response
=NOTICE REPORT==== 29-Jun-2026::11:11:00.413779 ===
    reason: enotconn
    msg: roadrunner response send failed
    phase: buffered_response
=NOTICE REPORT==== 29-Jun-2026::11:11:00.415838 ===
    reason: enotconn
    msg: roadrunner response send failed
    phase: buffered_response
=NOTICE REPORT==== 29-Jun-2026::11:11:00.415359 ===
    reason: enotconn
    msg: roadrunner response send failed
    phase: buffered_response
=NOTICE REPORT==== 29-Jun-2026::11:11:00.413998 ===
    reason: enotconn
    msg: roadrunner response send failed
    phase: buffered_response
=NOTICE REPORT==== 29-Jun-2026::11:11:00.413219 ===
    reason: enotconn
    msg: roadrunner response send failed
    phase: buffered_response
=NOTICE REPORT==== 29-Jun-2026::11:11:00.415809 ===
    reason: enotconn
    msg: roadrunner response send failed
    phase: buffered_response
=NOTICE REPORT==== 29-Jun-2026::11:11:00.415126 ===
    reason: enotconn
    msg: roadrunner response send failed
    phase: buffered_response
=NOTICE REPORT==== 29-Jun-2026::11:11:00.417167 ===
    reason: enotconn
    msg: roadrunner response send failed
    phase: buffered_response
=NOTICE REPORT==== 29-Jun-2026::11:11:00.415339 ===
    reason: enotconn
    msg: roadrunner response send failed
    phase: buffered_response
=NOTICE REPORT==== 29-Jun-2026::11:11:00.415221 ===
    reason: enotconn
    msg: roadrunner response send failed
    phase: buffered_response
=NOTICE REPORT==== 29-Jun-2026::11:11:00.415819 ===
    reason: enotconn
    msg: roadrunner response send failed
    phase: buffered_response
=NOTICE REPORT==== 29-Jun-2026::11:11:00.414493 ===
    reason: enotconn
    msg: roadrunner response send failed
    phase: buffered_response
=NOTICE REPORT==== 29-Jun-2026::11:11:00.417176 ===
    reason: enotconn
    msg: roadrunner response send failed
    phase: buffered_response
=NOTICE REPORT==== 29-Jun-2026::11:11:00.417152 ===
    reason: enotconn
    msg: roadrunner response send failed
    phase: buffered_response
=NOTICE REPORT==== 29-Jun-2026::11:11:00.415211 ===
    reason: enotconn
    msg: roadrunner response send failed
    phase: buffered_response
=NOTICE REPORT==== 29-Jun-2026::11:11:00.416423 ===
    reason: enotconn
    msg: roadrunner response send failed
    phase: buffered_response
=NOTICE REPORT==== 29-Jun-2026::11:11:00.417205 ===
    reason: enotconn
    msg: roadrunner response send failed
    phase: buffered_response
=NOTICE REPORT==== 29-Jun-2026::11:11:00.418222 ===
    reason: enotconn
    msg: roadrunner response send failed
    phase: buffered_response
=NOTICE REPORT==== 29-Jun-2026::11:11:00.418376 ===
    reason: enotconn
    msg: roadrunner response send failed
    phase: buffered_response
=NOTICE REPORT==== 29-Jun-2026::11:11:00.418232 ===
    reason: enotconn
    msg: roadrunner response send failed
    phase: buffered_response
=NOTICE REPORT==== 29-Jun-2026::11:11:00.416386 ===
    reason: enotconn
    msg: roadrunner response send failed
    phase: buffered_response
=NOTICE REPORT==== 29-Jun-2026::11:11:00.418236 ===
    reason: enotconn
    msg: roadrunner response send failed
    phase: buffered_response
=NOTICE REPORT==== 29-Jun-2026::11:11:00.418238 ===
    reason: enotconn
    msg: roadrunner response send failed
    phase: buffered_response
=NOTICE REPORT==== 29-Jun-2026::11:11:00.416537 ===
    reason: enotconn
    msg: roadrunner response send failed
    phase: buffered_response
=NOTICE REPORT==== 29-Jun-2026::11:11:00.418318 ===
    reason: enotconn
    msg: roadrunner response send failed
    phase: buffered_response
=NOTICE REPORT==== 29-Jun-2026::11:11:00.418229 ===
    reason: enotconn
    msg: roadrunner response send failed
    phase: buffered_response
=NOTICE REPORT==== 29-Jun-2026::11:11:00.415368 ===
    reason: enotconn
    msg: roadrunner response send failed
    phase: buffered_response
=NOTICE REPORT==== 29-Jun-2026::11:11:00.415955 ===
    reason: enotconn
    msg: roadrunner response send failed
    phase: buffered_response
=NOTICE REPORT==== 29-Jun-2026::11:11:00.416396 ===
    reason: enotconn
    msg: roadrunner response send failed
    phase: buffered_response
=NOTICE REPORT==== 29-Jun-2026::11:11:00.416697 ===
    reason: enotconn
    msg: roadrunner response send failed
    phase: buffered_response
=NOTICE REPORT==== 29-Jun-2026::11:11:00.416432 ===
    reason: enotconn
    msg: roadrunner response send failed
    phase: buffered_response
=NOTICE REPORT==== 29-Jun-2026::11:11:00.416456 ===
    reason: enotconn
    msg: roadrunner response send failed
    phase: buffered_response
=NOTICE REPORT==== 29-Jun-2026::11:11:00.418464 ===
    reason: enotconn
    msg: roadrunner response send failed
    phase: buffered_response
=NOTICE REPORT==== 29-Jun-2026::11:11:00.412551 ===
    reason: enotconn
    msg: roadrunner response send failed
    phase: buffered_response
=NOTICE REPORT==== 29-Jun-2026::11:11:00.419511 ===
    reason: enotconn
    msg: roadrunner response send failed
    phase: buffered_response
=NOTICE REPORT==== 29-Jun-2026::11:11:00.421199 ===
    reason: enotconn
    msg: roadrunner response send failed
    phase: buffered_response
=NOTICE REPORT==== 29-Jun-2026::11:11:00.417449 ===
    reason: enotconn
    msg: roadrunner response send failed
    phase: buffered_response
=NOTICE REPORT==== 29-Jun-2026::11:11:00.419650 ===
    reason: enotconn
    msg: roadrunner response send failed
    phase: buffered_response
=NOTICE REPORT==== 29-Jun-2026::11:11:00.419660 ===
    reason: enotconn
    msg: roadrunner response send failed
    phase: buffered_response
=NOTICE REPORT==== 29-Jun-2026::11:11:00.419740 ===
    reason: enotconn
    msg: roadrunner response send failed
    phase: buffered_response
=NOTICE REPORT==== 29-Jun-2026::11:11:00.419500 ===
    reason: enotconn
    msg: roadrunner response send failed
    phase: buffered_response
=NOTICE REPORT==== 29-Jun-2026::11:11:00.412560 ===
    reason: enotconn
    msg: roadrunner response send failed
    phase: buffered_response
=NOTICE REPORT==== 29-Jun-2026::11:11:00.419520 ===
    reason: enotconn
    msg: roadrunner response send failed
    phase: buffered_response
=NOTICE REPORT==== 29-Jun-2026::11:11:00.419740 ===
    reason: enotconn
    msg: roadrunner response send failed
    phase: buffered_response
=NOTICE REPORT==== 29-Jun-2026::11:11:00.412566 ===
    reason: enotconn
    msg: roadrunner response send failed
    phase: buffered_response
=NOTICE REPORT==== 29-Jun-2026::11:11:00.416198 ===
    reason: enotconn
    msg: roadrunner response send failed
    phase: buffered_response
=NOTICE REPORT==== 29-Jun-2026::11:11:00.418831 ===
    reason: enotconn
    msg: roadrunner response send failed
    phase: buffered_response
=NOTICE REPORT==== 29-Jun-2026::11:11:00.420990 ===
    reason: enotconn
    msg: roadrunner response send failed
    phase: buffered_response
=NOTICE REPORT==== 29-Jun-2026::11:11:00.418890 ===
    reason: enotconn
    msg: roadrunner response send failed
    phase: buffered_response
=NOTICE REPORT==== 29-Jun-2026::11:11:00.420814 ===
    reason: enotconn
    msg: roadrunner response send failed
    phase: buffered_response
=NOTICE REPORT==== 29-Jun-2026::11:11:00.418907 ===
    reason: enotconn
    msg: roadrunner response send failed
    phase: buffered_response
=NOTICE REPORT==== 29-Jun-2026::11:11:00.418792 ===
    reason: enotconn
    msg: roadrunner response send failed
    phase: buffered_response
=NOTICE REPORT==== 29-Jun-2026::11:11:00.421005 ===
    reason: enotconn
    msg: roadrunner response send failed
    phase: buffered_response
=NOTICE REPORT==== 29-Jun-2026::11:11:00.413020 ===
    reason: enotconn
    msg: roadrunner response send failed
    phase: buffered_response
=NOTICE REPORT==== 29-Jun-2026::11:11:00.421005 ===
    reason: enotconn
    msg: roadrunner response send failed
    phase: buffered_response
=NOTICE REPORT==== 29-Jun-2026::11:11:00.418868 ===
    reason: enotconn
    msg: roadrunner response send failed
    phase: buffered_response
=NOTICE REPORT==== 29-Jun-2026::11:11:00.420255 ===
    reason: enotconn
    msg: roadrunner response send failed
    phase: buffered_response
=NOTICE REPORT==== 29-Jun-2026::11:11:00.420946 ===
    reason: enotconn
    msg: roadrunner response send failed
    phase: buffered_response
=NOTICE REPORT==== 29-Jun-2026::11:11:00.420488 ===
    reason: enotconn
    msg: roadrunner response send failed
    phase: buffered_response
=NOTICE REPORT==== 29-Jun-2026::11:11:00.422129 ===
    reason: enotconn
    msg: roadrunner response send failed
    phase: buffered_response
=NOTICE REPORT==== 29-Jun-2026::11:11:00.422144 ===
    reason: enotconn
    msg: roadrunner response send failed
    phase: buffered_response
=NOTICE REPORT==== 29-Jun-2026::11:11:00.422137 ===
    reason: enotconn
    msg: roadrunner response send failed
    phase: buffered_response
=NOTICE REPORT==== 29-Jun-2026::11:11:00.420167 ===
    reason: enotconn
    msg: roadrunner response send failed
    phase: buffered_response
=NOTICE REPORT==== 29-Jun-2026::11:11:00.422155 ===
    reason: enotconn
    msg: roadrunner response send failed
    phase: buffered_response
=NOTICE REPORT==== 29-Jun-2026::11:11:00.422030 ===
    reason: enotconn
    msg: roadrunner response send failed
    phase: buffered_response
=NOTICE REPORT==== 29-Jun-2026::11:11:00.422078 ===
    reason: enotconn
    msg: roadrunner response send failed
    phase: buffered_response
=NOTICE REPORT==== 29-Jun-2026::11:11:00.420143 ===
    reason: enotconn
    msg: roadrunner response send failed
    phase: buffered_response
=NOTICE REPORT==== 29-Jun-2026::11:11:00.422288 ===
    reason: enotconn
    msg: roadrunner response send failed
    phase: buffered_response
=NOTICE REPORT==== 29-Jun-2026::11:11:00.421415 ===
    reason: enotconn
    msg: roadrunner response send failed
    phase: buffered_response
=NOTICE REPORT==== 29-Jun-2026::11:11:00.423382 ===
    reason: enotconn
    msg: roadrunner response send failed
    phase: buffered_response
=NOTICE REPORT==== 29-Jun-2026::11:11:00.422538 ===
    reason: enotconn
    msg: roadrunner response send failed
    phase: buffered_response
=NOTICE REPORT==== 29-Jun-2026::11:11:00.421440 ===
    reason: enotconn
    msg: roadrunner response send failed
    phase: buffered_response
=NOTICE REPORT==== 29-Jun-2026::11:11:00.423632 ===
    reason: enotconn
    msg: roadrunner response send failed
    phase: buffered_response
=NOTICE REPORT==== 29-Jun-2026::11:11:00.423647 ===
    reason: enotconn
    msg: roadrunner response send failed
    phase: buffered_response
=NOTICE REPORT==== 29-Jun-2026::11:11:05.077708 ===
Handler default switched from drop to sync mode
=NOTICE REPORT==== 29-Jun-2026::11:11:00.421876 ===
    reason: enotconn
    msg: roadrunner response send failed
    phase: buffered_response
=NOTICE REPORT==== 29-Jun-2026::11:11:00.423651 ===
    reason: enotconn
    msg: roadrunner response send failed
    phase: buffered_response
=NOTICE REPORT==== 29-Jun-2026::11:11:00.420462 ===
    reason: enotconn
    msg: roadrunner response send failed
    phase: buffered_response
=NOTICE REPORT==== 29-Jun-2026::11:11:00.423510 ===
    reason: enotconn
    msg: roadrunner response send failed
    phase: buffered_response
=NOTICE REPORT==== 29-Jun-2026::11:11:00.421342 ===
    reason: enotconn
    msg: roadrunner response send failed
    phase: buffered_response
=NOTICE REPORT==== 29-Jun-2026::11:11:00.421450 ===
    reason: enotconn
    msg: roadrunner response send failed
    phase: buffered_response
=NOTICE REPORT==== 29-Jun-2026::11:11:00.421798 ===
    reason: enotconn
    msg: roadrunner response send failed
    phase: buffered_response
=NOTICE REPORT==== 29-Jun-2026::11:11:00.423397 ===
    reason: enotconn
    msg: roadrunner response send failed
    phase: buffered_response
=NOTICE REPORT==== 29-Jun-2026::11:11:00.423460 ===
    reason: enotconn
    msg: roadrunner response send failed
    phase: buffered_response
=NOTICE REPORT==== 29-Jun-2026::11:11:00.421473 ===
    reason: enotconn
    msg: roadrunner response send failed
    phase: buffered_response
=NOTICE REPORT==== 29-Jun-2026::11:11:00.421465 ===
    reason: enotconn
    msg: roadrunner response send failed
    phase: buffered_response
=NOTICE REPORT==== 29-Jun-2026::11:11:00.420155 ===
    reason: enotconn
    msg: roadrunner response send failed
    phase: buffered_response
=NOTICE REPORT==== 29-Jun-2026::11:11:00.422786 ===
    reason: enotconn
    msg: roadrunner response send failed
    phase: buffered_response
=NOTICE REPORT==== 29-Jun-2026::11:11:00.417340 ===
    reason: enotconn
    msg: roadrunner response send failed
    phase: buffered_response
=NOTICE REPORT==== 29-Jun-2026::11:11:00.420163 ===
    reason: enotconn
    msg: roadrunner response send failed
    phase: buffered_response
=NOTICE REPORT==== 29-Jun-2026::11:11:00.424705 ===
    reason: enotconn
    msg: roadrunner response send failed
    phase: buffered_response
=NOTICE REPORT==== 29-Jun-2026::11:11:00.423974 ===
    reason: enotconn
    msg: roadrunner response send failed
    phase: buffered_response
=NOTICE REPORT==== 29-Jun-2026::11:11:00.424913 ===
    reason: enotconn
    msg: roadrunner response send failed
    phase: buffered_response
=NOTICE REPORT==== 29-Jun-2026::11:11:00.424997 ===
    reason: enotconn
    msg: roadrunner response send failed
    phase: buffered_response
=NOTICE REPORT==== 29-Jun-2026::11:11:00.424059 ===
    reason: enotconn
    msg: roadrunner response send failed
    phase: buffered_response
=NOTICE REPORT==== 29-Jun-2026::11:11:00.420732 ===
    reason: enotconn
    msg: roadrunner response send failed
    phase: buffered_response
=NOTICE REPORT==== 29-Jun-2026::11:11:00.423833 ===
    reason: enotconn
    msg: roadrunner response send failed
    phase: buffered_response
=NOTICE REPORT==== 29-Jun-2026::11:11:00.426145 ===
    reason: enotconn
    msg: roadrunner response send failed
    phase: buffered_response
=NOTICE REPORT==== 29-Jun-2026::11:11:00.426174 ===
    reason: enotconn
    msg: roadrunner response send failed
    phase: buffered_response
=NOTICE REPORT==== 29-Jun-2026::11:11:00.423973 ===
    reason: enotconn
    msg: roadrunner response send failed
    phase: buffered_response
=NOTICE REPORT==== 29-Jun-2026::11:11:00.422869 ===
    reason: enotconn
    msg: roadrunner response send failed
    phase: buffered_response
=NOTICE REPORT==== 29-Jun-2026::11:11:00.424090 ===
    reason: enotconn
    msg: roadrunner response send failed
    phase: buffered_response
=NOTICE REPORT==== 29-Jun-2026::11:11:00.426259 ===
    reason: enotconn
    msg: roadrunner response send failed
    phase: buffered_response
=NOTICE REPORT==== 29-Jun-2026::11:11:00.425429 ===
    reason: enotconn
    msg: roadrunner response send failed
    phase: buffered_response
=NOTICE REPORT==== 29-Jun-2026::11:11:00.424736 ===
    reason: enotconn
    msg: roadrunner response send failed
    phase: buffered_response
=NOTICE REPORT==== 29-Jun-2026::11:11:00.425582 ===
    reason: enotconn
    msg: roadrunner response send failed
    phase: buffered_response
=NOTICE REPORT==== 29-Jun-2026::11:11:00.425378 ===
    reason: enotconn
    msg: roadrunner response send failed
    phase: buffered_response
=NOTICE REPORT==== 29-Jun-2026::11:11:00.427545 ===
    reason: enotconn
    msg: roadrunner response send failed
    phase: buffered_response
=NOTICE REPORT==== 29-Jun-2026::11:11:00.429152 ===
    reason: enotconn
    msg: roadrunner response send failed
    phase: buffered_response
=NOTICE REPORT==== 29-Jun-2026::11:11:00.425464 ===
    reason: enotconn
    msg: roadrunner response send failed
    phase: buffered_response
=NOTICE REPORT==== 29-Jun-2026::11:11:00.426721 ===
    reason: enotconn
    msg: roadrunner response send failed
    phase: buffered_response
=NOTICE REPORT==== 29-Jun-2026::11:11:00.426727 ===
    reason: enotconn
    msg: roadrunner response send failed
    phase: buffered_response
=NOTICE REPORT==== 29-Jun-2026::11:11:00.426871 ===
    reason: enotconn
    msg: roadrunner response send failed
    phase: buffered_response
=NOTICE REPORT==== 29-Jun-2026::11:11:00.426553 ===
    reason: enotconn
    msg: roadrunner response send failed
    phase: buffered_response
=NOTICE REPORT==== 29-Jun-2026::11:11:00.426576 ===
    reason: enotconn
    msg: roadrunner response send failed
    phase: buffered_response
=NOTICE REPORT==== 29-Jun-2026::11:11:00.426736 ===
    reason: enotconn
    msg: roadrunner response send failed
    phase: buffered_response
=NOTICE REPORT==== 29-Jun-2026::11:11:00.426926 ===
    reason: enotconn
    msg: roadrunner response send failed
    phase: buffered_response
=NOTICE REPORT==== 29-Jun-2026::11:11:00.424504 ===
    reason: enotconn
    msg: roadrunner response send failed
    phase: buffered_response
=NOTICE REPORT==== 29-Jun-2026::11:11:00.426732 ===
    reason: enotconn
    msg: roadrunner response send failed
    phase: buffered_response
=NOTICE REPORT==== 29-Jun-2026::11:11:00.426764 ===
    reason: enotconn
    msg: roadrunner response send failed
    phase: buffered_response
=NOTICE REPORT==== 29-Jun-2026::11:11:00.423270 ===
    reason: enotconn
    msg: roadrunner response send failed
    phase: buffered_response
=NOTICE REPORT==== 29-Jun-2026::11:11:00.430636 ===
    reason: enotconn
    msg: roadrunner response send failed
    phase: buffered_response
=NOTICE REPORT==== 29-Jun-2026::11:11:00.427838 ===
    reason: enotconn
    msg: roadrunner response send failed
    phase: buffered_response
=NOTICE REPORT==== 29-Jun-2026::11:11:00.431790 ===
    reason: enotconn
    msg: roadrunner response send failed
    phase: buffered_response
=NOTICE REPORT==== 29-Jun-2026::11:11:00.423325 ===
    reason: enotconn
    msg: roadrunner response send failed
    phase: buffered_response
=NOTICE REPORT==== 29-Jun-2026::11:11:00.423333 ===
    reason: enotconn
    msg: roadrunner response send failed
    phase: buffered_response
=NOTICE REPORT==== 29-Jun-2026::11:11:00.429195 ===
    reason: enotconn
    msg: roadrunner response send failed
    phase: buffered_response
=NOTICE REPORT==== 29-Jun-2026::11:11:00.428529 ===
    reason: enotconn
    msg: roadrunner response send failed
    phase: buffered_response
=NOTICE REPORT==== 29-Jun-2026::11:11:00.429229 ===
    reason: enotconn
    msg: roadrunner response send failed
    phase: buffered_response
=NOTICE REPORT==== 29-Jun-2026::11:11:00.428539 ===
    reason: enotconn
    msg: roadrunner response send failed
    phase: buffered_response
=NOTICE REPORT==== 29-Jun-2026::11:11:00.429269 ===
    reason: enotconn
    msg: roadrunner response send failed
    phase: buffered_response
=NOTICE REPORT==== 29-Jun-2026::11:11:00.432983 ===
    reason: enotconn
    msg: roadrunner response send failed
    phase: buffered_response
=NOTICE REPORT==== 29-Jun-2026::11:11:00.429429 ===
    reason: enotconn
    msg: roadrunner response send failed
    phase: buffered_response
=NOTICE REPORT==== 29-Jun-2026::11:11:00.430839 ===
    reason: enotconn
    msg: roadrunner response send failed
    phase: buffered_response
=NOTICE REPORT==== 29-Jun-2026::11:11:00.430974 ===
    reason: enotconn
    msg: roadrunner response send failed
    phase: buffered_response
=NOTICE REPORT==== 29-Jun-2026::11:11:00.428282 ===
    reason: enotconn
    msg: roadrunner response send failed
    phase: buffered_response
=NOTICE REPORT==== 29-Jun-2026::11:11:00.430583 ===
    reason: enotconn
    msg: roadrunner response send failed
    phase: buffered_response
=NOTICE REPORT==== 29-Jun-2026::11:11:00.430726 ===
    reason: enotconn
    msg: roadrunner response send failed
    phase: buffered_response
=NOTICE REPORT==== 29-Jun-2026::11:11:00.434139 ===
    reason: enotconn
    msg: roadrunner response send failed
    phase: buffered_response
=NOTICE REPORT==== 29-Jun-2026::11:11:00.430752 ===
    reason: enotconn
    msg: roadrunner response send failed
    phase: buffered_response
=NOTICE REPORT==== 29-Jun-2026::11:11:00.431969 ===
    reason: enotconn
    msg: roadrunner response send failed
    phase: buffered_response
=NOTICE REPORT==== 29-Jun-2026::11:11:00.432056 ===
    reason: enotconn
    msg: roadrunner response send failed
    phase: buffered_response
=NOTICE REPORT==== 29-Jun-2026::11:11:00.432194 ===
    reason: enotconn
    msg: roadrunner response send failed
    phase: buffered_response
=NOTICE REPORT==== 29-Jun-2026::11:11:00.432065 ===
    reason: enotconn
    msg: roadrunner response send failed
    phase: buffered_response
=NOTICE REPORT==== 29-Jun-2026::11:11:00.432248 ===
    reason: enotconn
    msg: roadrunner response send failed
    phase: buffered_response
=NOTICE REPORT==== 29-Jun-2026::11:11:00.431978 ===
    reason: enotconn
    msg: roadrunner response send failed
    phase: buffered_response
=NOTICE REPORT==== 29-Jun-2026::11:11:00.431970 ===
    reason: enotconn
    msg: roadrunner response send failed
    phase: buffered_response
=NOTICE REPORT==== 29-Jun-2026::11:11:00.433354 ===
    reason: enotconn
    msg: roadrunner response send failed
    phase: buffered_response
=NOTICE REPORT==== 29-Jun-2026::11:11:00.431222 ===
    reason: enotconn
    msg: roadrunner response send failed
    phase: buffered_response
=NOTICE REPORT==== 29-Jun-2026::11:11:00.432427 ===
    reason: enotconn
    msg: roadrunner response send failed
    phase: buffered_response
=NOTICE REPORT==== 29-Jun-2026::11:11:00.433129 ===
    reason: enotconn
    msg: roadrunner response send failed
    phase: buffered_response
=NOTICE REPORT==== 29-Jun-2026::11:11:00.434377 ===
    reason: enotconn
    msg: roadrunner response send failed
    phase: buffered_response
=NOTICE REPORT==== 29-Jun-2026::11:11:00.434367 ===
    reason: enotconn
    msg: roadrunner response send failed
    phase: buffered_response
=NOTICE REPORT==== 29-Jun-2026::11:11:00.437840 ===
    reason: enotconn
    msg: roadrunner response send failed
    phase: buffered_response
=NOTICE REPORT==== 29-Jun-2026::11:11:00.434488 ===
    reason: enotconn
    msg: roadrunner response send failed
    phase: buffered_response
=NOTICE REPORT==== 29-Jun-2026::11:11:00.434786 ===
    reason: enotconn
    msg: roadrunner response send failed
    phase: buffered_response
=NOTICE REPORT==== 29-Jun-2026::11:11:00.434447 ===
    reason: enotconn
    msg: roadrunner response send failed
    phase: buffered_response
=NOTICE REPORT==== 29-Jun-2026::11:11:00.430245 ===
    reason: enotconn
    msg: roadrunner response send failed
    phase: buffered_response
=NOTICE REPORT==== 29-Jun-2026::11:11:00.434451 ===
    reason: enotconn
    msg: roadrunner response send failed
    phase: buffered_response
=NOTICE REPORT==== 29-Jun-2026::11:11:00.435946 ===
    reason: enotconn
    msg: roadrunner response send failed
    phase: buffered_response
=NOTICE REPORT==== 29-Jun-2026::11:11:00.436156 ===
    reason: enotconn
    msg: roadrunner response send failed
    phase: buffered_response
=NOTICE REPORT==== 29-Jun-2026::11:11:00.435877 ===
    reason: enotconn
    msg: roadrunner response send failed
    phase: buffered_response
=NOTICE REPORT==== 29-Jun-2026::11:11:00.434467 ===
    reason: enotconn
    msg: roadrunner response send failed
    phase: buffered_response
=NOTICE REPORT==== 29-Jun-2026::11:11:00.435832 ===
    reason: enotconn
    msg: roadrunner response send failed
    phase: buffered_response
=NOTICE REPORT==== 29-Jun-2026::11:11:00.435985 ===
    reason: enotconn
    msg: roadrunner response send failed
    phase: buffered_response
=NOTICE REPORT==== 29-Jun-2026::11:11:00.433879 ===
    reason: enotconn
    msg: roadrunner response send failed
    phase: buffered_response
=NOTICE REPORT==== 29-Jun-2026::11:11:00.437078 ===
    reason: enotconn
    msg: roadrunner response send failed
    phase: buffered_response
=NOTICE REPORT==== 29-Jun-2026::11:11:00.436917 ===
    reason: enotconn
    msg: roadrunner response send failed
    phase: buffered_response
=NOTICE REPORT==== 29-Jun-2026::11:11:00.437280 ===
    reason: enotconn
    msg: roadrunner response send failed
    phase: buffered_response
=NOTICE REPORT==== 29-Jun-2026::11:11:00.433888 ===
    reason: enotconn
    msg: roadrunner response send failed
    phase: buffered_response
=NOTICE REPORT==== 29-Jun-2026::11:11:00.436925 ===
    reason: enotconn
    msg: roadrunner response send failed
    phase: buffered_response
=NOTICE REPORT==== 29-Jun-2026::11:11:00.433896 ===
    reason: enotconn
    msg: roadrunner response send failed
    phase: buffered_response
=NOTICE REPORT==== 29-Jun-2026::11:11:00.435346 ===
    reason: enotconn
    msg: roadrunner response send failed
    phase: buffered_response
=NOTICE REPORT==== 29-Jun-2026::11:11:00.437087 ===
    reason: enotconn
    msg: roadrunner response send failed
    phase: buffered_response
=NOTICE REPORT==== 29-Jun-2026::11:11:00.436852 ===
    reason: enotconn
    msg: roadrunner response send failed
    phase: buffered_response
=NOTICE REPORT==== 29-Jun-2026::11:11:00.438254 ===
    reason: enotconn
    msg: roadrunner response send failed
    phase: buffered_response
=NOTICE REPORT==== 29-Jun-2026::11:11:00.437365 ===
    reason: enotconn
    msg: roadrunner response send failed
    phase: buffered_response
=NOTICE REPORT==== 29-Jun-2026::11:11:00.439314 ===
    reason: enotconn
    msg: roadrunner response send failed
    phase: buffered_response
=NOTICE REPORT==== 29-Jun-2026::11:11:00.439369 ===
    reason: enotconn
    msg: roadrunner response send failed
    phase: buffered_response
=NOTICE REPORT==== 29-Jun-2026::11:11:00.439427 ===
    reason: enotconn
    msg: roadrunner response send failed
    phase: buffered_response
=NOTICE REPORT==== 29-Jun-2026::11:11:00.438591 ===
    reason: enotconn
    msg: roadrunner response send failed
    phase: buffered_response
=NOTICE REPORT==== 29-Jun-2026::11:11:00.439349 ===
    reason: enotconn
    msg: roadrunner response send failed
    phase: buffered_response
=NOTICE REPORT==== 29-Jun-2026::11:11:00.439511 ===
    reason: enotconn
    msg: roadrunner response send failed
    phase: buffered_response
=NOTICE REPORT==== 29-Jun-2026::11:11:00.440770 ===
    reason: enotconn
    msg: roadrunner response send failed
    phase: buffered_response
=NOTICE REPORT==== 29-Jun-2026::11:11:00.440903 ===
    reason: enotconn
    msg: roadrunner response send failed
    phase: buffered_response
=NOTICE REPORT==== 29-Jun-2026::11:11:00.440684 ===
    reason: enotconn
    msg: roadrunner response send failed
    phase: buffered_response
=NOTICE REPORT==== 29-Jun-2026::11:11:00.438796 ===
    reason: enotconn
    msg: roadrunner response send failed
    phase: buffered_response
=NOTICE REPORT==== 29-Jun-2026::11:11:00.440578 ===
    reason: enotconn
    msg: roadrunner response send failed
    phase: buffered_response
=NOTICE REPORT==== 29-Jun-2026::11:11:00.440726 ===
    reason: enotconn
    msg: roadrunner response send failed
    phase: buffered_response
=NOTICE REPORT==== 29-Jun-2026::11:11:00.441745 ===
    reason: enotconn
    msg: roadrunner response send failed
    phase: buffered_response
=NOTICE REPORT==== 29-Jun-2026::11:11:00.441824 ===
    reason: enotconn
    msg: roadrunner response send failed
    phase: buffered_response
=NOTICE REPORT==== 29-Jun-2026::11:11:00.438816 ===
    reason: enotconn
    msg: roadrunner response send failed
    phase: buffered_response
=NOTICE REPORT==== 29-Jun-2026::11:11:00.442031 ===
    reason: enotconn
    msg: roadrunner response send failed
    phase: buffered_response
=NOTICE REPORT==== 29-Jun-2026::11:11:00.440224 ===
    reason: enotconn
    msg: roadrunner response send failed
    phase: buffered_response
=NOTICE REPORT==== 29-Jun-2026::11:11:00.441838 ===
    reason: enotconn
    msg: roadrunner response send failed
    phase: buffered_response
=NOTICE REPORT==== 29-Jun-2026::11:11:00.441760 ===
    reason: enotconn
    msg: roadrunner response send failed
    phase: buffered_response
=NOTICE REPORT==== 29-Jun-2026::11:11:00.441797 ===
    reason: enotconn
    msg: roadrunner response send failed
    phase: buffered_response
=NOTICE REPORT==== 29-Jun-2026::11:11:00.442961 ===
    reason: enotconn
    msg: roadrunner response send failed
    phase: buffered_response
=NOTICE REPORT==== 29-Jun-2026::11:11:00.444513 ===
    reason: enotconn
    msg: roadrunner response send failed
    phase: buffered_response
=NOTICE REPORT==== 29-Jun-2026::11:11:00.443405 ===
    reason: enotconn
    msg: roadrunner response send failed
    phase: buffered_response
=NOTICE REPORT==== 29-Jun-2026::11:11:00.444113 ===
    reason: enotconn
    msg: roadrunner response send failed
    phase: buffered_response
=NOTICE REPORT==== 29-Jun-2026::11:11:00.444135 ===
    reason: enotconn
    msg: roadrunner response send failed
    phase: buffered_response
=NOTICE REPORT==== 29-Jun-2026::11:11:00.445812 ===
    reason: enotconn
    msg: roadrunner response send failed
    phase: buffered_response
=NOTICE REPORT==== 29-Jun-2026::11:11:00.444151 ===
    reason: enotconn
    msg: roadrunner response send failed
    phase: buffered_response
=NOTICE REPORT==== 29-Jun-2026::11:11:00.444096 ===
    reason: enotconn
    msg: roadrunner response send failed
    phase: buffered_response
=NOTICE REPORT==== 29-Jun-2026::11:11:00.444185 ===
    reason: enotconn
    msg: roadrunner response send failed
    phase: buffered_response
=NOTICE REPORT==== 29-Jun-2026::11:11:00.443877 ===
    reason: enotconn
    msg: roadrunner response send failed
    phase: buffered_response
=NOTICE REPORT==== 29-Jun-2026::11:11:00.445577 ===
    reason: enotconn
    msg: roadrunner response send failed
    phase: buffered_response
=NOTICE REPORT==== 29-Jun-2026::11:11:00.445880 ===
    reason: enotconn
    msg: roadrunner response send failed
    phase: buffered_response
=NOTICE REPORT==== 29-Jun-2026::11:11:00.445650 ===
    reason: enotconn
    msg: roadrunner response send failed
    phase: buffered_response
=NOTICE REPORT==== 29-Jun-2026::11:11:00.445699 ===
    reason: enotconn
    msg: roadrunner response send failed
    phase: buffered_response
=NOTICE REPORT==== 29-Jun-2026::11:11:00.447127 ===
    reason: enotconn
    msg: roadrunner response send failed
    phase: buffered_response
=NOTICE REPORT==== 29-Jun-2026::11:11:00.448168 ===
    reason: enotconn
    msg: roadrunner response send failed
    phase: buffered_response
=NOTICE REPORT==== 29-Jun-2026::11:11:00.445680 ===
    reason: enotconn
    msg: roadrunner response send failed
    phase: buffered_response
=NOTICE REPORT==== 29-Jun-2026::11:11:00.448115 ===
    reason: enotconn
    msg: roadrunner response send failed
    phase: buffered_response
=NOTICE REPORT==== 29-Jun-2026::11:11:00.449390 ===
    reason: enotconn
    msg: roadrunner response send failed
    phase: buffered_response
=NOTICE REPORT==== 29-Jun-2026::11:11:00.445689 ===
    reason: enotconn
    msg: roadrunner response send failed
    phase: buffered_response
=NOTICE REPORT==== 29-Jun-2026::11:11:00.445694 ===
    reason: enotconn
    msg: roadrunner response send failed
    phase: buffered_response
=NOTICE REPORT==== 29-Jun-2026::11:11:00.445312 ===
    reason: enotconn
    msg: roadrunner response send failed
    phase: buffered_response
=NOTICE REPORT==== 29-Jun-2026::11:11:00.448624 ===
    reason: enotconn
    msg: roadrunner response send failed
    phase: buffered_response
=NOTICE REPORT==== 29-Jun-2026::11:11:00.449147 ===
    reason: enotconn
    msg: roadrunner response send failed
    phase: buffered_response
=NOTICE REPORT==== 29-Jun-2026::11:11:00.452012 ===
    reason: enotconn
    msg: roadrunner response send failed
    phase: buffered_response
=NOTICE REPORT==== 29-Jun-2026::11:11:00.452854 ===
    reason: enotconn
    msg: roadrunner response send failed
    phase: buffered_response
=NOTICE REPORT==== 29-Jun-2026::11:11:00.453189 ===
    reason: enotconn
    msg: roadrunner response send failed
    phase: buffered_response
=NOTICE REPORT==== 29-Jun-2026::11:11:00.447110 ===
    reason: enotconn
    msg: roadrunner response send failed
    phase: buffered_response
=NOTICE REPORT==== 29-Jun-2026::11:11:00.458166 ===
    reason: enotconn
    msg: roadrunner response send failed
    phase: buffered_response
=NOTICE REPORT==== 29-Jun-2026::11:11:00.452889 ===
    reason: enotconn
    msg: roadrunner response send failed
    phase: buffered_response
=NOTICE REPORT==== 29-Jun-2026::11:11:00.454323 ===
    reason: enotconn
    msg: roadrunner response send failed
    phase: buffered_response
=NOTICE REPORT==== 29-Jun-2026::11:11:00.453520 ===
    reason: enotconn
    msg: roadrunner response send failed
    phase: buffered_response
=NOTICE REPORT==== 29-Jun-2026::11:11:00.453531 ===
    reason: enotconn
    msg: roadrunner response send failed
    phase: buffered_response
=NOTICE REPORT==== 29-Jun-2026::11:11:00.453539 ===
    reason: enotconn
    msg: roadrunner response send failed
    phase: buffered_response
=NOTICE REPORT==== 29-Jun-2026::11:11:00.451608 ===
    reason: enotconn
    msg: roadrunner response send failed
    phase: buffered_response
=NOTICE REPORT==== 29-Jun-2026::11:11:00.462683 ===
    reason: enotconn
    msg: roadrunner response send failed
    phase: buffered_response
=NOTICE REPORT==== 29-Jun-2026::11:11:00.459584 ===
    reason: enotconn
    msg: roadrunner response send failed
    phase: buffered_response
=NOTICE REPORT==== 29-Jun-2026::11:11:00.464103 ===
    reason: enotconn
    msg: roadrunner response send failed
    phase: buffered_response
=NOTICE REPORT==== 29-Jun-2026::11:11:00.458340 ===
    reason: enotconn
    msg: roadrunner response send failed
    phase: buffered_response
=NOTICE REPORT==== 29-Jun-2026::11:11:00.464215 ===
    reason: enotconn
    msg: roadrunner response send failed
    phase: buffered_response
=NOTICE REPORT==== 29-Jun-2026::11:11:00.464223 ===
    reason: enotconn
    msg: roadrunner response send failed
    phase: buffered_response
=NOTICE REPORT==== 29-Jun-2026::11:11:00.464919 ===
    reason: enotconn
    msg: roadrunner response send failed
    phase: buffered_response
=NOTICE REPORT==== 29-Jun-2026::11:11:00.465264 ===
    reason: enotconn
    msg: roadrunner response send failed
    phase: buffered_response
=NOTICE REPORT==== 29-Jun-2026::11:11:00.465685 ===
    reason: enotconn
    msg: roadrunner response send failed
    phase: buffered_response
=NOTICE REPORT==== 29-Jun-2026::11:11:00.463385 ===
    reason: enotconn
    msg: roadrunner response send failed
    phase: buffered_response
=NOTICE REPORT==== 29-Jun-2026::11:11:00.469309 ===
    reason: enotconn
    msg: roadrunner response send failed
    phase: buffered_response
=NOTICE REPORT==== 29-Jun-2026::11:11:00.470530 ===
    reason: enotconn
    msg: roadrunner response send failed
    phase: buffered_response
=NOTICE REPORT==== 29-Jun-2026::11:11:00.469512 ===
    reason: enotconn
    msg: roadrunner response send failed
    phase: buffered_response
=NOTICE REPORT==== 29-Jun-2026::11:11:00.469521 ===
    reason: enotconn
    msg: roadrunner response send failed
    phase: buffered_response
=NOTICE REPORT==== 29-Jun-2026::11:11:00.470964 ===
    reason: enotconn
    msg: roadrunner response send failed
    phase: buffered_response
=NOTICE REPORT==== 29-Jun-2026::11:11:00.470927 ===
    reason: enotconn
    msg: roadrunner response send failed
    phase: buffered_response
=NOTICE REPORT==== 29-Jun-2026::11:11:00.474664 ===
    reason: enotconn
    msg: roadrunner response send failed
    phase: buffered_response
=NOTICE REPORT==== 29-Jun-2026::11:11:00.474673 ===
    reason: enotconn
    msg: roadrunner response send failed
    phase: buffered_response
=NOTICE REPORT==== 29-Jun-2026::11:11:00.470815 ===
    reason: enotconn
    msg: roadrunner response send failed
    phase: buffered_response
=NOTICE REPORT==== 29-Jun-2026::11:11:00.469803 ===
    reason: enotconn
    msg: roadrunner response send failed
    phase: buffered_response
=NOTICE REPORT==== 29-Jun-2026::11:11:00.477381 ===
    reason: enotconn
    msg: roadrunner response send failed
    phase: buffered_response
=NOTICE REPORT==== 29-Jun-2026::11:11:00.474748 ===
    reason: enotconn
    msg: roadrunner response send failed
    phase: buffered_response
=NOTICE REPORT==== 29-Jun-2026::11:11:00.476172 ===
    reason: enotconn
    msg: roadrunner response send failed
    phase: buffered_response
=NOTICE REPORT==== 29-Jun-2026::11:11:00.476264 ===
    reason: enotconn
    msg: roadrunner response send failed
    phase: buffered_response
=NOTICE REPORT==== 29-Jun-2026::11:11:00.476207 ===
    reason: enotconn
    msg: roadrunner response send failed
    phase: buffered_response
=NOTICE REPORT==== 29-Jun-2026::11:11:00.476171 ===
    reason: enotconn
    msg: roadrunner response send failed
    phase: buffered_response
=NOTICE REPORT==== 29-Jun-2026::11:11:00.481489 ===
    reason: enotconn
    msg: roadrunner response send failed
    phase: buffered_response
=NOTICE REPORT==== 29-Jun-2026::11:11:00.483013 ===
    reason: enotconn
    msg: roadrunner response send failed
    phase: buffered_response
=NOTICE REPORT==== 29-Jun-2026::11:11:00.480351 ===
    reason: enotconn
    msg: roadrunner response send failed
    phase: buffered_response
=NOTICE REPORT==== 29-Jun-2026::11:11:00.484470 ===
    reason: enotconn
    msg: roadrunner response send failed
    phase: buffered_response
=NOTICE REPORT==== 29-Jun-2026::11:11:00.481681 ===
    reason: enotconn
    msg: roadrunner response send failed
    phase: buffered_response
=NOTICE REPORT==== 29-Jun-2026::11:11:00.481882 ===
    reason: enotconn
    msg: roadrunner response send failed
    phase: buffered_response
=NOTICE REPORT==== 29-Jun-2026::11:11:00.481690 ===
    reason: enotconn
    msg: roadrunner response send failed
    phase: buffered_response
=NOTICE REPORT==== 29-Jun-2026::11:11:00.486928 ===
    reason: enotconn
    msg: roadrunner response send failed
    phase: buffered_response
=NOTICE REPORT==== 29-Jun-2026::11:11:00.488445 ===
    reason: enotconn
    msg: roadrunner response send failed
    phase: buffered_response
=NOTICE REPORT==== 29-Jun-2026::11:11:00.485711 ===
    reason: enotconn
    msg: roadrunner response send failed
    phase: buffered_response
=NOTICE REPORT==== 29-Jun-2026::11:11:00.487119 ===
    reason: enotconn
    msg: roadrunner response send failed
    phase: buffered_response
=NOTICE REPORT==== 29-Jun-2026::11:11:00.489870 ===
    reason: enotconn
    msg: roadrunner response send failed
    phase: buffered_response
=NOTICE REPORT==== 29-Jun-2026::11:11:00.487128 ===
    reason: enotconn
    msg: roadrunner response send failed
    phase: buffered_response
=NOTICE REPORT==== 29-Jun-2026::11:11:00.490983 ===
    reason: enotconn
    msg: roadrunner response send failed
    phase: buffered_response
=NOTICE REPORT==== 29-Jun-2026::11:11:00.492725 ===
    reason: enotconn
    msg: roadrunner response send failed
    phase: buffered_response
=NOTICE REPORT==== 29-Jun-2026::11:11:00.492741 ===
    reason: enotconn
    msg: roadrunner response send failed
    phase: buffered_response
=NOTICE REPORT==== 29-Jun-2026::11:11:00.496973 ===
    reason: enotconn
    msg: roadrunner response send failed
    phase: buffered_response
=NOTICE REPORT==== 29-Jun-2026::11:11:05.112548 ===
    reason: closed
    msg: roadrunner response send failed
    phase: buffered_response
=NOTICE REPORT==== 29-Jun-2026::11:11:05.112663 ===
    reason: enotconn
    msg: roadrunner response send failed
    phase: buffered_response
=NOTICE REPORT==== 29-Jun-2026::11:11:05.112709 ===
    reason: enotconn
    msg: roadrunner response send failed
    phase: buffered_response
=NOTICE REPORT==== 29-Jun-2026::11:11:05.112751 ===
    reason: enotconn
    msg: roadrunner response send failed
    phase: buffered_response
=NOTICE REPORT==== 29-Jun-2026::11:11:05.112786 ===
    reason: enotconn
    msg: roadrunner response send failed
    phase: buffered_response
=NOTICE REPORT==== 29-Jun-2026::11:11:05.112845 ===
    reason: enotconn
    msg: roadrunner response send failed
    phase: buffered_response
=NOTICE REPORT==== 29-Jun-2026::11:11:05.112886 ===
    reason: enotconn
    msg: roadrunner response send failed
    phase: buffered_response
=NOTICE REPORT==== 29-Jun-2026::11:11:05.112933 ===
    reason: enotconn
    msg: roadrunner response send failed
    phase: buffered_response
=NOTICE REPORT==== 29-Jun-2026::11:11:05.112985 ===
    reason: enotconn
    msg: roadrunner response send failed
    phase: buffered_response
=NOTICE REPORT==== 29-Jun-2026::11:11:05.113021 ===
    reason: enotconn
    msg: roadrunner response send failed
    phase: buffered_response
=NOTICE REPORT==== 29-Jun-2026::11:11:05.113053 ===
    reason: enotconn
    msg: roadrunner response send failed
    phase: buffered_response
=NOTICE REPORT==== 29-Jun-2026::11:11:05.113105 ===
    reason: enotconn
    msg: roadrunner response send failed
    phase: buffered_response
=NOTICE REPORT==== 29-Jun-2026::11:11:05.113140 ===
    reason: enotconn
    msg: roadrunner response send failed
    phase: buffered_response
=NOTICE REPORT==== 29-Jun-2026::11:11:05.113172 ===
    reason: enotconn
    msg: roadrunner response send failed
    phase: buffered_response
=NOTICE REPORT==== 29-Jun-2026::11:11:05.113222 ===
    reason: enotconn
    msg: roadrunner response send failed
    phase: buffered_response
=NOTICE REPORT==== 29-Jun-2026::11:11:05.113719 ===
    reason: closed
    msg: roadrunner response send failed
    phase: buffered_response
=NOTICE REPORT==== 29-Jun-2026::11:11:05.113861 ===
    reason: enotconn
    msg: roadrunner response send failed
    phase: buffered_response
=NOTICE REPORT==== 29-Jun-2026::11:11:05.113954 ===
    reason: enotconn
    msg: roadrunner response send failed
    phase: buffered_response
=NOTICE REPORT==== 29-Jun-2026::11:11:05.114048 ===
    reason: enotconn
    msg: roadrunner response send failed
    phase: buffered_response
=NOTICE REPORT==== 29-Jun-2026::11:11:05.114165 ===
    reason: enotconn
    msg: roadrunner response send failed
    phase: buffered_response
=NOTICE REPORT==== 29-Jun-2026::11:11:05.114262 ===
    reason: enotconn
    msg: roadrunner response send failed
    phase: buffered_response
=NOTICE REPORT==== 29-Jun-2026::11:11:05.114324 ===
    reason: enotconn
    msg: roadrunner response send failed
    phase: buffered_response
=NOTICE REPORT==== 29-Jun-2026::11:11:05.114426 ===
    reason: enotconn
    msg: roadrunner response send failed
    phase: buffered_response
=NOTICE REPORT==== 29-Jun-2026::11:11:05.114496 ===
    reason: enotconn
    msg: roadrunner response send failed
    phase: buffered_response
=NOTICE REPORT==== 29-Jun-2026::11:11:05.114540 ===
    reason: enotconn
    msg: roadrunner response send failed
    phase: buffered_response
=NOTICE REPORT==== 29-Jun-2026::11:11:05.114588 ===
    reason: enotconn
    msg: roadrunner response send failed
    phase: buffered_response
=NOTICE REPORT==== 29-Jun-2026::11:11:05.114731 ===
    reason: enotconn
    msg: roadrunner response send failed
    phase: buffered_response
=NOTICE REPORT==== 29-Jun-2026::11:11:05.114792 ===
    reason: enotconn
    msg: roadrunner response send failed
    phase: buffered_response
=NOTICE REPORT==== 29-Jun-2026::11:11:05.114851 ===
    reason: enotconn
    msg: roadrunner response send failed
    phase: buffered_response
=NOTICE REPORT==== 29-Jun-2026::11:11:05.114924 ===
    reason: enotconn
    msg: roadrunner response send failed
    phase: buffered_response
=NOTICE REPORT==== 29-Jun-2026::11:11:05.119293 ===
    reason: closed
    msg: roadrunner response send failed
    phase: buffered_response
=NOTICE REPORT==== 29-Jun-2026::11:11:05.119392 ===
    reason: enotconn
    msg: roadrunner response send failed
    phase: buffered_response
=NOTICE REPORT==== 29-Jun-2026::11:11:05.119470 ===
    reason: enotconn
    msg: roadrunner response send failed
    phase: buffered_response
=NOTICE REPORT==== 29-Jun-2026::11:11:05.119529 ===
    reason: enotconn
    msg: roadrunner response send failed
    phase: buffered_response
=NOTICE REPORT==== 29-Jun-2026::11:11:05.119627 ===
    reason: enotconn
    msg: roadrunner response send failed
    phase: buffered_response
=NOTICE REPORT==== 29-Jun-2026::11:11:05.119699 ===
    reason: enotconn
    msg: roadrunner response send failed
    phase: buffered_response
=NOTICE REPORT==== 29-Jun-2026::11:11:05.119766 ===
    reason: enotconn
    msg: roadrunner response send failed
    phase: buffered_response
=NOTICE REPORT==== 29-Jun-2026::11:11:05.119834 ===
    reason: enotconn
    msg: roadrunner response send failed
    phase: buffered_response
=NOTICE REPORT==== 29-Jun-2026::11:11:05.119886 ===
    reason: enotconn
    msg: roadrunner response send failed
    phase: buffered_response
=NOTICE REPORT==== 29-Jun-2026::11:11:05.119936 ===
    reason: enotconn
    msg: roadrunner response send failed
    phase: buffered_response
=NOTICE REPORT==== 29-Jun-2026::11:11:05.120008 ===
    reason: enotconn
    msg: roadrunner response send failed
    phase: buffered_response
=NOTICE REPORT==== 29-Jun-2026::11:11:05.120071 ===
    reason: enotconn
    msg: roadrunner response send failed
    phase: buffered_response
=NOTICE REPORT==== 29-Jun-2026::11:11:05.120174 ===
    reason: enotconn
    msg: roadrunner response send failed
    phase: buffered_response
=NOTICE REPORT==== 29-Jun-2026::11:11:05.120282 ===
    reason: enotconn
    msg: roadrunner response send failed
    phase: buffered_response
=NOTICE REPORT==== 29-Jun-2026::11:11:05.120331 ===
    reason: enotconn
    msg: roadrunner response send failed
    phase: buffered_response
=NOTICE REPORT==== 29-Jun-2026::11:11:05.122997 ===
    reason: closed
    msg: roadrunner response send failed
    phase: buffered_response
=NOTICE REPORT==== 29-Jun-2026::11:11:05.123091 ===
    reason: enotconn
    msg: roadrunner response send failed
    phase: buffered_response
=NOTICE REPORT==== 29-Jun-2026::11:11:05.123167 ===
    reason: enotconn
    msg: roadrunner response send failed
    phase: buffered_response
=NOTICE REPORT==== 29-Jun-2026::11:11:05.123244 ===
    reason: enotconn
    msg: roadrunner response send failed
    phase: buffered_response
=NOTICE REPORT==== 29-Jun-2026::11:11:05.123307 ===
    reason: enotconn
    msg: roadrunner response send failed
    phase: buffered_response
=NOTICE REPORT==== 29-Jun-2026::11:11:05.123420 ===
    reason: enotconn
    msg: roadrunner response send failed
    phase: buffered_response
=NOTICE REPORT==== 29-Jun-2026::11:11:05.123507 ===
    reason: enotconn
    msg: roadrunner response send failed
    phase: buffered_response
=NOTICE REPORT==== 29-Jun-2026::11:11:05.123564 ===
    reason: enotconn
    msg: roadrunner response send failed
    phase: buffered_response
=NOTICE REPORT==== 29-Jun-2026::11:11:05.123663 ===
    reason: enotconn
    msg: roadrunner response send failed
    phase: buffered_response
=NOTICE REPORT==== 29-Jun-2026::11:11:05.123723 ===
    reason: enotconn
    msg: roadrunner response send failed
    phase: buffered_response
=NOTICE REPORT==== 29-Jun-2026::11:11:05.123776 ===
    reason: enotconn
    msg: roadrunner response send failed
    phase: buffered_response
=NOTICE REPORT==== 29-Jun-2026::11:11:05.123851 ===
    reason: enotconn
    msg: roadrunner response send failed
    phase: buffered_response
=NOTICE REPORT==== 29-Jun-2026::11:11:05.123940 ===
    reason: enotconn
    msg: roadrunner response send failed
    phase: buffered_response
=NOTICE REPORT==== 29-Jun-2026::11:11:05.123982 ===
    reason: enotconn
    msg: roadrunner response send failed
    phase: buffered_response
=NOTICE REPORT==== 29-Jun-2026::11:11:05.124044 ===
    reason: enotconn
    msg: roadrunner response send failed
    phase: buffered_response
=NOTICE REPORT==== 29-Jun-2026::11:11:05.127144 ===
    reason: closed
    msg: roadrunner response send failed
    phase: buffered_response
=NOTICE REPORT==== 29-Jun-2026::11:11:05.127213 ===
    reason: enotconn
    msg: roadrunner response send failed
    phase: buffered_response
=NOTICE REPORT==== 29-Jun-2026::11:11:05.127257 ===
    reason: enotconn
    msg: roadrunner response send failed
    phase: buffered_response
=NOTICE REPORT==== 29-Jun-2026::11:11:05.127299 ===
    reason: enotconn
    msg: roadrunner response send failed
    phase: buffered_response
=NOTICE REPORT==== 29-Jun-2026::11:11:05.127337 ===
    reason: enotconn
    msg: roadrunner response send failed
    phase: buffered_response
=NOTICE REPORT==== 29-Jun-2026::11:11:05.127393 ===
    reason: enotconn
    msg: roadrunner response send failed
    phase: buffered_response
=NOTICE REPORT==== 29-Jun-2026::11:11:05.127428 ===
    reason: enotconn
    msg: roadrunner response send failed
    phase: buffered_response
=NOTICE REPORT==== 29-Jun-2026::11:11:05.127470 ===
    reason: enotconn
    msg: roadrunner response send failed
    phase: buffered_response
=NOTICE REPORT==== 29-Jun-2026::11:11:05.127520 ===
    reason: enotconn
    msg: roadrunner response send failed
    phase: buffered_response
=NOTICE REPORT==== 29-Jun-2026::11:11:05.127554 ===
    reason: enotconn
    msg: roadrunner response send failed
    phase: buffered_response
=NOTICE REPORT==== 29-Jun-2026::11:11:05.127585 ===
    reason: enotconn
    msg: roadrunner response send failed
    phase: buffered_response
=NOTICE REPORT==== 29-Jun-2026::11:11:05.127644 ===
    reason: enotconn
    msg: roadrunner response send failed
    phase: buffered_response
=NOTICE REPORT==== 29-Jun-2026::11:11:05.127679 ===
    reason: enotconn
    msg: roadrunner response send failed
    phase: buffered_response
=NOTICE REPORT==== 29-Jun-2026::11:11:05.127713 ===
    reason: enotconn
    msg: roadrunner response send failed
    phase: buffered_response
=NOTICE REPORT==== 29-Jun-2026::11:11:05.127780 ===
    reason: enotconn
    msg: roadrunner response send failed
    phase: buffered_response
=NOTICE REPORT==== 29-Jun-2026::11:11:05.128792 ===
    reason: closed
    msg: roadrunner response send failed
    phase: buffered_response
=NOTICE REPORT==== 29-Jun-2026::11:11:05.128855 ===
    reason: enotconn
    msg: roadrunner response send failed
    phase: buffered_response
=NOTICE REPORT==== 29-Jun-2026::11:11:05.128896 ===
    reason: enotconn
    msg: roadrunner response send failed
    phase: buffered_response
=NOTICE REPORT==== 29-Jun-2026::11:11:05.128944 ===
    reason: enotconn
    msg: roadrunner response send failed
    phase: buffered_response
=NOTICE REPORT==== 29-Jun-2026::11:11:05.129032 ===
    reason: enotconn
    msg: roadrunner response send failed
    phase: buffered_response
=NOTICE REPORT==== 29-Jun-2026::11:11:05.129140 ===
    reason: enotconn
    msg: roadrunner response send failed
    phase: buffered_response
=NOTICE REPORT==== 29-Jun-2026::11:11:05.129210 ===
    reason: enotconn
    msg: roadrunner response send failed
    phase: buffered_response
=NOTICE REPORT==== 29-Jun-2026::11:11:05.129307 ===
    reason: enotconn
    msg: roadrunner response send failed
    phase: buffered_response
=NOTICE REPORT==== 29-Jun-2026::11:11:05.129402 ===
    reason: enotconn
    msg: roadrunner response send failed
    phase: buffered_response
=NOTICE REPORT==== 29-Jun-2026::11:11:05.129464 ===
    reason: enotconn
    msg: roadrunner response send failed
    phase: buffered_response
=NOTICE REPORT==== 29-Jun-2026::11:11:05.129545 ===
    reason: enotconn
    msg: roadrunner response send failed
    phase: buffered_response
=NOTICE REPORT==== 29-Jun-2026::11:11:05.129645 ===
    reason: enotconn
    msg: roadrunner response send failed
    phase: buffered_response
=NOTICE REPORT==== 29-Jun-2026::11:11:05.129699 ===
    reason: enotconn
    msg: roadrunner response send failed
    phase: buffered_response
=NOTICE REPORT==== 29-Jun-2026::11:11:05.129756 ===
    reason: enotconn
    msg: roadrunner response send failed
    phase: buffered_response
=NOTICE REPORT==== 29-Jun-2026::11:11:05.129859 ===
    reason: enotconn
    msg: roadrunner response send failed
    phase: buffered_response
=NOTICE REPORT==== 29-Jun-2026::11:11:05.130459 ===
    reason: closed
    msg: roadrunner response send failed
    phase: buffered_response
=NOTICE REPORT==== 29-Jun-2026::11:11:05.130518 ===
    reason: enotconn
    msg: roadrunner response send failed
    phase: buffered_response
=NOTICE REPORT==== 29-Jun-2026::11:11:05.130557 ===
    reason: enotconn
    msg: roadrunner response send failed
    phase: buffered_response
=NOTICE REPORT==== 29-Jun-2026::11:11:05.130597 ===
    reason: enotconn
    msg: roadrunner response send failed
    phase: buffered_response
=NOTICE REPORT==== 29-Jun-2026::11:11:05.130641 ===
    reason: enotconn
    msg: roadrunner response send failed
    phase: buffered_response
=NOTICE REPORT==== 29-Jun-2026::11:11:05.130731 ===
    reason: enotconn
    msg: roadrunner response send failed
    phase: buffered_response
=NOTICE REPORT==== 29-Jun-2026::11:11:05.130824 ===
    reason: enotconn
    msg: roadrunner response send failed
    phase: buffered_response
=NOTICE REPORT==== 29-Jun-2026::11:11:05.130903 ===
    reason: enotconn
    msg: roadrunner response send failed
    phase: buffered_response
=NOTICE REPORT==== 29-Jun-2026::11:11:05.130979 ===
    reason: enotconn
    msg: roadrunner response send failed
    phase: buffered_response
=NOTICE REPORT==== 29-Jun-2026::11:11:05.131027 ===
    reason: enotconn
    msg: roadrunner response send failed
    phase: buffered_response
=NOTICE REPORT==== 29-Jun-2026::11:11:05.131069 ===
    reason: enotconn
    msg: roadrunner response send failed
    phase: buffered_response
=NOTICE REPORT==== 29-Jun-2026::11:11:05.131138 ===
    reason: enotconn
    msg: roadrunner response send failed
    phase: buffered_response
=NOTICE REPORT==== 29-Jun-2026::11:11:05.131177 ===
    reason: enotconn
    msg: roadrunner response send failed
    phase: buffered_response
=NOTICE REPORT==== 29-Jun-2026::11:11:05.131216 ===
    reason: enotconn
    msg: roadrunner response send failed
    phase: buffered_response
=NOTICE REPORT==== 29-Jun-2026::11:11:05.131269 ===
    reason: enotconn
    msg: roadrunner response send failed
    phase: buffered_response
=NOTICE REPORT==== 29-Jun-2026::11:11:05.132125 ===
    reason: closed
    msg: roadrunner response send failed
    phase: buffered_response
=NOTICE REPORT==== 29-Jun-2026::11:11:05.132195 ===
    reason: enotconn
    msg: roadrunner response send failed
    phase: buffered_response
=NOTICE REPORT==== 29-Jun-2026::11:11:05.132271 ===
    reason: enotconn
    msg: roadrunner response send failed
    phase: buffered_response
=NOTICE REPORT==== 29-Jun-2026::11:11:05.132366 ===
    reason: enotconn
    msg: roadrunner response send failed
    phase: buffered_response
=NOTICE REPORT==== 29-Jun-2026::11:11:05.132445 ===
    reason: enotconn
    msg: roadrunner response send failed
    phase: buffered_response
=NOTICE REPORT==== 29-Jun-2026::11:11:05.132518 ===
    reason: enotconn
    msg: roadrunner response send failed
    phase: buffered_response
=NOTICE REPORT==== 29-Jun-2026::11:11:05.132567 ===
    reason: enotconn
    msg: roadrunner response send failed
    phase: buffered_response
=NOTICE REPORT==== 29-Jun-2026::11:11:05.132619 ===
    reason: enotconn
    msg: roadrunner response send failed
    phase: buffered_response
=NOTICE REPORT==== 29-Jun-2026::11:11:05.132687 ===
    reason: enotconn
    msg: roadrunner response send failed
    phase: buffered_response
=NOTICE REPORT==== 29-Jun-2026::11:11:05.132733 ===
    reason: enotconn
    msg: roadrunner response send failed
    phase: buffered_response
=NOTICE REPORT==== 29-Jun-2026::11:11:05.132775 ===
    reason: enotconn
    msg: roadrunner response send failed
    phase: buffered_response
=NOTICE REPORT==== 29-Jun-2026::11:11:05.348653 ===
Handler default flushed 5000 log events
=NOTICE REPORT==== 29-Jun-2026::11:11:05.349917 ===
Handler default switched from async to drop mode
=NOTICE REPORT==== 29-Jun-2026::11:11:05.356042 ===
Handler default switched from drop to sync mode
