[JettyServerThreadPool-135] WARN io.javalin.Javalin - Uncaught exception
org.eclipse.jetty.server.internal.HttpConnection$HttpEofException: Early EOF
	at org.eclipse.jetty.server.internal.HttpConnection$RequestHandler.earlyEOF(HttpConnection.java:1222)
	at org.eclipse.jetty.http.HttpParser.parseNext(HttpParser.java:1821)
	at org.eclipse.jetty.server.internal.HttpConnection.parseAndFillForContent(HttpConnection.java:559)
	at org.eclipse.jetty.server.internal.HttpConnection$HttpStreamOverHTTP1.read(HttpConnection.java:1467)
	at org.eclipse.jetty.server.HttpStream$Wrapper.read(HttpStream.java:184)
	at org.eclipse.jetty.server.HttpStream$Wrapper.read(HttpStream.java:184)
	at org.eclipse.jetty.server.internal.HttpChannelState$ChannelRequest.read(HttpChannelState.java:1042)
	at org.eclipse.jetty.server.Request$Wrapper.read(Request.java:962)
	at org.eclipse.jetty.server.handler.EventsHandler$EventsRequest.read(EventsHandler.java:407)
	at org.eclipse.jetty.server.Request$Wrapper.read(Request.java:962)
	at org.eclipse.jetty.ee10.servlet.AsyncContentProducer.readChunk(AsyncContentProducer.java:324)
	at org.eclipse.jetty.ee10.servlet.AsyncContentProducer.produceChunk(AsyncContentProducer.java:304)
	at org.eclipse.jetty.ee10.servlet.AsyncContentProducer.nextChunk(AsyncContentProducer.java:209)
	at org.eclipse.jetty.ee10.servlet.BlockingContentProducer.nextChunk(BlockingContentProducer.java:100)
	at org.eclipse.jetty.ee10.servlet.HttpInput.read(HttpInput.java:267)
	at org.eclipse.jetty.ee10.servlet.HttpInput.read(HttpInput.java:248)
	at java.base/java.io.InputStream.read(Unknown Source)
	at httparena.Main.upload(Main.java:97)
	at io.javalin.router.ParsedEndpoint.handleWithPathParams$javalin(ParsedEndpoint.kt:21)
	at io.javalin.router.ParsedEndpoint.handle(ParsedEndpoint.kt:15)
	at io.javalin.http.servlet.DefaultTasks.HTTP$lambda$0$1(DefaultTasks.kt:57)
	at io.javalin.http.servlet.JavalinServlet.handleTask(JavalinServlet.kt:108)
	at io.javalin.http.servlet.JavalinServlet.handleSync(JavalinServlet.kt:72)
	at io.javalin.http.servlet.JavalinServlet.handle(JavalinServlet.kt:58)
	at io.javalin.http.servlet.JavalinServlet.service(JavalinServlet.kt:38)
	at jakarta.servlet.http.HttpServlet.service(HttpServlet.java:614)
	at io.javalin.jetty.JavalinJettyServlet.service(JavalinJettyServlet.kt:49)
	at jakarta.servlet.http.HttpServlet.service(HttpServlet.java:614)
	at org.eclipse.jetty.ee10.servlet.ServletHolder.handle(ServletHolder.java:754)
	at org.eclipse.jetty.ee10.servlet.ServletHandler$ChainEnd.doFilter(ServletHandler.java:1642)
	at org.eclipse.jetty.ee10.servlet.ServletHandler$MappedServlet.handle(ServletHandler.java:1556)
	at org.eclipse.jetty.ee10.servlet.ServletChannel.dispatch(ServletChannel.java:871)
	at org.eclipse.jetty.ee10.servlet.ServletChannel.handle(ServletChannel.java:449)
	at org.eclipse.jetty.ee10.servlet.ServletHandler.handle(ServletHandler.java:469)
	at org.eclipse.jetty.ee10.servlet.SessionHandler.handle(SessionHandler.java:719)
	at org.eclipse.jetty.server.handler.ContextHandler.handle(ContextHandler.java:1253)
	at org.eclipse.jetty.server.Handler$Wrapper.handle(Handler.java:794)
	at org.eclipse.jetty.server.handler.EventsHandler.handle(EventsHandler.java:81)
	at org.eclipse.jetty.server.Server.handle(Server.java:197)
	at org.eclipse.jetty.server.internal.HttpChannelState$HandlerInvoker.run(HttpChannelState.java:804)
	at org.eclipse.jetty.server.internal.HttpConnection.onFillable(HttpConnection.java:420)
	at org.eclipse.jetty.server.internal.HttpConnection$FillableCallback.succeeded(HttpConnection.java:1790)
	at org.eclipse.jetty.io.FillInterest.fillable(FillInterest.java:105)
	at org.eclipse.jetty.io.SelectableChannelEndPoint$1.run(SelectableChannelEndPoint.java:54)
	at org.eclipse.jetty.util.thread.strategy.AdaptiveExecutionStrategy.runTask(AdaptiveExecutionStrategy.java:492)
	at org.eclipse.jetty.util.thread.strategy.AdaptiveExecutionStrategy.epcRunTask(AdaptiveExecutionStrategy.java:428)
	at org.eclipse.jetty.util.thread.strategy.AdaptiveExecutionStrategy.consumeTask(AdaptiveExecutionStrategy.java:401)
	at org.eclipse.jetty.util.thread.strategy.AdaptiveExecutionStrategy.tryProduce(AdaptiveExecutionStrategy.java:255)
	at org.eclipse.jetty.util.thread.strategy.AdaptiveExecutionStrategy.run(AdaptiveExecutionStrategy.java:204)
	at org.eclipse.jetty.util.thread.ReservedThreadExecutor$ReservedThread.run(ReservedThreadExecutor.java:317)
	at org.eclipse.jetty.util.thread.QueuedThreadPool.runJob(QueuedThreadPool.java:1009)
	at org.eclipse.jetty.util.thread.QueuedThreadPool$Runner.doRunJob(QueuedThreadPool.java:1240)
	at org.eclipse.jetty.util.thread.QueuedThreadPool$Runner.run(QueuedThreadPool.java:1194)
	at java.base/java.lang.Thread.run(Unknown Source)
[JettyServerThreadPool-131] WARN io.javalin.Javalin - Uncaught exception
org.eclipse.jetty.server.internal.HttpConnection$HttpEofException: Early EOF
	at org.eclipse.jetty.server.internal.HttpConnection$RequestHandler.earlyEOF(HttpConnection.java:1222)
	at org.eclipse.jetty.http.HttpParser.parseNext(HttpParser.java:1821)
	at org.eclipse.jetty.server.internal.HttpConnection.parseAndFillForContent(HttpConnection.java:559)
	at org.eclipse.jetty.server.internal.HttpConnection$HttpStreamOverHTTP1.read(HttpConnection.java:1467)
	at org.eclipse.jetty.server.HttpStream$Wrapper.read(HttpStream.java:184)
	at org.eclipse.jetty.server.HttpStream$Wrapper.read(HttpStream.java:184)
	at org.eclipse.jetty.server.internal.HttpChannelState$ChannelRequest.read(HttpChannelState.java:1042)
	at org.eclipse.jetty.server.Request$Wrapper.read(Request.java:962)
	at org.eclipse.jetty.server.handler.EventsHandler$EventsRequest.read(EventsHandler.java:407)
	at org.eclipse.jetty.server.Request$Wrapper.read(Request.java:962)
	at org.eclipse.jetty.ee10.servlet.AsyncContentProducer.readChunk(AsyncContentProducer.java:324)
	at org.eclipse.jetty.ee10.servlet.AsyncContentProducer.produceChunk(AsyncContentProducer.java:304)
	at org.eclipse.jetty.ee10.servlet.AsyncContentProducer.nextChunk(AsyncContentProducer.java:209)
	at org.eclipse.jetty.ee10.servlet.BlockingContentProducer.nextChunk(BlockingContentProducer.java:100)
	at org.eclipse.jetty.ee10.servlet.HttpInput.read(HttpInput.java:267)
	at org.eclipse.jetty.ee10.servlet.HttpInput.read(HttpInput.java:248)
	at java.base/java.io.InputStream.read(Unknown Source)
	at httparena.Main.upload(Main.java:97)
	at io.javalin.router.ParsedEndpoint.handleWithPathParams$javalin(ParsedEndpoint.kt:21)
	at io.javalin.router.ParsedEndpoint.handle(ParsedEndpoint.kt:15)
	at io.javalin.http.servlet.DefaultTasks.HTTP$lambda$0$1(DefaultTasks.kt:57)
	at io.javalin.http.servlet.JavalinServlet.handleTask(JavalinServlet.kt:108)
	at io.javalin.http.servlet.JavalinServlet.handleSync(JavalinServlet.kt:72)
	at io.javalin.http.servlet.JavalinServlet.handle(JavalinServlet.kt:58)
	at io.javalin.http.servlet.JavalinServlet.service(JavalinServlet.kt:38)
	at jakarta.servlet.http.HttpServlet.service(HttpServlet.java:614)
	at io.javalin.jetty.JavalinJettyServlet.service(JavalinJettyServlet.kt:49)
	at jakarta.servlet.http.HttpServlet.service(HttpServlet.java:614)
	at org.eclipse.jetty.ee10.servlet.ServletHolder.handle(ServletHolder.java:754)
	at org.eclipse.jetty.ee10.servlet.ServletHandler$ChainEnd.doFilter(ServletHandler.java:1642)
	at org.eclipse.jetty.ee10.servlet.ServletHandler$MappedServlet.handle(ServletHandler.java:1556)
	at org.eclipse.jetty.ee10.servlet.ServletChannel.dispatch(ServletChannel.java:871)
	at org.eclipse.jetty.ee10.servlet.ServletChannel.handle(ServletChannel.java:449)
	at org.eclipse.jetty.ee10.servlet.ServletHandler.handle(ServletHandler.java:469)
	at org.eclipse.jetty.ee10.servlet.SessionHandler.handle(SessionHandler.java:719)
	at org.eclipse.jetty.server.handler.ContextHandler.handle(ContextHandler.java:1253)
	at org.eclipse.jetty.server.Handler$Wrapper.handle(Handler.java:794)
	at org.eclipse.jetty.server.handler.EventsHandler.handle(EventsHandler.java:81)
	at org.eclipse.jetty.server.Server.handle(Server.java:197)
	at org.eclipse.jetty.server.internal.HttpChannelState$HandlerInvoker.run(HttpChannelState.java:804)
	at org.eclipse.jetty.server.internal.HttpConnection.onFillable(HttpConnection.java:420)
	at org.eclipse.jetty.server.internal.HttpConnection$FillableCallback.succeeded(HttpConnection.java:1790)
	at org.eclipse.jetty.io.FillInterest.fillable(FillInterest.java:105)
	at org.eclipse.jetty.io.SelectableChannelEndPoint$1.run(SelectableChannelEndPoint.java:54)
	at org.eclipse.jetty.util.thread.strategy.AdaptiveExecutionStrategy.runTask(AdaptiveExecutionStrategy.java:492)
	at org.eclipse.jetty.util.thread.strategy.AdaptiveExecutionStrategy.epcRunTask(AdaptiveExecutionStrategy.java:428)
	at org.eclipse.jetty.util.thread.strategy.AdaptiveExecutionStrategy.consumeTask(AdaptiveExecutionStrategy.java:401)
	at org.eclipse.jetty.util.thread.strategy.AdaptiveExecutionStrategy.tryProduce(AdaptiveExecutionStrategy.java:255)
	at org.eclipse.jetty.util.thread.strategy.AdaptiveExecutionStrategy.run(AdaptiveExecutionStrategy.java:204)
	at org.eclipse.jetty.util.thread.ReservedThreadExecutor$ReservedThread.run(ReservedThreadExecutor.java:317)
	at org.eclipse.jetty.util.thread.QueuedThreadPool.runJob(QueuedThreadPool.java:1009)
	at org.eclipse.jetty.util.thread.QueuedThreadPool$Runner.doRunJob(QueuedThreadPool.java:1240)
	at org.eclipse.jetty.util.thread.QueuedThreadPool$Runner.run(QueuedThreadPool.java:1194)
	at java.base/java.lang.Thread.run(Unknown Source)
[JettyServerThreadPool-106] WARN io.javalin.Javalin - Uncaught exception
org.eclipse.jetty.server.internal.HttpConnection$HttpEofException: Early EOF
	at org.eclipse.jetty.server.internal.HttpConnection$RequestHandler.earlyEOF(HttpConnection.java:1222)
	at org.eclipse.jetty.http.HttpParser.parseNext(HttpParser.java:1821)
	at org.eclipse.jetty.server.internal.HttpConnection.parseAndFillForContent(HttpConnection.java:559)
	at org.eclipse.jetty.server.internal.HttpConnection$HttpStreamOverHTTP1.read(HttpConnection.java:1467)
	at org.eclipse.jetty.server.HttpStream$Wrapper.read(HttpStream.java:184)
	at org.eclipse.jetty.server.HttpStream$Wrapper.read(HttpStream.java:184)
	at org.eclipse.jetty.server.internal.HttpChannelState$ChannelRequest.read(HttpChannelState.java:1042)
	at org.eclipse.jetty.server.Request$Wrapper.read(Request.java:962)
	at org.eclipse.jetty.server.handler.EventsHandler$EventsRequest.read(EventsHandler.java:407)
	at org.eclipse.jetty.server.Request$Wrapper.read(Request.java:962)
	at org.eclipse.jetty.ee10.servlet.AsyncContentProducer.readChunk(AsyncContentProducer.java:324)
	at org.eclipse.jetty.ee10.servlet.AsyncContentProducer.produceChunk(AsyncContentProducer.java:304)
	at org.eclipse.jetty.ee10.servlet.AsyncContentProducer.nextChunk(AsyncContentProducer.java:209)
	at org.eclipse.jetty.ee10.servlet.BlockingContentProducer.nextChunk(BlockingContentProducer.java:100)
	at org.eclipse.jetty.ee10.servlet.HttpInput.read(HttpInput.java:267)
	at org.eclipse.jetty.ee10.servlet.HttpInput.read(HttpInput.java:248)
	at java.base/java.io.InputStream.read(Unknown Source)
	at httparena.Main.upload(Main.java:97)
	at io.javalin.router.ParsedEndpoint.handleWithPathParams$javalin(ParsedEndpoint.kt:21)
	at io.javalin.router.ParsedEndpoint.handle(ParsedEndpoint.kt:15)
	at io.javalin.http.servlet.DefaultTasks.HTTP$lambda$0$1(DefaultTasks.kt:57)
	at io.javalin.http.servlet.JavalinServlet.handleTask(JavalinServlet.kt:108)
	at io.javalin.http.servlet.JavalinServlet.handleSync(JavalinServlet.kt:72)
	at io.javalin.http.servlet.JavalinServlet.handle(JavalinServlet.kt:58)
	at io.javalin.http.servlet.JavalinServlet.service(JavalinServlet.kt:38)
	at jakarta.servlet.http.HttpServlet.service(HttpServlet.java:614)
	at io.javalin.jetty.JavalinJettyServlet.service(JavalinJettyServlet.kt:49)
	at jakarta.servlet.http.HttpServlet.service(HttpServlet.java:614)
	at org.eclipse.jetty.ee10.servlet.ServletHolder.handle(ServletHolder.java:754)
	at org.eclipse.jetty.ee10.servlet.ServletHandler$ChainEnd.doFilter(ServletHandler.java:1642)
	at org.eclipse.jetty.ee10.servlet.ServletHandler$MappedServlet.handle(ServletHandler.java:1556)
	at org.eclipse.jetty.ee10.servlet.ServletChannel.dispatch(ServletChannel.java:871)
	at org.eclipse.jetty.ee10.servlet.ServletChannel.handle(ServletChannel.java:449)
	at org.eclipse.jetty.ee10.servlet.ServletHandler.handle(ServletHandler.java:469)
	at org.eclipse.jetty.ee10.servlet.SessionHandler.handle(SessionHandler.java:719)
	at org.eclipse.jetty.server.handler.ContextHandler.handle(ContextHandler.java:1253)
	at org.eclipse.jetty.server.Handler$Wrapper.handle(Handler.java:794)
	at org.eclipse.jetty.server.handler.EventsHandler.handle(EventsHandler.java:81)
	at org.eclipse.jetty.server.Server.handle(Server.java:197)
	at org.eclipse.jetty.server.internal.HttpChannelState$HandlerInvoker.run(HttpChannelState.java:804)
	at org.eclipse.jetty.server.internal.HttpConnection.onFillable(HttpConnection.java:420)
	at org.eclipse.jetty.server.internal.HttpConnection$FillableCallback.succeeded(HttpConnection.java:1790)
	at org.eclipse.jetty.io.FillInterest.fillable(FillInterest.java:105)
	at org.eclipse.jetty.io.SelectableChannelEndPoint$1.run(SelectableChannelEndPoint.java:54)
	at org.eclipse.jetty.util.thread.strategy.AdaptiveExecutionStrategy.runTask(AdaptiveExecutionStrategy.java:492)
	at org.eclipse.jetty.util.thread.strategy.AdaptiveExecutionStrategy.epcRunTask(AdaptiveExecutionStrategy.java:428)
	at org.eclipse.jetty.util.thread.strategy.AdaptiveExecutionStrategy.consumeTask(AdaptiveExecutionStrategy.java:401)
	at org.eclipse.jetty.util.thread.strategy.AdaptiveExecutionStrategy.tryProduce(AdaptiveExecutionStrategy.java:255)
	at org.eclipse.jetty.util.thread.strategy.AdaptiveExecutionStrategy.run(AdaptiveExecutionStrategy.java:204)
	at org.eclipse.jetty.util.thread.ReservedThreadExecutor$ReservedThread.run(ReservedThreadExecutor.java:317)
	at org.eclipse.jetty.util.thread.QueuedThreadPool.runJob(QueuedThreadPool.java:1009)
	at org.eclipse.jetty.util.thread.QueuedThreadPool$Runner.doRunJob(QueuedThreadPool.java:1240)
	at org.eclipse.jetty.util.thread.QueuedThreadPool$Runner.run(QueuedThreadPool.java:1194)
	at java.base/java.lang.Thread.run(Unknown Source)
[JettyServerThreadPool-117] WARN io.javalin.Javalin - Uncaught exception
org.eclipse.jetty.server.internal.HttpConnection$HttpEofException: Early EOF
	at org.eclipse.jetty.server.internal.HttpConnection$RequestHandler.earlyEOF(HttpConnection.java:1222)
	at org.eclipse.jetty.http.HttpParser.parseNext(HttpParser.java:1821)
	at org.eclipse.jetty.server.internal.HttpConnection.parseAndFillForContent(HttpConnection.java:559)
	at org.eclipse.jetty.server.internal.HttpConnection$HttpStreamOverHTTP1.read(HttpConnection.java:1467)
	at org.eclipse.jetty.server.HttpStream$Wrapper.read(HttpStream.java:184)
	at org.eclipse.jetty.server.HttpStream$Wrapper.read(HttpStream.java:184)
	at org.eclipse.jetty.server.internal.HttpChannelState$ChannelRequest.read(HttpChannelState.java:1042)
	at org.eclipse.jetty.server.Request$Wrapper.read(Request.java:962)
	at org.eclipse.jetty.server.handler.EventsHandler$EventsRequest.read(EventsHandler.java:407)
	at org.eclipse.jetty.server.Request$Wrapper.read(Request.java:962)
	at org.eclipse.jetty.ee10.servlet.AsyncContentProducer.readChunk(AsyncContentProducer.java:324)
	at org.eclipse.jetty.ee10.servlet.AsyncContentProducer.produceChunk(AsyncContentProducer.java:304)
	at org.eclipse.jetty.ee10.servlet.AsyncContentProducer.nextChunk(AsyncContentProducer.java:209)
	at org.eclipse.jetty.ee10.servlet.BlockingContentProducer.nextChunk(BlockingContentProducer.java:100)
	at org.eclipse.jetty.ee10.servlet.HttpInput.read(HttpInput.java:267)
	at org.eclipse.jetty.ee10.servlet.HttpInput.read(HttpInput.java:248)
	at java.base/java.io.InputStream.read(Unknown Source)
	at httparena.Main.upload(Main.java:97)
	at io.javalin.router.ParsedEndpoint.handleWithPathParams$javalin(ParsedEndpoint.kt:21)
	at io.javalin.router.ParsedEndpoint.handle(ParsedEndpoint.kt:15)
	at io.javalin.http.servlet.DefaultTasks.HTTP$lambda$0$1(DefaultTasks.kt:57)
	at io.javalin.http.servlet.JavalinServlet.handleTask(JavalinServlet.kt:108)
	at io.javalin.http.servlet.JavalinServlet.handleSync(JavalinServlet.kt:72)
	at io.javalin.http.servlet.JavalinServlet.handle(JavalinServlet.kt:58)
	at io.javalin.http.servlet.JavalinServlet.service(JavalinServlet.kt:38)
	at jakarta.servlet.http.HttpServlet.service(HttpServlet.java:614)
	at io.javalin.jetty.JavalinJettyServlet.service(JavalinJettyServlet.kt:49)
	at jakarta.servlet.http.HttpServlet.service(HttpServlet.java:614)
	at org.eclipse.jetty.ee10.servlet.ServletHolder.handle(ServletHolder.java:754)
	at org.eclipse.jetty.ee10.servlet.ServletHandler$ChainEnd.doFilter(ServletHandler.java:1642)
	at org.eclipse.jetty.ee10.servlet.ServletHandler$MappedServlet.handle(ServletHandler.java:1556)
	at org.eclipse.jetty.ee10.servlet.ServletChannel.dispatch(ServletChannel.java:871)
	at org.eclipse.jetty.ee10.servlet.ServletChannel.handle(ServletChannel.java:449)
	at org.eclipse.jetty.ee10.servlet.ServletHandler.handle(ServletHandler.java:469)
	at org.eclipse.jetty.ee10.servlet.SessionHandler.handle(SessionHandler.java:719)
	at org.eclipse.jetty.server.handler.ContextHandler.handle(ContextHandler.java:1253)
	at org.eclipse.jetty.server.Handler$Wrapper.handle(Handler.java:794)
	at org.eclipse.jetty.server.handler.EventsHandler.handle(EventsHandler.java:81)
	at org.eclipse.jetty.server.Server.handle(Server.java:197)
	at org.eclipse.jetty.server.internal.HttpChannelState$HandlerInvoker.run(HttpChannelState.java:804)
	at org.eclipse.jetty.server.internal.HttpConnection.onFillable(HttpConnection.java:420)
	at org.eclipse.jetty.server.internal.HttpConnection$FillableCallback.succeeded(HttpConnection.java:1790)
	at org.eclipse.jetty.io.FillInterest.fillable(FillInterest.java:105)
	at org.eclipse.jetty.io.SelectableChannelEndPoint$1.run(SelectableChannelEndPoint.java:54)
	at org.eclipse.jetty.util.thread.strategy.AdaptiveExecutionStrategy.runTask(AdaptiveExecutionStrategy.java:492)
	at org.eclipse.jetty.util.thread.strategy.AdaptiveExecutionStrategy.epcRunTask(AdaptiveExecutionStrategy.java:428)
	at org.eclipse.jetty.util.thread.strategy.AdaptiveExecutionStrategy.consumeTask(AdaptiveExecutionStrategy.java:401)
	at org.eclipse.jetty.util.thread.strategy.AdaptiveExecutionStrategy.tryProduce(AdaptiveExecutionStrategy.java:255)
	at org.eclipse.jetty.util.thread.strategy.AdaptiveExecutionStrategy.run(AdaptiveExecutionStrategy.java:204)
	at org.eclipse.jetty.util.thread.ReservedThreadExecutor$ReservedThread.run(ReservedThreadExecutor.java:317)
	at org.eclipse.jetty.util.thread.QueuedThreadPool.runJob(QueuedThreadPool.java:1009)
	at org.eclipse.jetty.util.thread.QueuedThreadPool$Runner.doRunJob(QueuedThreadPool.java:1240)
	at org.eclipse.jetty.util.thread.QueuedThreadPool$Runner.run(QueuedThreadPool.java:1194)
	at java.base/java.lang.Thread.run(Unknown Source)
[JettyServerThreadPool-128] WARN io.javalin.Javalin - Uncaught exception
org.eclipse.jetty.server.internal.HttpConnection$HttpEofException: Early EOF
	at org.eclipse.jetty.server.internal.HttpConnection$RequestHandler.earlyEOF(HttpConnection.java:1222)
	at org.eclipse.jetty.http.HttpParser.parseNext(HttpParser.java:1821)
	at org.eclipse.jetty.server.internal.HttpConnection.parseAndFillForContent(HttpConnection.java:559)
	at org.eclipse.jetty.server.internal.HttpConnection$HttpStreamOverHTTP1.read(HttpConnection.java:1467)
	at org.eclipse.jetty.server.HttpStream$Wrapper.read(HttpStream.java:184)
	at org.eclipse.jetty.server.HttpStream$Wrapper.read(HttpStream.java:184)
	at org.eclipse.jetty.server.internal.HttpChannelState$ChannelRequest.read(HttpChannelState.java:1042)
	at org.eclipse.jetty.server.Request$Wrapper.read(Request.java:962)
	at org.eclipse.jetty.server.handler.EventsHandler$EventsRequest.read(EventsHandler.java:407)
	at org.eclipse.jetty.server.Request$Wrapper.read(Request.java:962)
	at org.eclipse.jetty.ee10.servlet.AsyncContentProducer.readChunk(AsyncContentProducer.java:324)
	at org.eclipse.jetty.ee10.servlet.AsyncContentProducer.produceChunk(AsyncContentProducer.java:304)
	at org.eclipse.jetty.ee10.servlet.AsyncContentProducer.nextChunk(AsyncContentProducer.java:209)
	at org.eclipse.jetty.ee10.servlet.BlockingContentProducer.nextChunk(BlockingContentProducer.java:100)
	at org.eclipse.jetty.ee10.servlet.HttpInput.read(HttpInput.java:267)
	at org.eclipse.jetty.ee10.servlet.HttpInput.read(HttpInput.java:248)
	at java.base/java.io.InputStream.read(Unknown Source)
	at httparena.Main.upload(Main.java:97)
	at io.javalin.router.ParsedEndpoint.handleWithPathParams$javalin(ParsedEndpoint.kt:21)
	at io.javalin.router.ParsedEndpoint.handle(ParsedEndpoint.kt:15)
	at io.javalin.http.servlet.DefaultTasks.HTTP$lambda$0$1(DefaultTasks.kt:57)
	at io.javalin.http.servlet.JavalinServlet.handleTask(JavalinServlet.kt:108)
	at io.javalin.http.servlet.JavalinServlet.handleSync(JavalinServlet.kt:72)
	at io.javalin.http.servlet.JavalinServlet.handle(JavalinServlet.kt:58)
	at io.javalin.http.servlet.JavalinServlet.service(JavalinServlet.kt:38)
	at jakarta.servlet.http.HttpServlet.service(HttpServlet.java:614)
	at io.javalin.jetty.JavalinJettyServlet.service(JavalinJettyServlet.kt:49)
	at jakarta.servlet.http.HttpServlet.service(HttpServlet.java:614)
	at org.eclipse.jetty.ee10.servlet.ServletHolder.handle(ServletHolder.java:754)
	at org.eclipse.jetty.ee10.servlet.ServletHandler$ChainEnd.doFilter(ServletHandler.java:1642)
	at org.eclipse.jetty.ee10.servlet.ServletHandler$MappedServlet.handle(ServletHandler.java:1556)
	at org.eclipse.jetty.ee10.servlet.ServletChannel.dispatch(ServletChannel.java:871)
	at org.eclipse.jetty.ee10.servlet.ServletChannel.handle(ServletChannel.java:449)
	at org.eclipse.jetty.ee10.servlet.ServletHandler.handle(ServletHandler.java:469)
	at org.eclipse.jetty.ee10.servlet.SessionHandler.handle(SessionHandler.java:719)
	at org.eclipse.jetty.server.handler.ContextHandler.handle(ContextHandler.java:1253)
	at org.eclipse.jetty.server.Handler$Wrapper.handle(Handler.java:794)
	at org.eclipse.jetty.server.handler.EventsHandler.handle(EventsHandler.java:81)
	at org.eclipse.jetty.server.Server.handle(Server.java:197)
	at org.eclipse.jetty.server.internal.HttpChannelState$HandlerInvoker.run(HttpChannelState.java:804)
	at org.eclipse.jetty.server.internal.HttpConnection.onFillable(HttpConnection.java:420)
	at org.eclipse.jetty.server.internal.HttpConnection$FillableCallback.succeeded(HttpConnection.java:1790)
	at org.eclipse.jetty.io.FillInterest.fillable(FillInterest.java:105)
	at org.eclipse.jetty.io.SelectableChannelEndPoint$1.run(SelectableChannelEndPoint.java:54)
	at org.eclipse.jetty.util.thread.strategy.AdaptiveExecutionStrategy.runTask(AdaptiveExecutionStrategy.java:492)
	at org.eclipse.jetty.util.thread.strategy.AdaptiveExecutionStrategy.epcRunTask(AdaptiveExecutionStrategy.java:428)
	at org.eclipse.jetty.util.thread.strategy.AdaptiveExecutionStrategy.consumeTask(AdaptiveExecutionStrategy.java:401)
	at org.eclipse.jetty.util.thread.strategy.AdaptiveExecutionStrategy.tryProduce(AdaptiveExecutionStrategy.java:255)
	at org.eclipse.jetty.util.thread.strategy.AdaptiveExecutionStrategy.run(AdaptiveExecutionStrategy.java:204)
	at org.eclipse.jetty.util.thread.ReservedThreadExecutor$ReservedThread.run(ReservedThreadExecutor.java:317)
	at org.eclipse.jetty.util.thread.QueuedThreadPool.runJob(QueuedThreadPool.java:1009)
	at org.eclipse.jetty.util.thread.QueuedThreadPool$Runner.doRunJob(QueuedThreadPool.java:1240)
	at org.eclipse.jetty.util.thread.QueuedThreadPool$Runner.run(QueuedThreadPool.java:1194)
	at java.base/java.lang.Thread.run(Unknown Source)
[JettyServerThreadPool-132] WARN io.javalin.Javalin - Uncaught exception
org.eclipse.jetty.server.internal.HttpConnection$HttpEofException: Early EOF
	at org.eclipse.jetty.server.internal.HttpConnection$RequestHandler.earlyEOF(HttpConnection.java:1222)
	at org.eclipse.jetty.http.HttpParser.parseNext(HttpParser.java:1821)
	at org.eclipse.jetty.server.internal.HttpConnection.parseAndFillForContent(HttpConnection.java:559)
	at org.eclipse.jetty.server.internal.HttpConnection$HttpStreamOverHTTP1.read(HttpConnection.java:1467)
	at org.eclipse.jetty.server.HttpStream$Wrapper.read(HttpStream.java:184)
	at org.eclipse.jetty.server.HttpStream$Wrapper.read(HttpStream.java:184)
	at org.eclipse.jetty.server.internal.HttpChannelState$ChannelRequest.read(HttpChannelState.java:1042)
	at org.eclipse.jetty.server.Request$Wrapper.read(Request.java:962)
	at org.eclipse.jetty.server.handler.EventsHandler$EventsRequest.read(EventsHandler.java:407)
	at org.eclipse.jetty.server.Request$Wrapper.read(Request.java:962)
	at org.eclipse.jetty.ee10.servlet.AsyncContentProducer.readChunk(AsyncContentProducer.java:324)
	at org.eclipse.jetty.ee10.servlet.AsyncContentProducer.produceChunk(AsyncContentProducer.java:304)
	at org.eclipse.jetty.ee10.servlet.AsyncContentProducer.nextChunk(AsyncContentProducer.java:209)
	at org.eclipse.jetty.ee10.servlet.BlockingContentProducer.nextChunk(BlockingContentProducer.java:100)
	at org.eclipse.jetty.ee10.servlet.HttpInput.read(HttpInput.java:267)
	at org.eclipse.jetty.ee10.servlet.HttpInput.read(HttpInput.java:248)
	at java.base/java.io.InputStream.read(Unknown Source)
	at httparena.Main.upload(Main.java:97)
	at io.javalin.router.ParsedEndpoint.handleWithPathParams$javalin(ParsedEndpoint.kt:21)
	at io.javalin.router.ParsedEndpoint.handle(ParsedEndpoint.kt:15)
	at io.javalin.http.servlet.DefaultTasks.HTTP$lambda$0$1(DefaultTasks.kt:57)
	at io.javalin.http.servlet.JavalinServlet.handleTask(JavalinServlet.kt:108)
	at io.javalin.http.servlet.JavalinServlet.handleSync(JavalinServlet.kt:72)
	at io.javalin.http.servlet.JavalinServlet.handle(JavalinServlet.kt:58)
	at io.javalin.http.servlet.JavalinServlet.service(JavalinServlet.kt:38)
	at jakarta.servlet.http.HttpServlet.service(HttpServlet.java:614)
	at io.javalin.jetty.JavalinJettyServlet.service(JavalinJettyServlet.kt:49)
	at jakarta.servlet.http.HttpServlet.service(HttpServlet.java:614)
	at org.eclipse.jetty.ee10.servlet.ServletHolder.handle(ServletHolder.java:754)
	at org.eclipse.jetty.ee10.servlet.ServletHandler$ChainEnd.doFilter(ServletHandler.java:1642)
	at org.eclipse.jetty.ee10.servlet.ServletHandler$MappedServlet.handle(ServletHandler.java:1556)
	at org.eclipse.jetty.ee10.servlet.ServletChannel.dispatch(ServletChannel.java:871)
	at org.eclipse.jetty.ee10.servlet.ServletChannel.handle(ServletChannel.java:449)
	at org.eclipse.jetty.ee10.servlet.ServletHandler.handle(ServletHandler.java:469)
	at org.eclipse.jetty.ee10.servlet.SessionHandler.handle(SessionHandler.java:719)
	at org.eclipse.jetty.server.handler.ContextHandler.handle(ContextHandler.java:1253)
	at org.eclipse.jetty.server.Handler$Wrapper.handle(Handler.java:794)
	at org.eclipse.jetty.server.handler.EventsHandler.handle(EventsHandler.java:81)
	at org.eclipse.jetty.server.Server.handle(Server.java:197)
	at org.eclipse.jetty.server.internal.HttpChannelState$HandlerInvoker.run(HttpChannelState.java:804)
	at org.eclipse.jetty.server.internal.HttpConnection.onFillable(HttpConnection.java:420)
	at org.eclipse.jetty.server.internal.HttpConnection$FillableCallback.succeeded(HttpConnection.java:1790)
	at org.eclipse.jetty.io.FillInterest.fillable(FillInterest.java:105)
	at org.eclipse.jetty.io.SelectableChannelEndPoint$1.run(SelectableChannelEndPoint.java:54)
	at org.eclipse.jetty.util.thread.strategy.AdaptiveExecutionStrategy.runTask(AdaptiveExecutionStrategy.java:492)
	at org.eclipse.jetty.util.thread.strategy.AdaptiveExecutionStrategy.epcRunTask(AdaptiveExecutionStrategy.java:428)
	at org.eclipse.jetty.util.thread.strategy.AdaptiveExecutionStrategy.consumeTask(AdaptiveExecutionStrategy.java:401)
	at org.eclipse.jetty.util.thread.strategy.AdaptiveExecutionStrategy.tryProduce(AdaptiveExecutionStrategy.java:255)
	at org.eclipse.jetty.util.thread.strategy.AdaptiveExecutionStrategy.run(AdaptiveExecutionStrategy.java:204)
	at org.eclipse.jetty.util.thread.ReservedThreadExecutor$ReservedThread.run(ReservedThreadExecutor.java:317)
	at org.eclipse.jetty.util.thread.QueuedThreadPool.runJob(QueuedThreadPool.java:1009)
	at org.eclipse.jetty.util.thread.QueuedThreadPool$Runner.doRunJob(QueuedThreadPool.java:1240)
	at org.eclipse.jetty.util.thread.QueuedThreadPool$Runner.run(QueuedThreadPool.java:1194)
	at java.base/java.lang.Thread.run(Unknown Source)
[JettyServerThreadPool-130] WARN io.javalin.Javalin - Uncaught exception
org.eclipse.jetty.server.internal.HttpConnection$HttpEofException: Early EOF
	at org.eclipse.jetty.server.internal.HttpConnection$RequestHandler.earlyEOF(HttpConnection.java:1222)
	at org.eclipse.jetty.http.HttpParser.parseNext(HttpParser.java:1821)
	at org.eclipse.jetty.server.internal.HttpConnection.parseAndFillForContent(HttpConnection.java:559)
	at org.eclipse.jetty.server.internal.HttpConnection$HttpStreamOverHTTP1.read(HttpConnection.java:1467)
	at org.eclipse.jetty.server.HttpStream$Wrapper.read(HttpStream.java:184)
	at org.eclipse.jetty.server.HttpStream$Wrapper.read(HttpStream.java:184)
	at org.eclipse.jetty.server.internal.HttpChannelState$ChannelRequest.read(HttpChannelState.java:1042)
	at org.eclipse.jetty.server.Request$Wrapper.read(Request.java:962)
	at org.eclipse.jetty.server.handler.EventsHandler$EventsRequest.read(EventsHandler.java:407)
	at org.eclipse.jetty.server.Request$Wrapper.read(Request.java:962)
	at org.eclipse.jetty.ee10.servlet.AsyncContentProducer.readChunk(AsyncContentProducer.java:324)
	at org.eclipse.jetty.ee10.servlet.AsyncContentProducer.produceChunk(AsyncContentProducer.java:304)
	at org.eclipse.jetty.ee10.servlet.AsyncContentProducer.nextChunk(AsyncContentProducer.java:209)
	at org.eclipse.jetty.ee10.servlet.BlockingContentProducer.nextChunk(BlockingContentProducer.java:100)
	at org.eclipse.jetty.ee10.servlet.HttpInput.read(HttpInput.java:267)
	at org.eclipse.jetty.ee10.servlet.HttpInput.read(HttpInput.java:248)
	at java.base/java.io.InputStream.read(Unknown Source)
	at httparena.Main.upload(Main.java:97)
	at io.javalin.router.ParsedEndpoint.handleWithPathParams$javalin(ParsedEndpoint.kt:21)
	at io.javalin.router.ParsedEndpoint.handle(ParsedEndpoint.kt:15)
	at io.javalin.http.servlet.DefaultTasks.HTTP$lambda$0$1(DefaultTasks.kt:57)
	at io.javalin.http.servlet.JavalinServlet.handleTask(JavalinServlet.kt:108)
	at io.javalin.http.servlet.JavalinServlet.handleSync(JavalinServlet.kt:72)
	at io.javalin.http.servlet.JavalinServlet.handle(JavalinServlet.kt:58)
	at io.javalin.http.servlet.JavalinServlet.service(JavalinServlet.kt:38)
	at jakarta.servlet.http.HttpServlet.service(HttpServlet.java:614)
	at io.javalin.jetty.JavalinJettyServlet.service(JavalinJettyServlet.kt:49)
	at jakarta.servlet.http.HttpServlet.service(HttpServlet.java:614)
	at org.eclipse.jetty.ee10.servlet.ServletHolder.handle(ServletHolder.java:754)
	at org.eclipse.jetty.ee10.servlet.ServletHandler$ChainEnd.doFilter(ServletHandler.java:1642)
	at org.eclipse.jetty.ee10.servlet.ServletHandler$MappedServlet.handle(ServletHandler.java:1556)
	at org.eclipse.jetty.ee10.servlet.ServletChannel.dispatch(ServletChannel.java:871)
	at org.eclipse.jetty.ee10.servlet.ServletChannel.handle(ServletChannel.java:449)
	at org.eclipse.jetty.ee10.servlet.ServletHandler.handle(ServletHandler.java:469)
	at org.eclipse.jetty.ee10.servlet.SessionHandler.handle(SessionHandler.java:719)
	at org.eclipse.jetty.server.handler.ContextHandler.handle(ContextHandler.java:1253)
	at org.eclipse.jetty.server.Handler$Wrapper.handle(Handler.java:794)
	at org.eclipse.jetty.server.handler.EventsHandler.handle(EventsHandler.java:81)
	at org.eclipse.jetty.server.Server.handle(Server.java:197)
	at org.eclipse.jetty.server.internal.HttpChannelState$HandlerInvoker.run(HttpChannelState.java:804)
	at org.eclipse.jetty.server.internal.HttpConnection.onFillable(HttpConnection.java:420)
	at org.eclipse.jetty.server.internal.HttpConnection$FillableCallback.succeeded(HttpConnection.java:1790)
	at org.eclipse.jetty.io.FillInterest.fillable(FillInterest.java:105)
	at org.eclipse.jetty.io.SelectableChannelEndPoint$1.run(SelectableChannelEndPoint.java:54)
	at org.eclipse.jetty.util.thread.strategy.AdaptiveExecutionStrategy.runTask(AdaptiveExecutionStrategy.java:492)
	at org.eclipse.jetty.util.thread.strategy.AdaptiveExecutionStrategy.epcRunTask(AdaptiveExecutionStrategy.java:428)
	at org.eclipse.jetty.util.thread.strategy.AdaptiveExecutionStrategy.consumeTask(AdaptiveExecutionStrategy.java:401)
	at org.eclipse.jetty.util.thread.strategy.AdaptiveExecutionStrategy.tryProduce(AdaptiveExecutionStrategy.java:255)
	at org.eclipse.jetty.util.thread.strategy.AdaptiveExecutionStrategy.run(AdaptiveExecutionStrategy.java:204)
	at org.eclipse.jetty.util.thread.ReservedThreadExecutor$ReservedThread.run(ReservedThreadExecutor.java:317)
	at org.eclipse.jetty.util.thread.QueuedThreadPool.runJob(QueuedThreadPool.java:1009)
	at org.eclipse.jetty.util.thread.QueuedThreadPool$Runner.doRunJob(QueuedThreadPool.java:1240)
	at org.eclipse.jetty.util.thread.QueuedThreadPool$Runner.run(QueuedThreadPool.java:1194)
	at java.base/java.lang.Thread.run(Unknown Source)
[JettyServerThreadPool-97] WARN io.javalin.Javalin - Uncaught exception
org.eclipse.jetty.server.internal.HttpConnection$HttpEofException: Early EOF
	at org.eclipse.jetty.server.internal.HttpConnection$RequestHandler.earlyEOF(HttpConnection.java:1222)
	at org.eclipse.jetty.http.HttpParser.parseNext(HttpParser.java:1821)
	at org.eclipse.jetty.server.internal.HttpConnection.parseAndFillForContent(HttpConnection.java:559)
	at org.eclipse.jetty.server.internal.HttpConnection$HttpStreamOverHTTP1.read(HttpConnection.java:1467)
	at org.eclipse.jetty.server.HttpStream$Wrapper.read(HttpStream.java:184)
	at org.eclipse.jetty.server.HttpStream$Wrapper.read(HttpStream.java:184)
	at org.eclipse.jetty.server.internal.HttpChannelState$ChannelRequest.read(HttpChannelState.java:1042)
	at org.eclipse.jetty.server.Request$Wrapper.read(Request.java:962)
	at org.eclipse.jetty.server.handler.EventsHandler$EventsRequest.read(EventsHandler.java:407)
	at org.eclipse.jetty.server.Request$Wrapper.read(Request.java:962)
	at org.eclipse.jetty.ee10.servlet.AsyncContentProducer.readChunk(AsyncContentProducer.java:324)
	at org.eclipse.jetty.ee10.servlet.AsyncContentProducer.produceChunk(AsyncContentProducer.java:304)
	at org.eclipse.jetty.ee10.servlet.AsyncContentProducer.nextChunk(AsyncContentProducer.java:209)
	at org.eclipse.jetty.ee10.servlet.BlockingContentProducer.nextChunk(BlockingContentProducer.java:100)
	at org.eclipse.jetty.ee10.servlet.HttpInput.read(HttpInput.java:267)
	at org.eclipse.jetty.ee10.servlet.HttpInput.read(HttpInput.java:248)
	at java.base/java.io.InputStream.read(Unknown Source)
	at httparena.Main.upload(Main.java:97)
	at io.javalin.router.ParsedEndpoint.handleWithPathParams$javalin(ParsedEndpoint.kt:21)
	at io.javalin.router.ParsedEndpoint.handle(ParsedEndpoint.kt:15)
	at io.javalin.http.servlet.DefaultTasks.HTTP$lambda$0$1(DefaultTasks.kt:57)
	at io.javalin.http.servlet.JavalinServlet.handleTask(JavalinServlet.kt:108)
	at io.javalin.http.servlet.JavalinServlet.handleSync(JavalinServlet.kt:72)
	at io.javalin.http.servlet.JavalinServlet.handle(JavalinServlet.kt:58)
	at io.javalin.http.servlet.JavalinServlet.service(JavalinServlet.kt:38)
	at jakarta.servlet.http.HttpServlet.service(HttpServlet.java:614)
	at io.javalin.jetty.JavalinJettyServlet.service(JavalinJettyServlet.kt:49)
	at jakarta.servlet.http.HttpServlet.service(HttpServlet.java:614)
	at org.eclipse.jetty.ee10.servlet.ServletHolder.handle(ServletHolder.java:754)
	at org.eclipse.jetty.ee10.servlet.ServletHandler$ChainEnd.doFilter(ServletHandler.java:1642)
	at org.eclipse.jetty.ee10.servlet.ServletHandler$MappedServlet.handle(ServletHandler.java:1556)
	at org.eclipse.jetty.ee10.servlet.ServletChannel.dispatch(ServletChannel.java:871)
	at org.eclipse.jetty.ee10.servlet.ServletChannel.handle(ServletChannel.java:449)
	at org.eclipse.jetty.ee10.servlet.ServletHandler.handle(ServletHandler.java:469)
	at org.eclipse.jetty.ee10.servlet.SessionHandler.handle(SessionHandler.java:719)
	at org.eclipse.jetty.server.handler.ContextHandler.handle(ContextHandler.java:1253)
	at org.eclipse.jetty.server.Handler$Wrapper.handle(Handler.java:794)
	at org.eclipse.jetty.server.handler.EventsHandler.handle(EventsHandler.java:81)
	at org.eclipse.jetty.server.Server.handle(Server.java:197)
	at org.eclipse.jetty.server.internal.HttpChannelState$HandlerInvoker.run(HttpChannelState.java:804)
	at org.eclipse.jetty.server.internal.HttpConnection.onFillable(HttpConnection.java:420)
	at org.eclipse.jetty.server.internal.HttpConnection$FillableCallback.succeeded(HttpConnection.java:1790)
	at org.eclipse.jetty.io.FillInterest.fillable(FillInterest.java:105)
	at org.eclipse.jetty.io.SelectableChannelEndPoint$1.run(SelectableChannelEndPoint.java:54)
	at org.eclipse.jetty.util.thread.strategy.AdaptiveExecutionStrategy.runTask(AdaptiveExecutionStrategy.java:492)
	at org.eclipse.jetty.util.thread.strategy.AdaptiveExecutionStrategy.epcRunTask(AdaptiveExecutionStrategy.java:428)
	at org.eclipse.jetty.util.thread.strategy.AdaptiveExecutionStrategy.consumeTask(AdaptiveExecutionStrategy.java:401)
	at org.eclipse.jetty.util.thread.strategy.AdaptiveExecutionStrategy.tryProduce(AdaptiveExecutionStrategy.java:255)
	at org.eclipse.jetty.util.thread.strategy.AdaptiveExecutionStrategy.run(AdaptiveExecutionStrategy.java:204)
	at org.eclipse.jetty.util.thread.ReservedThreadExecutor$ReservedThread.run(ReservedThreadExecutor.java:317)
	at org.eclipse.jetty.util.thread.QueuedThreadPool.runJob(QueuedThreadPool.java:1009)
	at org.eclipse.jetty.util.thread.QueuedThreadPool$Runner.doRunJob(QueuedThreadPool.java:1240)
	at org.eclipse.jetty.util.thread.QueuedThreadPool$Runner.run(QueuedThreadPool.java:1194)
	at java.base/java.lang.Thread.run(Unknown Source)
[JettyServerThreadPool-120] WARN io.javalin.Javalin - Uncaught exception
org.eclipse.jetty.server.internal.HttpConnection$HttpEofException: Early EOF
	at org.eclipse.jetty.server.internal.HttpConnection$RequestHandler.earlyEOF(HttpConnection.java:1222)
	at org.eclipse.jetty.http.HttpParser.parseNext(HttpParser.java:1821)
	at org.eclipse.jetty.server.internal.HttpConnection.parseAndFillForContent(HttpConnection.java:559)
	at org.eclipse.jetty.server.internal.HttpConnection$HttpStreamOverHTTP1.read(HttpConnection.java:1467)
	at org.eclipse.jetty.server.HttpStream$Wrapper.read(HttpStream.java:184)
	at org.eclipse.jetty.server.HttpStream$Wrapper.read(HttpStream.java:184)
	at org.eclipse.jetty.server.internal.HttpChannelState$ChannelRequest.read(HttpChannelState.java:1042)
	at org.eclipse.jetty.server.Request$Wrapper.read(Request.java:962)
	at org.eclipse.jetty.server.handler.EventsHandler$EventsRequest.read(EventsHandler.java:407)
	at org.eclipse.jetty.server.Request$Wrapper.read(Request.java:962)
	at org.eclipse.jetty.ee10.servlet.AsyncContentProducer.readChunk(AsyncContentProducer.java:324)
	at org.eclipse.jetty.ee10.servlet.AsyncContentProducer.produceChunk(AsyncContentProducer.java:304)
	at org.eclipse.jetty.ee10.servlet.AsyncContentProducer.nextChunk(AsyncContentProducer.java:209)
	at org.eclipse.jetty.ee10.servlet.BlockingContentProducer.nextChunk(BlockingContentProducer.java:100)
	at org.eclipse.jetty.ee10.servlet.HttpInput.read(HttpInput.java:267)
	at org.eclipse.jetty.ee10.servlet.HttpInput.read(HttpInput.java:248)
	at java.base/java.io.InputStream.read(Unknown Source)
	at httparena.Main.upload(Main.java:97)
	at io.javalin.router.ParsedEndpoint.handleWithPathParams$javalin(ParsedEndpoint.kt:21)
	at io.javalin.router.ParsedEndpoint.handle(ParsedEndpoint.kt:15)
	at io.javalin.http.servlet.DefaultTasks.HTTP$lambda$0$1(DefaultTasks.kt:57)
	at io.javalin.http.servlet.JavalinServlet.handleTask(JavalinServlet.kt:108)
	at io.javalin.http.servlet.JavalinServlet.handleSync(JavalinServlet.kt:72)
	at io.javalin.http.servlet.JavalinServlet.handle(JavalinServlet.kt:58)
	at io.javalin.http.servlet.JavalinServlet.service(JavalinServlet.kt:38)
	at jakarta.servlet.http.HttpServlet.service(HttpServlet.java:614)
	at io.javalin.jetty.JavalinJettyServlet.service(JavalinJettyServlet.kt:49)
	at jakarta.servlet.http.HttpServlet.service(HttpServlet.java:614)
	at org.eclipse.jetty.ee10.servlet.ServletHolder.handle(ServletHolder.java:754)
	at org.eclipse.jetty.ee10.servlet.ServletHandler$ChainEnd.doFilter(ServletHandler.java:1642)
	at org.eclipse.jetty.ee10.servlet.ServletHandler$MappedServlet.handle(ServletHandler.java:1556)
	at org.eclipse.jetty.ee10.servlet.ServletChannel.dispatch(ServletChannel.java:871)
	at org.eclipse.jetty.ee10.servlet.ServletChannel.handle(ServletChannel.java:449)
	at org.eclipse.jetty.ee10.servlet.ServletHandler.handle(ServletHandler.java:469)
	at org.eclipse.jetty.ee10.servlet.SessionHandler.handle(SessionHandler.java:719)
	at org.eclipse.jetty.server.handler.ContextHandler.handle(ContextHandler.java:1253)
	at org.eclipse.jetty.server.Handler$Wrapper.handle(Handler.java:794)
	at org.eclipse.jetty.server.handler.EventsHandler.handle(EventsHandler.java:81)
	at org.eclipse.jetty.server.Server.handle(Server.java:197)
	at org.eclipse.jetty.server.internal.HttpChannelState$HandlerInvoker.run(HttpChannelState.java:804)
	at org.eclipse.jetty.server.internal.HttpConnection.onFillable(HttpConnection.java:420)
	at org.eclipse.jetty.server.internal.HttpConnection$FillableCallback.succeeded(HttpConnection.java:1790)
	at org.eclipse.jetty.io.FillInterest.fillable(FillInterest.java:105)
	at org.eclipse.jetty.io.SelectableChannelEndPoint$1.run(SelectableChannelEndPoint.java:54)
	at org.eclipse.jetty.util.thread.strategy.AdaptiveExecutionStrategy.runTask(AdaptiveExecutionStrategy.java:492)
	at org.eclipse.jetty.util.thread.strategy.AdaptiveExecutionStrategy.epcRunTask(AdaptiveExecutionStrategy.java:428)
	at org.eclipse.jetty.util.thread.strategy.AdaptiveExecutionStrategy.consumeTask(AdaptiveExecutionStrategy.java:401)
	at org.eclipse.jetty.util.thread.strategy.AdaptiveExecutionStrategy.tryProduce(AdaptiveExecutionStrategy.java:255)
	at org.eclipse.jetty.util.thread.strategy.AdaptiveExecutionStrategy.run(AdaptiveExecutionStrategy.java:204)
	at org.eclipse.jetty.util.thread.ReservedThreadExecutor$ReservedThread.run(ReservedThreadExecutor.java:317)
	at org.eclipse.jetty.util.thread.QueuedThreadPool.runJob(QueuedThreadPool.java:1009)
	at org.eclipse.jetty.util.thread.QueuedThreadPool$Runner.doRunJob(QueuedThreadPool.java:1240)
	at org.eclipse.jetty.util.thread.QueuedThreadPool$Runner.run(QueuedThreadPool.java:1194)
	at java.base/java.lang.Thread.run(Unknown Source)
[JettyServerThreadPool-78] WARN io.javalin.Javalin - Uncaught exception
org.eclipse.jetty.server.internal.HttpConnection$HttpEofException: Early EOF
	at org.eclipse.jetty.server.internal.HttpConnection$RequestHandler.earlyEOF(HttpConnection.java:1222)
	at org.eclipse.jetty.http.HttpParser.parseNext(HttpParser.java:1821)
	at org.eclipse.jetty.server.internal.HttpConnection.parseAndFillForContent(HttpConnection.java:559)
	at org.eclipse.jetty.server.internal.HttpConnection$HttpStreamOverHTTP1.read(HttpConnection.java:1467)
	at org.eclipse.jetty.server.HttpStream$Wrapper.read(HttpStream.java:184)
	at org.eclipse.jetty.server.HttpStream$Wrapper.read(HttpStream.java:184)
	at org.eclipse.jetty.server.internal.HttpChannelState$ChannelRequest.read(HttpChannelState.java:1042)
	at org.eclipse.jetty.server.Request$Wrapper.read(Request.java:962)
	at org.eclipse.jetty.server.handler.EventsHandler$EventsRequest.read(EventsHandler.java:407)
	at org.eclipse.jetty.server.Request$Wrapper.read(Request.java:962)
	at org.eclipse.jetty.ee10.servlet.AsyncContentProducer.readChunk(AsyncContentProducer.java:324)
	at org.eclipse.jetty.ee10.servlet.AsyncContentProducer.produceChunk(AsyncContentProducer.java:304)
	at org.eclipse.jetty.ee10.servlet.AsyncContentProducer.nextChunk(AsyncContentProducer.java:209)
	at org.eclipse.jetty.ee10.servlet.BlockingContentProducer.nextChunk(BlockingContentProducer.java:100)
	at org.eclipse.jetty.ee10.servlet.HttpInput.read(HttpInput.java:267)
	at org.eclipse.jetty.ee10.servlet.HttpInput.read(HttpInput.java:248)
	at java.base/java.io.InputStream.read(Unknown Source)
	at httparena.Main.upload(Main.java:97)
	at io.javalin.router.ParsedEndpoint.handleWithPathParams$javalin(ParsedEndpoint.kt:21)
	at io.javalin.router.ParsedEndpoint.handle(ParsedEndpoint.kt:15)
	at io.javalin.http.servlet.DefaultTasks.HTTP$lambda$0$1(DefaultTasks.kt:57)
	at io.javalin.http.servlet.JavalinServlet.handleTask(JavalinServlet.kt:108)
	at io.javalin.http.servlet.JavalinServlet.handleSync(JavalinServlet.kt:72)
	at io.javalin.http.servlet.JavalinServlet.handle(JavalinServlet.kt:58)
	at io.javalin.http.servlet.JavalinServlet.service(JavalinServlet.kt:38)
	at jakarta.servlet.http.HttpServlet.service(HttpServlet.java:614)
	at io.javalin.jetty.JavalinJettyServlet.service(JavalinJettyServlet.kt:49)
	at jakarta.servlet.http.HttpServlet.service(HttpServlet.java:614)
	at org.eclipse.jetty.ee10.servlet.ServletHolder.handle(ServletHolder.java:754)
	at org.eclipse.jetty.ee10.servlet.ServletHandler$ChainEnd.doFilter(ServletHandler.java:1642)
	at org.eclipse.jetty.ee10.servlet.ServletHandler$MappedServlet.handle(ServletHandler.java:1556)
	at org.eclipse.jetty.ee10.servlet.ServletChannel.dispatch(ServletChannel.java:871)
	at org.eclipse.jetty.ee10.servlet.ServletChannel.handle(ServletChannel.java:449)
	at org.eclipse.jetty.ee10.servlet.ServletHandler.handle(ServletHandler.java:469)
	at org.eclipse.jetty.ee10.servlet.SessionHandler.handle(SessionHandler.java:719)
	at org.eclipse.jetty.server.handler.ContextHandler.handle(ContextHandler.java:1253)
	at org.eclipse.jetty.server.Handler$Wrapper.handle(Handler.java:794)
	at org.eclipse.jetty.server.handler.EventsHandler.handle(EventsHandler.java:81)
	at org.eclipse.jetty.server.Server.handle(Server.java:197)
	at org.eclipse.jetty.server.internal.HttpChannelState$HandlerInvoker.run(HttpChannelState.java:804)
	at org.eclipse.jetty.server.internal.HttpConnection.onFillable(HttpConnection.java:420)
	at org.eclipse.jetty.server.internal.HttpConnection$FillableCallback.succeeded(HttpConnection.java:1790)
	at org.eclipse.jetty.io.FillInterest.fillable(FillInterest.java:105)
	at org.eclipse.jetty.io.SelectableChannelEndPoint$1.run(SelectableChannelEndPoint.java:54)
	at org.eclipse.jetty.util.thread.strategy.AdaptiveExecutionStrategy.runTask(AdaptiveExecutionStrategy.java:492)
	at org.eclipse.jetty.util.thread.strategy.AdaptiveExecutionStrategy.epcRunTask(AdaptiveExecutionStrategy.java:428)
	at org.eclipse.jetty.util.thread.strategy.AdaptiveExecutionStrategy.consumeTask(AdaptiveExecutionStrategy.java:401)
	at org.eclipse.jetty.util.thread.strategy.AdaptiveExecutionStrategy.tryProduce(AdaptiveExecutionStrategy.java:255)
	at org.eclipse.jetty.util.thread.strategy.AdaptiveExecutionStrategy.run(AdaptiveExecutionStrategy.java:204)
	at org.eclipse.jetty.util.thread.ReservedThreadExecutor$ReservedThread.run(ReservedThreadExecutor.java:317)
	at org.eclipse.jetty.util.thread.QueuedThreadPool.runJob(QueuedThreadPool.java:1009)
	at org.eclipse.jetty.util.thread.QueuedThreadPool$Runner.doRunJob(QueuedThreadPool.java:1240)
	at org.eclipse.jetty.util.thread.QueuedThreadPool$Runner.run(QueuedThreadPool.java:1194)
	at java.base/java.lang.Thread.run(Unknown Source)
[JettyServerThreadPool-99] WARN io.javalin.Javalin - Uncaught exception
org.eclipse.jetty.server.internal.HttpConnection$HttpEofException: Early EOF
	at org.eclipse.jetty.server.internal.HttpConnection$RequestHandler.earlyEOF(HttpConnection.java:1222)
	at org.eclipse.jetty.http.HttpParser.parseNext(HttpParser.java:1821)
	at org.eclipse.jetty.server.internal.HttpConnection.parseAndFillForContent(HttpConnection.java:559)
	at org.eclipse.jetty.server.internal.HttpConnection$HttpStreamOverHTTP1.read(HttpConnection.java:1467)
	at org.eclipse.jetty.server.HttpStream$Wrapper.read(HttpStream.java:184)
	at org.eclipse.jetty.server.HttpStream$Wrapper.read(HttpStream.java:184)
	at org.eclipse.jetty.server.internal.HttpChannelState$ChannelRequest.read(HttpChannelState.java:1042)
	at org.eclipse.jetty.server.Request$Wrapper.read(Request.java:962)
	at org.eclipse.jetty.server.handler.EventsHandler$EventsRequest.read(EventsHandler.java:407)
	at org.eclipse.jetty.server.Request$Wrapper.read(Request.java:962)
	at org.eclipse.jetty.ee10.servlet.AsyncContentProducer.readChunk(AsyncContentProducer.java:324)
	at org.eclipse.jetty.ee10.servlet.AsyncContentProducer.produceChunk(AsyncContentProducer.java:304)
	at org.eclipse.jetty.ee10.servlet.AsyncContentProducer.nextChunk(AsyncContentProducer.java:209)
	at org.eclipse.jetty.ee10.servlet.BlockingContentProducer.nextChunk(BlockingContentProducer.java:100)
	at org.eclipse.jetty.ee10.servlet.HttpInput.read(HttpInput.java:267)
	at org.eclipse.jetty.ee10.servlet.HttpInput.read(HttpInput.java:248)
	at java.base/java.io.InputStream.read(Unknown Source)
	at httparena.Main.upload(Main.java:97)
	at io.javalin.router.ParsedEndpoint.handleWithPathParams$javalin(ParsedEndpoint.kt:21)
	at io.javalin.router.ParsedEndpoint.handle(ParsedEndpoint.kt:15)
	at io.javalin.http.servlet.DefaultTasks.HTTP$lambda$0$1(DefaultTasks.kt:57)
	at io.javalin.http.servlet.JavalinServlet.handleTask(JavalinServlet.kt:108)
	at io.javalin.http.servlet.JavalinServlet.handleSync(JavalinServlet.kt:72)
	at io.javalin.http.servlet.JavalinServlet.handle(JavalinServlet.kt:58)
	at io.javalin.http.servlet.JavalinServlet.service(JavalinServlet.kt:38)
	at jakarta.servlet.http.HttpServlet.service(HttpServlet.java:614)
	at io.javalin.jetty.JavalinJettyServlet.service(JavalinJettyServlet.kt:49)
	at jakarta.servlet.http.HttpServlet.service(HttpServlet.java:614)
	at org.eclipse.jetty.ee10.servlet.ServletHolder.handle(ServletHolder.java:754)
	at org.eclipse.jetty.ee10.servlet.ServletHandler$ChainEnd.doFilter(ServletHandler.java:1642)
	at org.eclipse.jetty.ee10.servlet.ServletHandler$MappedServlet.handle(ServletHandler.java:1556)
	at org.eclipse.jetty.ee10.servlet.ServletChannel.dispatch(ServletChannel.java:871)
	at org.eclipse.jetty.ee10.servlet.ServletChannel.handle(ServletChannel.java:449)
	at org.eclipse.jetty.ee10.servlet.ServletHandler.handle(ServletHandler.java:469)
	at org.eclipse.jetty.ee10.servlet.SessionHandler.handle(SessionHandler.java:719)
	at org.eclipse.jetty.server.handler.ContextHandler.handle(ContextHandler.java:1253)
	at org.eclipse.jetty.server.Handler$Wrapper.handle(Handler.java:794)
	at org.eclipse.jetty.server.handler.EventsHandler.handle(EventsHandler.java:81)
	at org.eclipse.jetty.server.Server.handle(Server.java:197)
	at org.eclipse.jetty.server.internal.HttpChannelState$HandlerInvoker.run(HttpChannelState.java:804)
	at org.eclipse.jetty.server.internal.HttpConnection.onFillable(HttpConnection.java:420)
	at org.eclipse.jetty.server.internal.HttpConnection$FillableCallback.succeeded(HttpConnection.java:1790)
	at org.eclipse.jetty.io.FillInterest.fillable(FillInterest.java:105)
	at org.eclipse.jetty.io.SelectableChannelEndPoint$1.run(SelectableChannelEndPoint.java:54)
	at org.eclipse.jetty.util.thread.strategy.AdaptiveExecutionStrategy.runTask(AdaptiveExecutionStrategy.java:492)
	at org.eclipse.jetty.util.thread.strategy.AdaptiveExecutionStrategy.epcRunTask(AdaptiveExecutionStrategy.java:428)
	at org.eclipse.jetty.util.thread.strategy.AdaptiveExecutionStrategy.consumeTask(AdaptiveExecutionStrategy.java:401)
	at org.eclipse.jetty.util.thread.strategy.AdaptiveExecutionStrategy.tryProduce(AdaptiveExecutionStrategy.java:255)
	at org.eclipse.jetty.util.thread.strategy.AdaptiveExecutionStrategy.run(AdaptiveExecutionStrategy.java:204)
	at org.eclipse.jetty.util.thread.ReservedThreadExecutor$ReservedThread.run(ReservedThreadExecutor.java:317)
	at org.eclipse.jetty.util.thread.QueuedThreadPool.runJob(QueuedThreadPool.java:1009)
	at org.eclipse.jetty.util.thread.QueuedThreadPool$Runner.doRunJob(QueuedThreadPool.java:1240)
	at org.eclipse.jetty.util.thread.QueuedThreadPool$Runner.run(QueuedThreadPool.java:1194)
	at java.base/java.lang.Thread.run(Unknown Source)
[JettyServerThreadPool-112] WARN io.javalin.Javalin - Uncaught exception
org.eclipse.jetty.server.internal.HttpConnection$HttpEofException: Early EOF
	at org.eclipse.jetty.server.internal.HttpConnection$RequestHandler.earlyEOF(HttpConnection.java:1222)
	at org.eclipse.jetty.http.HttpParser.parseNext(HttpParser.java:1821)
	at org.eclipse.jetty.server.internal.HttpConnection.parseAndFillForContent(HttpConnection.java:559)
	at org.eclipse.jetty.server.internal.HttpConnection$HttpStreamOverHTTP1.read(HttpConnection.java:1467)
	at org.eclipse.jetty.server.HttpStream$Wrapper.read(HttpStream.java:184)
	at org.eclipse.jetty.server.HttpStream$Wrapper.read(HttpStream.java:184)
	at org.eclipse.jetty.server.internal.HttpChannelState$ChannelRequest.read(HttpChannelState.java:1042)
	at org.eclipse.jetty.server.Request$Wrapper.read(Request.java:962)
	at org.eclipse.jetty.server.handler.EventsHandler$EventsRequest.read(EventsHandler.java:407)
	at org.eclipse.jetty.server.Request$Wrapper.read(Request.java:962)
	at org.eclipse.jetty.ee10.servlet.AsyncContentProducer.readChunk(AsyncContentProducer.java:324)
	at org.eclipse.jetty.ee10.servlet.AsyncContentProducer.produceChunk(AsyncContentProducer.java:304)
	at org.eclipse.jetty.ee10.servlet.AsyncContentProducer.nextChunk(AsyncContentProducer.java:209)
	at org.eclipse.jetty.ee10.servlet.BlockingContentProducer.nextChunk(BlockingContentProducer.java:100)
	at org.eclipse.jetty.ee10.servlet.HttpInput.read(HttpInput.java:267)
	at org.eclipse.jetty.ee10.servlet.HttpInput.read(HttpInput.java:248)
	at java.base/java.io.InputStream.read(Unknown Source)
	at httparena.Main.upload(Main.java:97)
	at io.javalin.router.ParsedEndpoint.handleWithPathParams$javalin(ParsedEndpoint.kt:21)
	at io.javalin.router.ParsedEndpoint.handle(ParsedEndpoint.kt:15)
	at io.javalin.http.servlet.DefaultTasks.HTTP$lambda$0$1(DefaultTasks.kt:57)
	at io.javalin.http.servlet.JavalinServlet.handleTask(JavalinServlet.kt:108)
	at io.javalin.http.servlet.JavalinServlet.handleSync(JavalinServlet.kt:72)
	at io.javalin.http.servlet.JavalinServlet.handle(JavalinServlet.kt:58)
	at io.javalin.http.servlet.JavalinServlet.service(JavalinServlet.kt:38)
	at jakarta.servlet.http.HttpServlet.service(HttpServlet.java:614)
	at io.javalin.jetty.JavalinJettyServlet.service(JavalinJettyServlet.kt:49)
	at jakarta.servlet.http.HttpServlet.service(HttpServlet.java:614)
	at org.eclipse.jetty.ee10.servlet.ServletHolder.handle(ServletHolder.java:754)
	at org.eclipse.jetty.ee10.servlet.ServletHandler$ChainEnd.doFilter(ServletHandler.java:1642)
	at org.eclipse.jetty.ee10.servlet.ServletHandler$MappedServlet.handle(ServletHandler.java:1556)
	at org.eclipse.jetty.ee10.servlet.ServletChannel.dispatch(ServletChannel.java:871)
	at org.eclipse.jetty.ee10.servlet.ServletChannel.handle(ServletChannel.java:449)
	at org.eclipse.jetty.ee10.servlet.ServletHandler.handle(ServletHandler.java:469)
	at org.eclipse.jetty.ee10.servlet.SessionHandler.handle(SessionHandler.java:719)
	at org.eclipse.jetty.server.handler.ContextHandler.handle(ContextHandler.java:1253)
	at org.eclipse.jetty.server.Handler$Wrapper.handle(Handler.java:794)
	at org.eclipse.jetty.server.handler.EventsHandler.handle(EventsHandler.java:81)
	at org.eclipse.jetty.server.Server.handle(Server.java:197)
	at org.eclipse.jetty.server.internal.HttpChannelState$HandlerInvoker.run(HttpChannelState.java:804)
	at org.eclipse.jetty.server.internal.HttpConnection.onFillable(HttpConnection.java:420)
	at org.eclipse.jetty.server.internal.HttpConnection$FillableCallback.succeeded(HttpConnection.java:1790)
	at org.eclipse.jetty.io.FillInterest.fillable(FillInterest.java:105)
	at org.eclipse.jetty.io.SelectableChannelEndPoint$1.run(SelectableChannelEndPoint.java:54)
	at org.eclipse.jetty.util.thread.strategy.AdaptiveExecutionStrategy.runTask(AdaptiveExecutionStrategy.java:492)
	at org.eclipse.jetty.util.thread.strategy.AdaptiveExecutionStrategy.epcRunTask(AdaptiveExecutionStrategy.java:428)
	at org.eclipse.jetty.util.thread.strategy.AdaptiveExecutionStrategy.consumeTask(AdaptiveExecutionStrategy.java:401)
	at org.eclipse.jetty.util.thread.strategy.AdaptiveExecutionStrategy.tryProduce(AdaptiveExecutionStrategy.java:255)
	at org.eclipse.jetty.util.thread.strategy.AdaptiveExecutionStrategy.run(AdaptiveExecutionStrategy.java:204)
	at org.eclipse.jetty.util.thread.ReservedThreadExecutor$ReservedThread.run(ReservedThreadExecutor.java:317)
	at org.eclipse.jetty.util.thread.QueuedThreadPool.runJob(QueuedThreadPool.java:1009)
	at org.eclipse.jetty.util.thread.QueuedThreadPool$Runner.doRunJob(QueuedThreadPool.java:1240)
	at org.eclipse.jetty.util.thread.QueuedThreadPool$Runner.run(QueuedThreadPool.java:1194)
	at java.base/java.lang.Thread.run(Unknown Source)
[JettyServerThreadPool-107] WARN io.javalin.Javalin - Uncaught exception
org.eclipse.jetty.server.internal.HttpConnection$HttpEofException: Early EOF
	at org.eclipse.jetty.server.internal.HttpConnection$RequestHandler.earlyEOF(HttpConnection.java:1222)
	at org.eclipse.jetty.http.HttpParser.parseNext(HttpParser.java:1821)
	at org.eclipse.jetty.server.internal.HttpConnection.parseAndFillForContent(HttpConnection.java:559)
	at org.eclipse.jetty.server.internal.HttpConnection$HttpStreamOverHTTP1.read(HttpConnection.java:1467)
	at org.eclipse.jetty.server.HttpStream$Wrapper.read(HttpStream.java:184)
	at org.eclipse.jetty.server.HttpStream$Wrapper.read(HttpStream.java:184)
	at org.eclipse.jetty.server.internal.HttpChannelState$ChannelRequest.read(HttpChannelState.java:1042)
	at org.eclipse.jetty.server.Request$Wrapper.read(Request.java:962)
	at org.eclipse.jetty.server.handler.EventsHandler$EventsRequest.read(EventsHandler.java:407)
	at org.eclipse.jetty.server.Request$Wrapper.read(Request.java:962)
	at org.eclipse.jetty.ee10.servlet.AsyncContentProducer.readChunk(AsyncContentProducer.java:324)
	at org.eclipse.jetty.ee10.servlet.AsyncContentProducer.produceChunk(AsyncContentProducer.java:304)
	at org.eclipse.jetty.ee10.servlet.AsyncContentProducer.nextChunk(AsyncContentProducer.java:209)
	at org.eclipse.jetty.ee10.servlet.BlockingContentProducer.nextChunk(BlockingContentProducer.java:100)
	at org.eclipse.jetty.ee10.servlet.HttpInput.read(HttpInput.java:267)
	at org.eclipse.jetty.ee10.servlet.HttpInput.read(HttpInput.java:248)
	at java.base/java.io.InputStream.read(Unknown Source)
	at httparena.Main.upload(Main.java:97)
	at io.javalin.router.ParsedEndpoint.handleWithPathParams$javalin(ParsedEndpoint.kt:21)
	at io.javalin.router.ParsedEndpoint.handle(ParsedEndpoint.kt:15)
	at io.javalin.http.servlet.DefaultTasks.HTTP$lambda$0$1(DefaultTasks.kt:57)
	at io.javalin.http.servlet.JavalinServlet.handleTask(JavalinServlet.kt:108)
	at io.javalin.http.servlet.JavalinServlet.handleSync(JavalinServlet.kt:72)
	at io.javalin.http.servlet.JavalinServlet.handle(JavalinServlet.kt:58)
	at io.javalin.http.servlet.JavalinServlet.service(JavalinServlet.kt:38)
	at jakarta.servlet.http.HttpServlet.service(HttpServlet.java:614)
	at io.javalin.jetty.JavalinJettyServlet.service(JavalinJettyServlet.kt:49)
	at jakarta.servlet.http.HttpServlet.service(HttpServlet.java:614)
	at org.eclipse.jetty.ee10.servlet.ServletHolder.handle(ServletHolder.java:754)
	at org.eclipse.jetty.ee10.servlet.ServletHandler$ChainEnd.doFilter(ServletHandler.java:1642)
	at org.eclipse.jetty.ee10.servlet.ServletHandler$MappedServlet.handle(ServletHandler.java:1556)
	at org.eclipse.jetty.ee10.servlet.ServletChannel.dispatch(ServletChannel.java:871)
	at org.eclipse.jetty.ee10.servlet.ServletChannel.handle(ServletChannel.java:449)
	at org.eclipse.jetty.ee10.servlet.ServletHandler.handle(ServletHandler.java:469)
	at org.eclipse.jetty.ee10.servlet.SessionHandler.handle(SessionHandler.java:719)
	at org.eclipse.jetty.server.handler.ContextHandler.handle(ContextHandler.java:1253)
	at org.eclipse.jetty.server.Handler$Wrapper.handle(Handler.java:794)
	at org.eclipse.jetty.server.handler.EventsHandler.handle(EventsHandler.java:81)
	at org.eclipse.jetty.server.Server.handle(Server.java:197)
	at org.eclipse.jetty.server.internal.HttpChannelState$HandlerInvoker.run(HttpChannelState.java:804)
	at org.eclipse.jetty.server.internal.HttpConnection.onFillable(HttpConnection.java:420)
	at org.eclipse.jetty.server.internal.HttpConnection$FillableCallback.succeeded(HttpConnection.java:1790)
	at org.eclipse.jetty.io.FillInterest.fillable(FillInterest.java:105)
	at org.eclipse.jetty.io.SelectableChannelEndPoint$1.run(SelectableChannelEndPoint.java:54)
	at org.eclipse.jetty.util.thread.strategy.AdaptiveExecutionStrategy.runTask(AdaptiveExecutionStrategy.java:492)
	at org.eclipse.jetty.util.thread.strategy.AdaptiveExecutionStrategy.epcRunTask(AdaptiveExecutionStrategy.java:428)
	at org.eclipse.jetty.util.thread.strategy.AdaptiveExecutionStrategy.consumeTask(AdaptiveExecutionStrategy.java:401)
	at org.eclipse.jetty.util.thread.strategy.AdaptiveExecutionStrategy.tryProduce(AdaptiveExecutionStrategy.java:255)
	at org.eclipse.jetty.util.thread.strategy.AdaptiveExecutionStrategy.run(AdaptiveExecutionStrategy.java:204)
	at org.eclipse.jetty.util.thread.ReservedThreadExecutor$ReservedThread.run(ReservedThreadExecutor.java:317)
	at org.eclipse.jetty.util.thread.QueuedThreadPool.runJob(QueuedThreadPool.java:1009)
	at org.eclipse.jetty.util.thread.QueuedThreadPool$Runner.doRunJob(QueuedThreadPool.java:1240)
	at org.eclipse.jetty.util.thread.QueuedThreadPool$Runner.run(QueuedThreadPool.java:1194)
	at java.base/java.lang.Thread.run(Unknown Source)
[JettyServerThreadPool-119] WARN io.javalin.Javalin - Uncaught exception
org.eclipse.jetty.server.internal.HttpConnection$HttpEofException: Early EOF
	at org.eclipse.jetty.server.internal.HttpConnection$RequestHandler.earlyEOF(HttpConnection.java:1222)
	at org.eclipse.jetty.http.HttpParser.parseNext(HttpParser.java:1821)
	at org.eclipse.jetty.server.internal.HttpConnection.parseAndFillForContent(HttpConnection.java:559)
	at org.eclipse.jetty.server.internal.HttpConnection$HttpStreamOverHTTP1.read(HttpConnection.java:1467)
	at org.eclipse.jetty.server.HttpStream$Wrapper.read(HttpStream.java:184)
	at org.eclipse.jetty.server.HttpStream$Wrapper.read(HttpStream.java:184)
	at org.eclipse.jetty.server.internal.HttpChannelState$ChannelRequest.read(HttpChannelState.java:1042)
	at org.eclipse.jetty.server.Request$Wrapper.read(Request.java:962)
	at org.eclipse.jetty.server.handler.EventsHandler$EventsRequest.read(EventsHandler.java:407)
	at org.eclipse.jetty.server.Request$Wrapper.read(Request.java:962)
	at org.eclipse.jetty.ee10.servlet.AsyncContentProducer.readChunk(AsyncContentProducer.java:324)
	at org.eclipse.jetty.ee10.servlet.AsyncContentProducer.produceChunk(AsyncContentProducer.java:304)
	at org.eclipse.jetty.ee10.servlet.AsyncContentProducer.nextChunk(AsyncContentProducer.java:209)
	at org.eclipse.jetty.ee10.servlet.BlockingContentProducer.nextChunk(BlockingContentProducer.java:100)
	at org.eclipse.jetty.ee10.servlet.HttpInput.read(HttpInput.java:267)
	at org.eclipse.jetty.ee10.servlet.HttpInput.read(HttpInput.java:248)
	at java.base/java.io.InputStream.read(Unknown Source)
	at httparena.Main.upload(Main.java:97)
	at io.javalin.router.ParsedEndpoint.handleWithPathParams$javalin(ParsedEndpoint.kt:21)
	at io.javalin.router.ParsedEndpoint.handle(ParsedEndpoint.kt:15)
	at io.javalin.http.servlet.DefaultTasks.HTTP$lambda$0$1(DefaultTasks.kt:57)
	at io.javalin.http.servlet.JavalinServlet.handleTask(JavalinServlet.kt:108)
	at io.javalin.http.servlet.JavalinServlet.handleSync(JavalinServlet.kt:72)
	at io.javalin.http.servlet.JavalinServlet.handle(JavalinServlet.kt:58)
	at io.javalin.http.servlet.JavalinServlet.service(JavalinServlet.kt:38)
	at jakarta.servlet.http.HttpServlet.service(HttpServlet.java:614)
	at io.javalin.jetty.JavalinJettyServlet.service(JavalinJettyServlet.kt:49)
	at jakarta.servlet.http.HttpServlet.service(HttpServlet.java:614)
	at org.eclipse.jetty.ee10.servlet.ServletHolder.handle(ServletHolder.java:754)
	at org.eclipse.jetty.ee10.servlet.ServletHandler$ChainEnd.doFilter(ServletHandler.java:1642)
	at org.eclipse.jetty.ee10.servlet.ServletHandler$MappedServlet.handle(ServletHandler.java:1556)
	at org.eclipse.jetty.ee10.servlet.ServletChannel.dispatch(ServletChannel.java:871)
	at org.eclipse.jetty.ee10.servlet.ServletChannel.handle(ServletChannel.java:449)
	at org.eclipse.jetty.ee10.servlet.ServletHandler.handle(ServletHandler.java:469)
	at org.eclipse.jetty.ee10.servlet.SessionHandler.handle(SessionHandler.java:719)
	at org.eclipse.jetty.server.handler.ContextHandler.handle(ContextHandler.java:1253)
	at org.eclipse.jetty.server.Handler$Wrapper.handle(Handler.java:794)
	at org.eclipse.jetty.server.handler.EventsHandler.handle(EventsHandler.java:81)
	at org.eclipse.jetty.server.Server.handle(Server.java:197)
	at org.eclipse.jetty.server.internal.HttpChannelState$HandlerInvoker.run(HttpChannelState.java:804)
	at org.eclipse.jetty.server.internal.HttpConnection.onFillable(HttpConnection.java:420)
	at org.eclipse.jetty.server.internal.HttpConnection$FillableCallback.succeeded(HttpConnection.java:1790)
	at org.eclipse.jetty.io.FillInterest.fillable(FillInterest.java:105)
	at org.eclipse.jetty.io.SelectableChannelEndPoint$1.run(SelectableChannelEndPoint.java:54)
	at org.eclipse.jetty.util.thread.strategy.AdaptiveExecutionStrategy.runTask(AdaptiveExecutionStrategy.java:492)
	at org.eclipse.jetty.util.thread.strategy.AdaptiveExecutionStrategy.epcRunTask(AdaptiveExecutionStrategy.java:428)
	at org.eclipse.jetty.util.thread.strategy.AdaptiveExecutionStrategy.consumeTask(AdaptiveExecutionStrategy.java:401)
	at org.eclipse.jetty.util.thread.strategy.AdaptiveExecutionStrategy.tryProduce(AdaptiveExecutionStrategy.java:255)
	at org.eclipse.jetty.util.thread.strategy.AdaptiveExecutionStrategy.run(AdaptiveExecutionStrategy.java:204)
	at org.eclipse.jetty.util.thread.ReservedThreadExecutor$ReservedThread.run(ReservedThreadExecutor.java:317)
	at org.eclipse.jetty.util.thread.QueuedThreadPool.runJob(QueuedThreadPool.java:1009)
	at org.eclipse.jetty.util.thread.QueuedThreadPool$Runner.doRunJob(QueuedThreadPool.java:1240)
	at org.eclipse.jetty.util.thread.QueuedThreadPool$Runner.run(QueuedThreadPool.java:1194)
	at java.base/java.lang.Thread.run(Unknown Source)
[JettyServerThreadPool-113] WARN io.javalin.Javalin - Uncaught exception
org.eclipse.jetty.server.internal.HttpConnection$HttpEofException: Early EOF
	at org.eclipse.jetty.server.internal.HttpConnection$RequestHandler.earlyEOF(HttpConnection.java:1222)
	at org.eclipse.jetty.http.HttpParser.parseNext(HttpParser.java:1821)
	at org.eclipse.jetty.server.internal.HttpConnection.parseAndFillForContent(HttpConnection.java:559)
	at org.eclipse.jetty.server.internal.HttpConnection$HttpStreamOverHTTP1.read(HttpConnection.java:1467)
	at org.eclipse.jetty.server.HttpStream$Wrapper.read(HttpStream.java:184)
	at org.eclipse.jetty.server.HttpStream$Wrapper.read(HttpStream.java:184)
	at org.eclipse.jetty.server.internal.HttpChannelState$ChannelRequest.read(HttpChannelState.java:1042)
	at org.eclipse.jetty.server.Request$Wrapper.read(Request.java:962)
	at org.eclipse.jetty.server.handler.EventsHandler$EventsRequest.read(EventsHandler.java:407)
	at org.eclipse.jetty.server.Request$Wrapper.read(Request.java:962)
	at org.eclipse.jetty.ee10.servlet.AsyncContentProducer.readChunk(AsyncContentProducer.java:324)
	at org.eclipse.jetty.ee10.servlet.AsyncContentProducer.produceChunk(AsyncContentProducer.java:304)
	at org.eclipse.jetty.ee10.servlet.AsyncContentProducer.nextChunk(AsyncContentProducer.java:209)
	at org.eclipse.jetty.ee10.servlet.BlockingContentProducer.nextChunk(BlockingContentProducer.java:100)
	at org.eclipse.jetty.ee10.servlet.HttpInput.read(HttpInput.java:267)
	at org.eclipse.jetty.ee10.servlet.HttpInput.read(HttpInput.java:248)
	at java.base/java.io.InputStream.read(Unknown Source)
	at httparena.Main.upload(Main.java:97)
	at io.javalin.router.ParsedEndpoint.handleWithPathParams$javalin(ParsedEndpoint.kt:21)
	at io.javalin.router.ParsedEndpoint.handle(ParsedEndpoint.kt:15)
	at io.javalin.http.servlet.DefaultTasks.HTTP$lambda$0$1(DefaultTasks.kt:57)
	at io.javalin.http.servlet.JavalinServlet.handleTask(JavalinServlet.kt:108)
	at io.javalin.http.servlet.JavalinServlet.handleSync(JavalinServlet.kt:72)
	at io.javalin.http.servlet.JavalinServlet.handle(JavalinServlet.kt:58)
	at io.javalin.http.servlet.JavalinServlet.service(JavalinServlet.kt:38)
	at jakarta.servlet.http.HttpServlet.service(HttpServlet.java:614)
	at io.javalin.jetty.JavalinJettyServlet.service(JavalinJettyServlet.kt:49)
	at jakarta.servlet.http.HttpServlet.service(HttpServlet.java:614)
	at org.eclipse.jetty.ee10.servlet.ServletHolder.handle(ServletHolder.java:754)
	at org.eclipse.jetty.ee10.servlet.ServletHandler$ChainEnd.doFilter(ServletHandler.java:1642)
	at org.eclipse.jetty.ee10.servlet.ServletHandler$MappedServlet.handle(ServletHandler.java:1556)
	at org.eclipse.jetty.ee10.servlet.ServletChannel.dispatch(ServletChannel.java:871)
	at org.eclipse.jetty.ee10.servlet.ServletChannel.handle(ServletChannel.java:449)
	at org.eclipse.jetty.ee10.servlet.ServletHandler.handle(ServletHandler.java:469)
	at org.eclipse.jetty.ee10.servlet.SessionHandler.handle(SessionHandler.java:719)
	at org.eclipse.jetty.server.handler.ContextHandler.handle(ContextHandler.java:1253)
	at org.eclipse.jetty.server.Handler$Wrapper.handle(Handler.java:794)
	at org.eclipse.jetty.server.handler.EventsHandler.handle(EventsHandler.java:81)
	at org.eclipse.jetty.server.Server.handle(Server.java:197)
	at org.eclipse.jetty.server.internal.HttpChannelState$HandlerInvoker.run(HttpChannelState.java:804)
	at org.eclipse.jetty.server.internal.HttpConnection.onFillable(HttpConnection.java:420)
	at org.eclipse.jetty.server.internal.HttpConnection$FillableCallback.succeeded(HttpConnection.java:1790)
	at org.eclipse.jetty.io.FillInterest.fillable(FillInterest.java:105)
	at org.eclipse.jetty.io.SelectableChannelEndPoint$1.run(SelectableChannelEndPoint.java:54)
	at org.eclipse.jetty.util.thread.strategy.AdaptiveExecutionStrategy.runTask(AdaptiveExecutionStrategy.java:492)
	at org.eclipse.jetty.util.thread.strategy.AdaptiveExecutionStrategy.epcRunTask(AdaptiveExecutionStrategy.java:428)
	at org.eclipse.jetty.util.thread.strategy.AdaptiveExecutionStrategy.consumeTask(AdaptiveExecutionStrategy.java:401)
	at org.eclipse.jetty.util.thread.strategy.AdaptiveExecutionStrategy.tryProduce(AdaptiveExecutionStrategy.java:255)
	at org.eclipse.jetty.util.thread.strategy.AdaptiveExecutionStrategy.run(AdaptiveExecutionStrategy.java:204)
	at org.eclipse.jetty.util.thread.ReservedThreadExecutor$ReservedThread.run(ReservedThreadExecutor.java:317)
	at org.eclipse.jetty.util.thread.QueuedThreadPool.runJob(QueuedThreadPool.java:1009)
	at org.eclipse.jetty.util.thread.QueuedThreadPool$Runner.doRunJob(QueuedThreadPool.java:1240)
	at org.eclipse.jetty.util.thread.QueuedThreadPool$Runner.run(QueuedThreadPool.java:1194)
	at java.base/java.lang.Thread.run(Unknown Source)
[JettyServerThreadPool-115] WARN io.javalin.Javalin - Uncaught exception
org.eclipse.jetty.server.internal.HttpConnection$HttpEofException: Early EOF
	at org.eclipse.jetty.server.internal.HttpConnection$RequestHandler.earlyEOF(HttpConnection.java:1222)
	at org.eclipse.jetty.http.HttpParser.parseNext(HttpParser.java:1821)
	at org.eclipse.jetty.server.internal.HttpConnection.parseAndFillForContent(HttpConnection.java:559)
	at org.eclipse.jetty.server.internal.HttpConnection$HttpStreamOverHTTP1.read(HttpConnection.java:1467)
	at org.eclipse.jetty.server.HttpStream$Wrapper.read(HttpStream.java:184)
	at org.eclipse.jetty.server.HttpStream$Wrapper.read(HttpStream.java:184)
	at org.eclipse.jetty.server.internal.HttpChannelState$ChannelRequest.read(HttpChannelState.java:1042)
	at org.eclipse.jetty.server.Request$Wrapper.read(Request.java:962)
	at org.eclipse.jetty.server.handler.EventsHandler$EventsRequest.read(EventsHandler.java:407)
	at org.eclipse.jetty.server.Request$Wrapper.read(Request.java:962)
	at org.eclipse.jetty.ee10.servlet.AsyncContentProducer.readChunk(AsyncContentProducer.java:324)
	at org.eclipse.jetty.ee10.servlet.AsyncContentProducer.produceChunk(AsyncContentProducer.java:304)
	at org.eclipse.jetty.ee10.servlet.AsyncContentProducer.nextChunk(AsyncContentProducer.java:209)
	at org.eclipse.jetty.ee10.servlet.BlockingContentProducer.nextChunk(BlockingContentProducer.java:100)
	at org.eclipse.jetty.ee10.servlet.HttpInput.read(HttpInput.java:267)
	at org.eclipse.jetty.ee10.servlet.HttpInput.read(HttpInput.java:248)
	at java.base/java.io.InputStream.read(Unknown Source)
	at httparena.Main.upload(Main.java:97)
	at io.javalin.router.ParsedEndpoint.handleWithPathParams$javalin(ParsedEndpoint.kt:21)
	at io.javalin.router.ParsedEndpoint.handle(ParsedEndpoint.kt:15)
	at io.javalin.http.servlet.DefaultTasks.HTTP$lambda$0$1(DefaultTasks.kt:57)
	at io.javalin.http.servlet.JavalinServlet.handleTask(JavalinServlet.kt:108)
	at io.javalin.http.servlet.JavalinServlet.handleSync(JavalinServlet.kt:72)
	at io.javalin.http.servlet.JavalinServlet.handle(JavalinServlet.kt:58)
	at io.javalin.http.servlet.JavalinServlet.service(JavalinServlet.kt:38)
	at jakarta.servlet.http.HttpServlet.service(HttpServlet.java:614)
	at io.javalin.jetty.JavalinJettyServlet.service(JavalinJettyServlet.kt:49)
	at jakarta.servlet.http.HttpServlet.service(HttpServlet.java:614)
	at org.eclipse.jetty.ee10.servlet.ServletHolder.handle(ServletHolder.java:754)
	at org.eclipse.jetty.ee10.servlet.ServletHandler$ChainEnd.doFilter(ServletHandler.java:1642)
	at org.eclipse.jetty.ee10.servlet.ServletHandler$MappedServlet.handle(ServletHandler.java:1556)
	at org.eclipse.jetty.ee10.servlet.ServletChannel.dispatch(ServletChannel.java:871)
	at org.eclipse.jetty.ee10.servlet.ServletChannel.handle(ServletChannel.java:449)
	at org.eclipse.jetty.ee10.servlet.ServletHandler.handle(ServletHandler.java:469)
	at org.eclipse.jetty.ee10.servlet.SessionHandler.handle(SessionHandler.java:719)
	at org.eclipse.jetty.server.handler.ContextHandler.handle(ContextHandler.java:1253)
	at org.eclipse.jetty.server.Handler$Wrapper.handle(Handler.java:794)
	at org.eclipse.jetty.server.handler.EventsHandler.handle(EventsHandler.java:81)
	at org.eclipse.jetty.server.Server.handle(Server.java:197)
	at org.eclipse.jetty.server.internal.HttpChannelState$HandlerInvoker.run(HttpChannelState.java:804)
	at org.eclipse.jetty.server.internal.HttpConnection.onFillable(HttpConnection.java:420)
	at org.eclipse.jetty.server.internal.HttpConnection$FillableCallback.succeeded(HttpConnection.java:1790)
	at org.eclipse.jetty.io.FillInterest.fillable(FillInterest.java:105)
	at org.eclipse.jetty.io.SelectableChannelEndPoint$1.run(SelectableChannelEndPoint.java:54)
	at org.eclipse.jetty.util.thread.strategy.AdaptiveExecutionStrategy.runTask(AdaptiveExecutionStrategy.java:492)
	at org.eclipse.jetty.util.thread.strategy.AdaptiveExecutionStrategy.epcRunTask(AdaptiveExecutionStrategy.java:428)
	at org.eclipse.jetty.util.thread.strategy.AdaptiveExecutionStrategy.consumeTask(AdaptiveExecutionStrategy.java:401)
	at org.eclipse.jetty.util.thread.strategy.AdaptiveExecutionStrategy.tryProduce(AdaptiveExecutionStrategy.java:255)
	at org.eclipse.jetty.util.thread.strategy.AdaptiveExecutionStrategy.run(AdaptiveExecutionStrategy.java:204)
	at org.eclipse.jetty.util.thread.ReservedThreadExecutor$ReservedThread.run(ReservedThreadExecutor.java:317)
	at org.eclipse.jetty.util.thread.QueuedThreadPool.runJob(QueuedThreadPool.java:1009)
	at org.eclipse.jetty.util.thread.QueuedThreadPool$Runner.doRunJob(QueuedThreadPool.java:1240)
	at org.eclipse.jetty.util.thread.QueuedThreadPool$Runner.run(QueuedThreadPool.java:1194)
	at java.base/java.lang.Thread.run(Unknown Source)
[JettyServerThreadPool-92] WARN io.javalin.Javalin - Uncaught exception
org.eclipse.jetty.server.internal.HttpConnection$HttpEofException: Early EOF
	at org.eclipse.jetty.server.internal.HttpConnection$RequestHandler.earlyEOF(HttpConnection.java:1222)
	at org.eclipse.jetty.http.HttpParser.parseNext(HttpParser.java:1821)
	at org.eclipse.jetty.server.internal.HttpConnection.parseAndFillForContent(HttpConnection.java:559)
	at org.eclipse.jetty.server.internal.HttpConnection$HttpStreamOverHTTP1.read(HttpConnection.java:1467)
	at org.eclipse.jetty.server.HttpStream$Wrapper.read(HttpStream.java:184)
	at org.eclipse.jetty.server.HttpStream$Wrapper.read(HttpStream.java:184)
	at org.eclipse.jetty.server.internal.HttpChannelState$ChannelRequest.read(HttpChannelState.java:1042)
	at org.eclipse.jetty.server.Request$Wrapper.read(Request.java:962)
	at org.eclipse.jetty.server.handler.EventsHandler$EventsRequest.read(EventsHandler.java:407)
	at org.eclipse.jetty.server.Request$Wrapper.read(Request.java:962)
	at org.eclipse.jetty.ee10.servlet.AsyncContentProducer.readChunk(AsyncContentProducer.java:324)
	at org.eclipse.jetty.ee10.servlet.AsyncContentProducer.produceChunk(AsyncContentProducer.java:304)
	at org.eclipse.jetty.ee10.servlet.AsyncContentProducer.nextChunk(AsyncContentProducer.java:209)
	at org.eclipse.jetty.ee10.servlet.BlockingContentProducer.nextChunk(BlockingContentProducer.java:100)
	at org.eclipse.jetty.ee10.servlet.HttpInput.read(HttpInput.java:267)
	at org.eclipse.jetty.ee10.servlet.HttpInput.read(HttpInput.java:248)
	at java.base/java.io.InputStream.read(Unknown Source)
	at httparena.Main.upload(Main.java:97)
	at io.javalin.router.ParsedEndpoint.handleWithPathParams$javalin(ParsedEndpoint.kt:21)
	at io.javalin.router.ParsedEndpoint.handle(ParsedEndpoint.kt:15)
	at io.javalin.http.servlet.DefaultTasks.HTTP$lambda$0$1(DefaultTasks.kt:57)
	at io.javalin.http.servlet.JavalinServlet.handleTask(JavalinServlet.kt:108)
	at io.javalin.http.servlet.JavalinServlet.handleSync(JavalinServlet.kt:72)
	at io.javalin.http.servlet.JavalinServlet.handle(JavalinServlet.kt:58)
	at io.javalin.http.servlet.JavalinServlet.service(JavalinServlet.kt:38)
	at jakarta.servlet.http.HttpServlet.service(HttpServlet.java:614)
	at io.javalin.jetty.JavalinJettyServlet.service(JavalinJettyServlet.kt:49)
	at jakarta.servlet.http.HttpServlet.service(HttpServlet.java:614)
	at org.eclipse.jetty.ee10.servlet.ServletHolder.handle(ServletHolder.java:754)
	at org.eclipse.jetty.ee10.servlet.ServletHandler$ChainEnd.doFilter(ServletHandler.java:1642)
	at org.eclipse.jetty.ee10.servlet.ServletHandler$MappedServlet.handle(ServletHandler.java:1556)
	at org.eclipse.jetty.ee10.servlet.ServletChannel.dispatch(ServletChannel.java:871)
	at org.eclipse.jetty.ee10.servlet.ServletChannel.handle(ServletChannel.java:449)
	at org.eclipse.jetty.ee10.servlet.ServletHandler.handle(ServletHandler.java:469)
	at org.eclipse.jetty.ee10.servlet.SessionHandler.handle(SessionHandler.java:719)
	at org.eclipse.jetty.server.handler.ContextHandler.handle(ContextHandler.java:1253)
	at org.eclipse.jetty.server.Handler$Wrapper.handle(Handler.java:794)
	at org.eclipse.jetty.server.handler.EventsHandler.handle(EventsHandler.java:81)
	at org.eclipse.jetty.server.Server.handle(Server.java:197)
	at org.eclipse.jetty.server.internal.HttpChannelState$HandlerInvoker.run(HttpChannelState.java:804)
	at org.eclipse.jetty.server.internal.HttpConnection.onFillable(HttpConnection.java:420)
	at org.eclipse.jetty.server.internal.HttpConnection$FillableCallback.succeeded(HttpConnection.java:1790)
	at org.eclipse.jetty.io.FillInterest.fillable(FillInterest.java:105)
	at org.eclipse.jetty.io.SelectableChannelEndPoint$1.run(SelectableChannelEndPoint.java:54)
	at org.eclipse.jetty.util.thread.strategy.AdaptiveExecutionStrategy.runTask(AdaptiveExecutionStrategy.java:492)
	at org.eclipse.jetty.util.thread.strategy.AdaptiveExecutionStrategy.epcRunTask(AdaptiveExecutionStrategy.java:428)
	at org.eclipse.jetty.util.thread.strategy.AdaptiveExecutionStrategy.consumeTask(AdaptiveExecutionStrategy.java:401)
	at org.eclipse.jetty.util.thread.strategy.AdaptiveExecutionStrategy.tryProduce(AdaptiveExecutionStrategy.java:255)
	at org.eclipse.jetty.util.thread.strategy.AdaptiveExecutionStrategy.run(AdaptiveExecutionStrategy.java:204)
	at org.eclipse.jetty.util.thread.ReservedThreadExecutor$ReservedThread.run(ReservedThreadExecutor.java:317)
	at org.eclipse.jetty.util.thread.QueuedThreadPool.runJob(QueuedThreadPool.java:1009)
	at org.eclipse.jetty.util.thread.QueuedThreadPool$Runner.doRunJob(QueuedThreadPool.java:1240)
	at org.eclipse.jetty.util.thread.QueuedThreadPool$Runner.run(QueuedThreadPool.java:1194)
	at java.base/java.lang.Thread.run(Unknown Source)
[JettyServerThreadPool-80] WARN io.javalin.Javalin - Uncaught exception
org.eclipse.jetty.server.internal.HttpConnection$HttpEofException: Early EOF
	at org.eclipse.jetty.server.internal.HttpConnection$RequestHandler.earlyEOF(HttpConnection.java:1222)
	at org.eclipse.jetty.http.HttpParser.parseNext(HttpParser.java:1821)
	at org.eclipse.jetty.server.internal.HttpConnection.parseAndFillForContent(HttpConnection.java:559)
	at org.eclipse.jetty.server.internal.HttpConnection$HttpStreamOverHTTP1.read(HttpConnection.java:1467)
	at org.eclipse.jetty.server.HttpStream$Wrapper.read(HttpStream.java:184)
	at org.eclipse.jetty.server.HttpStream$Wrapper.read(HttpStream.java:184)
	at org.eclipse.jetty.server.internal.HttpChannelState$ChannelRequest.read(HttpChannelState.java:1042)
	at org.eclipse.jetty.server.Request$Wrapper.read(Request.java:962)
	at org.eclipse.jetty.server.handler.EventsHandler$EventsRequest.read(EventsHandler.java:407)
	at org.eclipse.jetty.server.Request$Wrapper.read(Request.java:962)
	at org.eclipse.jetty.ee10.servlet.AsyncContentProducer.readChunk(AsyncContentProducer.java:324)
	at org.eclipse.jetty.ee10.servlet.AsyncContentProducer.produceChunk(AsyncContentProducer.java:304)
	at org.eclipse.jetty.ee10.servlet.AsyncContentProducer.nextChunk(AsyncContentProducer.java:209)
	at org.eclipse.jetty.ee10.servlet.BlockingContentProducer.nextChunk(BlockingContentProducer.java:100)
	at org.eclipse.jetty.ee10.servlet.HttpInput.read(HttpInput.java:267)
	at org.eclipse.jetty.ee10.servlet.HttpInput.read(HttpInput.java:248)
	at java.base/java.io.InputStream.read(Unknown Source)
	at httparena.Main.upload(Main.java:97)
	at io.javalin.router.ParsedEndpoint.handleWithPathParams$javalin(ParsedEndpoint.kt:21)
	at io.javalin.router.ParsedEndpoint.handle(ParsedEndpoint.kt:15)
	at io.javalin.http.servlet.DefaultTasks.HTTP$lambda$0$1(DefaultTasks.kt:57)
	at io.javalin.http.servlet.JavalinServlet.handleTask(JavalinServlet.kt:108)
	at io.javalin.http.servlet.JavalinServlet.handleSync(JavalinServlet.kt:72)
	at io.javalin.http.servlet.JavalinServlet.handle(JavalinServlet.kt:58)
	at io.javalin.http.servlet.JavalinServlet.service(JavalinServlet.kt:38)
	at jakarta.servlet.http.HttpServlet.service(HttpServlet.java:614)
	at io.javalin.jetty.JavalinJettyServlet.service(JavalinJettyServlet.kt:49)
	at jakarta.servlet.http.HttpServlet.service(HttpServlet.java:614)
	at org.eclipse.jetty.ee10.servlet.ServletHolder.handle(ServletHolder.java:754)
	at org.eclipse.jetty.ee10.servlet.ServletHandler$ChainEnd.doFilter(ServletHandler.java:1642)
	at org.eclipse.jetty.ee10.servlet.ServletHandler$MappedServlet.handle(ServletHandler.java:1556)
	at org.eclipse.jetty.ee10.servlet.ServletChannel.dispatch(ServletChannel.java:871)
	at org.eclipse.jetty.ee10.servlet.ServletChannel.handle(ServletChannel.java:449)
	at org.eclipse.jetty.ee10.servlet.ServletHandler.handle(ServletHandler.java:469)
	at org.eclipse.jetty.ee10.servlet.SessionHandler.handle(SessionHandler.java:719)
	at org.eclipse.jetty.server.handler.ContextHandler.handle(ContextHandler.java:1253)
	at org.eclipse.jetty.server.Handler$Wrapper.handle(Handler.java:794)
	at org.eclipse.jetty.server.handler.EventsHandler.handle(EventsHandler.java:81)
	at org.eclipse.jetty.server.Server.handle(Server.java:197)
	at org.eclipse.jetty.server.internal.HttpChannelState$HandlerInvoker.run(HttpChannelState.java:804)
	at org.eclipse.jetty.server.internal.HttpConnection.onFillable(HttpConnection.java:420)
	at org.eclipse.jetty.server.internal.HttpConnection$FillableCallback.succeeded(HttpConnection.java:1790)
	at org.eclipse.jetty.io.FillInterest.fillable(FillInterest.java:105)
	at org.eclipse.jetty.io.SelectableChannelEndPoint$1.run(SelectableChannelEndPoint.java:54)
	at org.eclipse.jetty.util.thread.strategy.AdaptiveExecutionStrategy.runTask(AdaptiveExecutionStrategy.java:492)
	at org.eclipse.jetty.util.thread.strategy.AdaptiveExecutionStrategy.epcRunTask(AdaptiveExecutionStrategy.java:428)
	at org.eclipse.jetty.util.thread.strategy.AdaptiveExecutionStrategy.consumeTask(AdaptiveExecutionStrategy.java:401)
	at org.eclipse.jetty.util.thread.strategy.AdaptiveExecutionStrategy.tryProduce(AdaptiveExecutionStrategy.java:255)
	at org.eclipse.jetty.util.thread.strategy.AdaptiveExecutionStrategy.run(AdaptiveExecutionStrategy.java:204)
	at org.eclipse.jetty.util.thread.ReservedThreadExecutor$ReservedThread.run(ReservedThreadExecutor.java:317)
	at org.eclipse.jetty.util.thread.QueuedThreadPool.runJob(QueuedThreadPool.java:1009)
	at org.eclipse.jetty.util.thread.QueuedThreadPool$Runner.doRunJob(QueuedThreadPool.java:1240)
	at org.eclipse.jetty.util.thread.QueuedThreadPool$Runner.run(QueuedThreadPool.java:1194)
	at java.base/java.lang.Thread.run(Unknown Source)
[JettyServerThreadPool-134] WARN io.javalin.Javalin - Uncaught exception
org.eclipse.jetty.server.internal.HttpConnection$HttpEofException: Early EOF
	at org.eclipse.jetty.server.internal.HttpConnection$RequestHandler.earlyEOF(HttpConnection.java:1222)
	at org.eclipse.jetty.http.HttpParser.parseNext(HttpParser.java:1821)
	at org.eclipse.jetty.server.internal.HttpConnection.parseAndFillForContent(HttpConnection.java:559)
	at org.eclipse.jetty.server.internal.HttpConnection$HttpStreamOverHTTP1.read(HttpConnection.java:1467)
	at org.eclipse.jetty.server.HttpStream$Wrapper.read(HttpStream.java:184)
	at org.eclipse.jetty.server.HttpStream$Wrapper.read(HttpStream.java:184)
	at org.eclipse.jetty.server.internal.HttpChannelState$ChannelRequest.read(HttpChannelState.java:1042)
	at org.eclipse.jetty.server.Request$Wrapper.read(Request.java:962)
	at org.eclipse.jetty.server.handler.EventsHandler$EventsRequest.read(EventsHandler.java:407)
	at org.eclipse.jetty.server.Request$Wrapper.read(Request.java:962)
	at org.eclipse.jetty.ee10.servlet.AsyncContentProducer.readChunk(AsyncContentProducer.java:324)
	at org.eclipse.jetty.ee10.servlet.AsyncContentProducer.produceChunk(AsyncContentProducer.java:304)
	at org.eclipse.jetty.ee10.servlet.AsyncContentProducer.nextChunk(AsyncContentProducer.java:209)
	at org.eclipse.jetty.ee10.servlet.BlockingContentProducer.nextChunk(BlockingContentProducer.java:100)
	at org.eclipse.jetty.ee10.servlet.HttpInput.read(HttpInput.java:267)
	at org.eclipse.jetty.ee10.servlet.HttpInput.read(HttpInput.java:248)
	at java.base/java.io.InputStream.read(Unknown Source)
	at httparena.Main.upload(Main.java:97)
	at io.javalin.router.ParsedEndpoint.handleWithPathParams$javalin(ParsedEndpoint.kt:21)
	at io.javalin.router.ParsedEndpoint.handle(ParsedEndpoint.kt:15)
	at io.javalin.http.servlet.DefaultTasks.HTTP$lambda$0$1(DefaultTasks.kt:57)
	at io.javalin.http.servlet.JavalinServlet.handleTask(JavalinServlet.kt:108)
	at io.javalin.http.servlet.JavalinServlet.handleSync(JavalinServlet.kt:72)
	at io.javalin.http.servlet.JavalinServlet.handle(JavalinServlet.kt:58)
	at io.javalin.http.servlet.JavalinServlet.service(JavalinServlet.kt:38)
	at jakarta.servlet.http.HttpServlet.service(HttpServlet.java:614)
	at io.javalin.jetty.JavalinJettyServlet.service(JavalinJettyServlet.kt:49)
	at jakarta.servlet.http.HttpServlet.service(HttpServlet.java:614)
	at org.eclipse.jetty.ee10.servlet.ServletHolder.handle(ServletHolder.java:754)
	at org.eclipse.jetty.ee10.servlet.ServletHandler$ChainEnd.doFilter(ServletHandler.java:1642)
	at org.eclipse.jetty.ee10.servlet.ServletHandler$MappedServlet.handle(ServletHandler.java:1556)
	at org.eclipse.jetty.ee10.servlet.ServletChannel.dispatch(ServletChannel.java:871)
	at org.eclipse.jetty.ee10.servlet.ServletChannel.handle(ServletChannel.java:449)
	at org.eclipse.jetty.ee10.servlet.ServletHandler.handle(ServletHandler.java:469)
	at org.eclipse.jetty.ee10.servlet.SessionHandler.handle(SessionHandler.java:719)
	at org.eclipse.jetty.server.handler.ContextHandler.handle(ContextHandler.java:1253)
	at org.eclipse.jetty.server.Handler$Wrapper.handle(Handler.java:794)
	at org.eclipse.jetty.server.handler.EventsHandler.handle(EventsHandler.java:81)
	at org.eclipse.jetty.server.Server.handle(Server.java:197)
	at org.eclipse.jetty.server.internal.HttpChannelState$HandlerInvoker.run(HttpChannelState.java:804)
	at org.eclipse.jetty.server.internal.HttpConnection.onFillable(HttpConnection.java:420)
	at org.eclipse.jetty.server.internal.HttpConnection$FillableCallback.succeeded(HttpConnection.java:1790)
	at org.eclipse.jetty.io.FillInterest.fillable(FillInterest.java:105)
	at org.eclipse.jetty.io.SelectableChannelEndPoint$1.run(SelectableChannelEndPoint.java:54)
	at org.eclipse.jetty.util.thread.strategy.AdaptiveExecutionStrategy.runTask(AdaptiveExecutionStrategy.java:492)
	at org.eclipse.jetty.util.thread.strategy.AdaptiveExecutionStrategy.epcRunTask(AdaptiveExecutionStrategy.java:428)
	at org.eclipse.jetty.util.thread.strategy.AdaptiveExecutionStrategy.consumeTask(AdaptiveExecutionStrategy.java:401)
	at org.eclipse.jetty.util.thread.strategy.AdaptiveExecutionStrategy.tryProduce(AdaptiveExecutionStrategy.java:255)
	at org.eclipse.jetty.util.thread.strategy.AdaptiveExecutionStrategy.run(AdaptiveExecutionStrategy.java:204)
	at org.eclipse.jetty.util.thread.ReservedThreadExecutor$ReservedThread.run(ReservedThreadExecutor.java:317)
	at org.eclipse.jetty.util.thread.QueuedThreadPool.runJob(QueuedThreadPool.java:1009)
	at org.eclipse.jetty.util.thread.QueuedThreadPool$Runner.doRunJob(QueuedThreadPool.java:1240)
	at org.eclipse.jetty.util.thread.QueuedThreadPool$Runner.run(QueuedThreadPool.java:1194)
	at java.base/java.lang.Thread.run(Unknown Source)
[JettyServerThreadPool-89] WARN io.javalin.Javalin - Uncaught exception
org.eclipse.jetty.server.internal.HttpConnection$HttpEofException: Early EOF
	at org.eclipse.jetty.server.internal.HttpConnection$RequestHandler.earlyEOF(HttpConnection.java:1222)
	at org.eclipse.jetty.http.HttpParser.parseNext(HttpParser.java:1821)
	at org.eclipse.jetty.server.internal.HttpConnection.parseAndFillForContent(HttpConnection.java:559)
	at org.eclipse.jetty.server.internal.HttpConnection$HttpStreamOverHTTP1.read(HttpConnection.java:1467)
	at org.eclipse.jetty.server.HttpStream$Wrapper.read(HttpStream.java:184)
	at org.eclipse.jetty.server.HttpStream$Wrapper.read(HttpStream.java:184)
	at org.eclipse.jetty.server.internal.HttpChannelState$ChannelRequest.read(HttpChannelState.java:1042)
	at org.eclipse.jetty.server.Request$Wrapper.read(Request.java:962)
	at org.eclipse.jetty.server.handler.EventsHandler$EventsRequest.read(EventsHandler.java:407)
	at org.eclipse.jetty.server.Request$Wrapper.read(Request.java:962)
	at org.eclipse.jetty.ee10.servlet.AsyncContentProducer.readChunk(AsyncContentProducer.java:324)
	at org.eclipse.jetty.ee10.servlet.AsyncContentProducer.produceChunk(AsyncContentProducer.java:304)
	at org.eclipse.jetty.ee10.servlet.AsyncContentProducer.nextChunk(AsyncContentProducer.java:209)
	at org.eclipse.jetty.ee10.servlet.BlockingContentProducer.nextChunk(BlockingContentProducer.java:100)
	at org.eclipse.jetty.ee10.servlet.HttpInput.read(HttpInput.java:267)
	at org.eclipse.jetty.ee10.servlet.HttpInput.read(HttpInput.java:248)
	at java.base/java.io.InputStream.read(Unknown Source)
	at httparena.Main.upload(Main.java:97)
	at io.javalin.router.ParsedEndpoint.handleWithPathParams$javalin(ParsedEndpoint.kt:21)
	at io.javalin.router.ParsedEndpoint.handle(ParsedEndpoint.kt:15)
	at io.javalin.http.servlet.DefaultTasks.HTTP$lambda$0$1(DefaultTasks.kt:57)
	at io.javalin.http.servlet.JavalinServlet.handleTask(JavalinServlet.kt:108)
	at io.javalin.http.servlet.JavalinServlet.handleSync(JavalinServlet.kt:72)
	at io.javalin.http.servlet.JavalinServlet.handle(JavalinServlet.kt:58)
	at io.javalin.http.servlet.JavalinServlet.service(JavalinServlet.kt:38)
	at jakarta.servlet.http.HttpServlet.service(HttpServlet.java:614)
	at io.javalin.jetty.JavalinJettyServlet.service(JavalinJettyServlet.kt:49)
	at jakarta.servlet.http.HttpServlet.service(HttpServlet.java:614)
	at org.eclipse.jetty.ee10.servlet.ServletHolder.handle(ServletHolder.java:754)
	at org.eclipse.jetty.ee10.servlet.ServletHandler$ChainEnd.doFilter(ServletHandler.java:1642)
	at org.eclipse.jetty.ee10.servlet.ServletHandler$MappedServlet.handle(ServletHandler.java:1556)
	at org.eclipse.jetty.ee10.servlet.ServletChannel.dispatch(ServletChannel.java:871)
	at org.eclipse.jetty.ee10.servlet.ServletChannel.handle(ServletChannel.java:449)
	at org.eclipse.jetty.ee10.servlet.ServletHandler.handle(ServletHandler.java:469)
	at org.eclipse.jetty.ee10.servlet.SessionHandler.handle(SessionHandler.java:719)
	at org.eclipse.jetty.server.handler.ContextHandler.handle(ContextHandler.java:1253)
	at org.eclipse.jetty.server.Handler$Wrapper.handle(Handler.java:794)
	at org.eclipse.jetty.server.handler.EventsHandler.handle(EventsHandler.java:81)
	at org.eclipse.jetty.server.Server.handle(Server.java:197)
	at org.eclipse.jetty.server.internal.HttpChannelState$HandlerInvoker.run(HttpChannelState.java:804)
	at org.eclipse.jetty.server.internal.HttpConnection.onFillable(HttpConnection.java:420)
	at org.eclipse.jetty.server.internal.HttpConnection$FillableCallback.succeeded(HttpConnection.java:1790)
	at org.eclipse.jetty.io.FillInterest.fillable(FillInterest.java:105)
	at org.eclipse.jetty.io.SelectableChannelEndPoint$1.run(SelectableChannelEndPoint.java:54)
	at org.eclipse.jetty.util.thread.strategy.AdaptiveExecutionStrategy.runTask(AdaptiveExecutionStrategy.java:492)
	at org.eclipse.jetty.util.thread.strategy.AdaptiveExecutionStrategy.epcRunTask(AdaptiveExecutionStrategy.java:428)
	at org.eclipse.jetty.util.thread.strategy.AdaptiveExecutionStrategy.consumeTask(AdaptiveExecutionStrategy.java:401)
	at org.eclipse.jetty.util.thread.strategy.AdaptiveExecutionStrategy.tryProduce(AdaptiveExecutionStrategy.java:255)
	at org.eclipse.jetty.util.thread.strategy.AdaptiveExecutionStrategy.run(AdaptiveExecutionStrategy.java:204)
	at org.eclipse.jetty.util.thread.ReservedThreadExecutor$ReservedThread.run(ReservedThreadExecutor.java:317)
	at org.eclipse.jetty.util.thread.QueuedThreadPool.runJob(QueuedThreadPool.java:1009)
	at org.eclipse.jetty.util.thread.QueuedThreadPool$Runner.doRunJob(QueuedThreadPool.java:1240)
	at org.eclipse.jetty.util.thread.QueuedThreadPool$Runner.run(QueuedThreadPool.java:1194)
	at java.base/java.lang.Thread.run(Unknown Source)
[JettyServerThreadPool-104] WARN io.javalin.Javalin - Uncaught exception
org.eclipse.jetty.server.internal.HttpConnection$HttpEofException: Early EOF
	at org.eclipse.jetty.server.internal.HttpConnection$RequestHandler.earlyEOF(HttpConnection.java:1222)
	at org.eclipse.jetty.http.HttpParser.parseNext(HttpParser.java:1821)
	at org.eclipse.jetty.server.internal.HttpConnection.parseAndFillForContent(HttpConnection.java:559)
	at org.eclipse.jetty.server.internal.HttpConnection$HttpStreamOverHTTP1.read(HttpConnection.java:1467)
	at org.eclipse.jetty.server.HttpStream$Wrapper.read(HttpStream.java:184)
	at org.eclipse.jetty.server.HttpStream$Wrapper.read(HttpStream.java:184)
	at org.eclipse.jetty.server.internal.HttpChannelState$ChannelRequest.read(HttpChannelState.java:1042)
	at org.eclipse.jetty.server.Request$Wrapper.read(Request.java:962)
	at org.eclipse.jetty.server.handler.EventsHandler$EventsRequest.read(EventsHandler.java:407)
	at org.eclipse.jetty.server.Request$Wrapper.read(Request.java:962)
	at org.eclipse.jetty.ee10.servlet.AsyncContentProducer.readChunk(AsyncContentProducer.java:324)
	at org.eclipse.jetty.ee10.servlet.AsyncContentProducer.produceChunk(AsyncContentProducer.java:304)
	at org.eclipse.jetty.ee10.servlet.AsyncContentProducer.nextChunk(AsyncContentProducer.java:209)
	at org.eclipse.jetty.ee10.servlet.BlockingContentProducer.nextChunk(BlockingContentProducer.java:100)
	at org.eclipse.jetty.ee10.servlet.HttpInput.read(HttpInput.java:267)
	at org.eclipse.jetty.ee10.servlet.HttpInput.read(HttpInput.java:248)
	at java.base/java.io.InputStream.read(Unknown Source)
	at httparena.Main.upload(Main.java:97)
	at io.javalin.router.ParsedEndpoint.handleWithPathParams$javalin(ParsedEndpoint.kt:21)
	at io.javalin.router.ParsedEndpoint.handle(ParsedEndpoint.kt:15)
	at io.javalin.http.servlet.DefaultTasks.HTTP$lambda$0$1(DefaultTasks.kt:57)
	at io.javalin.http.servlet.JavalinServlet.handleTask(JavalinServlet.kt:108)
	at io.javalin.http.servlet.JavalinServlet.handleSync(JavalinServlet.kt:72)
	at io.javalin.http.servlet.JavalinServlet.handle(JavalinServlet.kt:58)
	at io.javalin.http.servlet.JavalinServlet.service(JavalinServlet.kt:38)
	at jakarta.servlet.http.HttpServlet.service(HttpServlet.java:614)
	at io.javalin.jetty.JavalinJettyServlet.service(JavalinJettyServlet.kt:49)
	at jakarta.servlet.http.HttpServlet.service(HttpServlet.java:614)
	at org.eclipse.jetty.ee10.servlet.ServletHolder.handle(ServletHolder.java:754)
	at org.eclipse.jetty.ee10.servlet.ServletHandler$ChainEnd.doFilter(ServletHandler.java:1642)
	at org.eclipse.jetty.ee10.servlet.ServletHandler$MappedServlet.handle(ServletHandler.java:1556)
	at org.eclipse.jetty.ee10.servlet.ServletChannel.dispatch(ServletChannel.java:871)
	at org.eclipse.jetty.ee10.servlet.ServletChannel.handle(ServletChannel.java:449)
	at org.eclipse.jetty.ee10.servlet.ServletHandler.handle(ServletHandler.java:469)
	at org.eclipse.jetty.ee10.servlet.SessionHandler.handle(SessionHandler.java:719)
	at org.eclipse.jetty.server.handler.ContextHandler.handle(ContextHandler.java:1253)
	at org.eclipse.jetty.server.Handler$Wrapper.handle(Handler.java:794)
	at org.eclipse.jetty.server.handler.EventsHandler.handle(EventsHandler.java:81)
	at org.eclipse.jetty.server.Server.handle(Server.java:197)
	at org.eclipse.jetty.server.internal.HttpChannelState$HandlerInvoker.run(HttpChannelState.java:804)
	at org.eclipse.jetty.server.internal.HttpConnection.onFillable(HttpConnection.java:420)
	at org.eclipse.jetty.server.internal.HttpConnection$FillableCallback.succeeded(HttpConnection.java:1790)
	at org.eclipse.jetty.io.FillInterest.fillable(FillInterest.java:105)
	at org.eclipse.jetty.io.SelectableChannelEndPoint$1.run(SelectableChannelEndPoint.java:54)
	at org.eclipse.jetty.util.thread.strategy.AdaptiveExecutionStrategy.runTask(AdaptiveExecutionStrategy.java:492)
	at org.eclipse.jetty.util.thread.strategy.AdaptiveExecutionStrategy.epcRunTask(AdaptiveExecutionStrategy.java:428)
	at org.eclipse.jetty.util.thread.strategy.AdaptiveExecutionStrategy.consumeTask(AdaptiveExecutionStrategy.java:401)
	at org.eclipse.jetty.util.thread.strategy.AdaptiveExecutionStrategy.tryProduce(AdaptiveExecutionStrategy.java:255)
	at org.eclipse.jetty.util.thread.strategy.AdaptiveExecutionStrategy.run(AdaptiveExecutionStrategy.java:204)
	at org.eclipse.jetty.util.thread.ReservedThreadExecutor$ReservedThread.run(ReservedThreadExecutor.java:317)
	at org.eclipse.jetty.util.thread.QueuedThreadPool.runJob(QueuedThreadPool.java:1009)
	at org.eclipse.jetty.util.thread.QueuedThreadPool$Runner.doRunJob(QueuedThreadPool.java:1240)
	at org.eclipse.jetty.util.thread.QueuedThreadPool$Runner.run(QueuedThreadPool.java:1194)
	at java.base/java.lang.Thread.run(Unknown Source)
[JettyServerThreadPool-118] WARN io.javalin.Javalin - Uncaught exception
org.eclipse.jetty.server.internal.HttpConnection$HttpEofException: Early EOF
	at org.eclipse.jetty.server.internal.HttpConnection$RequestHandler.earlyEOF(HttpConnection.java:1222)
	at org.eclipse.jetty.http.HttpParser.parseNext(HttpParser.java:1821)
	at org.eclipse.jetty.server.internal.HttpConnection.parseAndFillForContent(HttpConnection.java:559)
	at org.eclipse.jetty.server.internal.HttpConnection$HttpStreamOverHTTP1.read(HttpConnection.java:1467)
	at org.eclipse.jetty.server.HttpStream$Wrapper.read(HttpStream.java:184)
	at org.eclipse.jetty.server.HttpStream$Wrapper.read(HttpStream.java:184)
	at org.eclipse.jetty.server.internal.HttpChannelState$ChannelRequest.read(HttpChannelState.java:1042)
	at org.eclipse.jetty.server.Request$Wrapper.read(Request.java:962)
	at org.eclipse.jetty.server.handler.EventsHandler$EventsRequest.read(EventsHandler.java:407)
	at org.eclipse.jetty.server.Request$Wrapper.read(Request.java:962)
	at org.eclipse.jetty.ee10.servlet.AsyncContentProducer.readChunk(AsyncContentProducer.java:324)
	at org.eclipse.jetty.ee10.servlet.AsyncContentProducer.produceChunk(AsyncContentProducer.java:304)
	at org.eclipse.jetty.ee10.servlet.AsyncContentProducer.nextChunk(AsyncContentProducer.java:209)
	at org.eclipse.jetty.ee10.servlet.BlockingContentProducer.nextChunk(BlockingContentProducer.java:100)
	at org.eclipse.jetty.ee10.servlet.HttpInput.read(HttpInput.java:267)
	at org.eclipse.jetty.ee10.servlet.HttpInput.read(HttpInput.java:248)
	at java.base/java.io.InputStream.read(Unknown Source)
	at httparena.Main.upload(Main.java:97)
	at io.javalin.router.ParsedEndpoint.handleWithPathParams$javalin(ParsedEndpoint.kt:21)
	at io.javalin.router.ParsedEndpoint.handle(ParsedEndpoint.kt:15)
	at io.javalin.http.servlet.DefaultTasks.HTTP$lambda$0$1(DefaultTasks.kt:57)
	at io.javalin.http.servlet.JavalinServlet.handleTask(JavalinServlet.kt:108)
	at io.javalin.http.servlet.JavalinServlet.handleSync(JavalinServlet.kt:72)
	at io.javalin.http.servlet.JavalinServlet.handle(JavalinServlet.kt:58)
	at io.javalin.http.servlet.JavalinServlet.service(JavalinServlet.kt:38)
	at jakarta.servlet.http.HttpServlet.service(HttpServlet.java:614)
	at io.javalin.jetty.JavalinJettyServlet.service(JavalinJettyServlet.kt:49)
	at jakarta.servlet.http.HttpServlet.service(HttpServlet.java:614)
	at org.eclipse.jetty.ee10.servlet.ServletHolder.handle(ServletHolder.java:754)
	at org.eclipse.jetty.ee10.servlet.ServletHandler$ChainEnd.doFilter(ServletHandler.java:1642)
	at org.eclipse.jetty.ee10.servlet.ServletHandler$MappedServlet.handle(ServletHandler.java:1556)
	at org.eclipse.jetty.ee10.servlet.ServletChannel.dispatch(ServletChannel.java:871)
	at org.eclipse.jetty.ee10.servlet.ServletChannel.handle(ServletChannel.java:449)
	at org.eclipse.jetty.ee10.servlet.ServletHandler.handle(ServletHandler.java:469)
	at org.eclipse.jetty.ee10.servlet.SessionHandler.handle(SessionHandler.java:719)
	at org.eclipse.jetty.server.handler.ContextHandler.handle(ContextHandler.java:1253)
	at org.eclipse.jetty.server.Handler$Wrapper.handle(Handler.java:794)
	at org.eclipse.jetty.server.handler.EventsHandler.handle(EventsHandler.java:81)
	at org.eclipse.jetty.server.Server.handle(Server.java:197)
	at org.eclipse.jetty.server.internal.HttpChannelState$HandlerInvoker.run(HttpChannelState.java:804)
	at org.eclipse.jetty.server.internal.HttpConnection.onFillable(HttpConnection.java:420)
	at org.eclipse.jetty.server.internal.HttpConnection$FillableCallback.succeeded(HttpConnection.java:1790)
	at org.eclipse.jetty.io.FillInterest.fillable(FillInterest.java:105)
	at org.eclipse.jetty.io.SelectableChannelEndPoint$1.run(SelectableChannelEndPoint.java:54)
	at org.eclipse.jetty.util.thread.strategy.AdaptiveExecutionStrategy.runTask(AdaptiveExecutionStrategy.java:492)
	at org.eclipse.jetty.util.thread.strategy.AdaptiveExecutionStrategy.epcRunTask(AdaptiveExecutionStrategy.java:428)
	at org.eclipse.jetty.util.thread.strategy.AdaptiveExecutionStrategy.consumeTask(AdaptiveExecutionStrategy.java:401)
	at org.eclipse.jetty.util.thread.strategy.AdaptiveExecutionStrategy.tryProduce(AdaptiveExecutionStrategy.java:255)
	at org.eclipse.jetty.util.thread.strategy.AdaptiveExecutionStrategy.run(AdaptiveExecutionStrategy.java:204)
	at org.eclipse.jetty.util.thread.ReservedThreadExecutor$ReservedThread.run(ReservedThreadExecutor.java:317)
	at org.eclipse.jetty.util.thread.QueuedThreadPool.runJob(QueuedThreadPool.java:1009)
	at org.eclipse.jetty.util.thread.QueuedThreadPool$Runner.doRunJob(QueuedThreadPool.java:1240)
	at org.eclipse.jetty.util.thread.QueuedThreadPool$Runner.run(QueuedThreadPool.java:1194)
	at java.base/java.lang.Thread.run(Unknown Source)
[JettyServerThreadPool-83] WARN io.javalin.Javalin - Uncaught exception
org.eclipse.jetty.server.internal.HttpConnection$HttpEofException: Early EOF
	at org.eclipse.jetty.server.internal.HttpConnection$RequestHandler.earlyEOF(HttpConnection.java:1222)
	at org.eclipse.jetty.http.HttpParser.parseNext(HttpParser.java:1821)
	at org.eclipse.jetty.server.internal.HttpConnection.parseAndFillForContent(HttpConnection.java:559)
	at org.eclipse.jetty.server.internal.HttpConnection$HttpStreamOverHTTP1.read(HttpConnection.java:1467)
	at org.eclipse.jetty.server.HttpStream$Wrapper.read(HttpStream.java:184)
	at org.eclipse.jetty.server.HttpStream$Wrapper.read(HttpStream.java:184)
	at org.eclipse.jetty.server.internal.HttpChannelState$ChannelRequest.read(HttpChannelState.java:1042)
	at org.eclipse.jetty.server.Request$Wrapper.read(Request.java:962)
	at org.eclipse.jetty.server.handler.EventsHandler$EventsRequest.read(EventsHandler.java:407)
	at org.eclipse.jetty.server.Request$Wrapper.read(Request.java:962)
	at org.eclipse.jetty.ee10.servlet.AsyncContentProducer.readChunk(AsyncContentProducer.java:324)
	at org.eclipse.jetty.ee10.servlet.AsyncContentProducer.produceChunk(AsyncContentProducer.java:304)
	at org.eclipse.jetty.ee10.servlet.AsyncContentProducer.nextChunk(AsyncContentProducer.java:209)
	at org.eclipse.jetty.ee10.servlet.BlockingContentProducer.nextChunk(BlockingContentProducer.java:100)
	at org.eclipse.jetty.ee10.servlet.HttpInput.read(HttpInput.java:267)
	at org.eclipse.jetty.ee10.servlet.HttpInput.read(HttpInput.java:248)
	at java.base/java.io.InputStream.read(Unknown Source)
	at httparena.Main.upload(Main.java:97)
	at io.javalin.router.ParsedEndpoint.handleWithPathParams$javalin(ParsedEndpoint.kt:21)
	at io.javalin.router.ParsedEndpoint.handle(ParsedEndpoint.kt:15)
	at io.javalin.http.servlet.DefaultTasks.HTTP$lambda$0$1(DefaultTasks.kt:57)
	at io.javalin.http.servlet.JavalinServlet.handleTask(JavalinServlet.kt:108)
	at io.javalin.http.servlet.JavalinServlet.handleSync(JavalinServlet.kt:72)
	at io.javalin.http.servlet.JavalinServlet.handle(JavalinServlet.kt:58)
	at io.javalin.http.servlet.JavalinServlet.service(JavalinServlet.kt:38)
	at jakarta.servlet.http.HttpServlet.service(HttpServlet.java:614)
	at io.javalin.jetty.JavalinJettyServlet.service(JavalinJettyServlet.kt:49)
	at jakarta.servlet.http.HttpServlet.service(HttpServlet.java:614)
	at org.eclipse.jetty.ee10.servlet.ServletHolder.handle(ServletHolder.java:754)
	at org.eclipse.jetty.ee10.servlet.ServletHandler$ChainEnd.doFilter(ServletHandler.java:1642)
	at org.eclipse.jetty.ee10.servlet.ServletHandler$MappedServlet.handle(ServletHandler.java:1556)
	at org.eclipse.jetty.ee10.servlet.ServletChannel.dispatch(ServletChannel.java:871)
	at org.eclipse.jetty.ee10.servlet.ServletChannel.handle(ServletChannel.java:449)
	at org.eclipse.jetty.ee10.servlet.ServletHandler.handle(ServletHandler.java:469)
	at org.eclipse.jetty.ee10.servlet.SessionHandler.handle(SessionHandler.java:719)
	at org.eclipse.jetty.server.handler.ContextHandler.handle(ContextHandler.java:1253)
	at org.eclipse.jetty.server.Handler$Wrapper.handle(Handler.java:794)
	at org.eclipse.jetty.server.handler.EventsHandler.handle(EventsHandler.java:81)
	at org.eclipse.jetty.server.Server.handle(Server.java:197)
	at org.eclipse.jetty.server.internal.HttpChannelState$HandlerInvoker.run(HttpChannelState.java:804)
	at org.eclipse.jetty.server.internal.HttpConnection.onFillable(HttpConnection.java:420)
	at org.eclipse.jetty.server.internal.HttpConnection$FillableCallback.succeeded(HttpConnection.java:1790)
	at org.eclipse.jetty.io.FillInterest.fillable(FillInterest.java:105)
	at org.eclipse.jetty.io.SelectableChannelEndPoint$1.run(SelectableChannelEndPoint.java:54)
	at org.eclipse.jetty.util.thread.strategy.AdaptiveExecutionStrategy.runTask(AdaptiveExecutionStrategy.java:492)
	at org.eclipse.jetty.util.thread.strategy.AdaptiveExecutionStrategy.epcRunTask(AdaptiveExecutionStrategy.java:428)
	at org.eclipse.jetty.util.thread.strategy.AdaptiveExecutionStrategy.consumeTask(AdaptiveExecutionStrategy.java:401)
	at org.eclipse.jetty.util.thread.strategy.AdaptiveExecutionStrategy.tryProduce(AdaptiveExecutionStrategy.java:255)
	at org.eclipse.jetty.util.thread.strategy.AdaptiveExecutionStrategy.run(AdaptiveExecutionStrategy.java:204)
	at org.eclipse.jetty.util.thread.ReservedThreadExecutor$ReservedThread.run(ReservedThreadExecutor.java:317)
	at org.eclipse.jetty.util.thread.QueuedThreadPool.runJob(QueuedThreadPool.java:1009)
	at org.eclipse.jetty.util.thread.QueuedThreadPool$Runner.doRunJob(QueuedThreadPool.java:1240)
	at org.eclipse.jetty.util.thread.QueuedThreadPool$Runner.run(QueuedThreadPool.java:1194)
	at java.base/java.lang.Thread.run(Unknown Source)
[JettyServerThreadPool-85] WARN io.javalin.Javalin - Uncaught exception
org.eclipse.jetty.server.internal.HttpConnection$HttpEofException: Early EOF
	at org.eclipse.jetty.server.internal.HttpConnection$RequestHandler.earlyEOF(HttpConnection.java:1222)
	at org.eclipse.jetty.http.HttpParser.parseNext(HttpParser.java:1821)
	at org.eclipse.jetty.server.internal.HttpConnection.parseAndFillForContent(HttpConnection.java:559)
	at org.eclipse.jetty.server.internal.HttpConnection$HttpStreamOverHTTP1.read(HttpConnection.java:1467)
	at org.eclipse.jetty.server.HttpStream$Wrapper.read(HttpStream.java:184)
	at org.eclipse.jetty.server.HttpStream$Wrapper.read(HttpStream.java:184)
	at org.eclipse.jetty.server.internal.HttpChannelState$ChannelRequest.read(HttpChannelState.java:1042)
	at org.eclipse.jetty.server.Request$Wrapper.read(Request.java:962)
	at org.eclipse.jetty.server.handler.EventsHandler$EventsRequest.read(EventsHandler.java:407)
	at org.eclipse.jetty.server.Request$Wrapper.read(Request.java:962)
	at org.eclipse.jetty.ee10.servlet.AsyncContentProducer.readChunk(AsyncContentProducer.java:324)
	at org.eclipse.jetty.ee10.servlet.AsyncContentProducer.produceChunk(AsyncContentProducer.java:304)
	at org.eclipse.jetty.ee10.servlet.AsyncContentProducer.nextChunk(AsyncContentProducer.java:209)
	at org.eclipse.jetty.ee10.servlet.BlockingContentProducer.nextChunk(BlockingContentProducer.java:100)
	at org.eclipse.jetty.ee10.servlet.HttpInput.read(HttpInput.java:267)
	at org.eclipse.jetty.ee10.servlet.HttpInput.read(HttpInput.java:248)
	at java.base/java.io.InputStream.read(Unknown Source)
	at httparena.Main.upload(Main.java:97)
	at io.javalin.router.ParsedEndpoint.handleWithPathParams$javalin(ParsedEndpoint.kt:21)
	at io.javalin.router.ParsedEndpoint.handle(ParsedEndpoint.kt:15)
	at io.javalin.http.servlet.DefaultTasks.HTTP$lambda$0$1(DefaultTasks.kt:57)
	at io.javalin.http.servlet.JavalinServlet.handleTask(JavalinServlet.kt:108)
	at io.javalin.http.servlet.JavalinServlet.handleSync(JavalinServlet.kt:72)
	at io.javalin.http.servlet.JavalinServlet.handle(JavalinServlet.kt:58)
	at io.javalin.http.servlet.JavalinServlet.service(JavalinServlet.kt:38)
	at jakarta.servlet.http.HttpServlet.service(HttpServlet.java:614)
	at io.javalin.jetty.JavalinJettyServlet.service(JavalinJettyServlet.kt:49)
	at jakarta.servlet.http.HttpServlet.service(HttpServlet.java:614)
	at org.eclipse.jetty.ee10.servlet.ServletHolder.handle(ServletHolder.java:754)
	at org.eclipse.jetty.ee10.servlet.ServletHandler$ChainEnd.doFilter(ServletHandler.java:1642)
	at org.eclipse.jetty.ee10.servlet.ServletHandler$MappedServlet.handle(ServletHandler.java:1556)
	at org.eclipse.jetty.ee10.servlet.ServletChannel.dispatch(ServletChannel.java:871)
	at org.eclipse.jetty.ee10.servlet.ServletChannel.handle(ServletChannel.java:449)
	at org.eclipse.jetty.ee10.servlet.ServletHandler.handle(ServletHandler.java:469)
	at org.eclipse.jetty.ee10.servlet.SessionHandler.handle(SessionHandler.java:719)
	at org.eclipse.jetty.server.handler.ContextHandler.handle(ContextHandler.java:1253)
	at org.eclipse.jetty.server.Handler$Wrapper.handle(Handler.java:794)
	at org.eclipse.jetty.server.handler.EventsHandler.handle(EventsHandler.java:81)
	at org.eclipse.jetty.server.Server.handle(Server.java:197)
	at org.eclipse.jetty.server.internal.HttpChannelState$HandlerInvoker.run(HttpChannelState.java:804)
	at org.eclipse.jetty.server.internal.HttpConnection.onFillable(HttpConnection.java:420)
	at org.eclipse.jetty.server.internal.HttpConnection$FillableCallback.succeeded(HttpConnection.java:1790)
	at org.eclipse.jetty.io.FillInterest.fillable(FillInterest.java:105)
	at org.eclipse.jetty.io.SelectableChannelEndPoint$1.run(SelectableChannelEndPoint.java:54)
	at org.eclipse.jetty.util.thread.strategy.AdaptiveExecutionStrategy.runTask(AdaptiveExecutionStrategy.java:492)
	at org.eclipse.jetty.util.thread.strategy.AdaptiveExecutionStrategy.epcRunTask(AdaptiveExecutionStrategy.java:428)
	at org.eclipse.jetty.util.thread.strategy.AdaptiveExecutionStrategy.consumeTask(AdaptiveExecutionStrategy.java:401)
	at org.eclipse.jetty.util.thread.strategy.AdaptiveExecutionStrategy.tryProduce(AdaptiveExecutionStrategy.java:255)
	at org.eclipse.jetty.util.thread.strategy.AdaptiveExecutionStrategy.run(AdaptiveExecutionStrategy.java:204)
	at org.eclipse.jetty.util.thread.ReservedThreadExecutor$ReservedThread.run(ReservedThreadExecutor.java:317)
	at org.eclipse.jetty.util.thread.QueuedThreadPool.runJob(QueuedThreadPool.java:1009)
	at org.eclipse.jetty.util.thread.QueuedThreadPool$Runner.doRunJob(QueuedThreadPool.java:1240)
	at org.eclipse.jetty.util.thread.QueuedThreadPool$Runner.run(QueuedThreadPool.java:1194)
	at java.base/java.lang.Thread.run(Unknown Source)
[JettyServerThreadPool-101] WARN io.javalin.Javalin - Uncaught exception
org.eclipse.jetty.server.internal.HttpConnection$HttpEofException: Early EOF
	at org.eclipse.jetty.server.internal.HttpConnection$RequestHandler.earlyEOF(HttpConnection.java:1222)
	at org.eclipse.jetty.http.HttpParser.parseNext(HttpParser.java:1821)
	at org.eclipse.jetty.server.internal.HttpConnection.parseAndFillForContent(HttpConnection.java:559)
	at org.eclipse.jetty.server.internal.HttpConnection$HttpStreamOverHTTP1.read(HttpConnection.java:1467)
	at org.eclipse.jetty.server.HttpStream$Wrapper.read(HttpStream.java:184)
	at org.eclipse.jetty.server.HttpStream$Wrapper.read(HttpStream.java:184)
	at org.eclipse.jetty.server.internal.HttpChannelState$ChannelRequest.read(HttpChannelState.java:1042)
	at org.eclipse.jetty.server.Request$Wrapper.read(Request.java:962)
	at org.eclipse.jetty.server.handler.EventsHandler$EventsRequest.read(EventsHandler.java:407)
	at org.eclipse.jetty.server.Request$Wrapper.read(Request.java:962)
	at org.eclipse.jetty.ee10.servlet.AsyncContentProducer.readChunk(AsyncContentProducer.java:324)
	at org.eclipse.jetty.ee10.servlet.AsyncContentProducer.produceChunk(AsyncContentProducer.java:304)
	at org.eclipse.jetty.ee10.servlet.AsyncContentProducer.nextChunk(AsyncContentProducer.java:209)
	at org.eclipse.jetty.ee10.servlet.BlockingContentProducer.nextChunk(BlockingContentProducer.java:100)
	at org.eclipse.jetty.ee10.servlet.HttpInput.read(HttpInput.java:267)
	at org.eclipse.jetty.ee10.servlet.HttpInput.read(HttpInput.java:248)
	at java.base/java.io.InputStream.read(Unknown Source)
	at httparena.Main.upload(Main.java:97)
	at io.javalin.router.ParsedEndpoint.handleWithPathParams$javalin(ParsedEndpoint.kt:21)
	at io.javalin.router.ParsedEndpoint.handle(ParsedEndpoint.kt:15)
	at io.javalin.http.servlet.DefaultTasks.HTTP$lambda$0$1(DefaultTasks.kt:57)
	at io.javalin.http.servlet.JavalinServlet.handleTask(JavalinServlet.kt:108)
	at io.javalin.http.servlet.JavalinServlet.handleSync(JavalinServlet.kt:72)
	at io.javalin.http.servlet.JavalinServlet.handle(JavalinServlet.kt:58)
	at io.javalin.http.servlet.JavalinServlet.service(JavalinServlet.kt:38)
	at jakarta.servlet.http.HttpServlet.service(HttpServlet.java:614)
	at io.javalin.jetty.JavalinJettyServlet.service(JavalinJettyServlet.kt:49)
	at jakarta.servlet.http.HttpServlet.service(HttpServlet.java:614)
	at org.eclipse.jetty.ee10.servlet.ServletHolder.handle(ServletHolder.java:754)
	at org.eclipse.jetty.ee10.servlet.ServletHandler$ChainEnd.doFilter(ServletHandler.java:1642)
	at org.eclipse.jetty.ee10.servlet.ServletHandler$MappedServlet.handle(ServletHandler.java:1556)
	at org.eclipse.jetty.ee10.servlet.ServletChannel.dispatch(ServletChannel.java:871)
	at org.eclipse.jetty.ee10.servlet.ServletChannel.handle(ServletChannel.java:449)
	at org.eclipse.jetty.ee10.servlet.ServletHandler.handle(ServletHandler.java:469)
	at org.eclipse.jetty.ee10.servlet.SessionHandler.handle(SessionHandler.java:719)
	at org.eclipse.jetty.server.handler.ContextHandler.handle(ContextHandler.java:1253)
	at org.eclipse.jetty.server.Handler$Wrapper.handle(Handler.java:794)
	at org.eclipse.jetty.server.handler.EventsHandler.handle(EventsHandler.java:81)
	at org.eclipse.jetty.server.Server.handle(Server.java:197)
	at org.eclipse.jetty.server.internal.HttpChannelState$HandlerInvoker.run(HttpChannelState.java:804)
	at org.eclipse.jetty.server.internal.HttpConnection.onFillable(HttpConnection.java:420)
	at org.eclipse.jetty.server.internal.HttpConnection$FillableCallback.succeeded(HttpConnection.java:1790)
	at org.eclipse.jetty.io.FillInterest.fillable(FillInterest.java:105)
	at org.eclipse.jetty.io.SelectableChannelEndPoint$1.run(SelectableChannelEndPoint.java:54)
	at org.eclipse.jetty.util.thread.strategy.AdaptiveExecutionStrategy.runTask(AdaptiveExecutionStrategy.java:492)
	at org.eclipse.jetty.util.thread.strategy.AdaptiveExecutionStrategy.epcRunTask(AdaptiveExecutionStrategy.java:428)
	at org.eclipse.jetty.util.thread.strategy.AdaptiveExecutionStrategy.consumeTask(AdaptiveExecutionStrategy.java:401)
	at org.eclipse.jetty.util.thread.strategy.AdaptiveExecutionStrategy.tryProduce(AdaptiveExecutionStrategy.java:255)
	at org.eclipse.jetty.util.thread.strategy.AdaptiveExecutionStrategy.run(AdaptiveExecutionStrategy.java:204)
	at org.eclipse.jetty.util.thread.ReservedThreadExecutor$ReservedThread.run(ReservedThreadExecutor.java:317)
	at org.eclipse.jetty.util.thread.QueuedThreadPool.runJob(QueuedThreadPool.java:1009)
	at org.eclipse.jetty.util.thread.QueuedThreadPool$Runner.doRunJob(QueuedThreadPool.java:1240)
	at org.eclipse.jetty.util.thread.QueuedThreadPool$Runner.run(QueuedThreadPool.java:1194)
	at java.base/java.lang.Thread.run(Unknown Source)
[JettyServerThreadPool-96] WARN io.javalin.Javalin - Uncaught exception
org.eclipse.jetty.server.internal.HttpConnection$HttpEofException: Early EOF
	at org.eclipse.jetty.server.internal.HttpConnection$RequestHandler.earlyEOF(HttpConnection.java:1222)
	at org.eclipse.jetty.http.HttpParser.parseNext(HttpParser.java:1821)
	at org.eclipse.jetty.server.internal.HttpConnection.parseAndFillForContent(HttpConnection.java:559)
	at org.eclipse.jetty.server.internal.HttpConnection$HttpStreamOverHTTP1.read(HttpConnection.java:1467)
	at org.eclipse.jetty.server.HttpStream$Wrapper.read(HttpStream.java:184)
	at org.eclipse.jetty.server.HttpStream$Wrapper.read(HttpStream.java:184)
	at org.eclipse.jetty.server.internal.HttpChannelState$ChannelRequest.read(HttpChannelState.java:1042)
	at org.eclipse.jetty.server.Request$Wrapper.read(Request.java:962)
	at org.eclipse.jetty.server.handler.EventsHandler$EventsRequest.read(EventsHandler.java:407)
	at org.eclipse.jetty.server.Request$Wrapper.read(Request.java:962)
	at org.eclipse.jetty.ee10.servlet.AsyncContentProducer.readChunk(AsyncContentProducer.java:324)
	at org.eclipse.jetty.ee10.servlet.AsyncContentProducer.produceChunk(AsyncContentProducer.java:304)
	at org.eclipse.jetty.ee10.servlet.AsyncContentProducer.nextChunk(AsyncContentProducer.java:209)
	at org.eclipse.jetty.ee10.servlet.BlockingContentProducer.nextChunk(BlockingContentProducer.java:100)
	at org.eclipse.jetty.ee10.servlet.HttpInput.read(HttpInput.java:267)
	at org.eclipse.jetty.ee10.servlet.HttpInput.read(HttpInput.java:248)
	at java.base/java.io.InputStream.read(Unknown Source)
	at httparena.Main.upload(Main.java:97)
	at io.javalin.router.ParsedEndpoint.handleWithPathParams$javalin(ParsedEndpoint.kt:21)
	at io.javalin.router.ParsedEndpoint.handle(ParsedEndpoint.kt:15)
	at io.javalin.http.servlet.DefaultTasks.HTTP$lambda$0$1(DefaultTasks.kt:57)
	at io.javalin.http.servlet.JavalinServlet.handleTask(JavalinServlet.kt:108)
	at io.javalin.http.servlet.JavalinServlet.handleSync(JavalinServlet.kt:72)
	at io.javalin.http.servlet.JavalinServlet.handle(JavalinServlet.kt:58)
	at io.javalin.http.servlet.JavalinServlet.service(JavalinServlet.kt:38)
	at jakarta.servlet.http.HttpServlet.service(HttpServlet.java:614)
	at io.javalin.jetty.JavalinJettyServlet.service(JavalinJettyServlet.kt:49)
	at jakarta.servlet.http.HttpServlet.service(HttpServlet.java:614)
	at org.eclipse.jetty.ee10.servlet.ServletHolder.handle(ServletHolder.java:754)
	at org.eclipse.jetty.ee10.servlet.ServletHandler$ChainEnd.doFilter(ServletHandler.java:1642)
	at org.eclipse.jetty.ee10.servlet.ServletHandler$MappedServlet.handle(ServletHandler.java:1556)
	at org.eclipse.jetty.ee10.servlet.ServletChannel.dispatch(ServletChannel.java:871)
	at org.eclipse.jetty.ee10.servlet.ServletChannel.handle(ServletChannel.java:449)
	at org.eclipse.jetty.ee10.servlet.ServletHandler.handle(ServletHandler.java:469)
	at org.eclipse.jetty.ee10.servlet.SessionHandler.handle(SessionHandler.java:719)
	at org.eclipse.jetty.server.handler.ContextHandler.handle(ContextHandler.java:1253)
	at org.eclipse.jetty.server.Handler$Wrapper.handle(Handler.java:794)
	at org.eclipse.jetty.server.handler.EventsHandler.handle(EventsHandler.java:81)
	at org.eclipse.jetty.server.Server.handle(Server.java:197)
	at org.eclipse.jetty.server.internal.HttpChannelState$HandlerInvoker.run(HttpChannelState.java:804)
	at org.eclipse.jetty.server.internal.HttpConnection.onFillable(HttpConnection.java:420)
	at org.eclipse.jetty.server.internal.HttpConnection$FillableCallback.succeeded(HttpConnection.java:1790)
	at org.eclipse.jetty.io.FillInterest.fillable(FillInterest.java:105)
	at org.eclipse.jetty.io.SelectableChannelEndPoint$1.run(SelectableChannelEndPoint.java:54)
	at org.eclipse.jetty.util.thread.strategy.AdaptiveExecutionStrategy.runTask(AdaptiveExecutionStrategy.java:492)
	at org.eclipse.jetty.util.thread.strategy.AdaptiveExecutionStrategy.epcRunTask(AdaptiveExecutionStrategy.java:428)
	at org.eclipse.jetty.util.thread.strategy.AdaptiveExecutionStrategy.consumeTask(AdaptiveExecutionStrategy.java:401)
	at org.eclipse.jetty.util.thread.strategy.AdaptiveExecutionStrategy.tryProduce(AdaptiveExecutionStrategy.java:255)
	at org.eclipse.jetty.util.thread.strategy.AdaptiveExecutionStrategy.run(AdaptiveExecutionStrategy.java:204)
	at org.eclipse.jetty.util.thread.ReservedThreadExecutor$ReservedThread.run(ReservedThreadExecutor.java:317)
	at org.eclipse.jetty.util.thread.QueuedThreadPool.runJob(QueuedThreadPool.java:1009)
	at org.eclipse.jetty.util.thread.QueuedThreadPool$Runner.doRunJob(QueuedThreadPool.java:1240)
	at org.eclipse.jetty.util.thread.QueuedThreadPool$Runner.run(QueuedThreadPool.java:1194)
	at java.base/java.lang.Thread.run(Unknown Source)
[JettyServerThreadPool-79] WARN io.javalin.Javalin - Uncaught exception
org.eclipse.jetty.server.internal.HttpConnection$HttpEofException: Early EOF
	at org.eclipse.jetty.server.internal.HttpConnection$RequestHandler.earlyEOF(HttpConnection.java:1222)
	at org.eclipse.jetty.http.HttpParser.parseNext(HttpParser.java:1821)
	at org.eclipse.jetty.server.internal.HttpConnection.parseAndFillForContent(HttpConnection.java:559)
	at org.eclipse.jetty.server.internal.HttpConnection$HttpStreamOverHTTP1.read(HttpConnection.java:1467)
	at org.eclipse.jetty.server.HttpStream$Wrapper.read(HttpStream.java:184)
	at org.eclipse.jetty.server.HttpStream$Wrapper.read(HttpStream.java:184)
	at org.eclipse.jetty.server.internal.HttpChannelState$ChannelRequest.read(HttpChannelState.java:1042)
	at org.eclipse.jetty.server.Request$Wrapper.read(Request.java:962)
	at org.eclipse.jetty.server.handler.EventsHandler$EventsRequest.read(EventsHandler.java:407)
	at org.eclipse.jetty.server.Request$Wrapper.read(Request.java:962)
	at org.eclipse.jetty.ee10.servlet.AsyncContentProducer.readChunk(AsyncContentProducer.java:324)
	at org.eclipse.jetty.ee10.servlet.AsyncContentProducer.produceChunk(AsyncContentProducer.java:304)
	at org.eclipse.jetty.ee10.servlet.AsyncContentProducer.nextChunk(AsyncContentProducer.java:209)
	at org.eclipse.jetty.ee10.servlet.BlockingContentProducer.nextChunk(BlockingContentProducer.java:100)
	at org.eclipse.jetty.ee10.servlet.HttpInput.read(HttpInput.java:267)
	at org.eclipse.jetty.ee10.servlet.HttpInput.read(HttpInput.java:248)
	at java.base/java.io.InputStream.read(Unknown Source)
	at httparena.Main.upload(Main.java:97)
	at io.javalin.router.ParsedEndpoint.handleWithPathParams$javalin(ParsedEndpoint.kt:21)
	at io.javalin.router.ParsedEndpoint.handle(ParsedEndpoint.kt:15)
	at io.javalin.http.servlet.DefaultTasks.HTTP$lambda$0$1(DefaultTasks.kt:57)
	at io.javalin.http.servlet.JavalinServlet.handleTask(JavalinServlet.kt:108)
	at io.javalin.http.servlet.JavalinServlet.handleSync(JavalinServlet.kt:72)
	at io.javalin.http.servlet.JavalinServlet.handle(JavalinServlet.kt:58)
	at io.javalin.http.servlet.JavalinServlet.service(JavalinServlet.kt:38)
	at jakarta.servlet.http.HttpServlet.service(HttpServlet.java:614)
	at io.javalin.jetty.JavalinJettyServlet.service(JavalinJettyServlet.kt:49)
	at jakarta.servlet.http.HttpServlet.service(HttpServlet.java:614)
	at org.eclipse.jetty.ee10.servlet.ServletHolder.handle(ServletHolder.java:754)
	at org.eclipse.jetty.ee10.servlet.ServletHandler$ChainEnd.doFilter(ServletHandler.java:1642)
	at org.eclipse.jetty.ee10.servlet.ServletHandler$MappedServlet.handle(ServletHandler.java:1556)
	at org.eclipse.jetty.ee10.servlet.ServletChannel.dispatch(ServletChannel.java:871)
	at org.eclipse.jetty.ee10.servlet.ServletChannel.handle(ServletChannel.java:449)
	at org.eclipse.jetty.ee10.servlet.ServletHandler.handle(ServletHandler.java:469)
	at org.eclipse.jetty.ee10.servlet.SessionHandler.handle(SessionHandler.java:719)
	at org.eclipse.jetty.server.handler.ContextHandler.handle(ContextHandler.java:1253)
	at org.eclipse.jetty.server.Handler$Wrapper.handle(Handler.java:794)
	at org.eclipse.jetty.server.handler.EventsHandler.handle(EventsHandler.java:81)
	at org.eclipse.jetty.server.Server.handle(Server.java:197)
	at org.eclipse.jetty.server.internal.HttpChannelState$HandlerInvoker.run(HttpChannelState.java:804)
	at org.eclipse.jetty.server.internal.HttpConnection.onFillable(HttpConnection.java:420)
	at org.eclipse.jetty.server.internal.HttpConnection$FillableCallback.succeeded(HttpConnection.java:1790)
	at org.eclipse.jetty.io.FillInterest.fillable(FillInterest.java:105)
	at org.eclipse.jetty.io.SelectableChannelEndPoint$1.run(SelectableChannelEndPoint.java:54)
	at org.eclipse.jetty.util.thread.strategy.AdaptiveExecutionStrategy.runTask(AdaptiveExecutionStrategy.java:492)
	at org.eclipse.jetty.util.thread.strategy.AdaptiveExecutionStrategy.epcRunTask(AdaptiveExecutionStrategy.java:428)
	at org.eclipse.jetty.util.thread.strategy.AdaptiveExecutionStrategy.consumeTask(AdaptiveExecutionStrategy.java:401)
	at org.eclipse.jetty.util.thread.strategy.AdaptiveExecutionStrategy.tryProduce(AdaptiveExecutionStrategy.java:255)
	at org.eclipse.jetty.util.thread.strategy.AdaptiveExecutionStrategy.run(AdaptiveExecutionStrategy.java:204)
	at org.eclipse.jetty.util.thread.ReservedThreadExecutor$ReservedThread.run(ReservedThreadExecutor.java:317)
	at org.eclipse.jetty.util.thread.QueuedThreadPool.runJob(QueuedThreadPool.java:1009)
	at org.eclipse.jetty.util.thread.QueuedThreadPool$Runner.doRunJob(QueuedThreadPool.java:1240)
	at org.eclipse.jetty.util.thread.QueuedThreadPool$Runner.run(QueuedThreadPool.java:1194)
	at java.base/java.lang.Thread.run(Unknown Source)
[JettyServerThreadPool-116] WARN io.javalin.Javalin - Uncaught exception
org.eclipse.jetty.server.internal.HttpConnection$HttpEofException: Early EOF
	at org.eclipse.jetty.server.internal.HttpConnection$RequestHandler.earlyEOF(HttpConnection.java:1222)
	at org.eclipse.jetty.http.HttpParser.parseNext(HttpParser.java:1821)
	at org.eclipse.jetty.server.internal.HttpConnection.parseAndFillForContent(HttpConnection.java:559)
	at org.eclipse.jetty.server.internal.HttpConnection$HttpStreamOverHTTP1.read(HttpConnection.java:1467)
	at org.eclipse.jetty.server.HttpStream$Wrapper.read(HttpStream.java:184)
	at org.eclipse.jetty.server.HttpStream$Wrapper.read(HttpStream.java:184)
	at org.eclipse.jetty.server.internal.HttpChannelState$ChannelRequest.read(HttpChannelState.java:1042)
	at org.eclipse.jetty.server.Request$Wrapper.read(Request.java:962)
	at org.eclipse.jetty.server.handler.EventsHandler$EventsRequest.read(EventsHandler.java:407)
	at org.eclipse.jetty.server.Request$Wrapper.read(Request.java:962)
	at org.eclipse.jetty.ee10.servlet.AsyncContentProducer.readChunk(AsyncContentProducer.java:324)
	at org.eclipse.jetty.ee10.servlet.AsyncContentProducer.produceChunk(AsyncContentProducer.java:304)
	at org.eclipse.jetty.ee10.servlet.AsyncContentProducer.nextChunk(AsyncContentProducer.java:209)
	at org.eclipse.jetty.ee10.servlet.BlockingContentProducer.nextChunk(BlockingContentProducer.java:100)
	at org.eclipse.jetty.ee10.servlet.HttpInput.read(HttpInput.java:267)
	at org.eclipse.jetty.ee10.servlet.HttpInput.read(HttpInput.java:248)
	at java.base/java.io.InputStream.read(Unknown Source)
	at httparena.Main.upload(Main.java:97)
	at io.javalin.router.ParsedEndpoint.handleWithPathParams$javalin(ParsedEndpoint.kt:21)
	at io.javalin.router.ParsedEndpoint.handle(ParsedEndpoint.kt:15)
	at io.javalin.http.servlet.DefaultTasks.HTTP$lambda$0$1(DefaultTasks.kt:57)
	at io.javalin.http.servlet.JavalinServlet.handleTask(JavalinServlet.kt:108)
	at io.javalin.http.servlet.JavalinServlet.handleSync(JavalinServlet.kt:72)
	at io.javalin.http.servlet.JavalinServlet.handle(JavalinServlet.kt:58)
	at io.javalin.http.servlet.JavalinServlet.service(JavalinServlet.kt:38)
	at jakarta.servlet.http.HttpServlet.service(HttpServlet.java:614)
	at io.javalin.jetty.JavalinJettyServlet.service(JavalinJettyServlet.kt:49)
	at jakarta.servlet.http.HttpServlet.service(HttpServlet.java:614)
	at org.eclipse.jetty.ee10.servlet.ServletHolder.handle(ServletHolder.java:754)
	at org.eclipse.jetty.ee10.servlet.ServletHandler$ChainEnd.doFilter(ServletHandler.java:1642)
	at org.eclipse.jetty.ee10.servlet.ServletHandler$MappedServlet.handle(ServletHandler.java:1556)
	at org.eclipse.jetty.ee10.servlet.ServletChannel.dispatch(ServletChannel.java:871)
	at org.eclipse.jetty.ee10.servlet.ServletChannel.handle(ServletChannel.java:449)
	at org.eclipse.jetty.ee10.servlet.ServletHandler.handle(ServletHandler.java:469)
	at org.eclipse.jetty.ee10.servlet.SessionHandler.handle(SessionHandler.java:719)
	at org.eclipse.jetty.server.handler.ContextHandler.handle(ContextHandler.java:1253)
	at org.eclipse.jetty.server.Handler$Wrapper.handle(Handler.java:794)
	at org.eclipse.jetty.server.handler.EventsHandler.handle(EventsHandler.java:81)
	at org.eclipse.jetty.server.Server.handle(Server.java:197)
	at org.eclipse.jetty.server.internal.HttpChannelState$HandlerInvoker.run(HttpChannelState.java:804)
	at org.eclipse.jetty.server.internal.HttpConnection.onFillable(HttpConnection.java:420)
	at org.eclipse.jetty.server.internal.HttpConnection$FillableCallback.succeeded(HttpConnection.java:1790)
	at org.eclipse.jetty.io.FillInterest.fillable(FillInterest.java:105)
	at org.eclipse.jetty.io.SelectableChannelEndPoint$1.run(SelectableChannelEndPoint.java:54)
	at org.eclipse.jetty.util.thread.strategy.AdaptiveExecutionStrategy.runTask(AdaptiveExecutionStrategy.java:492)
	at org.eclipse.jetty.util.thread.strategy.AdaptiveExecutionStrategy.epcRunTask(AdaptiveExecutionStrategy.java:428)
	at org.eclipse.jetty.util.thread.strategy.AdaptiveExecutionStrategy.consumeTask(AdaptiveExecutionStrategy.java:401)
	at org.eclipse.jetty.util.thread.strategy.AdaptiveExecutionStrategy.tryProduce(AdaptiveExecutionStrategy.java:255)
	at org.eclipse.jetty.util.thread.strategy.AdaptiveExecutionStrategy.run(AdaptiveExecutionStrategy.java:204)
	at org.eclipse.jetty.util.thread.ReservedThreadExecutor$ReservedThread.run(ReservedThreadExecutor.java:317)
	at org.eclipse.jetty.util.thread.QueuedThreadPool.runJob(QueuedThreadPool.java:1009)
	at org.eclipse.jetty.util.thread.QueuedThreadPool$Runner.doRunJob(QueuedThreadPool.java:1240)
	at org.eclipse.jetty.util.thread.QueuedThreadPool$Runner.run(QueuedThreadPool.java:1194)
	at java.base/java.lang.Thread.run(Unknown Source)
[JettyServerThreadPool-81] WARN io.javalin.Javalin - Uncaught exception
org.eclipse.jetty.server.internal.HttpConnection$HttpEofException: Early EOF
	at org.eclipse.jetty.server.internal.HttpConnection$RequestHandler.earlyEOF(HttpConnection.java:1222)
	at org.eclipse.jetty.http.HttpParser.parseNext(HttpParser.java:1821)
	at org.eclipse.jetty.server.internal.HttpConnection.parseAndFillForContent(HttpConnection.java:559)
	at org.eclipse.jetty.server.internal.HttpConnection$HttpStreamOverHTTP1.read(HttpConnection.java:1467)
	at org.eclipse.jetty.server.HttpStream$Wrapper.read(HttpStream.java:184)
	at org.eclipse.jetty.server.HttpStream$Wrapper.read(HttpStream.java:184)
	at org.eclipse.jetty.server.internal.HttpChannelState$ChannelRequest.read(HttpChannelState.java:1042)
	at org.eclipse.jetty.server.Request$Wrapper.read(Request.java:962)
	at org.eclipse.jetty.server.handler.EventsHandler$EventsRequest.read(EventsHandler.java:407)
	at org.eclipse.jetty.server.Request$Wrapper.read(Request.java:962)
	at org.eclipse.jetty.ee10.servlet.AsyncContentProducer.readChunk(AsyncContentProducer.java:324)
	at org.eclipse.jetty.ee10.servlet.AsyncContentProducer.produceChunk(AsyncContentProducer.java:304)
	at org.eclipse.jetty.ee10.servlet.AsyncContentProducer.nextChunk(AsyncContentProducer.java:209)
	at org.eclipse.jetty.ee10.servlet.BlockingContentProducer.nextChunk(BlockingContentProducer.java:100)
	at org.eclipse.jetty.ee10.servlet.HttpInput.read(HttpInput.java:267)
	at org.eclipse.jetty.ee10.servlet.HttpInput.read(HttpInput.java:248)
	at java.base/java.io.InputStream.read(Unknown Source)
	at httparena.Main.upload(Main.java:97)
	at io.javalin.router.ParsedEndpoint.handleWithPathParams$javalin(ParsedEndpoint.kt:21)
	at io.javalin.router.ParsedEndpoint.handle(ParsedEndpoint.kt:15)
	at io.javalin.http.servlet.DefaultTasks.HTTP$lambda$0$1(DefaultTasks.kt:57)
	at io.javalin.http.servlet.JavalinServlet.handleTask(JavalinServlet.kt:108)
	at io.javalin.http.servlet.JavalinServlet.handleSync(JavalinServlet.kt:72)
	at io.javalin.http.servlet.JavalinServlet.handle(JavalinServlet.kt:58)
	at io.javalin.http.servlet.JavalinServlet.service(JavalinServlet.kt:38)
	at jakarta.servlet.http.HttpServlet.service(HttpServlet.java:614)
	at io.javalin.jetty.JavalinJettyServlet.service(JavalinJettyServlet.kt:49)
	at jakarta.servlet.http.HttpServlet.service(HttpServlet.java:614)
	at org.eclipse.jetty.ee10.servlet.ServletHolder.handle(ServletHolder.java:754)
	at org.eclipse.jetty.ee10.servlet.ServletHandler$ChainEnd.doFilter(ServletHandler.java:1642)
	at org.eclipse.jetty.ee10.servlet.ServletHandler$MappedServlet.handle(ServletHandler.java:1556)
	at org.eclipse.jetty.ee10.servlet.ServletChannel.dispatch(ServletChannel.java:871)
	at org.eclipse.jetty.ee10.servlet.ServletChannel.handle(ServletChannel.java:449)
	at org.eclipse.jetty.ee10.servlet.ServletHandler.handle(ServletHandler.java:469)
	at org.eclipse.jetty.ee10.servlet.SessionHandler.handle(SessionHandler.java:719)
	at org.eclipse.jetty.server.handler.ContextHandler.handle(ContextHandler.java:1253)
	at org.eclipse.jetty.server.Handler$Wrapper.handle(Handler.java:794)
	at org.eclipse.jetty.server.handler.EventsHandler.handle(EventsHandler.java:81)
	at org.eclipse.jetty.server.Server.handle(Server.java:197)
	at org.eclipse.jetty.server.internal.HttpChannelState$HandlerInvoker.run(HttpChannelState.java:804)
	at org.eclipse.jetty.server.internal.HttpConnection.onFillable(HttpConnection.java:420)
	at org.eclipse.jetty.server.internal.HttpConnection$FillableCallback.succeeded(HttpConnection.java:1790)
	at org.eclipse.jetty.io.FillInterest.fillable(FillInterest.java:105)
	at org.eclipse.jetty.io.SelectableChannelEndPoint$1.run(SelectableChannelEndPoint.java:54)
	at org.eclipse.jetty.util.thread.strategy.AdaptiveExecutionStrategy.runTask(AdaptiveExecutionStrategy.java:492)
	at org.eclipse.jetty.util.thread.strategy.AdaptiveExecutionStrategy.epcRunTask(AdaptiveExecutionStrategy.java:428)
	at org.eclipse.jetty.util.thread.strategy.AdaptiveExecutionStrategy.consumeTask(AdaptiveExecutionStrategy.java:401)
	at org.eclipse.jetty.util.thread.strategy.AdaptiveExecutionStrategy.tryProduce(AdaptiveExecutionStrategy.java:255)
	at org.eclipse.jetty.util.thread.strategy.AdaptiveExecutionStrategy.run(AdaptiveExecutionStrategy.java:204)
	at org.eclipse.jetty.util.thread.ReservedThreadExecutor$ReservedThread.run(ReservedThreadExecutor.java:317)
	at org.eclipse.jetty.util.thread.QueuedThreadPool.runJob(QueuedThreadPool.java:1009)
	at org.eclipse.jetty.util.thread.QueuedThreadPool$Runner.doRunJob(QueuedThreadPool.java:1240)
	at org.eclipse.jetty.util.thread.QueuedThreadPool$Runner.run(QueuedThreadPool.java:1194)
	at java.base/java.lang.Thread.run(Unknown Source)
[JettyServerThreadPool-110] WARN io.javalin.Javalin - Uncaught exception
org.eclipse.jetty.server.internal.HttpConnection$HttpEofException: Early EOF
	at org.eclipse.jetty.server.internal.HttpConnection$RequestHandler.earlyEOF(HttpConnection.java:1222)
	at org.eclipse.jetty.http.HttpParser.parseNext(HttpParser.java:1821)
	at org.eclipse.jetty.server.internal.HttpConnection.parseAndFillForContent(HttpConnection.java:559)
	at org.eclipse.jetty.server.internal.HttpConnection$HttpStreamOverHTTP1.read(HttpConnection.java:1467)
	at org.eclipse.jetty.server.HttpStream$Wrapper.read(HttpStream.java:184)
	at org.eclipse.jetty.server.HttpStream$Wrapper.read(HttpStream.java:184)
	at org.eclipse.jetty.server.internal.HttpChannelState$ChannelRequest.read(HttpChannelState.java:1042)
	at org.eclipse.jetty.server.Request$Wrapper.read(Request.java:962)
	at org.eclipse.jetty.server.handler.EventsHandler$EventsRequest.read(EventsHandler.java:407)
	at org.eclipse.jetty.server.Request$Wrapper.read(Request.java:962)
	at org.eclipse.jetty.ee10.servlet.AsyncContentProducer.readChunk(AsyncContentProducer.java:324)
	at org.eclipse.jetty.ee10.servlet.AsyncContentProducer.produceChunk(AsyncContentProducer.java:304)
	at org.eclipse.jetty.ee10.servlet.AsyncContentProducer.nextChunk(AsyncContentProducer.java:209)
	at org.eclipse.jetty.ee10.servlet.BlockingContentProducer.nextChunk(BlockingContentProducer.java:100)
	at org.eclipse.jetty.ee10.servlet.HttpInput.read(HttpInput.java:267)
	at org.eclipse.jetty.ee10.servlet.HttpInput.read(HttpInput.java:248)
	at java.base/java.io.InputStream.read(Unknown Source)
	at httparena.Main.upload(Main.java:97)
	at io.javalin.router.ParsedEndpoint.handleWithPathParams$javalin(ParsedEndpoint.kt:21)
	at io.javalin.router.ParsedEndpoint.handle(ParsedEndpoint.kt:15)
	at io.javalin.http.servlet.DefaultTasks.HTTP$lambda$0$1(DefaultTasks.kt:57)
	at io.javalin.http.servlet.JavalinServlet.handleTask(JavalinServlet.kt:108)
	at io.javalin.http.servlet.JavalinServlet.handleSync(JavalinServlet.kt:72)
	at io.javalin.http.servlet.JavalinServlet.handle(JavalinServlet.kt:58)
	at io.javalin.http.servlet.JavalinServlet.service(JavalinServlet.kt:38)
	at jakarta.servlet.http.HttpServlet.service(HttpServlet.java:614)
	at io.javalin.jetty.JavalinJettyServlet.service(JavalinJettyServlet.kt:49)
	at jakarta.servlet.http.HttpServlet.service(HttpServlet.java:614)
	at org.eclipse.jetty.ee10.servlet.ServletHolder.handle(ServletHolder.java:754)
	at org.eclipse.jetty.ee10.servlet.ServletHandler$ChainEnd.doFilter(ServletHandler.java:1642)
	at org.eclipse.jetty.ee10.servlet.ServletHandler$MappedServlet.handle(ServletHandler.java:1556)
	at org.eclipse.jetty.ee10.servlet.ServletChannel.dispatch(ServletChannel.java:871)
	at org.eclipse.jetty.ee10.servlet.ServletChannel.handle(ServletChannel.java:449)
	at org.eclipse.jetty.ee10.servlet.ServletHandler.handle(ServletHandler.java:469)
	at org.eclipse.jetty.ee10.servlet.SessionHandler.handle(SessionHandler.java:719)
	at org.eclipse.jetty.server.handler.ContextHandler.handle(ContextHandler.java:1253)
	at org.eclipse.jetty.server.Handler$Wrapper.handle(Handler.java:794)
	at org.eclipse.jetty.server.handler.EventsHandler.handle(EventsHandler.java:81)
	at org.eclipse.jetty.server.Server.handle(Server.java:197)
	at org.eclipse.jetty.server.internal.HttpChannelState$HandlerInvoker.run(HttpChannelState.java:804)
	at org.eclipse.jetty.server.internal.HttpConnection.onFillable(HttpConnection.java:420)
	at org.eclipse.jetty.server.internal.HttpConnection$FillableCallback.succeeded(HttpConnection.java:1790)
	at org.eclipse.jetty.io.FillInterest.fillable(FillInterest.java:105)
	at org.eclipse.jetty.io.SelectableChannelEndPoint$1.run(SelectableChannelEndPoint.java:54)
	at org.eclipse.jetty.util.thread.strategy.AdaptiveExecutionStrategy.runTask(AdaptiveExecutionStrategy.java:492)
	at org.eclipse.jetty.util.thread.strategy.AdaptiveExecutionStrategy.epcRunTask(AdaptiveExecutionStrategy.java:428)
	at org.eclipse.jetty.util.thread.strategy.AdaptiveExecutionStrategy.consumeTask(AdaptiveExecutionStrategy.java:401)
	at org.eclipse.jetty.util.thread.strategy.AdaptiveExecutionStrategy.tryProduce(AdaptiveExecutionStrategy.java:255)
	at org.eclipse.jetty.util.thread.strategy.AdaptiveExecutionStrategy.run(AdaptiveExecutionStrategy.java:204)
	at org.eclipse.jetty.util.thread.ReservedThreadExecutor$ReservedThread.run(ReservedThreadExecutor.java:317)
	at org.eclipse.jetty.util.thread.QueuedThreadPool.runJob(QueuedThreadPool.java:1009)
	at org.eclipse.jetty.util.thread.QueuedThreadPool$Runner.doRunJob(QueuedThreadPool.java:1240)
	at org.eclipse.jetty.util.thread.QueuedThreadPool$Runner.run(QueuedThreadPool.java:1194)
	at java.base/java.lang.Thread.run(Unknown Source)
[JettyServerThreadPool-108] WARN io.javalin.Javalin - Uncaught exception
org.eclipse.jetty.server.internal.HttpConnection$HttpEofException: Early EOF
	at org.eclipse.jetty.server.internal.HttpConnection$RequestHandler.earlyEOF(HttpConnection.java:1222)
	at org.eclipse.jetty.http.HttpParser.parseNext(HttpParser.java:1821)
	at org.eclipse.jetty.server.internal.HttpConnection.parseAndFillForContent(HttpConnection.java:559)
	at org.eclipse.jetty.server.internal.HttpConnection$HttpStreamOverHTTP1.read(HttpConnection.java:1467)
	at org.eclipse.jetty.server.HttpStream$Wrapper.read(HttpStream.java:184)
	at org.eclipse.jetty.server.HttpStream$Wrapper.read(HttpStream.java:184)
	at org.eclipse.jetty.server.internal.HttpChannelState$ChannelRequest.read(HttpChannelState.java:1042)
	at org.eclipse.jetty.server.Request$Wrapper.read(Request.java:962)
	at org.eclipse.jetty.server.handler.EventsHandler$EventsRequest.read(EventsHandler.java:407)
	at org.eclipse.jetty.server.Request$Wrapper.read(Request.java:962)
	at org.eclipse.jetty.ee10.servlet.AsyncContentProducer.readChunk(AsyncContentProducer.java:324)
	at org.eclipse.jetty.ee10.servlet.AsyncContentProducer.produceChunk(AsyncContentProducer.java:304)
	at org.eclipse.jetty.ee10.servlet.AsyncContentProducer.nextChunk(AsyncContentProducer.java:209)
	at org.eclipse.jetty.ee10.servlet.BlockingContentProducer.nextChunk(BlockingContentProducer.java:100)
	at org.eclipse.jetty.ee10.servlet.HttpInput.read(HttpInput.java:267)
	at org.eclipse.jetty.ee10.servlet.HttpInput.read(HttpInput.java:248)
	at java.base/java.io.InputStream.read(Unknown Source)
	at httparena.Main.upload(Main.java:97)
	at io.javalin.router.ParsedEndpoint.handleWithPathParams$javalin(ParsedEndpoint.kt:21)
	at io.javalin.router.ParsedEndpoint.handle(ParsedEndpoint.kt:15)
	at io.javalin.http.servlet.DefaultTasks.HTTP$lambda$0$1(DefaultTasks.kt:57)
	at io.javalin.http.servlet.JavalinServlet.handleTask(JavalinServlet.kt:108)
	at io.javalin.http.servlet.JavalinServlet.handleSync(JavalinServlet.kt:72)
	at io.javalin.http.servlet.JavalinServlet.handle(JavalinServlet.kt:58)
	at io.javalin.http.servlet.JavalinServlet.service(JavalinServlet.kt:38)
	at jakarta.servlet.http.HttpServlet.service(HttpServlet.java:614)
	at io.javalin.jetty.JavalinJettyServlet.service(JavalinJettyServlet.kt:49)
	at jakarta.servlet.http.HttpServlet.service(HttpServlet.java:614)
	at org.eclipse.jetty.ee10.servlet.ServletHolder.handle(ServletHolder.java:754)
	at org.eclipse.jetty.ee10.servlet.ServletHandler$ChainEnd.doFilter(ServletHandler.java:1642)
	at org.eclipse.jetty.ee10.servlet.ServletHandler$MappedServlet.handle(ServletHandler.java:1556)
	at org.eclipse.jetty.ee10.servlet.ServletChannel.dispatch(ServletChannel.java:871)
	at org.eclipse.jetty.ee10.servlet.ServletChannel.handle(ServletChannel.java:449)
	at org.eclipse.jetty.ee10.servlet.ServletHandler.handle(ServletHandler.java:469)
	at org.eclipse.jetty.ee10.servlet.SessionHandler.handle(SessionHandler.java:719)
	at org.eclipse.jetty.server.handler.ContextHandler.handle(ContextHandler.java:1253)
	at org.eclipse.jetty.server.Handler$Wrapper.handle(Handler.java:794)
	at org.eclipse.jetty.server.handler.EventsHandler.handle(EventsHandler.java:81)
	at org.eclipse.jetty.server.Server.handle(Server.java:197)
	at org.eclipse.jetty.server.internal.HttpChannelState$HandlerInvoker.run(HttpChannelState.java:804)
	at org.eclipse.jetty.server.internal.HttpConnection.onFillable(HttpConnection.java:420)
	at org.eclipse.jetty.server.internal.HttpConnection$FillableCallback.succeeded(HttpConnection.java:1790)
	at org.eclipse.jetty.io.FillInterest.fillable(FillInterest.java:105)
	at org.eclipse.jetty.io.SelectableChannelEndPoint$1.run(SelectableChannelEndPoint.java:54)
	at org.eclipse.jetty.util.thread.strategy.AdaptiveExecutionStrategy.runTask(AdaptiveExecutionStrategy.java:492)
	at org.eclipse.jetty.util.thread.strategy.AdaptiveExecutionStrategy.epcRunTask(AdaptiveExecutionStrategy.java:428)
	at org.eclipse.jetty.util.thread.strategy.AdaptiveExecutionStrategy.consumeTask(AdaptiveExecutionStrategy.java:401)
	at org.eclipse.jetty.util.thread.strategy.AdaptiveExecutionStrategy.tryProduce(AdaptiveExecutionStrategy.java:255)
	at org.eclipse.jetty.util.thread.strategy.AdaptiveExecutionStrategy.run(AdaptiveExecutionStrategy.java:204)
	at org.eclipse.jetty.util.thread.ReservedThreadExecutor$ReservedThread.run(ReservedThreadExecutor.java:317)
	at org.eclipse.jetty.util.thread.QueuedThreadPool.runJob(QueuedThreadPool.java:1009)
	at org.eclipse.jetty.util.thread.QueuedThreadPool$Runner.doRunJob(QueuedThreadPool.java:1240)
	at org.eclipse.jetty.util.thread.QueuedThreadPool$Runner.run(QueuedThreadPool.java:1194)
	at java.base/java.lang.Thread.run(Unknown Source)
[JettyServerThreadPool-121] WARN io.javalin.Javalin - Uncaught exception
org.eclipse.jetty.server.internal.HttpConnection$HttpEofException: Early EOF
	at org.eclipse.jetty.server.internal.HttpConnection$RequestHandler.earlyEOF(HttpConnection.java:1222)
	at org.eclipse.jetty.http.HttpParser.parseNext(HttpParser.java:1821)
	at org.eclipse.jetty.server.internal.HttpConnection.parseAndFillForContent(HttpConnection.java:559)
	at org.eclipse.jetty.server.internal.HttpConnection$HttpStreamOverHTTP1.read(HttpConnection.java:1467)
	at org.eclipse.jetty.server.HttpStream$Wrapper.read(HttpStream.java:184)
	at org.eclipse.jetty.server.HttpStream$Wrapper.read(HttpStream.java:184)
	at org.eclipse.jetty.server.internal.HttpChannelState$ChannelRequest.read(HttpChannelState.java:1042)
	at org.eclipse.jetty.server.Request$Wrapper.read(Request.java:962)
	at org.eclipse.jetty.server.handler.EventsHandler$EventsRequest.read(EventsHandler.java:407)
	at org.eclipse.jetty.server.Request$Wrapper.read(Request.java:962)
	at org.eclipse.jetty.ee10.servlet.AsyncContentProducer.readChunk(AsyncContentProducer.java:324)
	at org.eclipse.jetty.ee10.servlet.AsyncContentProducer.produceChunk(AsyncContentProducer.java:304)
	at org.eclipse.jetty.ee10.servlet.AsyncContentProducer.nextChunk(AsyncContentProducer.java:209)
	at org.eclipse.jetty.ee10.servlet.BlockingContentProducer.nextChunk(BlockingContentProducer.java:100)
	at org.eclipse.jetty.ee10.servlet.HttpInput.read(HttpInput.java:267)
	at org.eclipse.jetty.ee10.servlet.HttpInput.read(HttpInput.java:248)
	at java.base/java.io.InputStream.read(Unknown Source)
	at httparena.Main.upload(Main.java:97)
	at io.javalin.router.ParsedEndpoint.handleWithPathParams$javalin(ParsedEndpoint.kt:21)
	at io.javalin.router.ParsedEndpoint.handle(ParsedEndpoint.kt:15)
	at io.javalin.http.servlet.DefaultTasks.HTTP$lambda$0$1(DefaultTasks.kt:57)
	at io.javalin.http.servlet.JavalinServlet.handleTask(JavalinServlet.kt:108)
	at io.javalin.http.servlet.JavalinServlet.handleSync(JavalinServlet.kt:72)
	at io.javalin.http.servlet.JavalinServlet.handle(JavalinServlet.kt:58)
	at io.javalin.http.servlet.JavalinServlet.service(JavalinServlet.kt:38)
	at jakarta.servlet.http.HttpServlet.service(HttpServlet.java:614)
	at io.javalin.jetty.JavalinJettyServlet.service(JavalinJettyServlet.kt:49)
	at jakarta.servlet.http.HttpServlet.service(HttpServlet.java:614)
	at org.eclipse.jetty.ee10.servlet.ServletHolder.handle(ServletHolder.java:754)
	at org.eclipse.jetty.ee10.servlet.ServletHandler$ChainEnd.doFilter(ServletHandler.java:1642)
	at org.eclipse.jetty.ee10.servlet.ServletHandler$MappedServlet.handle(ServletHandler.java:1556)
	at org.eclipse.jetty.ee10.servlet.ServletChannel.dispatch(ServletChannel.java:871)
	at org.eclipse.jetty.ee10.servlet.ServletChannel.handle(ServletChannel.java:449)
	at org.eclipse.jetty.ee10.servlet.ServletHandler.handle(ServletHandler.java:469)
	at org.eclipse.jetty.ee10.servlet.SessionHandler.handle(SessionHandler.java:719)
	at org.eclipse.jetty.server.handler.ContextHandler.handle(ContextHandler.java:1253)
	at org.eclipse.jetty.server.Handler$Wrapper.handle(Handler.java:794)
	at org.eclipse.jetty.server.handler.EventsHandler.handle(EventsHandler.java:81)
	at org.eclipse.jetty.server.Server.handle(Server.java:197)
	at org.eclipse.jetty.server.internal.HttpChannelState$HandlerInvoker.run(HttpChannelState.java:804)
	at org.eclipse.jetty.server.internal.HttpConnection.onFillable(HttpConnection.java:420)
	at org.eclipse.jetty.server.internal.HttpConnection$FillableCallback.succeeded(HttpConnection.java:1790)
	at org.eclipse.jetty.io.FillInterest.fillable(FillInterest.java:105)
	at org.eclipse.jetty.io.SelectableChannelEndPoint$1.run(SelectableChannelEndPoint.java:54)
	at org.eclipse.jetty.util.thread.strategy.AdaptiveExecutionStrategy.runTask(AdaptiveExecutionStrategy.java:492)
	at org.eclipse.jetty.util.thread.strategy.AdaptiveExecutionStrategy.epcRunTask(AdaptiveExecutionStrategy.java:428)
	at org.eclipse.jetty.util.thread.strategy.AdaptiveExecutionStrategy.consumeTask(AdaptiveExecutionStrategy.java:401)
	at org.eclipse.jetty.util.thread.strategy.AdaptiveExecutionStrategy.tryProduce(AdaptiveExecutionStrategy.java:255)
	at org.eclipse.jetty.util.thread.strategy.AdaptiveExecutionStrategy.run(AdaptiveExecutionStrategy.java:204)
	at org.eclipse.jetty.util.thread.ReservedThreadExecutor$ReservedThread.run(ReservedThreadExecutor.java:317)
	at org.eclipse.jetty.util.thread.QueuedThreadPool.runJob(QueuedThreadPool.java:1009)
	at org.eclipse.jetty.util.thread.QueuedThreadPool$Runner.doRunJob(QueuedThreadPool.java:1240)
	at org.eclipse.jetty.util.thread.QueuedThreadPool$Runner.run(QueuedThreadPool.java:1194)
	at java.base/java.lang.Thread.run(Unknown Source)
[JettyServerThreadPool-118] WARN io.javalin.Javalin - Uncaught exception
org.eclipse.jetty.server.internal.HttpConnection$HttpEofException: Early EOF
	at org.eclipse.jetty.server.internal.HttpConnection$RequestHandler.earlyEOF(HttpConnection.java:1222)
	at org.eclipse.jetty.http.HttpParser.parseNext(HttpParser.java:1821)
	at org.eclipse.jetty.server.internal.HttpConnection.parseAndFillForContent(HttpConnection.java:559)
	at org.eclipse.jetty.server.internal.HttpConnection$HttpStreamOverHTTP1.read(HttpConnection.java:1467)
	at org.eclipse.jetty.server.HttpStream$Wrapper.read(HttpStream.java:184)
	at org.eclipse.jetty.server.HttpStream$Wrapper.read(HttpStream.java:184)
	at org.eclipse.jetty.server.internal.HttpChannelState$ChannelRequest.read(HttpChannelState.java:1042)
	at org.eclipse.jetty.server.Request$Wrapper.read(Request.java:962)
	at org.eclipse.jetty.server.handler.EventsHandler$EventsRequest.read(EventsHandler.java:407)
	at org.eclipse.jetty.server.Request$Wrapper.read(Request.java:962)
	at org.eclipse.jetty.ee10.servlet.AsyncContentProducer.readChunk(AsyncContentProducer.java:324)
	at org.eclipse.jetty.ee10.servlet.AsyncContentProducer.produceChunk(AsyncContentProducer.java:304)
	at org.eclipse.jetty.ee10.servlet.AsyncContentProducer.nextChunk(AsyncContentProducer.java:209)
	at org.eclipse.jetty.ee10.servlet.BlockingContentProducer.nextChunk(BlockingContentProducer.java:100)
	at org.eclipse.jetty.ee10.servlet.HttpInput.read(HttpInput.java:267)
	at org.eclipse.jetty.ee10.servlet.HttpInput.read(HttpInput.java:248)
	at java.base/java.io.InputStream.read(Unknown Source)
	at httparena.Main.upload(Main.java:97)
	at io.javalin.router.ParsedEndpoint.handleWithPathParams$javalin(ParsedEndpoint.kt:21)
	at io.javalin.router.ParsedEndpoint.handle(ParsedEndpoint.kt:15)
	at io.javalin.http.servlet.DefaultTasks.HTTP$lambda$0$1(DefaultTasks.kt:57)
	at io.javalin.http.servlet.JavalinServlet.handleTask(JavalinServlet.kt:108)
	at io.javalin.http.servlet.JavalinServlet.handleSync(JavalinServlet.kt:72)
	at io.javalin.http.servlet.JavalinServlet.handle(JavalinServlet.kt:58)
	at io.javalin.http.servlet.JavalinServlet.service(JavalinServlet.kt:38)
	at jakarta.servlet.http.HttpServlet.service(HttpServlet.java:614)
	at io.javalin.jetty.JavalinJettyServlet.service(JavalinJettyServlet.kt:49)
	at jakarta.servlet.http.HttpServlet.service(HttpServlet.java:614)
	at org.eclipse.jetty.ee10.servlet.ServletHolder.handle(ServletHolder.java:754)
	at org.eclipse.jetty.ee10.servlet.ServletHandler$ChainEnd.doFilter(ServletHandler.java:1642)
	at org.eclipse.jetty.ee10.servlet.ServletHandler$MappedServlet.handle(ServletHandler.java:1556)
	at org.eclipse.jetty.ee10.servlet.ServletChannel.dispatch(ServletChannel.java:871)
	at org.eclipse.jetty.ee10.servlet.ServletChannel.handle(ServletChannel.java:449)
	at org.eclipse.jetty.ee10.servlet.ServletHandler.handle(ServletHandler.java:469)
	at org.eclipse.jetty.ee10.servlet.SessionHandler.handle(SessionHandler.java:719)
	at org.eclipse.jetty.server.handler.ContextHandler.handle(ContextHandler.java:1253)
	at org.eclipse.jetty.server.Handler$Wrapper.handle(Handler.java:794)
	at org.eclipse.jetty.server.handler.EventsHandler.handle(EventsHandler.java:81)
	at org.eclipse.jetty.server.Server.handle(Server.java:197)
	at org.eclipse.jetty.server.internal.HttpChannelState$HandlerInvoker.run(HttpChannelState.java:804)
	at org.eclipse.jetty.server.internal.HttpConnection.onFillable(HttpConnection.java:420)
	at org.eclipse.jetty.server.internal.HttpConnection$FillableCallback.succeeded(HttpConnection.java:1790)
	at org.eclipse.jetty.io.FillInterest.fillable(FillInterest.java:105)
	at org.eclipse.jetty.io.SelectableChannelEndPoint$1.run(SelectableChannelEndPoint.java:54)
	at org.eclipse.jetty.util.thread.strategy.AdaptiveExecutionStrategy.runTask(AdaptiveExecutionStrategy.java:492)
	at org.eclipse.jetty.util.thread.strategy.AdaptiveExecutionStrategy.epcRunTask(AdaptiveExecutionStrategy.java:428)
	at org.eclipse.jetty.util.thread.strategy.AdaptiveExecutionStrategy.consumeTask(AdaptiveExecutionStrategy.java:401)
	at org.eclipse.jetty.util.thread.strategy.AdaptiveExecutionStrategy.tryProduce(AdaptiveExecutionStrategy.java:255)
	at org.eclipse.jetty.util.thread.strategy.AdaptiveExecutionStrategy.run(AdaptiveExecutionStrategy.java:204)
	at org.eclipse.jetty.util.thread.ReservedThreadExecutor$ReservedThread.run(ReservedThreadExecutor.java:317)
	at org.eclipse.jetty.util.thread.QueuedThreadPool.runJob(QueuedThreadPool.java:1009)
	at org.eclipse.jetty.util.thread.QueuedThreadPool$Runner.doRunJob(QueuedThreadPool.java:1240)
	at org.eclipse.jetty.util.thread.QueuedThreadPool$Runner.run(QueuedThreadPool.java:1194)
	at java.base/java.lang.Thread.run(Unknown Source)
[JettyServerThreadPool-134] WARN io.javalin.Javalin - Uncaught exception
org.eclipse.jetty.server.internal.HttpConnection$HttpEofException: Early EOF
	at org.eclipse.jetty.server.internal.HttpConnection$RequestHandler.earlyEOF(HttpConnection.java:1222)
	at org.eclipse.jetty.http.HttpParser.parseNext(HttpParser.java:1821)
	at org.eclipse.jetty.server.internal.HttpConnection.parseAndFillForContent(HttpConnection.java:559)
	at org.eclipse.jetty.server.internal.HttpConnection$HttpStreamOverHTTP1.read(HttpConnection.java:1467)
	at org.eclipse.jetty.server.HttpStream$Wrapper.read(HttpStream.java:184)
	at org.eclipse.jetty.server.HttpStream$Wrapper.read(HttpStream.java:184)
	at org.eclipse.jetty.server.internal.HttpChannelState$ChannelRequest.read(HttpChannelState.java:1042)
	at org.eclipse.jetty.server.Request$Wrapper.read(Request.java:962)
	at org.eclipse.jetty.server.handler.EventsHandler$EventsRequest.read(EventsHandler.java:407)
	at org.eclipse.jetty.server.Request$Wrapper.read(Request.java:962)
	at org.eclipse.jetty.ee10.servlet.AsyncContentProducer.readChunk(AsyncContentProducer.java:324)
	at org.eclipse.jetty.ee10.servlet.AsyncContentProducer.produceChunk(AsyncContentProducer.java:304)
	at org.eclipse.jetty.ee10.servlet.AsyncContentProducer.nextChunk(AsyncContentProducer.java:209)
	at org.eclipse.jetty.ee10.servlet.BlockingContentProducer.nextChunk(BlockingContentProducer.java:100)
	at org.eclipse.jetty.ee10.servlet.HttpInput.read(HttpInput.java:267)
	at org.eclipse.jetty.ee10.servlet.HttpInput.read(HttpInput.java:248)
	at java.base/java.io.InputStream.read(Unknown Source)
	at httparena.Main.upload(Main.java:97)
	at io.javalin.router.ParsedEndpoint.handleWithPathParams$javalin(ParsedEndpoint.kt:21)
	at io.javalin.router.ParsedEndpoint.handle(ParsedEndpoint.kt:15)
	at io.javalin.http.servlet.DefaultTasks.HTTP$lambda$0$1(DefaultTasks.kt:57)
	at io.javalin.http.servlet.JavalinServlet.handleTask(JavalinServlet.kt:108)
	at io.javalin.http.servlet.JavalinServlet.handleSync(JavalinServlet.kt:72)
	at io.javalin.http.servlet.JavalinServlet.handle(JavalinServlet.kt:58)
	at io.javalin.http.servlet.JavalinServlet.service(JavalinServlet.kt:38)
	at jakarta.servlet.http.HttpServlet.service(HttpServlet.java:614)
	at io.javalin.jetty.JavalinJettyServlet.service(JavalinJettyServlet.kt:49)
	at jakarta.servlet.http.HttpServlet.service(HttpServlet.java:614)
	at org.eclipse.jetty.ee10.servlet.ServletHolder.handle(ServletHolder.java:754)
	at org.eclipse.jetty.ee10.servlet.ServletHandler$ChainEnd.doFilter(ServletHandler.java:1642)
	at org.eclipse.jetty.ee10.servlet.ServletHandler$MappedServlet.handle(ServletHandler.java:1556)
	at org.eclipse.jetty.ee10.servlet.ServletChannel.dispatch(ServletChannel.java:871)
	at org.eclipse.jetty.ee10.servlet.ServletChannel.handle(ServletChannel.java:449)
	at org.eclipse.jetty.ee10.servlet.ServletHandler.handle(ServletHandler.java:469)
	at org.eclipse.jetty.ee10.servlet.SessionHandler.handle(SessionHandler.java:719)
	at org.eclipse.jetty.server.handler.ContextHandler.handle(ContextHandler.java:1253)
	at org.eclipse.jetty.server.Handler$Wrapper.handle(Handler.java:794)
	at org.eclipse.jetty.server.handler.EventsHandler.handle(EventsHandler.java:81)
	at org.eclipse.jetty.server.Server.handle(Server.java:197)
	at org.eclipse.jetty.server.internal.HttpChannelState$HandlerInvoker.run(HttpChannelState.java:804)
	at org.eclipse.jetty.server.internal.HttpConnection.onFillable(HttpConnection.java:420)
	at org.eclipse.jetty.server.internal.HttpConnection$FillableCallback.succeeded(HttpConnection.java:1790)
	at org.eclipse.jetty.io.FillInterest.fillable(FillInterest.java:105)
	at org.eclipse.jetty.io.SelectableChannelEndPoint$1.run(SelectableChannelEndPoint.java:54)
	at org.eclipse.jetty.util.thread.strategy.AdaptiveExecutionStrategy.runTask(AdaptiveExecutionStrategy.java:492)
	at org.eclipse.jetty.util.thread.strategy.AdaptiveExecutionStrategy.epcRunTask(AdaptiveExecutionStrategy.java:428)
	at org.eclipse.jetty.util.thread.strategy.AdaptiveExecutionStrategy.consumeTask(AdaptiveExecutionStrategy.java:401)
	at org.eclipse.jetty.util.thread.strategy.AdaptiveExecutionStrategy.tryProduce(AdaptiveExecutionStrategy.java:255)
	at org.eclipse.jetty.util.thread.strategy.AdaptiveExecutionStrategy.run(AdaptiveExecutionStrategy.java:204)
	at org.eclipse.jetty.util.thread.ReservedThreadExecutor$ReservedThread.run(ReservedThreadExecutor.java:317)
	at org.eclipse.jetty.util.thread.QueuedThreadPool.runJob(QueuedThreadPool.java:1009)
	at org.eclipse.jetty.util.thread.QueuedThreadPool$Runner.doRunJob(QueuedThreadPool.java:1240)
	at org.eclipse.jetty.util.thread.QueuedThreadPool$Runner.run(QueuedThreadPool.java:1194)
	at java.base/java.lang.Thread.run(Unknown Source)
[JettyServerThreadPool-112] WARN io.javalin.Javalin - Uncaught exception
org.eclipse.jetty.server.internal.HttpConnection$HttpEofException: Early EOF
	at org.eclipse.jetty.server.internal.HttpConnection$RequestHandler.earlyEOF(HttpConnection.java:1222)
	at org.eclipse.jetty.http.HttpParser.parseNext(HttpParser.java:1821)
	at org.eclipse.jetty.server.internal.HttpConnection.parseAndFillForContent(HttpConnection.java:559)
	at org.eclipse.jetty.server.internal.HttpConnection$HttpStreamOverHTTP1.read(HttpConnection.java:1467)
	at org.eclipse.jetty.server.HttpStream$Wrapper.read(HttpStream.java:184)
	at org.eclipse.jetty.server.HttpStream$Wrapper.read(HttpStream.java:184)
	at org.eclipse.jetty.server.internal.HttpChannelState$ChannelRequest.read(HttpChannelState.java:1042)
	at org.eclipse.jetty.server.Request$Wrapper.read(Request.java:962)
	at org.eclipse.jetty.server.handler.EventsHandler$EventsRequest.read(EventsHandler.java:407)
	at org.eclipse.jetty.server.Request$Wrapper.read(Request.java:962)
	at org.eclipse.jetty.ee10.servlet.AsyncContentProducer.readChunk(AsyncContentProducer.java:324)
	at org.eclipse.jetty.ee10.servlet.AsyncContentProducer.produceChunk(AsyncContentProducer.java:304)
	at org.eclipse.jetty.ee10.servlet.AsyncContentProducer.nextChunk(AsyncContentProducer.java:209)
	at org.eclipse.jetty.ee10.servlet.BlockingContentProducer.nextChunk(BlockingContentProducer.java:100)
	at org.eclipse.jetty.ee10.servlet.HttpInput.read(HttpInput.java:267)
	at org.eclipse.jetty.ee10.servlet.HttpInput.read(HttpInput.java:248)
	at java.base/java.io.InputStream.read(Unknown Source)
	at httparena.Main.upload(Main.java:97)
	at io.javalin.router.ParsedEndpoint.handleWithPathParams$javalin(ParsedEndpoint.kt:21)
	at io.javalin.router.ParsedEndpoint.handle(ParsedEndpoint.kt:15)
	at io.javalin.http.servlet.DefaultTasks.HTTP$lambda$0$1(DefaultTasks.kt:57)
	at io.javalin.http.servlet.JavalinServlet.handleTask(JavalinServlet.kt:108)
	at io.javalin.http.servlet.JavalinServlet.handleSync(JavalinServlet.kt:72)
	at io.javalin.http.servlet.JavalinServlet.handle(JavalinServlet.kt:58)
	at io.javalin.http.servlet.JavalinServlet.service(JavalinServlet.kt:38)
	at jakarta.servlet.http.HttpServlet.service(HttpServlet.java:614)
	at io.javalin.jetty.JavalinJettyServlet.service(JavalinJettyServlet.kt:49)
	at jakarta.servlet.http.HttpServlet.service(HttpServlet.java:614)
	at org.eclipse.jetty.ee10.servlet.ServletHolder.handle(ServletHolder.java:754)
	at org.eclipse.jetty.ee10.servlet.ServletHandler$ChainEnd.doFilter(ServletHandler.java:1642)
	at org.eclipse.jetty.ee10.servlet.ServletHandler$MappedServlet.handle(ServletHandler.java:1556)
	at org.eclipse.jetty.ee10.servlet.ServletChannel.dispatch(ServletChannel.java:871)
	at org.eclipse.jetty.ee10.servlet.ServletChannel.handle(ServletChannel.java:449)
	at org.eclipse.jetty.ee10.servlet.ServletHandler.handle(ServletHandler.java:469)
	at org.eclipse.jetty.ee10.servlet.SessionHandler.handle(SessionHandler.java:719)
	at org.eclipse.jetty.server.handler.ContextHandler.handle(ContextHandler.java:1253)
	at org.eclipse.jetty.server.Handler$Wrapper.handle(Handler.java:794)
	at org.eclipse.jetty.server.handler.EventsHandler.handle(EventsHandler.java:81)
	at org.eclipse.jetty.server.Server.handle(Server.java:197)
	at org.eclipse.jetty.server.internal.HttpChannelState$HandlerInvoker.run(HttpChannelState.java:804)
	at org.eclipse.jetty.server.internal.HttpConnection.onFillable(HttpConnection.java:420)
	at org.eclipse.jetty.server.internal.HttpConnection$FillableCallback.succeeded(HttpConnection.java:1790)
	at org.eclipse.jetty.io.FillInterest.fillable(FillInterest.java:105)
	at org.eclipse.jetty.io.SelectableChannelEndPoint$1.run(SelectableChannelEndPoint.java:54)
	at org.eclipse.jetty.util.thread.strategy.AdaptiveExecutionStrategy.runTask(AdaptiveExecutionStrategy.java:492)
	at org.eclipse.jetty.util.thread.strategy.AdaptiveExecutionStrategy.epcRunTask(AdaptiveExecutionStrategy.java:428)
	at org.eclipse.jetty.util.thread.strategy.AdaptiveExecutionStrategy.consumeTask(AdaptiveExecutionStrategy.java:401)
	at org.eclipse.jetty.util.thread.strategy.AdaptiveExecutionStrategy.tryProduce(AdaptiveExecutionStrategy.java:255)
	at org.eclipse.jetty.util.thread.strategy.AdaptiveExecutionStrategy.run(AdaptiveExecutionStrategy.java:204)
	at org.eclipse.jetty.util.thread.ReservedThreadExecutor$ReservedThread.run(ReservedThreadExecutor.java:317)
	at org.eclipse.jetty.util.thread.QueuedThreadPool.runJob(QueuedThreadPool.java:1009)
	at org.eclipse.jetty.util.thread.QueuedThreadPool$Runner.doRunJob(QueuedThreadPool.java:1240)
	at org.eclipse.jetty.util.thread.QueuedThreadPool$Runner.run(QueuedThreadPool.java:1194)
	at java.base/java.lang.Thread.run(Unknown Source)
[JettyServerThreadPool-111] WARN io.javalin.Javalin - Uncaught exception
org.eclipse.jetty.server.internal.HttpConnection$HttpEofException: Early EOF
	at org.eclipse.jetty.server.internal.HttpConnection$RequestHandler.earlyEOF(HttpConnection.java:1222)
	at org.eclipse.jetty.http.HttpParser.parseNext(HttpParser.java:1821)
	at org.eclipse.jetty.server.internal.HttpConnection.parseAndFillForContent(HttpConnection.java:559)
	at org.eclipse.jetty.server.internal.HttpConnection$HttpStreamOverHTTP1.read(HttpConnection.java:1467)
	at org.eclipse.jetty.server.HttpStream$Wrapper.read(HttpStream.java:184)
	at org.eclipse.jetty.server.HttpStream$Wrapper.read(HttpStream.java:184)
	at org.eclipse.jetty.server.internal.HttpChannelState$ChannelRequest.read(HttpChannelState.java:1042)
	at org.eclipse.jetty.server.Request$Wrapper.read(Request.java:962)
	at org.eclipse.jetty.server.handler.EventsHandler$EventsRequest.read(EventsHandler.java:407)
	at org.eclipse.jetty.server.Request$Wrapper.read(Request.java:962)
	at org.eclipse.jetty.ee10.servlet.AsyncContentProducer.readChunk(AsyncContentProducer.java:324)
	at org.eclipse.jetty.ee10.servlet.AsyncContentProducer.produceChunk(AsyncContentProducer.java:304)
	at org.eclipse.jetty.ee10.servlet.AsyncContentProducer.nextChunk(AsyncContentProducer.java:209)
	at org.eclipse.jetty.ee10.servlet.BlockingContentProducer.nextChunk(BlockingContentProducer.java:100)
	at org.eclipse.jetty.ee10.servlet.HttpInput.read(HttpInput.java:267)
	at org.eclipse.jetty.ee10.servlet.HttpInput.read(HttpInput.java:248)
	at java.base/java.io.InputStream.read(Unknown Source)
	at httparena.Main.upload(Main.java:97)
	at io.javalin.router.ParsedEndpoint.handleWithPathParams$javalin(ParsedEndpoint.kt:21)
	at io.javalin.router.ParsedEndpoint.handle(ParsedEndpoint.kt:15)
	at io.javalin.http.servlet.DefaultTasks.HTTP$lambda$0$1(DefaultTasks.kt:57)
	at io.javalin.http.servlet.JavalinServlet.handleTask(JavalinServlet.kt:108)
	at io.javalin.http.servlet.JavalinServlet.handleSync(JavalinServlet.kt:72)
	at io.javalin.http.servlet.JavalinServlet.handle(JavalinServlet.kt:58)
	at io.javalin.http.servlet.JavalinServlet.service(JavalinServlet.kt:38)
	at jakarta.servlet.http.HttpServlet.service(HttpServlet.java:614)
	at io.javalin.jetty.JavalinJettyServlet.service(JavalinJettyServlet.kt:49)
	at jakarta.servlet.http.HttpServlet.service(HttpServlet.java:614)
	at org.eclipse.jetty.ee10.servlet.ServletHolder.handle(ServletHolder.java:754)
	at org.eclipse.jetty.ee10.servlet.ServletHandler$ChainEnd.doFilter(ServletHandler.java:1642)
	at org.eclipse.jetty.ee10.servlet.ServletHandler$MappedServlet.handle(ServletHandler.java:1556)
	at org.eclipse.jetty.ee10.servlet.ServletChannel.dispatch(ServletChannel.java:871)
	at org.eclipse.jetty.ee10.servlet.ServletChannel.handle(ServletChannel.java:449)
	at org.eclipse.jetty.ee10.servlet.ServletHandler.handle(ServletHandler.java:469)
	at org.eclipse.jetty.ee10.servlet.SessionHandler.handle(SessionHandler.java:719)
	at org.eclipse.jetty.server.handler.ContextHandler.handle(ContextHandler.java:1253)
	at org.eclipse.jetty.server.Handler$Wrapper.handle(Handler.java:794)
	at org.eclipse.jetty.server.handler.EventsHandler.handle(EventsHandler.java:81)
	at org.eclipse.jetty.server.Server.handle(Server.java:197)
	at org.eclipse.jetty.server.internal.HttpChannelState$HandlerInvoker.run(HttpChannelState.java:804)
	at org.eclipse.jetty.server.internal.HttpConnection.onFillable(HttpConnection.java:420)
	at org.eclipse.jetty.server.internal.HttpConnection$FillableCallback.succeeded(HttpConnection.java:1790)
	at org.eclipse.jetty.io.FillInterest.fillable(FillInterest.java:105)
	at org.eclipse.jetty.io.SelectableChannelEndPoint$1.run(SelectableChannelEndPoint.java:54)
	at org.eclipse.jetty.util.thread.strategy.AdaptiveExecutionStrategy.runTask(AdaptiveExecutionStrategy.java:492)
	at org.eclipse.jetty.util.thread.strategy.AdaptiveExecutionStrategy.epcRunTask(AdaptiveExecutionStrategy.java:428)
	at org.eclipse.jetty.util.thread.strategy.AdaptiveExecutionStrategy.consumeTask(AdaptiveExecutionStrategy.java:401)
	at org.eclipse.jetty.util.thread.strategy.AdaptiveExecutionStrategy.tryProduce(AdaptiveExecutionStrategy.java:255)
	at org.eclipse.jetty.util.thread.strategy.AdaptiveExecutionStrategy.run(AdaptiveExecutionStrategy.java:204)
	at org.eclipse.jetty.util.thread.ReservedThreadExecutor$ReservedThread.run(ReservedThreadExecutor.java:317)
	at org.eclipse.jetty.util.thread.QueuedThreadPool.runJob(QueuedThreadPool.java:1009)
	at org.eclipse.jetty.util.thread.QueuedThreadPool$Runner.doRunJob(QueuedThreadPool.java:1240)
	at org.eclipse.jetty.util.thread.QueuedThreadPool$Runner.run(QueuedThreadPool.java:1194)
	at java.base/java.lang.Thread.run(Unknown Source)
[JettyServerThreadPool-115] WARN io.javalin.Javalin - Uncaught exception
org.eclipse.jetty.server.internal.HttpConnection$HttpEofException: Early EOF
	at org.eclipse.jetty.server.internal.HttpConnection$RequestHandler.earlyEOF(HttpConnection.java:1222)
	at org.eclipse.jetty.http.HttpParser.parseNext(HttpParser.java:1821)
	at org.eclipse.jetty.server.internal.HttpConnection.parseAndFillForContent(HttpConnection.java:559)
	at org.eclipse.jetty.server.internal.HttpConnection$HttpStreamOverHTTP1.read(HttpConnection.java:1467)
	at org.eclipse.jetty.server.HttpStream$Wrapper.read(HttpStream.java:184)
	at org.eclipse.jetty.server.HttpStream$Wrapper.read(HttpStream.java:184)
	at org.eclipse.jetty.server.internal.HttpChannelState$ChannelRequest.read(HttpChannelState.java:1042)
	at org.eclipse.jetty.server.Request$Wrapper.read(Request.java:962)
	at org.eclipse.jetty.server.handler.EventsHandler$EventsRequest.read(EventsHandler.java:407)
	at org.eclipse.jetty.server.Request$Wrapper.read(Request.java:962)
	at org.eclipse.jetty.ee10.servlet.AsyncContentProducer.readChunk(AsyncContentProducer.java:324)
	at org.eclipse.jetty.ee10.servlet.AsyncContentProducer.produceChunk(AsyncContentProducer.java:304)
	at org.eclipse.jetty.ee10.servlet.AsyncContentProducer.nextChunk(AsyncContentProducer.java:209)
	at org.eclipse.jetty.ee10.servlet.BlockingContentProducer.nextChunk(BlockingContentProducer.java:100)
	at org.eclipse.jetty.ee10.servlet.HttpInput.read(HttpInput.java:267)
	at org.eclipse.jetty.ee10.servlet.HttpInput.read(HttpInput.java:248)
	at java.base/java.io.InputStream.read(Unknown Source)
	at httparena.Main.upload(Main.java:97)
	at io.javalin.router.ParsedEndpoint.handleWithPathParams$javalin(ParsedEndpoint.kt:21)
	at io.javalin.router.ParsedEndpoint.handle(ParsedEndpoint.kt:15)
	at io.javalin.http.servlet.DefaultTasks.HTTP$lambda$0$1(DefaultTasks.kt:57)
	at io.javalin.http.servlet.JavalinServlet.handleTask(JavalinServlet.kt:108)
	at io.javalin.http.servlet.JavalinServlet.handleSync(JavalinServlet.kt:72)
	at io.javalin.http.servlet.JavalinServlet.handle(JavalinServlet.kt:58)
	at io.javalin.http.servlet.JavalinServlet.service(JavalinServlet.kt:38)
	at jakarta.servlet.http.HttpServlet.service(HttpServlet.java:614)
	at io.javalin.jetty.JavalinJettyServlet.service(JavalinJettyServlet.kt:49)
	at jakarta.servlet.http.HttpServlet.service(HttpServlet.java:614)
	at org.eclipse.jetty.ee10.servlet.ServletHolder.handle(ServletHolder.java:754)
	at org.eclipse.jetty.ee10.servlet.ServletHandler$ChainEnd.doFilter(ServletHandler.java:1642)
	at org.eclipse.jetty.ee10.servlet.ServletHandler$MappedServlet.handle(ServletHandler.java:1556)
	at org.eclipse.jetty.ee10.servlet.ServletChannel.dispatch(ServletChannel.java:871)
	at org.eclipse.jetty.ee10.servlet.ServletChannel.handle(ServletChannel.java:449)
	at org.eclipse.jetty.ee10.servlet.ServletHandler.handle(ServletHandler.java:469)
	at org.eclipse.jetty.ee10.servlet.SessionHandler.handle(SessionHandler.java:719)
	at org.eclipse.jetty.server.handler.ContextHandler.handle(ContextHandler.java:1253)
	at org.eclipse.jetty.server.Handler$Wrapper.handle(Handler.java:794)
	at org.eclipse.jetty.server.handler.EventsHandler.handle(EventsHandler.java:81)
	at org.eclipse.jetty.server.Server.handle(Server.java:197)
	at org.eclipse.jetty.server.internal.HttpChannelState$HandlerInvoker.run(HttpChannelState.java:804)
	at org.eclipse.jetty.server.internal.HttpConnection.onFillable(HttpConnection.java:420)
	at org.eclipse.jetty.server.internal.HttpConnection$FillableCallback.succeeded(HttpConnection.java:1790)
	at org.eclipse.jetty.io.FillInterest.fillable(FillInterest.java:105)
	at org.eclipse.jetty.io.SelectableChannelEndPoint$1.run(SelectableChannelEndPoint.java:54)
	at org.eclipse.jetty.util.thread.strategy.AdaptiveExecutionStrategy.runTask(AdaptiveExecutionStrategy.java:492)
	at org.eclipse.jetty.util.thread.strategy.AdaptiveExecutionStrategy.epcRunTask(AdaptiveExecutionStrategy.java:428)
	at org.eclipse.jetty.util.thread.strategy.AdaptiveExecutionStrategy.consumeTask(AdaptiveExecutionStrategy.java:401)
	at org.eclipse.jetty.util.thread.strategy.AdaptiveExecutionStrategy.tryProduce(AdaptiveExecutionStrategy.java:255)
	at org.eclipse.jetty.util.thread.strategy.AdaptiveExecutionStrategy.run(AdaptiveExecutionStrategy.java:204)
	at org.eclipse.jetty.util.thread.ReservedThreadExecutor$ReservedThread.run(ReservedThreadExecutor.java:317)
	at org.eclipse.jetty.util.thread.QueuedThreadPool.runJob(QueuedThreadPool.java:1009)
	at org.eclipse.jetty.util.thread.QueuedThreadPool$Runner.doRunJob(QueuedThreadPool.java:1240)
	at org.eclipse.jetty.util.thread.QueuedThreadPool$Runner.run(QueuedThreadPool.java:1194)
	at java.base/java.lang.Thread.run(Unknown Source)
[JettyServerThreadPool-128] WARN io.javalin.Javalin - Uncaught exception
org.eclipse.jetty.server.internal.HttpConnection$HttpEofException: Early EOF
	at org.eclipse.jetty.server.internal.HttpConnection$RequestHandler.earlyEOF(HttpConnection.java:1222)
	at org.eclipse.jetty.http.HttpParser.parseNext(HttpParser.java:1821)
	at org.eclipse.jetty.server.internal.HttpConnection.parseAndFillForContent(HttpConnection.java:559)
	at org.eclipse.jetty.server.internal.HttpConnection$HttpStreamOverHTTP1.read(HttpConnection.java:1467)
	at org.eclipse.jetty.server.HttpStream$Wrapper.read(HttpStream.java:184)
	at org.eclipse.jetty.server.HttpStream$Wrapper.read(HttpStream.java:184)
	at org.eclipse.jetty.server.internal.HttpChannelState$ChannelRequest.read(HttpChannelState.java:1042)
	at org.eclipse.jetty.server.Request$Wrapper.read(Request.java:962)
	at org.eclipse.jetty.server.handler.EventsHandler$EventsRequest.read(EventsHandler.java:407)
	at org.eclipse.jetty.server.Request$Wrapper.read(Request.java:962)
	at org.eclipse.jetty.ee10.servlet.AsyncContentProducer.readChunk(AsyncContentProducer.java:324)
	at org.eclipse.jetty.ee10.servlet.AsyncContentProducer.produceChunk(AsyncContentProducer.java:304)
	at org.eclipse.jetty.ee10.servlet.AsyncContentProducer.nextChunk(AsyncContentProducer.java:209)
	at org.eclipse.jetty.ee10.servlet.BlockingContentProducer.nextChunk(BlockingContentProducer.java:100)
	at org.eclipse.jetty.ee10.servlet.HttpInput.read(HttpInput.java:267)
	at org.eclipse.jetty.ee10.servlet.HttpInput.read(HttpInput.java:248)
	at java.base/java.io.InputStream.read(Unknown Source)
	at httparena.Main.upload(Main.java:97)
	at io.javalin.router.ParsedEndpoint.handleWithPathParams$javalin(ParsedEndpoint.kt:21)
	at io.javalin.router.ParsedEndpoint.handle(ParsedEndpoint.kt:15)
	at io.javalin.http.servlet.DefaultTasks.HTTP$lambda$0$1(DefaultTasks.kt:57)
	at io.javalin.http.servlet.JavalinServlet.handleTask(JavalinServlet.kt:108)
	at io.javalin.http.servlet.JavalinServlet.handleSync(JavalinServlet.kt:72)
	at io.javalin.http.servlet.JavalinServlet.handle(JavalinServlet.kt:58)
	at io.javalin.http.servlet.JavalinServlet.service(JavalinServlet.kt:38)
	at jakarta.servlet.http.HttpServlet.service(HttpServlet.java:614)
	at io.javalin.jetty.JavalinJettyServlet.service(JavalinJettyServlet.kt:49)
	at jakarta.servlet.http.HttpServlet.service(HttpServlet.java:614)
	at org.eclipse.jetty.ee10.servlet.ServletHolder.handle(ServletHolder.java:754)
	at org.eclipse.jetty.ee10.servlet.ServletHandler$ChainEnd.doFilter(ServletHandler.java:1642)
	at org.eclipse.jetty.ee10.servlet.ServletHandler$MappedServlet.handle(ServletHandler.java:1556)
	at org.eclipse.jetty.ee10.servlet.ServletChannel.dispatch(ServletChannel.java:871)
	at org.eclipse.jetty.ee10.servlet.ServletChannel.handle(ServletChannel.java:449)
	at org.eclipse.jetty.ee10.servlet.ServletHandler.handle(ServletHandler.java:469)
	at org.eclipse.jetty.ee10.servlet.SessionHandler.handle(SessionHandler.java:719)
	at org.eclipse.jetty.server.handler.ContextHandler.handle(ContextHandler.java:1253)
	at org.eclipse.jetty.server.Handler$Wrapper.handle(Handler.java:794)
	at org.eclipse.jetty.server.handler.EventsHandler.handle(EventsHandler.java:81)
	at org.eclipse.jetty.server.Server.handle(Server.java:197)
	at org.eclipse.jetty.server.internal.HttpChannelState$HandlerInvoker.run(HttpChannelState.java:804)
	at org.eclipse.jetty.server.internal.HttpConnection.onFillable(HttpConnection.java:420)
	at org.eclipse.jetty.server.internal.HttpConnection$FillableCallback.succeeded(HttpConnection.java:1790)
	at org.eclipse.jetty.io.FillInterest.fillable(FillInterest.java:105)
	at org.eclipse.jetty.io.SelectableChannelEndPoint$1.run(SelectableChannelEndPoint.java:54)
	at org.eclipse.jetty.util.thread.strategy.AdaptiveExecutionStrategy.runTask(AdaptiveExecutionStrategy.java:492)
	at org.eclipse.jetty.util.thread.strategy.AdaptiveExecutionStrategy.epcRunTask(AdaptiveExecutionStrategy.java:428)
	at org.eclipse.jetty.util.thread.strategy.AdaptiveExecutionStrategy.consumeTask(AdaptiveExecutionStrategy.java:401)
	at org.eclipse.jetty.util.thread.strategy.AdaptiveExecutionStrategy.tryProduce(AdaptiveExecutionStrategy.java:255)
	at org.eclipse.jetty.util.thread.strategy.AdaptiveExecutionStrategy.run(AdaptiveExecutionStrategy.java:204)
	at org.eclipse.jetty.util.thread.ReservedThreadExecutor$ReservedThread.run(ReservedThreadExecutor.java:317)
	at org.eclipse.jetty.util.thread.QueuedThreadPool.runJob(QueuedThreadPool.java:1009)
	at org.eclipse.jetty.util.thread.QueuedThreadPool$Runner.doRunJob(QueuedThreadPool.java:1240)
	at org.eclipse.jetty.util.thread.QueuedThreadPool$Runner.run(QueuedThreadPool.java:1194)
	at java.base/java.lang.Thread.run(Unknown Source)
[JettyServerThreadPool-88] WARN io.javalin.Javalin - Uncaught exception
org.eclipse.jetty.server.internal.HttpConnection$HttpEofException: Early EOF
	at org.eclipse.jetty.server.internal.HttpConnection$RequestHandler.earlyEOF(HttpConnection.java:1222)
	at org.eclipse.jetty.http.HttpParser.parseNext(HttpParser.java:1821)
	at org.eclipse.jetty.server.internal.HttpConnection.parseAndFillForContent(HttpConnection.java:559)
	at org.eclipse.jetty.server.internal.HttpConnection$HttpStreamOverHTTP1.read(HttpConnection.java:1467)
	at org.eclipse.jetty.server.HttpStream$Wrapper.read(HttpStream.java:184)
	at org.eclipse.jetty.server.HttpStream$Wrapper.read(HttpStream.java:184)
	at org.eclipse.jetty.server.internal.HttpChannelState$ChannelRequest.read(HttpChannelState.java:1042)
	at org.eclipse.jetty.server.Request$Wrapper.read(Request.java:962)
	at org.eclipse.jetty.server.handler.EventsHandler$EventsRequest.read(EventsHandler.java:407)
	at org.eclipse.jetty.server.Request$Wrapper.read(Request.java:962)
	at org.eclipse.jetty.ee10.servlet.AsyncContentProducer.readChunk(AsyncContentProducer.java:324)
	at org.eclipse.jetty.ee10.servlet.AsyncContentProducer.produceChunk(AsyncContentProducer.java:304)
	at org.eclipse.jetty.ee10.servlet.AsyncContentProducer.nextChunk(AsyncContentProducer.java:209)
	at org.eclipse.jetty.ee10.servlet.BlockingContentProducer.nextChunk(BlockingContentProducer.java:100)
	at org.eclipse.jetty.ee10.servlet.HttpInput.read(HttpInput.java:267)
	at org.eclipse.jetty.ee10.servlet.HttpInput.read(HttpInput.java:248)
	at java.base/java.io.InputStream.read(Unknown Source)
	at httparena.Main.upload(Main.java:97)
	at io.javalin.router.ParsedEndpoint.handleWithPathParams$javalin(ParsedEndpoint.kt:21)
	at io.javalin.router.ParsedEndpoint.handle(ParsedEndpoint.kt:15)
	at io.javalin.http.servlet.DefaultTasks.HTTP$lambda$0$1(DefaultTasks.kt:57)
	at io.javalin.http.servlet.JavalinServlet.handleTask(JavalinServlet.kt:108)
	at io.javalin.http.servlet.JavalinServlet.handleSync(JavalinServlet.kt:72)
	at io.javalin.http.servlet.JavalinServlet.handle(JavalinServlet.kt:58)
	at io.javalin.http.servlet.JavalinServlet.service(JavalinServlet.kt:38)
	at jakarta.servlet.http.HttpServlet.service(HttpServlet.java:614)
	at io.javalin.jetty.JavalinJettyServlet.service(JavalinJettyServlet.kt:49)
	at jakarta.servlet.http.HttpServlet.service(HttpServlet.java:614)
	at org.eclipse.jetty.ee10.servlet.ServletHolder.handle(ServletHolder.java:754)
	at org.eclipse.jetty.ee10.servlet.ServletHandler$ChainEnd.doFilter(ServletHandler.java:1642)
	at org.eclipse.jetty.ee10.servlet.ServletHandler$MappedServlet.handle(ServletHandler.java:1556)
	at org.eclipse.jetty.ee10.servlet.ServletChannel.dispatch(ServletChannel.java:871)
	at org.eclipse.jetty.ee10.servlet.ServletChannel.handle(ServletChannel.java:449)
	at org.eclipse.jetty.ee10.servlet.ServletHandler.handle(ServletHandler.java:469)
	at org.eclipse.jetty.ee10.servlet.SessionHandler.handle(SessionHandler.java:719)
	at org.eclipse.jetty.server.handler.ContextHandler.handle(ContextHandler.java:1253)
	at org.eclipse.jetty.server.Handler$Wrapper.handle(Handler.java:794)
	at org.eclipse.jetty.server.handler.EventsHandler.handle(EventsHandler.java:81)
	at org.eclipse.jetty.server.Server.handle(Server.java:197)
	at org.eclipse.jetty.server.internal.HttpChannelState$HandlerInvoker.run(HttpChannelState.java:804)
	at org.eclipse.jetty.server.internal.HttpConnection.onFillable(HttpConnection.java:420)
	at org.eclipse.jetty.server.internal.HttpConnection$FillableCallback.succeeded(HttpConnection.java:1790)
	at org.eclipse.jetty.io.FillInterest.fillable(FillInterest.java:105)
	at org.eclipse.jetty.io.SelectableChannelEndPoint$1.run(SelectableChannelEndPoint.java:54)
	at org.eclipse.jetty.util.thread.strategy.AdaptiveExecutionStrategy.runTask(AdaptiveExecutionStrategy.java:492)
	at org.eclipse.jetty.util.thread.strategy.AdaptiveExecutionStrategy.epcRunTask(AdaptiveExecutionStrategy.java:428)
	at org.eclipse.jetty.util.thread.strategy.AdaptiveExecutionStrategy.consumeTask(AdaptiveExecutionStrategy.java:401)
	at org.eclipse.jetty.util.thread.strategy.AdaptiveExecutionStrategy.tryProduce(AdaptiveExecutionStrategy.java:255)
	at org.eclipse.jetty.util.thread.strategy.AdaptiveExecutionStrategy.run(AdaptiveExecutionStrategy.java:204)
	at org.eclipse.jetty.util.thread.ReservedThreadExecutor$ReservedThread.run(ReservedThreadExecutor.java:317)
	at org.eclipse.jetty.util.thread.QueuedThreadPool.runJob(QueuedThreadPool.java:1009)
	at org.eclipse.jetty.util.thread.QueuedThreadPool$Runner.doRunJob(QueuedThreadPool.java:1240)
	at org.eclipse.jetty.util.thread.QueuedThreadPool$Runner.run(QueuedThreadPool.java:1194)
	at java.base/java.lang.Thread.run(Unknown Source)
[JettyServerThreadPool-82] WARN io.javalin.Javalin - Uncaught exception
org.eclipse.jetty.server.internal.HttpConnection$HttpEofException: Early EOF
	at org.eclipse.jetty.server.internal.HttpConnection$RequestHandler.earlyEOF(HttpConnection.java:1222)
	at org.eclipse.jetty.http.HttpParser.parseNext(HttpParser.java:1821)
	at org.eclipse.jetty.server.internal.HttpConnection.parseAndFillForContent(HttpConnection.java:559)
	at org.eclipse.jetty.server.internal.HttpConnection$HttpStreamOverHTTP1.read(HttpConnection.java:1467)
	at org.eclipse.jetty.server.HttpStream$Wrapper.read(HttpStream.java:184)
	at org.eclipse.jetty.server.HttpStream$Wrapper.read(HttpStream.java:184)
	at org.eclipse.jetty.server.internal.HttpChannelState$ChannelRequest.read(HttpChannelState.java:1042)
	at org.eclipse.jetty.server.Request$Wrapper.read(Request.java:962)
	at org.eclipse.jetty.server.handler.EventsHandler$EventsRequest.read(EventsHandler.java:407)
	at org.eclipse.jetty.server.Request$Wrapper.read(Request.java:962)
	at org.eclipse.jetty.ee10.servlet.AsyncContentProducer.readChunk(AsyncContentProducer.java:324)
	at org.eclipse.jetty.ee10.servlet.AsyncContentProducer.produceChunk(AsyncContentProducer.java:304)
	at org.eclipse.jetty.ee10.servlet.AsyncContentProducer.nextChunk(AsyncContentProducer.java:209)
	at org.eclipse.jetty.ee10.servlet.BlockingContentProducer.nextChunk(BlockingContentProducer.java:100)
	at org.eclipse.jetty.ee10.servlet.HttpInput.read(HttpInput.java:267)
	at org.eclipse.jetty.ee10.servlet.HttpInput.read(HttpInput.java:248)
	at java.base/java.io.InputStream.read(Unknown Source)
	at httparena.Main.upload(Main.java:97)
	at io.javalin.router.ParsedEndpoint.handleWithPathParams$javalin(ParsedEndpoint.kt:21)
	at io.javalin.router.ParsedEndpoint.handle(ParsedEndpoint.kt:15)
	at io.javalin.http.servlet.DefaultTasks.HTTP$lambda$0$1(DefaultTasks.kt:57)
	at io.javalin.http.servlet.JavalinServlet.handleTask(JavalinServlet.kt:108)
	at io.javalin.http.servlet.JavalinServlet.handleSync(JavalinServlet.kt:72)
	at io.javalin.http.servlet.JavalinServlet.handle(JavalinServlet.kt:58)
	at io.javalin.http.servlet.JavalinServlet.service(JavalinServlet.kt:38)
	at jakarta.servlet.http.HttpServlet.service(HttpServlet.java:614)
	at io.javalin.jetty.JavalinJettyServlet.service(JavalinJettyServlet.kt:49)
	at jakarta.servlet.http.HttpServlet.service(HttpServlet.java:614)
	at org.eclipse.jetty.ee10.servlet.ServletHolder.handle(ServletHolder.java:754)
	at org.eclipse.jetty.ee10.servlet.ServletHandler$ChainEnd.doFilter(ServletHandler.java:1642)
	at org.eclipse.jetty.ee10.servlet.ServletHandler$MappedServlet.handle(ServletHandler.java:1556)
	at org.eclipse.jetty.ee10.servlet.ServletChannel.dispatch(ServletChannel.java:871)
	at org.eclipse.jetty.ee10.servlet.ServletChannel.handle(ServletChannel.java:449)
	at org.eclipse.jetty.ee10.servlet.ServletHandler.handle(ServletHandler.java:469)
	at org.eclipse.jetty.ee10.servlet.SessionHandler.handle(SessionHandler.java:719)
	at org.eclipse.jetty.server.handler.ContextHandler.handle(ContextHandler.java:1253)
	at org.eclipse.jetty.server.Handler$Wrapper.handle(Handler.java:794)
	at org.eclipse.jetty.server.handler.EventsHandler.handle(EventsHandler.java:81)
	at org.eclipse.jetty.server.Server.handle(Server.java:197)
	at org.eclipse.jetty.server.internal.HttpChannelState$HandlerInvoker.run(HttpChannelState.java:804)
	at org.eclipse.jetty.server.internal.HttpConnection.onFillable(HttpConnection.java:420)
	at org.eclipse.jetty.server.internal.HttpConnection$FillableCallback.succeeded(HttpConnection.java:1790)
	at org.eclipse.jetty.io.FillInterest.fillable(FillInterest.java:105)
	at org.eclipse.jetty.io.SelectableChannelEndPoint$1.run(SelectableChannelEndPoint.java:54)
	at org.eclipse.jetty.util.thread.strategy.AdaptiveExecutionStrategy.runTask(AdaptiveExecutionStrategy.java:492)
	at org.eclipse.jetty.util.thread.strategy.AdaptiveExecutionStrategy.epcRunTask(AdaptiveExecutionStrategy.java:428)
	at org.eclipse.jetty.util.thread.strategy.AdaptiveExecutionStrategy.consumeTask(AdaptiveExecutionStrategy.java:401)
	at org.eclipse.jetty.util.thread.strategy.AdaptiveExecutionStrategy.tryProduce(AdaptiveExecutionStrategy.java:255)
	at org.eclipse.jetty.util.thread.strategy.AdaptiveExecutionStrategy.run(AdaptiveExecutionStrategy.java:204)
	at org.eclipse.jetty.util.thread.ReservedThreadExecutor$ReservedThread.run(ReservedThreadExecutor.java:317)
	at org.eclipse.jetty.util.thread.QueuedThreadPool.runJob(QueuedThreadPool.java:1009)
	at org.eclipse.jetty.util.thread.QueuedThreadPool$Runner.doRunJob(QueuedThreadPool.java:1240)
	at org.eclipse.jetty.util.thread.QueuedThreadPool$Runner.run(QueuedThreadPool.java:1194)
	at java.base/java.lang.Thread.run(Unknown Source)
[JettyServerThreadPool-91] WARN io.javalin.Javalin - Uncaught exception
org.eclipse.jetty.server.internal.HttpConnection$HttpEofException: Early EOF
	at org.eclipse.jetty.server.internal.HttpConnection$RequestHandler.earlyEOF(HttpConnection.java:1222)
	at org.eclipse.jetty.http.HttpParser.parseNext(HttpParser.java:1821)
	at org.eclipse.jetty.server.internal.HttpConnection.parseAndFillForContent(HttpConnection.java:559)
	at org.eclipse.jetty.server.internal.HttpConnection$HttpStreamOverHTTP1.read(HttpConnection.java:1467)
	at org.eclipse.jetty.server.HttpStream$Wrapper.read(HttpStream.java:184)
	at org.eclipse.jetty.server.HttpStream$Wrapper.read(HttpStream.java:184)
	at org.eclipse.jetty.server.internal.HttpChannelState$ChannelRequest.read(HttpChannelState.java:1042)
	at org.eclipse.jetty.server.Request$Wrapper.read(Request.java:962)
	at org.eclipse.jetty.server.handler.EventsHandler$EventsRequest.read(EventsHandler.java:407)
	at org.eclipse.jetty.server.Request$Wrapper.read(Request.java:962)
	at org.eclipse.jetty.ee10.servlet.AsyncContentProducer.readChunk(AsyncContentProducer.java:324)
	at org.eclipse.jetty.ee10.servlet.AsyncContentProducer.produceChunk(AsyncContentProducer.java:304)
	at org.eclipse.jetty.ee10.servlet.AsyncContentProducer.nextChunk(AsyncContentProducer.java:209)
	at org.eclipse.jetty.ee10.servlet.BlockingContentProducer.nextChunk(BlockingContentProducer.java:100)
	at org.eclipse.jetty.ee10.servlet.HttpInput.read(HttpInput.java:267)
	at org.eclipse.jetty.ee10.servlet.HttpInput.read(HttpInput.java:248)
	at java.base/java.io.InputStream.read(Unknown Source)
	at httparena.Main.upload(Main.java:97)
	at io.javalin.router.ParsedEndpoint.handleWithPathParams$javalin(ParsedEndpoint.kt:21)
	at io.javalin.router.ParsedEndpoint.handle(ParsedEndpoint.kt:15)
	at io.javalin.http.servlet.DefaultTasks.HTTP$lambda$0$1(DefaultTasks.kt:57)
	at io.javalin.http.servlet.JavalinServlet.handleTask(JavalinServlet.kt:108)
	at io.javalin.http.servlet.JavalinServlet.handleSync(JavalinServlet.kt:72)
	at io.javalin.http.servlet.JavalinServlet.handle(JavalinServlet.kt:58)
	at io.javalin.http.servlet.JavalinServlet.service(JavalinServlet.kt:38)
	at jakarta.servlet.http.HttpServlet.service(HttpServlet.java:614)
	at io.javalin.jetty.JavalinJettyServlet.service(JavalinJettyServlet.kt:49)
	at jakarta.servlet.http.HttpServlet.service(HttpServlet.java:614)
	at org.eclipse.jetty.ee10.servlet.ServletHolder.handle(ServletHolder.java:754)
	at org.eclipse.jetty.ee10.servlet.ServletHandler$ChainEnd.doFilter(ServletHandler.java:1642)
	at org.eclipse.jetty.ee10.servlet.ServletHandler$MappedServlet.handle(ServletHandler.java:1556)
	at org.eclipse.jetty.ee10.servlet.ServletChannel.dispatch(ServletChannel.java:871)
	at org.eclipse.jetty.ee10.servlet.ServletChannel.handle(ServletChannel.java:449)
	at org.eclipse.jetty.ee10.servlet.ServletHandler.handle(ServletHandler.java:469)
	at org.eclipse.jetty.ee10.servlet.SessionHandler.handle(SessionHandler.java:719)
	at org.eclipse.jetty.server.handler.ContextHandler.handle(ContextHandler.java:1253)
	at org.eclipse.jetty.server.Handler$Wrapper.handle(Handler.java:794)
	at org.eclipse.jetty.server.handler.EventsHandler.handle(EventsHandler.java:81)
	at org.eclipse.jetty.server.Server.handle(Server.java:197)
	at org.eclipse.jetty.server.internal.HttpChannelState$HandlerInvoker.run(HttpChannelState.java:804)
	at org.eclipse.jetty.server.internal.HttpConnection.onFillable(HttpConnection.java:420)
	at org.eclipse.jetty.server.internal.HttpConnection$FillableCallback.succeeded(HttpConnection.java:1790)
	at org.eclipse.jetty.io.FillInterest.fillable(FillInterest.java:105)
	at org.eclipse.jetty.io.SelectableChannelEndPoint$1.run(SelectableChannelEndPoint.java:54)
	at org.eclipse.jetty.util.thread.strategy.AdaptiveExecutionStrategy.runTask(AdaptiveExecutionStrategy.java:492)
	at org.eclipse.jetty.util.thread.strategy.AdaptiveExecutionStrategy.epcRunTask(AdaptiveExecutionStrategy.java:428)
	at org.eclipse.jetty.util.thread.strategy.AdaptiveExecutionStrategy.consumeTask(AdaptiveExecutionStrategy.java:401)
	at org.eclipse.jetty.util.thread.strategy.AdaptiveExecutionStrategy.tryProduce(AdaptiveExecutionStrategy.java:255)
	at org.eclipse.jetty.util.thread.strategy.AdaptiveExecutionStrategy.run(AdaptiveExecutionStrategy.java:204)
	at org.eclipse.jetty.util.thread.ReservedThreadExecutor$ReservedThread.run(ReservedThreadExecutor.java:317)
	at org.eclipse.jetty.util.thread.QueuedThreadPool.runJob(QueuedThreadPool.java:1009)
	at org.eclipse.jetty.util.thread.QueuedThreadPool$Runner.doRunJob(QueuedThreadPool.java:1240)
	at org.eclipse.jetty.util.thread.QueuedThreadPool$Runner.run(QueuedThreadPool.java:1194)
	at java.base/java.lang.Thread.run(Unknown Source)
[JettyServerThreadPool-106] WARN io.javalin.Javalin - Uncaught exception
org.eclipse.jetty.server.internal.HttpConnection$HttpEofException: Early EOF
	at org.eclipse.jetty.server.internal.HttpConnection$RequestHandler.earlyEOF(HttpConnection.java:1222)
	at org.eclipse.jetty.http.HttpParser.parseNext(HttpParser.java:1821)
	at org.eclipse.jetty.server.internal.HttpConnection.parseAndFillForContent(HttpConnection.java:559)
	at org.eclipse.jetty.server.internal.HttpConnection$HttpStreamOverHTTP1.read(HttpConnection.java:1467)
	at org.eclipse.jetty.server.HttpStream$Wrapper.read(HttpStream.java:184)
	at org.eclipse.jetty.server.HttpStream$Wrapper.read(HttpStream.java:184)
	at org.eclipse.jetty.server.internal.HttpChannelState$ChannelRequest.read(HttpChannelState.java:1042)
	at org.eclipse.jetty.server.Request$Wrapper.read(Request.java:962)
	at org.eclipse.jetty.server.handler.EventsHandler$EventsRequest.read(EventsHandler.java:407)
	at org.eclipse.jetty.server.Request$Wrapper.read(Request.java:962)
	at org.eclipse.jetty.ee10.servlet.AsyncContentProducer.readChunk(AsyncContentProducer.java:324)
	at org.eclipse.jetty.ee10.servlet.AsyncContentProducer.produceChunk(AsyncContentProducer.java:304)
	at org.eclipse.jetty.ee10.servlet.AsyncContentProducer.nextChunk(AsyncContentProducer.java:209)
	at org.eclipse.jetty.ee10.servlet.BlockingContentProducer.nextChunk(BlockingContentProducer.java:100)
	at org.eclipse.jetty.ee10.servlet.HttpInput.read(HttpInput.java:267)
	at org.eclipse.jetty.ee10.servlet.HttpInput.read(HttpInput.java:248)
	at java.base/java.io.InputStream.read(Unknown Source)
	at httparena.Main.upload(Main.java:97)
	at io.javalin.router.ParsedEndpoint.handleWithPathParams$javalin(ParsedEndpoint.kt:21)
	at io.javalin.router.ParsedEndpoint.handle(ParsedEndpoint.kt:15)
	at io.javalin.http.servlet.DefaultTasks.HTTP$lambda$0$1(DefaultTasks.kt:57)
	at io.javalin.http.servlet.JavalinServlet.handleTask(JavalinServlet.kt:108)
	at io.javalin.http.servlet.JavalinServlet.handleSync(JavalinServlet.kt:72)
	at io.javalin.http.servlet.JavalinServlet.handle(JavalinServlet.kt:58)
	at io.javalin.http.servlet.JavalinServlet.service(JavalinServlet.kt:38)
	at jakarta.servlet.http.HttpServlet.service(HttpServlet.java:614)
	at io.javalin.jetty.JavalinJettyServlet.service(JavalinJettyServlet.kt:49)
	at jakarta.servlet.http.HttpServlet.service(HttpServlet.java:614)
	at org.eclipse.jetty.ee10.servlet.ServletHolder.handle(ServletHolder.java:754)
	at org.eclipse.jetty.ee10.servlet.ServletHandler$ChainEnd.doFilter(ServletHandler.java:1642)
	at org.eclipse.jetty.ee10.servlet.ServletHandler$MappedServlet.handle(ServletHandler.java:1556)
	at org.eclipse.jetty.ee10.servlet.ServletChannel.dispatch(ServletChannel.java:871)
	at org.eclipse.jetty.ee10.servlet.ServletChannel.handle(ServletChannel.java:449)
	at org.eclipse.jetty.ee10.servlet.ServletHandler.handle(ServletHandler.java:469)
	at org.eclipse.jetty.ee10.servlet.SessionHandler.handle(SessionHandler.java:719)
	at org.eclipse.jetty.server.handler.ContextHandler.handle(ContextHandler.java:1253)
	at org.eclipse.jetty.server.Handler$Wrapper.handle(Handler.java:794)
	at org.eclipse.jetty.server.handler.EventsHandler.handle(EventsHandler.java:81)
	at org.eclipse.jetty.server.Server.handle(Server.java:197)
	at org.eclipse.jetty.server.internal.HttpChannelState$HandlerInvoker.run(HttpChannelState.java:804)
	at org.eclipse.jetty.server.internal.HttpConnection.onFillable(HttpConnection.java:420)
	at org.eclipse.jetty.server.internal.HttpConnection$FillableCallback.succeeded(HttpConnection.java:1790)
	at org.eclipse.jetty.io.FillInterest.fillable(FillInterest.java:105)
	at org.eclipse.jetty.io.SelectableChannelEndPoint$1.run(SelectableChannelEndPoint.java:54)
	at org.eclipse.jetty.util.thread.strategy.AdaptiveExecutionStrategy.runTask(AdaptiveExecutionStrategy.java:492)
	at org.eclipse.jetty.util.thread.strategy.AdaptiveExecutionStrategy.epcRunTask(AdaptiveExecutionStrategy.java:428)
	at org.eclipse.jetty.util.thread.strategy.AdaptiveExecutionStrategy.consumeTask(AdaptiveExecutionStrategy.java:401)
	at org.eclipse.jetty.util.thread.strategy.AdaptiveExecutionStrategy.tryProduce(AdaptiveExecutionStrategy.java:255)
	at org.eclipse.jetty.util.thread.strategy.AdaptiveExecutionStrategy.run(AdaptiveExecutionStrategy.java:204)
	at org.eclipse.jetty.util.thread.ReservedThreadExecutor$ReservedThread.run(ReservedThreadExecutor.java:317)
	at org.eclipse.jetty.util.thread.QueuedThreadPool.runJob(QueuedThreadPool.java:1009)
	at org.eclipse.jetty.util.thread.QueuedThreadPool$Runner.doRunJob(QueuedThreadPool.java:1240)
	at org.eclipse.jetty.util.thread.QueuedThreadPool$Runner.run(QueuedThreadPool.java:1194)
	at java.base/java.lang.Thread.run(Unknown Source)
[JettyServerThreadPool-99] WARN io.javalin.Javalin - Uncaught exception
org.eclipse.jetty.server.internal.HttpConnection$HttpEofException: Early EOF
	at org.eclipse.jetty.server.internal.HttpConnection$RequestHandler.earlyEOF(HttpConnection.java:1222)
	at org.eclipse.jetty.http.HttpParser.parseNext(HttpParser.java:1821)
	at org.eclipse.jetty.server.internal.HttpConnection.parseAndFillForContent(HttpConnection.java:559)
	at org.eclipse.jetty.server.internal.HttpConnection$HttpStreamOverHTTP1.read(HttpConnection.java:1467)
	at org.eclipse.jetty.server.HttpStream$Wrapper.read(HttpStream.java:184)
	at org.eclipse.jetty.server.HttpStream$Wrapper.read(HttpStream.java:184)
	at org.eclipse.jetty.server.internal.HttpChannelState$ChannelRequest.read(HttpChannelState.java:1042)
	at org.eclipse.jetty.server.Request$Wrapper.read(Request.java:962)
	at org.eclipse.jetty.server.handler.EventsHandler$EventsRequest.read(EventsHandler.java:407)
	at org.eclipse.jetty.server.Request$Wrapper.read(Request.java:962)
	at org.eclipse.jetty.ee10.servlet.AsyncContentProducer.readChunk(AsyncContentProducer.java:324)
	at org.eclipse.jetty.ee10.servlet.AsyncContentProducer.produceChunk(AsyncContentProducer.java:304)
	at org.eclipse.jetty.ee10.servlet.AsyncContentProducer.nextChunk(AsyncContentProducer.java:209)
	at org.eclipse.jetty.ee10.servlet.BlockingContentProducer.nextChunk(BlockingContentProducer.java:100)
	at org.eclipse.jetty.ee10.servlet.HttpInput.read(HttpInput.java:267)
	at org.eclipse.jetty.ee10.servlet.HttpInput.read(HttpInput.java:248)
	at java.base/java.io.InputStream.read(Unknown Source)
	at httparena.Main.upload(Main.java:97)
	at io.javalin.router.ParsedEndpoint.handleWithPathParams$javalin(ParsedEndpoint.kt:21)
	at io.javalin.router.ParsedEndpoint.handle(ParsedEndpoint.kt:15)
	at io.javalin.http.servlet.DefaultTasks.HTTP$lambda$0$1(DefaultTasks.kt:57)
	at io.javalin.http.servlet.JavalinServlet.handleTask(JavalinServlet.kt:108)
	at io.javalin.http.servlet.JavalinServlet.handleSync(JavalinServlet.kt:72)
	at io.javalin.http.servlet.JavalinServlet.handle(JavalinServlet.kt:58)
	at io.javalin.http.servlet.JavalinServlet.service(JavalinServlet.kt:38)
	at jakarta.servlet.http.HttpServlet.service(HttpServlet.java:614)
	at io.javalin.jetty.JavalinJettyServlet.service(JavalinJettyServlet.kt:49)
	at jakarta.servlet.http.HttpServlet.service(HttpServlet.java:614)
	at org.eclipse.jetty.ee10.servlet.ServletHolder.handle(ServletHolder.java:754)
	at org.eclipse.jetty.ee10.servlet.ServletHandler$ChainEnd.doFilter(ServletHandler.java:1642)
	at org.eclipse.jetty.ee10.servlet.ServletHandler$MappedServlet.handle(ServletHandler.java:1556)
	at org.eclipse.jetty.ee10.servlet.ServletChannel.dispatch(ServletChannel.java:871)
	at org.eclipse.jetty.ee10.servlet.ServletChannel.handle(ServletChannel.java:449)
	at org.eclipse.jetty.ee10.servlet.ServletHandler.handle(ServletHandler.java:469)
	at org.eclipse.jetty.ee10.servlet.SessionHandler.handle(SessionHandler.java:719)
	at org.eclipse.jetty.server.handler.ContextHandler.handle(ContextHandler.java:1253)
	at org.eclipse.jetty.server.Handler$Wrapper.handle(Handler.java:794)
	at org.eclipse.jetty.server.handler.EventsHandler.handle(EventsHandler.java:81)
	at org.eclipse.jetty.server.Server.handle(Server.java:197)
	at org.eclipse.jetty.server.internal.HttpChannelState$HandlerInvoker.run(HttpChannelState.java:804)
	at org.eclipse.jetty.server.internal.HttpConnection.onFillable(HttpConnection.java:420)
	at org.eclipse.jetty.server.internal.HttpConnection$FillableCallback.succeeded(HttpConnection.java:1790)
	at org.eclipse.jetty.io.FillInterest.fillable(FillInterest.java:105)
	at org.eclipse.jetty.io.SelectableChannelEndPoint$1.run(SelectableChannelEndPoint.java:54)
	at org.eclipse.jetty.util.thread.strategy.AdaptiveExecutionStrategy.runTask(AdaptiveExecutionStrategy.java:492)
	at org.eclipse.jetty.util.thread.strategy.AdaptiveExecutionStrategy.epcRunTask(AdaptiveExecutionStrategy.java:428)
	at org.eclipse.jetty.util.thread.strategy.AdaptiveExecutionStrategy.consumeTask(AdaptiveExecutionStrategy.java:401)
	at org.eclipse.jetty.util.thread.strategy.AdaptiveExecutionStrategy.tryProduce(AdaptiveExecutionStrategy.java:255)
	at org.eclipse.jetty.util.thread.strategy.AdaptiveExecutionStrategy.run(AdaptiveExecutionStrategy.java:204)
	at org.eclipse.jetty.util.thread.ReservedThreadExecutor$ReservedThread.run(ReservedThreadExecutor.java:317)
	at org.eclipse.jetty.util.thread.QueuedThreadPool.runJob(QueuedThreadPool.java:1009)
	at org.eclipse.jetty.util.thread.QueuedThreadPool$Runner.doRunJob(QueuedThreadPool.java:1240)
	at org.eclipse.jetty.util.thread.QueuedThreadPool$Runner.run(QueuedThreadPool.java:1194)
	at java.base/java.lang.Thread.run(Unknown Source)
[JettyServerThreadPool-102] WARN io.javalin.Javalin - Uncaught exception
org.eclipse.jetty.server.internal.HttpConnection$HttpEofException: Early EOF
	at org.eclipse.jetty.server.internal.HttpConnection$RequestHandler.earlyEOF(HttpConnection.java:1222)
	at org.eclipse.jetty.http.HttpParser.parseNext(HttpParser.java:1821)
	at org.eclipse.jetty.server.internal.HttpConnection.parseAndFillForContent(HttpConnection.java:559)
	at org.eclipse.jetty.server.internal.HttpConnection$HttpStreamOverHTTP1.read(HttpConnection.java:1467)
	at org.eclipse.jetty.server.HttpStream$Wrapper.read(HttpStream.java:184)
	at org.eclipse.jetty.server.HttpStream$Wrapper.read(HttpStream.java:184)
	at org.eclipse.jetty.server.internal.HttpChannelState$ChannelRequest.read(HttpChannelState.java:1042)
	at org.eclipse.jetty.server.Request$Wrapper.read(Request.java:962)
	at org.eclipse.jetty.server.handler.EventsHandler$EventsRequest.read(EventsHandler.java:407)
	at org.eclipse.jetty.server.Request$Wrapper.read(Request.java:962)
	at org.eclipse.jetty.ee10.servlet.AsyncContentProducer.readChunk(AsyncContentProducer.java:324)
	at org.eclipse.jetty.ee10.servlet.AsyncContentProducer.produceChunk(AsyncContentProducer.java:304)
	at org.eclipse.jetty.ee10.servlet.AsyncContentProducer.nextChunk(AsyncContentProducer.java:209)
	at org.eclipse.jetty.ee10.servlet.BlockingContentProducer.nextChunk(BlockingContentProducer.java:100)
	at org.eclipse.jetty.ee10.servlet.HttpInput.read(HttpInput.java:267)
	at org.eclipse.jetty.ee10.servlet.HttpInput.read(HttpInput.java:248)
	at java.base/java.io.InputStream.read(Unknown Source)
	at httparena.Main.upload(Main.java:97)
	at io.javalin.router.ParsedEndpoint.handleWithPathParams$javalin(ParsedEndpoint.kt:21)
	at io.javalin.router.ParsedEndpoint.handle(ParsedEndpoint.kt:15)
	at io.javalin.http.servlet.DefaultTasks.HTTP$lambda$0$1(DefaultTasks.kt:57)
	at io.javalin.http.servlet.JavalinServlet.handleTask(JavalinServlet.kt:108)
	at io.javalin.http.servlet.JavalinServlet.handleSync(JavalinServlet.kt:72)
	at io.javalin.http.servlet.JavalinServlet.handle(JavalinServlet.kt:58)
	at io.javalin.http.servlet.JavalinServlet.service(JavalinServlet.kt:38)
	at jakarta.servlet.http.HttpServlet.service(HttpServlet.java:614)
	at io.javalin.jetty.JavalinJettyServlet.service(JavalinJettyServlet.kt:49)
	at jakarta.servlet.http.HttpServlet.service(HttpServlet.java:614)
	at org.eclipse.jetty.ee10.servlet.ServletHolder.handle(ServletHolder.java:754)
	at org.eclipse.jetty.ee10.servlet.ServletHandler$ChainEnd.doFilter(ServletHandler.java:1642)
	at org.eclipse.jetty.ee10.servlet.ServletHandler$MappedServlet.handle(ServletHandler.java:1556)
	at org.eclipse.jetty.ee10.servlet.ServletChannel.dispatch(ServletChannel.java:871)
	at org.eclipse.jetty.ee10.servlet.ServletChannel.handle(ServletChannel.java:449)
	at org.eclipse.jetty.ee10.servlet.ServletHandler.handle(ServletHandler.java:469)
	at org.eclipse.jetty.ee10.servlet.SessionHandler.handle(SessionHandler.java:719)
	at org.eclipse.jetty.server.handler.ContextHandler.handle(ContextHandler.java:1253)
	at org.eclipse.jetty.server.Handler$Wrapper.handle(Handler.java:794)
	at org.eclipse.jetty.server.handler.EventsHandler.handle(EventsHandler.java:81)
	at org.eclipse.jetty.server.Server.handle(Server.java:197)
	at org.eclipse.jetty.server.internal.HttpChannelState$HandlerInvoker.run(HttpChannelState.java:804)
	at org.eclipse.jetty.server.internal.HttpConnection.onFillable(HttpConnection.java:420)
	at org.eclipse.jetty.server.internal.HttpConnection$FillableCallback.succeeded(HttpConnection.java:1790)
	at org.eclipse.jetty.io.FillInterest.fillable(FillInterest.java:105)
	at org.eclipse.jetty.io.SelectableChannelEndPoint$1.run(SelectableChannelEndPoint.java:54)
	at org.eclipse.jetty.util.thread.strategy.AdaptiveExecutionStrategy.runTask(AdaptiveExecutionStrategy.java:492)
	at org.eclipse.jetty.util.thread.strategy.AdaptiveExecutionStrategy.epcRunTask(AdaptiveExecutionStrategy.java:428)
	at org.eclipse.jetty.util.thread.strategy.AdaptiveExecutionStrategy.consumeTask(AdaptiveExecutionStrategy.java:401)
	at org.eclipse.jetty.util.thread.strategy.AdaptiveExecutionStrategy.tryProduce(AdaptiveExecutionStrategy.java:255)
	at org.eclipse.jetty.util.thread.strategy.AdaptiveExecutionStrategy.run(AdaptiveExecutionStrategy.java:204)
	at org.eclipse.jetty.util.thread.ReservedThreadExecutor$ReservedThread.run(ReservedThreadExecutor.java:317)
	at org.eclipse.jetty.util.thread.QueuedThreadPool.runJob(QueuedThreadPool.java:1009)
	at org.eclipse.jetty.util.thread.QueuedThreadPool$Runner.doRunJob(QueuedThreadPool.java:1240)
	at org.eclipse.jetty.util.thread.QueuedThreadPool$Runner.run(QueuedThreadPool.java:1194)
	at java.base/java.lang.Thread.run(Unknown Source)
[JettyServerThreadPool-131] WARN io.javalin.Javalin - Uncaught exception
org.eclipse.jetty.server.internal.HttpConnection$HttpEofException: Early EOF
	at org.eclipse.jetty.server.internal.HttpConnection$RequestHandler.earlyEOF(HttpConnection.java:1222)
	at org.eclipse.jetty.http.HttpParser.parseNext(HttpParser.java:1821)
	at org.eclipse.jetty.server.internal.HttpConnection.parseAndFillForContent(HttpConnection.java:559)
	at org.eclipse.jetty.server.internal.HttpConnection$HttpStreamOverHTTP1.read(HttpConnection.java:1467)
	at org.eclipse.jetty.server.HttpStream$Wrapper.read(HttpStream.java:184)
	at org.eclipse.jetty.server.HttpStream$Wrapper.read(HttpStream.java:184)
	at org.eclipse.jetty.server.internal.HttpChannelState$ChannelRequest.read(HttpChannelState.java:1042)
	at org.eclipse.jetty.server.Request$Wrapper.read(Request.java:962)
	at org.eclipse.jetty.server.handler.EventsHandler$EventsRequest.read(EventsHandler.java:407)
	at org.eclipse.jetty.server.Request$Wrapper.read(Request.java:962)
	at org.eclipse.jetty.ee10.servlet.AsyncContentProducer.readChunk(AsyncContentProducer.java:324)
	at org.eclipse.jetty.ee10.servlet.AsyncContentProducer.produceChunk(AsyncContentProducer.java:304)
	at org.eclipse.jetty.ee10.servlet.AsyncContentProducer.nextChunk(AsyncContentProducer.java:209)
	at org.eclipse.jetty.ee10.servlet.BlockingContentProducer.nextChunk(BlockingContentProducer.java:100)
	at org.eclipse.jetty.ee10.servlet.HttpInput.read(HttpInput.java:267)
	at org.eclipse.jetty.ee10.servlet.HttpInput.read(HttpInput.java:248)
	at java.base/java.io.InputStream.read(Unknown Source)
	at httparena.Main.upload(Main.java:97)
	at io.javalin.router.ParsedEndpoint.handleWithPathParams$javalin(ParsedEndpoint.kt:21)
	at io.javalin.router.ParsedEndpoint.handle(ParsedEndpoint.kt:15)
	at io.javalin.http.servlet.DefaultTasks.HTTP$lambda$0$1(DefaultTasks.kt:57)
	at io.javalin.http.servlet.JavalinServlet.handleTask(JavalinServlet.kt:108)
	at io.javalin.http.servlet.JavalinServlet.handleSync(JavalinServlet.kt:72)
	at io.javalin.http.servlet.JavalinServlet.handle(JavalinServlet.kt:58)
	at io.javalin.http.servlet.JavalinServlet.service(JavalinServlet.kt:38)
	at jakarta.servlet.http.HttpServlet.service(HttpServlet.java:614)
	at io.javalin.jetty.JavalinJettyServlet.service(JavalinJettyServlet.kt:49)
	at jakarta.servlet.http.HttpServlet.service(HttpServlet.java:614)
	at org.eclipse.jetty.ee10.servlet.ServletHolder.handle(ServletHolder.java:754)
	at org.eclipse.jetty.ee10.servlet.ServletHandler$ChainEnd.doFilter(ServletHandler.java:1642)
	at org.eclipse.jetty.ee10.servlet.ServletHandler$MappedServlet.handle(ServletHandler.java:1556)
	at org.eclipse.jetty.ee10.servlet.ServletChannel.dispatch(ServletChannel.java:871)
	at org.eclipse.jetty.ee10.servlet.ServletChannel.handle(ServletChannel.java:449)
	at org.eclipse.jetty.ee10.servlet.ServletHandler.handle(ServletHandler.java:469)
	at org.eclipse.jetty.ee10.servlet.SessionHandler.handle(SessionHandler.java:719)
	at org.eclipse.jetty.server.handler.ContextHandler.handle(ContextHandler.java:1253)
	at org.eclipse.jetty.server.Handler$Wrapper.handle(Handler.java:794)
	at org.eclipse.jetty.server.handler.EventsHandler.handle(EventsHandler.java:81)
	at org.eclipse.jetty.server.Server.handle(Server.java:197)
	at org.eclipse.jetty.server.internal.HttpChannelState$HandlerInvoker.run(HttpChannelState.java:804)
	at org.eclipse.jetty.server.internal.HttpConnection.onFillable(HttpConnection.java:420)
	at org.eclipse.jetty.server.internal.HttpConnection$FillableCallback.succeeded(HttpConnection.java:1790)
	at org.eclipse.jetty.io.FillInterest.fillable(FillInterest.java:105)
	at org.eclipse.jetty.io.SelectableChannelEndPoint$1.run(SelectableChannelEndPoint.java:54)
	at org.eclipse.jetty.util.thread.strategy.AdaptiveExecutionStrategy.runTask(AdaptiveExecutionStrategy.java:492)
	at org.eclipse.jetty.util.thread.strategy.AdaptiveExecutionStrategy.epcRunTask(AdaptiveExecutionStrategy.java:428)
	at org.eclipse.jetty.util.thread.strategy.AdaptiveExecutionStrategy.consumeTask(AdaptiveExecutionStrategy.java:401)
	at org.eclipse.jetty.util.thread.strategy.AdaptiveExecutionStrategy.tryProduce(AdaptiveExecutionStrategy.java:255)
	at org.eclipse.jetty.util.thread.strategy.AdaptiveExecutionStrategy.run(AdaptiveExecutionStrategy.java:204)
	at org.eclipse.jetty.util.thread.ReservedThreadExecutor$ReservedThread.run(ReservedThreadExecutor.java:317)
	at org.eclipse.jetty.util.thread.QueuedThreadPool.runJob(QueuedThreadPool.java:1009)
	at org.eclipse.jetty.util.thread.QueuedThreadPool$Runner.doRunJob(QueuedThreadPool.java:1240)
	at org.eclipse.jetty.util.thread.QueuedThreadPool$Runner.run(QueuedThreadPool.java:1194)
	at java.base/java.lang.Thread.run(Unknown Source)
[JettyServerThreadPool-85] WARN io.javalin.Javalin - Uncaught exception
org.eclipse.jetty.server.internal.HttpConnection$HttpEofException: Early EOF
	at org.eclipse.jetty.server.internal.HttpConnection$RequestHandler.earlyEOF(HttpConnection.java:1222)
	at org.eclipse.jetty.http.HttpParser.parseNext(HttpParser.java:1821)
	at org.eclipse.jetty.server.internal.HttpConnection.parseAndFillForContent(HttpConnection.java:559)
	at org.eclipse.jetty.server.internal.HttpConnection$HttpStreamOverHTTP1.read(HttpConnection.java:1467)
	at org.eclipse.jetty.server.HttpStream$Wrapper.read(HttpStream.java:184)
	at org.eclipse.jetty.server.HttpStream$Wrapper.read(HttpStream.java:184)
	at org.eclipse.jetty.server.internal.HttpChannelState$ChannelRequest.read(HttpChannelState.java:1042)
	at org.eclipse.jetty.server.Request$Wrapper.read(Request.java:962)
	at org.eclipse.jetty.server.handler.EventsHandler$EventsRequest.read(EventsHandler.java:407)
	at org.eclipse.jetty.server.Request$Wrapper.read(Request.java:962)
	at org.eclipse.jetty.ee10.servlet.AsyncContentProducer.readChunk(AsyncContentProducer.java:324)
	at org.eclipse.jetty.ee10.servlet.AsyncContentProducer.produceChunk(AsyncContentProducer.java:304)
	at org.eclipse.jetty.ee10.servlet.AsyncContentProducer.nextChunk(AsyncContentProducer.java:209)
	at org.eclipse.jetty.ee10.servlet.BlockingContentProducer.nextChunk(BlockingContentProducer.java:100)
	at org.eclipse.jetty.ee10.servlet.HttpInput.read(HttpInput.java:267)
	at org.eclipse.jetty.ee10.servlet.HttpInput.read(HttpInput.java:248)
	at java.base/java.io.InputStream.read(Unknown Source)
	at httparena.Main.upload(Main.java:97)
	at io.javalin.router.ParsedEndpoint.handleWithPathParams$javalin(ParsedEndpoint.kt:21)
	at io.javalin.router.ParsedEndpoint.handle(ParsedEndpoint.kt:15)
	at io.javalin.http.servlet.DefaultTasks.HTTP$lambda$0$1(DefaultTasks.kt:57)
	at io.javalin.http.servlet.JavalinServlet.handleTask(JavalinServlet.kt:108)
	at io.javalin.http.servlet.JavalinServlet.handleSync(JavalinServlet.kt:72)
	at io.javalin.http.servlet.JavalinServlet.handle(JavalinServlet.kt:58)
	at io.javalin.http.servlet.JavalinServlet.service(JavalinServlet.kt:38)
	at jakarta.servlet.http.HttpServlet.service(HttpServlet.java:614)
	at io.javalin.jetty.JavalinJettyServlet.service(JavalinJettyServlet.kt:49)
	at jakarta.servlet.http.HttpServlet.service(HttpServlet.java:614)
	at org.eclipse.jetty.ee10.servlet.ServletHolder.handle(ServletHolder.java:754)
	at org.eclipse.jetty.ee10.servlet.ServletHandler$ChainEnd.doFilter(ServletHandler.java:1642)
	at org.eclipse.jetty.ee10.servlet.ServletHandler$MappedServlet.handle(ServletHandler.java:1556)
	at org.eclipse.jetty.ee10.servlet.ServletChannel.dispatch(ServletChannel.java:871)
	at org.eclipse.jetty.ee10.servlet.ServletChannel.handle(ServletChannel.java:449)
	at org.eclipse.jetty.ee10.servlet.ServletHandler.handle(ServletHandler.java:469)
	at org.eclipse.jetty.ee10.servlet.SessionHandler.handle(SessionHandler.java:719)
	at org.eclipse.jetty.server.handler.ContextHandler.handle(ContextHandler.java:1253)
	at org.eclipse.jetty.server.Handler$Wrapper.handle(Handler.java:794)
	at org.eclipse.jetty.server.handler.EventsHandler.handle(EventsHandler.java:81)
	at org.eclipse.jetty.server.Server.handle(Server.java:197)
	at org.eclipse.jetty.server.internal.HttpChannelState$HandlerInvoker.run(HttpChannelState.java:804)
	at org.eclipse.jetty.server.internal.HttpConnection.onFillable(HttpConnection.java:420)
	at org.eclipse.jetty.server.internal.HttpConnection$FillableCallback.succeeded(HttpConnection.java:1790)
	at org.eclipse.jetty.io.FillInterest.fillable(FillInterest.java:105)
	at org.eclipse.jetty.io.SelectableChannelEndPoint$1.run(SelectableChannelEndPoint.java:54)
	at org.eclipse.jetty.util.thread.strategy.AdaptiveExecutionStrategy.runTask(AdaptiveExecutionStrategy.java:492)
	at org.eclipse.jetty.util.thread.strategy.AdaptiveExecutionStrategy.epcRunTask(AdaptiveExecutionStrategy.java:428)
	at org.eclipse.jetty.util.thread.strategy.AdaptiveExecutionStrategy.consumeTask(AdaptiveExecutionStrategy.java:401)
	at org.eclipse.jetty.util.thread.strategy.AdaptiveExecutionStrategy.tryProduce(AdaptiveExecutionStrategy.java:255)
	at org.eclipse.jetty.util.thread.strategy.AdaptiveExecutionStrategy.run(AdaptiveExecutionStrategy.java:204)
	at org.eclipse.jetty.util.thread.ReservedThreadExecutor$ReservedThread.run(ReservedThreadExecutor.java:317)
	at org.eclipse.jetty.util.thread.QueuedThreadPool.runJob(QueuedThreadPool.java:1009)
	at org.eclipse.jetty.util.thread.QueuedThreadPool$Runner.doRunJob(QueuedThreadPool.java:1240)
	at org.eclipse.jetty.util.thread.QueuedThreadPool$Runner.run(QueuedThreadPool.java:1194)
	at java.base/java.lang.Thread.run(Unknown Source)
[JettyServerThreadPool-87] WARN io.javalin.Javalin - Uncaught exception
org.eclipse.jetty.server.internal.HttpConnection$HttpEofException: Early EOF
	at org.eclipse.jetty.server.internal.HttpConnection$RequestHandler.earlyEOF(HttpConnection.java:1222)
	at org.eclipse.jetty.http.HttpParser.parseNext(HttpParser.java:1821)
	at org.eclipse.jetty.server.internal.HttpConnection.parseAndFillForContent(HttpConnection.java:559)
	at org.eclipse.jetty.server.internal.HttpConnection$HttpStreamOverHTTP1.read(HttpConnection.java:1467)
	at org.eclipse.jetty.server.HttpStream$Wrapper.read(HttpStream.java:184)
	at org.eclipse.jetty.server.HttpStream$Wrapper.read(HttpStream.java:184)
	at org.eclipse.jetty.server.internal.HttpChannelState$ChannelRequest.read(HttpChannelState.java:1042)
	at org.eclipse.jetty.server.Request$Wrapper.read(Request.java:962)
	at org.eclipse.jetty.server.handler.EventsHandler$EventsRequest.read(EventsHandler.java:407)
	at org.eclipse.jetty.server.Request$Wrapper.read(Request.java:962)
	at org.eclipse.jetty.ee10.servlet.AsyncContentProducer.readChunk(AsyncContentProducer.java:324)
	at org.eclipse.jetty.ee10.servlet.AsyncContentProducer.produceChunk(AsyncContentProducer.java:304)
	at org.eclipse.jetty.ee10.servlet.AsyncContentProducer.nextChunk(AsyncContentProducer.java:209)
	at org.eclipse.jetty.ee10.servlet.BlockingContentProducer.nextChunk(BlockingContentProducer.java:100)
	at org.eclipse.jetty.ee10.servlet.HttpInput.read(HttpInput.java:267)
	at org.eclipse.jetty.ee10.servlet.HttpInput.read(HttpInput.java:248)
	at java.base/java.io.InputStream.read(Unknown Source)
	at httparena.Main.upload(Main.java:97)
	at io.javalin.router.ParsedEndpoint.handleWithPathParams$javalin(ParsedEndpoint.kt:21)
	at io.javalin.router.ParsedEndpoint.handle(ParsedEndpoint.kt:15)
	at io.javalin.http.servlet.DefaultTasks.HTTP$lambda$0$1(DefaultTasks.kt:57)
	at io.javalin.http.servlet.JavalinServlet.handleTask(JavalinServlet.kt:108)
	at io.javalin.http.servlet.JavalinServlet.handleSync(JavalinServlet.kt:72)
	at io.javalin.http.servlet.JavalinServlet.handle(JavalinServlet.kt:58)
	at io.javalin.http.servlet.JavalinServlet.service(JavalinServlet.kt:38)
	at jakarta.servlet.http.HttpServlet.service(HttpServlet.java:614)
	at io.javalin.jetty.JavalinJettyServlet.service(JavalinJettyServlet.kt:49)
	at jakarta.servlet.http.HttpServlet.service(HttpServlet.java:614)
	at org.eclipse.jetty.ee10.servlet.ServletHolder.handle(ServletHolder.java:754)
	at org.eclipse.jetty.ee10.servlet.ServletHandler$ChainEnd.doFilter(ServletHandler.java:1642)
	at org.eclipse.jetty.ee10.servlet.ServletHandler$MappedServlet.handle(ServletHandler.java:1556)
	at org.eclipse.jetty.ee10.servlet.ServletChannel.dispatch(ServletChannel.java:871)
	at org.eclipse.jetty.ee10.servlet.ServletChannel.handle(ServletChannel.java:449)
	at org.eclipse.jetty.ee10.servlet.ServletHandler.handle(ServletHandler.java:469)
	at org.eclipse.jetty.ee10.servlet.SessionHandler.handle(SessionHandler.java:719)
	at org.eclipse.jetty.server.handler.ContextHandler.handle(ContextHandler.java:1253)
	at org.eclipse.jetty.server.Handler$Wrapper.handle(Handler.java:794)
	at org.eclipse.jetty.server.handler.EventsHandler.handle(EventsHandler.java:81)
	at org.eclipse.jetty.server.Server.handle(Server.java:197)
	at org.eclipse.jetty.server.internal.HttpChannelState$HandlerInvoker.run(HttpChannelState.java:804)
	at org.eclipse.jetty.server.internal.HttpConnection.onFillable(HttpConnection.java:420)
	at org.eclipse.jetty.server.internal.HttpConnection$FillableCallback.succeeded(HttpConnection.java:1790)
	at org.eclipse.jetty.io.FillInterest.fillable(FillInterest.java:105)
	at org.eclipse.jetty.io.SelectableChannelEndPoint$1.run(SelectableChannelEndPoint.java:54)
	at org.eclipse.jetty.util.thread.strategy.AdaptiveExecutionStrategy.runTask(AdaptiveExecutionStrategy.java:492)
	at org.eclipse.jetty.util.thread.strategy.AdaptiveExecutionStrategy.epcRunTask(AdaptiveExecutionStrategy.java:428)
	at org.eclipse.jetty.util.thread.strategy.AdaptiveExecutionStrategy.consumeTask(AdaptiveExecutionStrategy.java:401)
	at org.eclipse.jetty.util.thread.strategy.AdaptiveExecutionStrategy.tryProduce(AdaptiveExecutionStrategy.java:255)
	at org.eclipse.jetty.util.thread.strategy.AdaptiveExecutionStrategy.run(AdaptiveExecutionStrategy.java:204)
	at org.eclipse.jetty.util.thread.ReservedThreadExecutor$ReservedThread.run(ReservedThreadExecutor.java:317)
	at org.eclipse.jetty.util.thread.QueuedThreadPool.runJob(QueuedThreadPool.java:1009)
	at org.eclipse.jetty.util.thread.QueuedThreadPool$Runner.doRunJob(QueuedThreadPool.java:1240)
	at org.eclipse.jetty.util.thread.QueuedThreadPool$Runner.run(QueuedThreadPool.java:1194)
	at java.base/java.lang.Thread.run(Unknown Source)
[JettyServerThreadPool-107] WARN io.javalin.Javalin - Uncaught exception
org.eclipse.jetty.server.internal.HttpConnection$HttpEofException: Early EOF
	at org.eclipse.jetty.server.internal.HttpConnection$RequestHandler.earlyEOF(HttpConnection.java:1222)
	at org.eclipse.jetty.http.HttpParser.parseNext(HttpParser.java:1821)
	at org.eclipse.jetty.server.internal.HttpConnection.parseAndFillForContent(HttpConnection.java:559)
	at org.eclipse.jetty.server.internal.HttpConnection$HttpStreamOverHTTP1.read(HttpConnection.java:1467)
	at org.eclipse.jetty.server.HttpStream$Wrapper.read(HttpStream.java:184)
	at org.eclipse.jetty.server.HttpStream$Wrapper.read(HttpStream.java:184)
	at org.eclipse.jetty.server.internal.HttpChannelState$ChannelRequest.read(HttpChannelState.java:1042)
	at org.eclipse.jetty.server.Request$Wrapper.read(Request.java:962)
	at org.eclipse.jetty.server.handler.EventsHandler$EventsRequest.read(EventsHandler.java:407)
	at org.eclipse.jetty.server.Request$Wrapper.read(Request.java:962)
	at org.eclipse.jetty.ee10.servlet.AsyncContentProducer.readChunk(AsyncContentProducer.java:324)
	at org.eclipse.jetty.ee10.servlet.AsyncContentProducer.produceChunk(AsyncContentProducer.java:304)
	at org.eclipse.jetty.ee10.servlet.AsyncContentProducer.nextChunk(AsyncContentProducer.java:209)
	at org.eclipse.jetty.ee10.servlet.BlockingContentProducer.nextChunk(BlockingContentProducer.java:100)
	at org.eclipse.jetty.ee10.servlet.HttpInput.read(HttpInput.java:267)
	at org.eclipse.jetty.ee10.servlet.HttpInput.read(HttpInput.java:248)
	at java.base/java.io.InputStream.read(Unknown Source)
	at httparena.Main.upload(Main.java:97)
	at io.javalin.router.ParsedEndpoint.handleWithPathParams$javalin(ParsedEndpoint.kt:21)
	at io.javalin.router.ParsedEndpoint.handle(ParsedEndpoint.kt:15)
	at io.javalin.http.servlet.DefaultTasks.HTTP$lambda$0$1(DefaultTasks.kt:57)
	at io.javalin.http.servlet.JavalinServlet.handleTask(JavalinServlet.kt:108)
	at io.javalin.http.servlet.JavalinServlet.handleSync(JavalinServlet.kt:72)
	at io.javalin.http.servlet.JavalinServlet.handle(JavalinServlet.kt:58)
	at io.javalin.http.servlet.JavalinServlet.service(JavalinServlet.kt:38)
	at jakarta.servlet.http.HttpServlet.service(HttpServlet.java:614)
	at io.javalin.jetty.JavalinJettyServlet.service(JavalinJettyServlet.kt:49)
	at jakarta.servlet.http.HttpServlet.service(HttpServlet.java:614)
	at org.eclipse.jetty.ee10.servlet.ServletHolder.handle(ServletHolder.java:754)
	at org.eclipse.jetty.ee10.servlet.ServletHandler$ChainEnd.doFilter(ServletHandler.java:1642)
	at org.eclipse.jetty.ee10.servlet.ServletHandler$MappedServlet.handle(ServletHandler.java:1556)
	at org.eclipse.jetty.ee10.servlet.ServletChannel.dispatch(ServletChannel.java:871)
	at org.eclipse.jetty.ee10.servlet.ServletChannel.handle(ServletChannel.java:449)
	at org.eclipse.jetty.ee10.servlet.ServletHandler.handle(ServletHandler.java:469)
	at org.eclipse.jetty.ee10.servlet.SessionHandler.handle(SessionHandler.java:719)
	at org.eclipse.jetty.server.handler.ContextHandler.handle(ContextHandler.java:1253)
	at org.eclipse.jetty.server.Handler$Wrapper.handle(Handler.java:794)
	at org.eclipse.jetty.server.handler.EventsHandler.handle(EventsHandler.java:81)
	at org.eclipse.jetty.server.Server.handle(Server.java:197)
	at org.eclipse.jetty.server.internal.HttpChannelState$HandlerInvoker.run(HttpChannelState.java:804)
	at org.eclipse.jetty.server.internal.HttpConnection.onFillable(HttpConnection.java:420)
	at org.eclipse.jetty.server.internal.HttpConnection$FillableCallback.succeeded(HttpConnection.java:1790)
	at org.eclipse.jetty.io.FillInterest.fillable(FillInterest.java:105)
	at org.eclipse.jetty.io.SelectableChannelEndPoint$1.run(SelectableChannelEndPoint.java:54)
	at org.eclipse.jetty.util.thread.strategy.AdaptiveExecutionStrategy.runTask(AdaptiveExecutionStrategy.java:492)
	at org.eclipse.jetty.util.thread.strategy.AdaptiveExecutionStrategy.epcRunTask(AdaptiveExecutionStrategy.java:428)
	at org.eclipse.jetty.util.thread.strategy.AdaptiveExecutionStrategy.consumeTask(AdaptiveExecutionStrategy.java:401)
	at org.eclipse.jetty.util.thread.strategy.AdaptiveExecutionStrategy.tryProduce(AdaptiveExecutionStrategy.java:255)
	at org.eclipse.jetty.util.thread.strategy.AdaptiveExecutionStrategy.run(AdaptiveExecutionStrategy.java:204)
	at org.eclipse.jetty.util.thread.ReservedThreadExecutor$ReservedThread.run(ReservedThreadExecutor.java:317)
	at org.eclipse.jetty.util.thread.QueuedThreadPool.runJob(QueuedThreadPool.java:1009)
	at org.eclipse.jetty.util.thread.QueuedThreadPool$Runner.doRunJob(QueuedThreadPool.java:1240)
	at org.eclipse.jetty.util.thread.QueuedThreadPool$Runner.run(QueuedThreadPool.java:1194)
	at java.base/java.lang.Thread.run(Unknown Source)
[JettyServerThreadPool-133] WARN io.javalin.Javalin - Uncaught exception
org.eclipse.jetty.server.internal.HttpConnection$HttpEofException: Early EOF
	at org.eclipse.jetty.server.internal.HttpConnection$RequestHandler.earlyEOF(HttpConnection.java:1222)
	at org.eclipse.jetty.http.HttpParser.parseNext(HttpParser.java:1821)
	at org.eclipse.jetty.server.internal.HttpConnection.parseAndFillForContent(HttpConnection.java:559)
	at org.eclipse.jetty.server.internal.HttpConnection$HttpStreamOverHTTP1.read(HttpConnection.java:1467)
	at org.eclipse.jetty.server.HttpStream$Wrapper.read(HttpStream.java:184)
	at org.eclipse.jetty.server.HttpStream$Wrapper.read(HttpStream.java:184)
	at org.eclipse.jetty.server.internal.HttpChannelState$ChannelRequest.read(HttpChannelState.java:1042)
	at org.eclipse.jetty.server.Request$Wrapper.read(Request.java:962)
	at org.eclipse.jetty.server.handler.EventsHandler$EventsRequest.read(EventsHandler.java:407)
	at org.eclipse.jetty.server.Request$Wrapper.read(Request.java:962)
	at org.eclipse.jetty.ee10.servlet.AsyncContentProducer.readChunk(AsyncContentProducer.java:324)
	at org.eclipse.jetty.ee10.servlet.AsyncContentProducer.produceChunk(AsyncContentProducer.java:304)
	at org.eclipse.jetty.ee10.servlet.AsyncContentProducer.nextChunk(AsyncContentProducer.java:209)
	at org.eclipse.jetty.ee10.servlet.BlockingContentProducer.nextChunk(BlockingContentProducer.java:100)
	at org.eclipse.jetty.ee10.servlet.HttpInput.read(HttpInput.java:267)
	at org.eclipse.jetty.ee10.servlet.HttpInput.read(HttpInput.java:248)
	at java.base/java.io.InputStream.read(Unknown Source)
	at httparena.Main.upload(Main.java:97)
	at io.javalin.router.ParsedEndpoint.handleWithPathParams$javalin(ParsedEndpoint.kt:21)
	at io.javalin.router.ParsedEndpoint.handle(ParsedEndpoint.kt:15)
	at io.javalin.http.servlet.DefaultTasks.HTTP$lambda$0$1(DefaultTasks.kt:57)
	at io.javalin.http.servlet.JavalinServlet.handleTask(JavalinServlet.kt:108)
	at io.javalin.http.servlet.JavalinServlet.handleSync(JavalinServlet.kt:72)
	at io.javalin.http.servlet.JavalinServlet.handle(JavalinServlet.kt:58)
	at io.javalin.http.servlet.JavalinServlet.service(JavalinServlet.kt:38)
	at jakarta.servlet.http.HttpServlet.service(HttpServlet.java:614)
	at io.javalin.jetty.JavalinJettyServlet.service(JavalinJettyServlet.kt:49)
	at jakarta.servlet.http.HttpServlet.service(HttpServlet.java:614)
	at org.eclipse.jetty.ee10.servlet.ServletHolder.handle(ServletHolder.java:754)
	at org.eclipse.jetty.ee10.servlet.ServletHandler$ChainEnd.doFilter(ServletHandler.java:1642)
	at org.eclipse.jetty.ee10.servlet.ServletHandler$MappedServlet.handle(ServletHandler.java:1556)
	at org.eclipse.jetty.ee10.servlet.ServletChannel.dispatch(ServletChannel.java:871)
	at org.eclipse.jetty.ee10.servlet.ServletChannel.handle(ServletChannel.java:449)
	at org.eclipse.jetty.ee10.servlet.ServletHandler.handle(ServletHandler.java:469)
	at org.eclipse.jetty.ee10.servlet.SessionHandler.handle(SessionHandler.java:719)
	at org.eclipse.jetty.server.handler.ContextHandler.handle(ContextHandler.java:1253)
	at org.eclipse.jetty.server.Handler$Wrapper.handle(Handler.java:794)
	at org.eclipse.jetty.server.handler.EventsHandler.handle(EventsHandler.java:81)
	at org.eclipse.jetty.server.Server.handle(Server.java:197)
	at org.eclipse.jetty.server.internal.HttpChannelState$HandlerInvoker.run(HttpChannelState.java:804)
	at org.eclipse.jetty.server.internal.HttpConnection.onFillable(HttpConnection.java:420)
	at org.eclipse.jetty.server.internal.HttpConnection$FillableCallback.succeeded(HttpConnection.java:1790)
	at org.eclipse.jetty.io.FillInterest.fillable(FillInterest.java:105)
	at org.eclipse.jetty.io.SelectableChannelEndPoint$1.run(SelectableChannelEndPoint.java:54)
	at org.eclipse.jetty.util.thread.strategy.AdaptiveExecutionStrategy.runTask(AdaptiveExecutionStrategy.java:492)
	at org.eclipse.jetty.util.thread.strategy.AdaptiveExecutionStrategy.epcRunTask(AdaptiveExecutionStrategy.java:428)
	at org.eclipse.jetty.util.thread.strategy.AdaptiveExecutionStrategy.consumeTask(AdaptiveExecutionStrategy.java:401)
	at org.eclipse.jetty.util.thread.strategy.AdaptiveExecutionStrategy.tryProduce(AdaptiveExecutionStrategy.java:255)
	at org.eclipse.jetty.util.thread.strategy.AdaptiveExecutionStrategy.run(AdaptiveExecutionStrategy.java:204)
	at org.eclipse.jetty.util.thread.ReservedThreadExecutor$ReservedThread.run(ReservedThreadExecutor.java:317)
	at org.eclipse.jetty.util.thread.QueuedThreadPool.runJob(QueuedThreadPool.java:1009)
	at org.eclipse.jetty.util.thread.QueuedThreadPool$Runner.doRunJob(QueuedThreadPool.java:1240)
	at org.eclipse.jetty.util.thread.QueuedThreadPool$Runner.run(QueuedThreadPool.java:1194)
	at java.base/java.lang.Thread.run(Unknown Source)
[JettyServerThreadPool-135] WARN io.javalin.Javalin - Uncaught exception
org.eclipse.jetty.server.internal.HttpConnection$HttpEofException: Early EOF
	at org.eclipse.jetty.server.internal.HttpConnection$RequestHandler.earlyEOF(HttpConnection.java:1222)
	at org.eclipse.jetty.http.HttpParser.parseNext(HttpParser.java:1821)
	at org.eclipse.jetty.server.internal.HttpConnection.parseAndFillForContent(HttpConnection.java:559)
	at org.eclipse.jetty.server.internal.HttpConnection$HttpStreamOverHTTP1.read(HttpConnection.java:1467)
	at org.eclipse.jetty.server.HttpStream$Wrapper.read(HttpStream.java:184)
	at org.eclipse.jetty.server.HttpStream$Wrapper.read(HttpStream.java:184)
	at org.eclipse.jetty.server.internal.HttpChannelState$ChannelRequest.read(HttpChannelState.java:1042)
	at org.eclipse.jetty.server.Request$Wrapper.read(Request.java:962)
	at org.eclipse.jetty.server.handler.EventsHandler$EventsRequest.read(EventsHandler.java:407)
	at org.eclipse.jetty.server.Request$Wrapper.read(Request.java:962)
	at org.eclipse.jetty.ee10.servlet.AsyncContentProducer.readChunk(AsyncContentProducer.java:324)
	at org.eclipse.jetty.ee10.servlet.AsyncContentProducer.produceChunk(AsyncContentProducer.java:304)
	at org.eclipse.jetty.ee10.servlet.AsyncContentProducer.nextChunk(AsyncContentProducer.java:209)
	at org.eclipse.jetty.ee10.servlet.BlockingContentProducer.nextChunk(BlockingContentProducer.java:100)
	at org.eclipse.jetty.ee10.servlet.HttpInput.read(HttpInput.java:267)
	at org.eclipse.jetty.ee10.servlet.HttpInput.read(HttpInput.java:248)
	at java.base/java.io.InputStream.read(Unknown Source)
	at httparena.Main.upload(Main.java:97)
	at io.javalin.router.ParsedEndpoint.handleWithPathParams$javalin(ParsedEndpoint.kt:21)
	at io.javalin.router.ParsedEndpoint.handle(ParsedEndpoint.kt:15)
	at io.javalin.http.servlet.DefaultTasks.HTTP$lambda$0$1(DefaultTasks.kt:57)
	at io.javalin.http.servlet.JavalinServlet.handleTask(JavalinServlet.kt:108)
	at io.javalin.http.servlet.JavalinServlet.handleSync(JavalinServlet.kt:72)
	at io.javalin.http.servlet.JavalinServlet.handle(JavalinServlet.kt:58)
	at io.javalin.http.servlet.JavalinServlet.service(JavalinServlet.kt:38)
	at jakarta.servlet.http.HttpServlet.service(HttpServlet.java:614)
	at io.javalin.jetty.JavalinJettyServlet.service(JavalinJettyServlet.kt:49)
	at jakarta.servlet.http.HttpServlet.service(HttpServlet.java:614)
	at org.eclipse.jetty.ee10.servlet.ServletHolder.handle(ServletHolder.java:754)
	at org.eclipse.jetty.ee10.servlet.ServletHandler$ChainEnd.doFilter(ServletHandler.java:1642)
	at org.eclipse.jetty.ee10.servlet.ServletHandler$MappedServlet.handle(ServletHandler.java:1556)
	at org.eclipse.jetty.ee10.servlet.ServletChannel.dispatch(ServletChannel.java:871)
	at org.eclipse.jetty.ee10.servlet.ServletChannel.handle(ServletChannel.java:449)
	at org.eclipse.jetty.ee10.servlet.ServletHandler.handle(ServletHandler.java:469)
	at org.eclipse.jetty.ee10.servlet.SessionHandler.handle(SessionHandler.java:719)
	at org.eclipse.jetty.server.handler.ContextHandler.handle(ContextHandler.java:1253)
	at org.eclipse.jetty.server.Handler$Wrapper.handle(Handler.java:794)
	at org.eclipse.jetty.server.handler.EventsHandler.handle(EventsHandler.java:81)
	at org.eclipse.jetty.server.Server.handle(Server.java:197)
	at org.eclipse.jetty.server.internal.HttpChannelState$HandlerInvoker.run(HttpChannelState.java:804)
	at org.eclipse.jetty.server.internal.HttpConnection.onFillable(HttpConnection.java:420)
	at org.eclipse.jetty.server.internal.HttpConnection$FillableCallback.succeeded(HttpConnection.java:1790)
	at org.eclipse.jetty.io.FillInterest.fillable(FillInterest.java:105)
	at org.eclipse.jetty.io.SelectableChannelEndPoint$1.run(SelectableChannelEndPoint.java:54)
	at org.eclipse.jetty.util.thread.strategy.AdaptiveExecutionStrategy.runTask(AdaptiveExecutionStrategy.java:492)
	at org.eclipse.jetty.util.thread.strategy.AdaptiveExecutionStrategy.epcRunTask(AdaptiveExecutionStrategy.java:428)
	at org.eclipse.jetty.util.thread.strategy.AdaptiveExecutionStrategy.consumeTask(AdaptiveExecutionStrategy.java:401)
	at org.eclipse.jetty.util.thread.strategy.AdaptiveExecutionStrategy.tryProduce(AdaptiveExecutionStrategy.java:255)
	at org.eclipse.jetty.util.thread.strategy.AdaptiveExecutionStrategy.run(AdaptiveExecutionStrategy.java:204)
	at org.eclipse.jetty.util.thread.ReservedThreadExecutor$ReservedThread.run(ReservedThreadExecutor.java:317)
	at org.eclipse.jetty.util.thread.QueuedThreadPool.runJob(QueuedThreadPool.java:1009)
	at org.eclipse.jetty.util.thread.QueuedThreadPool$Runner.doRunJob(QueuedThreadPool.java:1240)
	at org.eclipse.jetty.util.thread.QueuedThreadPool$Runner.run(QueuedThreadPool.java:1194)
	at java.base/java.lang.Thread.run(Unknown Source)
[JettyServerThreadPool-119] WARN io.javalin.Javalin - Uncaught exception
org.eclipse.jetty.server.internal.HttpConnection$HttpEofException: Early EOF
	at org.eclipse.jetty.server.internal.HttpConnection$RequestHandler.earlyEOF(HttpConnection.java:1222)
	at org.eclipse.jetty.http.HttpParser.parseNext(HttpParser.java:1821)
	at org.eclipse.jetty.server.internal.HttpConnection.parseAndFillForContent(HttpConnection.java:559)
	at org.eclipse.jetty.server.internal.HttpConnection$HttpStreamOverHTTP1.read(HttpConnection.java:1467)
	at org.eclipse.jetty.server.HttpStream$Wrapper.read(HttpStream.java:184)
	at org.eclipse.jetty.server.HttpStream$Wrapper.read(HttpStream.java:184)
	at org.eclipse.jetty.server.internal.HttpChannelState$ChannelRequest.read(HttpChannelState.java:1042)
	at org.eclipse.jetty.server.Request$Wrapper.read(Request.java:962)
	at org.eclipse.jetty.server.handler.EventsHandler$EventsRequest.read(EventsHandler.java:407)
	at org.eclipse.jetty.server.Request$Wrapper.read(Request.java:962)
	at org.eclipse.jetty.ee10.servlet.AsyncContentProducer.readChunk(AsyncContentProducer.java:324)
	at org.eclipse.jetty.ee10.servlet.AsyncContentProducer.produceChunk(AsyncContentProducer.java:304)
	at org.eclipse.jetty.ee10.servlet.AsyncContentProducer.nextChunk(AsyncContentProducer.java:209)
	at org.eclipse.jetty.ee10.servlet.BlockingContentProducer.nextChunk(BlockingContentProducer.java:100)
	at org.eclipse.jetty.ee10.servlet.HttpInput.read(HttpInput.java:267)
	at org.eclipse.jetty.ee10.servlet.HttpInput.read(HttpInput.java:248)
	at java.base/java.io.InputStream.read(Unknown Source)
	at httparena.Main.upload(Main.java:97)
	at io.javalin.router.ParsedEndpoint.handleWithPathParams$javalin(ParsedEndpoint.kt:21)
	at io.javalin.router.ParsedEndpoint.handle(ParsedEndpoint.kt:15)
	at io.javalin.http.servlet.DefaultTasks.HTTP$lambda$0$1(DefaultTasks.kt:57)
	at io.javalin.http.servlet.JavalinServlet.handleTask(JavalinServlet.kt:108)
	at io.javalin.http.servlet.JavalinServlet.handleSync(JavalinServlet.kt:72)
	at io.javalin.http.servlet.JavalinServlet.handle(JavalinServlet.kt:58)
	at io.javalin.http.servlet.JavalinServlet.service(JavalinServlet.kt:38)
	at jakarta.servlet.http.HttpServlet.service(HttpServlet.java:614)
	at io.javalin.jetty.JavalinJettyServlet.service(JavalinJettyServlet.kt:49)
	at jakarta.servlet.http.HttpServlet.service(HttpServlet.java:614)
	at org.eclipse.jetty.ee10.servlet.ServletHolder.handle(ServletHolder.java:754)
	at org.eclipse.jetty.ee10.servlet.ServletHandler$ChainEnd.doFilter(ServletHandler.java:1642)
	at org.eclipse.jetty.ee10.servlet.ServletHandler$MappedServlet.handle(ServletHandler.java:1556)
	at org.eclipse.jetty.ee10.servlet.ServletChannel.dispatch(ServletChannel.java:871)
	at org.eclipse.jetty.ee10.servlet.ServletChannel.handle(ServletChannel.java:449)
	at org.eclipse.jetty.ee10.servlet.ServletHandler.handle(ServletHandler.java:469)
	at org.eclipse.jetty.ee10.servlet.SessionHandler.handle(SessionHandler.java:719)
	at org.eclipse.jetty.server.handler.ContextHandler.handle(ContextHandler.java:1253)
	at org.eclipse.jetty.server.Handler$Wrapper.handle(Handler.java:794)
	at org.eclipse.jetty.server.handler.EventsHandler.handle(EventsHandler.java:81)
	at org.eclipse.jetty.server.Server.handle(Server.java:197)
	at org.eclipse.jetty.server.internal.HttpChannelState$HandlerInvoker.run(HttpChannelState.java:804)
	at org.eclipse.jetty.server.internal.HttpConnection.onFillable(HttpConnection.java:420)
	at org.eclipse.jetty.server.internal.HttpConnection$FillableCallback.succeeded(HttpConnection.java:1790)
	at org.eclipse.jetty.io.FillInterest.fillable(FillInterest.java:105)
	at org.eclipse.jetty.io.SelectableChannelEndPoint$1.run(SelectableChannelEndPoint.java:54)
	at org.eclipse.jetty.util.thread.strategy.AdaptiveExecutionStrategy.runTask(AdaptiveExecutionStrategy.java:492)
	at org.eclipse.jetty.util.thread.strategy.AdaptiveExecutionStrategy.epcRunTask(AdaptiveExecutionStrategy.java:428)
	at org.eclipse.jetty.util.thread.strategy.AdaptiveExecutionStrategy.consumeTask(AdaptiveExecutionStrategy.java:401)
	at org.eclipse.jetty.util.thread.strategy.AdaptiveExecutionStrategy.tryProduce(AdaptiveExecutionStrategy.java:255)
	at org.eclipse.jetty.util.thread.strategy.AdaptiveExecutionStrategy.run(AdaptiveExecutionStrategy.java:204)
	at org.eclipse.jetty.util.thread.ReservedThreadExecutor$ReservedThread.run(ReservedThreadExecutor.java:317)
	at org.eclipse.jetty.util.thread.QueuedThreadPool.runJob(QueuedThreadPool.java:1009)
	at org.eclipse.jetty.util.thread.QueuedThreadPool$Runner.doRunJob(QueuedThreadPool.java:1240)
	at org.eclipse.jetty.util.thread.QueuedThreadPool$Runner.run(QueuedThreadPool.java:1194)
	at java.base/java.lang.Thread.run(Unknown Source)
[JettyServerThreadPool-97] WARN io.javalin.Javalin - Uncaught exception
org.eclipse.jetty.server.internal.HttpConnection$HttpEofException: Early EOF
	at org.eclipse.jetty.server.internal.HttpConnection$RequestHandler.earlyEOF(HttpConnection.java:1222)
	at org.eclipse.jetty.http.HttpParser.parseNext(HttpParser.java:1821)
	at org.eclipse.jetty.server.internal.HttpConnection.parseAndFillForContent(HttpConnection.java:559)
	at org.eclipse.jetty.server.internal.HttpConnection$HttpStreamOverHTTP1.read(HttpConnection.java:1467)
	at org.eclipse.jetty.server.HttpStream$Wrapper.read(HttpStream.java:184)
	at org.eclipse.jetty.server.HttpStream$Wrapper.read(HttpStream.java:184)
	at org.eclipse.jetty.server.internal.HttpChannelState$ChannelRequest.read(HttpChannelState.java:1042)
	at org.eclipse.jetty.server.Request$Wrapper.read(Request.java:962)
	at org.eclipse.jetty.server.handler.EventsHandler$EventsRequest.read(EventsHandler.java:407)
	at org.eclipse.jetty.server.Request$Wrapper.read(Request.java:962)
	at org.eclipse.jetty.ee10.servlet.AsyncContentProducer.readChunk(AsyncContentProducer.java:324)
	at org.eclipse.jetty.ee10.servlet.AsyncContentProducer.produceChunk(AsyncContentProducer.java:304)
	at org.eclipse.jetty.ee10.servlet.AsyncContentProducer.nextChunk(AsyncContentProducer.java:209)
	at org.eclipse.jetty.ee10.servlet.BlockingContentProducer.nextChunk(BlockingContentProducer.java:100)
	at org.eclipse.jetty.ee10.servlet.HttpInput.read(HttpInput.java:267)
	at org.eclipse.jetty.ee10.servlet.HttpInput.read(HttpInput.java:248)
	at java.base/java.io.InputStream.read(Unknown Source)
	at httparena.Main.upload(Main.java:97)
	at io.javalin.router.ParsedEndpoint.handleWithPathParams$javalin(ParsedEndpoint.kt:21)
	at io.javalin.router.ParsedEndpoint.handle(ParsedEndpoint.kt:15)
	at io.javalin.http.servlet.DefaultTasks.HTTP$lambda$0$1(DefaultTasks.kt:57)
	at io.javalin.http.servlet.JavalinServlet.handleTask(JavalinServlet.kt:108)
	at io.javalin.http.servlet.JavalinServlet.handleSync(JavalinServlet.kt:72)
	at io.javalin.http.servlet.JavalinServlet.handle(JavalinServlet.kt:58)
	at io.javalin.http.servlet.JavalinServlet.service(JavalinServlet.kt:38)
	at jakarta.servlet.http.HttpServlet.service(HttpServlet.java:614)
	at io.javalin.jetty.JavalinJettyServlet.service(JavalinJettyServlet.kt:49)
	at jakarta.servlet.http.HttpServlet.service(HttpServlet.java:614)
	at org.eclipse.jetty.ee10.servlet.ServletHolder.handle(ServletHolder.java:754)
	at org.eclipse.jetty.ee10.servlet.ServletHandler$ChainEnd.doFilter(ServletHandler.java:1642)
	at org.eclipse.jetty.ee10.servlet.ServletHandler$MappedServlet.handle(ServletHandler.java:1556)
	at org.eclipse.jetty.ee10.servlet.ServletChannel.dispatch(ServletChannel.java:871)
	at org.eclipse.jetty.ee10.servlet.ServletChannel.handle(ServletChannel.java:449)
	at org.eclipse.jetty.ee10.servlet.ServletHandler.handle(ServletHandler.java:469)
	at org.eclipse.jetty.ee10.servlet.SessionHandler.handle(SessionHandler.java:719)
	at org.eclipse.jetty.server.handler.ContextHandler.handle(ContextHandler.java:1253)
	at org.eclipse.jetty.server.Handler$Wrapper.handle(Handler.java:794)
	at org.eclipse.jetty.server.handler.EventsHandler.handle(EventsHandler.java:81)
	at org.eclipse.jetty.server.Server.handle(Server.java:197)
	at org.eclipse.jetty.server.internal.HttpChannelState$HandlerInvoker.run(HttpChannelState.java:804)
	at org.eclipse.jetty.server.internal.HttpConnection.onFillable(HttpConnection.java:420)
	at org.eclipse.jetty.server.internal.HttpConnection$FillableCallback.succeeded(HttpConnection.java:1790)
	at org.eclipse.jetty.io.FillInterest.fillable(FillInterest.java:105)
	at org.eclipse.jetty.io.SelectableChannelEndPoint$1.run(SelectableChannelEndPoint.java:54)
	at org.eclipse.jetty.util.thread.strategy.AdaptiveExecutionStrategy.runTask(AdaptiveExecutionStrategy.java:492)
	at org.eclipse.jetty.util.thread.strategy.AdaptiveExecutionStrategy.epcRunTask(AdaptiveExecutionStrategy.java:428)
	at org.eclipse.jetty.util.thread.strategy.AdaptiveExecutionStrategy.consumeTask(AdaptiveExecutionStrategy.java:401)
	at org.eclipse.jetty.util.thread.strategy.AdaptiveExecutionStrategy.tryProduce(AdaptiveExecutionStrategy.java:255)
	at org.eclipse.jetty.util.thread.strategy.AdaptiveExecutionStrategy.run(AdaptiveExecutionStrategy.java:204)
	at org.eclipse.jetty.util.thread.ReservedThreadExecutor$ReservedThread.run(ReservedThreadExecutor.java:317)
	at org.eclipse.jetty.util.thread.QueuedThreadPool.runJob(QueuedThreadPool.java:1009)
	at org.eclipse.jetty.util.thread.QueuedThreadPool$Runner.doRunJob(QueuedThreadPool.java:1240)
	at org.eclipse.jetty.util.thread.QueuedThreadPool$Runner.run(QueuedThreadPool.java:1194)
	at java.base/java.lang.Thread.run(Unknown Source)
[JettyServerThreadPool-113] WARN io.javalin.Javalin - Uncaught exception
org.eclipse.jetty.server.internal.HttpConnection$HttpEofException: Early EOF
	at org.eclipse.jetty.server.internal.HttpConnection$RequestHandler.earlyEOF(HttpConnection.java:1222)
	at org.eclipse.jetty.http.HttpParser.parseNext(HttpParser.java:1821)
	at org.eclipse.jetty.server.internal.HttpConnection.parseAndFillForContent(HttpConnection.java:559)
	at org.eclipse.jetty.server.internal.HttpConnection$HttpStreamOverHTTP1.read(HttpConnection.java:1467)
	at org.eclipse.jetty.server.HttpStream$Wrapper.read(HttpStream.java:184)
	at org.eclipse.jetty.server.HttpStream$Wrapper.read(HttpStream.java:184)
	at org.eclipse.jetty.server.internal.HttpChannelState$ChannelRequest.read(HttpChannelState.java:1042)
	at org.eclipse.jetty.server.Request$Wrapper.read(Request.java:962)
	at org.eclipse.jetty.server.handler.EventsHandler$EventsRequest.read(EventsHandler.java:407)
	at org.eclipse.jetty.server.Request$Wrapper.read(Request.java:962)
	at org.eclipse.jetty.ee10.servlet.AsyncContentProducer.readChunk(AsyncContentProducer.java:324)
	at org.eclipse.jetty.ee10.servlet.AsyncContentProducer.produceChunk(AsyncContentProducer.java:304)
	at org.eclipse.jetty.ee10.servlet.AsyncContentProducer.nextChunk(AsyncContentProducer.java:209)
	at org.eclipse.jetty.ee10.servlet.BlockingContentProducer.nextChunk(BlockingContentProducer.java:100)
	at org.eclipse.jetty.ee10.servlet.HttpInput.read(HttpInput.java:267)
	at org.eclipse.jetty.ee10.servlet.HttpInput.read(HttpInput.java:248)
	at java.base/java.io.InputStream.read(Unknown Source)
	at httparena.Main.upload(Main.java:97)
	at io.javalin.router.ParsedEndpoint.handleWithPathParams$javalin(ParsedEndpoint.kt:21)
	at io.javalin.router.ParsedEndpoint.handle(ParsedEndpoint.kt:15)
	at io.javalin.http.servlet.DefaultTasks.HTTP$lambda$0$1(DefaultTasks.kt:57)
	at io.javalin.http.servlet.JavalinServlet.handleTask(JavalinServlet.kt:108)
	at io.javalin.http.servlet.JavalinServlet.handleSync(JavalinServlet.kt:72)
	at io.javalin.http.servlet.JavalinServlet.handle(JavalinServlet.kt:58)
	at io.javalin.http.servlet.JavalinServlet.service(JavalinServlet.kt:38)
	at jakarta.servlet.http.HttpServlet.service(HttpServlet.java:614)
	at io.javalin.jetty.JavalinJettyServlet.service(JavalinJettyServlet.kt:49)
	at jakarta.servlet.http.HttpServlet.service(HttpServlet.java:614)
	at org.eclipse.jetty.ee10.servlet.ServletHolder.handle(ServletHolder.java:754)
	at org.eclipse.jetty.ee10.servlet.ServletHandler$ChainEnd.doFilter(ServletHandler.java:1642)
	at org.eclipse.jetty.ee10.servlet.ServletHandler$MappedServlet.handle(ServletHandler.java:1556)
	at org.eclipse.jetty.ee10.servlet.ServletChannel.dispatch(ServletChannel.java:871)
	at org.eclipse.jetty.ee10.servlet.ServletChannel.handle(ServletChannel.java:449)
	at org.eclipse.jetty.ee10.servlet.ServletHandler.handle(ServletHandler.java:469)
	at org.eclipse.jetty.ee10.servlet.SessionHandler.handle(SessionHandler.java:719)
	at org.eclipse.jetty.server.handler.ContextHandler.handle(ContextHandler.java:1253)
	at org.eclipse.jetty.server.Handler$Wrapper.handle(Handler.java:794)
	at org.eclipse.jetty.server.handler.EventsHandler.handle(EventsHandler.java:81)
	at org.eclipse.jetty.server.Server.handle(Server.java:197)
	at org.eclipse.jetty.server.internal.HttpChannelState$HandlerInvoker.run(HttpChannelState.java:804)
	at org.eclipse.jetty.server.internal.HttpConnection.onFillable(HttpConnection.java:420)
	at org.eclipse.jetty.server.internal.HttpConnection$FillableCallback.succeeded(HttpConnection.java:1790)
	at org.eclipse.jetty.io.FillInterest.fillable(FillInterest.java:105)
	at org.eclipse.jetty.io.SelectableChannelEndPoint$1.run(SelectableChannelEndPoint.java:54)
	at org.eclipse.jetty.util.thread.strategy.AdaptiveExecutionStrategy.runTask(AdaptiveExecutionStrategy.java:492)
	at org.eclipse.jetty.util.thread.strategy.AdaptiveExecutionStrategy.epcRunTask(AdaptiveExecutionStrategy.java:428)
	at org.eclipse.jetty.util.thread.strategy.AdaptiveExecutionStrategy.consumeTask(AdaptiveExecutionStrategy.java:401)
	at org.eclipse.jetty.util.thread.strategy.AdaptiveExecutionStrategy.tryProduce(AdaptiveExecutionStrategy.java:255)
	at org.eclipse.jetty.util.thread.strategy.AdaptiveExecutionStrategy.run(AdaptiveExecutionStrategy.java:204)
	at org.eclipse.jetty.util.thread.ReservedThreadExecutor$ReservedThread.run(ReservedThreadExecutor.java:317)
	at org.eclipse.jetty.util.thread.QueuedThreadPool.runJob(QueuedThreadPool.java:1009)
	at org.eclipse.jetty.util.thread.QueuedThreadPool$Runner.doRunJob(QueuedThreadPool.java:1240)
	at org.eclipse.jetty.util.thread.QueuedThreadPool$Runner.run(QueuedThreadPool.java:1194)
	at java.base/java.lang.Thread.run(Unknown Source)
[JettyServerThreadPool-132] WARN io.javalin.Javalin - Uncaught exception
org.eclipse.jetty.server.internal.HttpConnection$HttpEofException: Early EOF
	at org.eclipse.jetty.server.internal.HttpConnection$RequestHandler.earlyEOF(HttpConnection.java:1222)
	at org.eclipse.jetty.http.HttpParser.parseNext(HttpParser.java:1821)
	at org.eclipse.jetty.server.internal.HttpConnection.parseAndFillForContent(HttpConnection.java:559)
	at org.eclipse.jetty.server.internal.HttpConnection$HttpStreamOverHTTP1.read(HttpConnection.java:1467)
	at org.eclipse.jetty.server.HttpStream$Wrapper.read(HttpStream.java:184)
	at org.eclipse.jetty.server.HttpStream$Wrapper.read(HttpStream.java:184)
	at org.eclipse.jetty.server.internal.HttpChannelState$ChannelRequest.read(HttpChannelState.java:1042)
	at org.eclipse.jetty.server.Request$Wrapper.read(Request.java:962)
	at org.eclipse.jetty.server.handler.EventsHandler$EventsRequest.read(EventsHandler.java:407)
	at org.eclipse.jetty.server.Request$Wrapper.read(Request.java:962)
	at org.eclipse.jetty.ee10.servlet.AsyncContentProducer.readChunk(AsyncContentProducer.java:324)
	at org.eclipse.jetty.ee10.servlet.AsyncContentProducer.produceChunk(AsyncContentProducer.java:304)
	at org.eclipse.jetty.ee10.servlet.AsyncContentProducer.nextChunk(AsyncContentProducer.java:209)
	at org.eclipse.jetty.ee10.servlet.BlockingContentProducer.nextChunk(BlockingContentProducer.java:100)
	at org.eclipse.jetty.ee10.servlet.HttpInput.read(HttpInput.java:267)
	at org.eclipse.jetty.ee10.servlet.HttpInput.read(HttpInput.java:248)
	at java.base/java.io.InputStream.read(Unknown Source)
	at httparena.Main.upload(Main.java:97)
	at io.javalin.router.ParsedEndpoint.handleWithPathParams$javalin(ParsedEndpoint.kt:21)
	at io.javalin.router.ParsedEndpoint.handle(ParsedEndpoint.kt:15)
	at io.javalin.http.servlet.DefaultTasks.HTTP$lambda$0$1(DefaultTasks.kt:57)
	at io.javalin.http.servlet.JavalinServlet.handleTask(JavalinServlet.kt:108)
	at io.javalin.http.servlet.JavalinServlet.handleSync(JavalinServlet.kt:72)
	at io.javalin.http.servlet.JavalinServlet.handle(JavalinServlet.kt:58)
	at io.javalin.http.servlet.JavalinServlet.service(JavalinServlet.kt:38)
	at jakarta.servlet.http.HttpServlet.service(HttpServlet.java:614)
	at io.javalin.jetty.JavalinJettyServlet.service(JavalinJettyServlet.kt:49)
	at jakarta.servlet.http.HttpServlet.service(HttpServlet.java:614)
	at org.eclipse.jetty.ee10.servlet.ServletHolder.handle(ServletHolder.java:754)
	at org.eclipse.jetty.ee10.servlet.ServletHandler$ChainEnd.doFilter(ServletHandler.java:1642)
	at org.eclipse.jetty.ee10.servlet.ServletHandler$MappedServlet.handle(ServletHandler.java:1556)
	at org.eclipse.jetty.ee10.servlet.ServletChannel.dispatch(ServletChannel.java:871)
	at org.eclipse.jetty.ee10.servlet.ServletChannel.handle(ServletChannel.java:449)
	at org.eclipse.jetty.ee10.servlet.ServletHandler.handle(ServletHandler.java:469)
	at org.eclipse.jetty.ee10.servlet.SessionHandler.handle(SessionHandler.java:719)
	at org.eclipse.jetty.server.handler.ContextHandler.handle(ContextHandler.java:1253)
	at org.eclipse.jetty.server.Handler$Wrapper.handle(Handler.java:794)
	at org.eclipse.jetty.server.handler.EventsHandler.handle(EventsHandler.java:81)
	at org.eclipse.jetty.server.Server.handle(Server.java:197)
	at org.eclipse.jetty.server.internal.HttpChannelState$HandlerInvoker.run(HttpChannelState.java:804)
	at org.eclipse.jetty.server.internal.HttpConnection.onFillable(HttpConnection.java:420)
	at org.eclipse.jetty.server.internal.HttpConnection$FillableCallback.succeeded(HttpConnection.java:1790)
	at org.eclipse.jetty.io.FillInterest.fillable(FillInterest.java:105)
	at org.eclipse.jetty.io.SelectableChannelEndPoint$1.run(SelectableChannelEndPoint.java:54)
	at org.eclipse.jetty.util.thread.strategy.AdaptiveExecutionStrategy.runTask(AdaptiveExecutionStrategy.java:492)
	at org.eclipse.jetty.util.thread.strategy.AdaptiveExecutionStrategy.epcRunTask(AdaptiveExecutionStrategy.java:428)
	at org.eclipse.jetty.util.thread.strategy.AdaptiveExecutionStrategy.consumeTask(AdaptiveExecutionStrategy.java:401)
	at org.eclipse.jetty.util.thread.strategy.AdaptiveExecutionStrategy.tryProduce(AdaptiveExecutionStrategy.java:255)
	at org.eclipse.jetty.util.thread.strategy.AdaptiveExecutionStrategy.run(AdaptiveExecutionStrategy.java:204)
	at org.eclipse.jetty.util.thread.ReservedThreadExecutor$ReservedThread.run(ReservedThreadExecutor.java:317)
	at org.eclipse.jetty.util.thread.QueuedThreadPool.runJob(QueuedThreadPool.java:1009)
	at org.eclipse.jetty.util.thread.QueuedThreadPool$Runner.doRunJob(QueuedThreadPool.java:1240)
	at org.eclipse.jetty.util.thread.QueuedThreadPool$Runner.run(QueuedThreadPool.java:1194)
	at java.base/java.lang.Thread.run(Unknown Source)
[JettyServerThreadPool-120] WARN io.javalin.Javalin - Uncaught exception
org.eclipse.jetty.server.internal.HttpConnection$HttpEofException: Early EOF
	at org.eclipse.jetty.server.internal.HttpConnection$RequestHandler.earlyEOF(HttpConnection.java:1222)
	at org.eclipse.jetty.http.HttpParser.parseNext(HttpParser.java:1821)
	at org.eclipse.jetty.server.internal.HttpConnection.parseAndFillForContent(HttpConnection.java:559)
	at org.eclipse.jetty.server.internal.HttpConnection$HttpStreamOverHTTP1.read(HttpConnection.java:1467)
	at org.eclipse.jetty.server.HttpStream$Wrapper.read(HttpStream.java:184)
	at org.eclipse.jetty.server.HttpStream$Wrapper.read(HttpStream.java:184)
	at org.eclipse.jetty.server.internal.HttpChannelState$ChannelRequest.read(HttpChannelState.java:1042)
	at org.eclipse.jetty.server.Request$Wrapper.read(Request.java:962)
	at org.eclipse.jetty.server.handler.EventsHandler$EventsRequest.read(EventsHandler.java:407)
	at org.eclipse.jetty.server.Request$Wrapper.read(Request.java:962)
	at org.eclipse.jetty.ee10.servlet.AsyncContentProducer.readChunk(AsyncContentProducer.java:324)
	at org.eclipse.jetty.ee10.servlet.AsyncContentProducer.produceChunk(AsyncContentProducer.java:304)
	at org.eclipse.jetty.ee10.servlet.AsyncContentProducer.nextChunk(AsyncContentProducer.java:209)
	at org.eclipse.jetty.ee10.servlet.BlockingContentProducer.nextChunk(BlockingContentProducer.java:100)
	at org.eclipse.jetty.ee10.servlet.HttpInput.read(HttpInput.java:267)
	at org.eclipse.jetty.ee10.servlet.HttpInput.read(HttpInput.java:248)
	at java.base/java.io.InputStream.read(Unknown Source)
	at httparena.Main.upload(Main.java:97)
	at io.javalin.router.ParsedEndpoint.handleWithPathParams$javalin(ParsedEndpoint.kt:21)
	at io.javalin.router.ParsedEndpoint.handle(ParsedEndpoint.kt:15)
	at io.javalin.http.servlet.DefaultTasks.HTTP$lambda$0$1(DefaultTasks.kt:57)
	at io.javalin.http.servlet.JavalinServlet.handleTask(JavalinServlet.kt:108)
	at io.javalin.http.servlet.JavalinServlet.handleSync(JavalinServlet.kt:72)
	at io.javalin.http.servlet.JavalinServlet.handle(JavalinServlet.kt:58)
	at io.javalin.http.servlet.JavalinServlet.service(JavalinServlet.kt:38)
	at jakarta.servlet.http.HttpServlet.service(HttpServlet.java:614)
	at io.javalin.jetty.JavalinJettyServlet.service(JavalinJettyServlet.kt:49)
	at jakarta.servlet.http.HttpServlet.service(HttpServlet.java:614)
	at org.eclipse.jetty.ee10.servlet.ServletHolder.handle(ServletHolder.java:754)
	at org.eclipse.jetty.ee10.servlet.ServletHandler$ChainEnd.doFilter(ServletHandler.java:1642)
	at org.eclipse.jetty.ee10.servlet.ServletHandler$MappedServlet.handle(ServletHandler.java:1556)
	at org.eclipse.jetty.ee10.servlet.ServletChannel.dispatch(ServletChannel.java:871)
	at org.eclipse.jetty.ee10.servlet.ServletChannel.handle(ServletChannel.java:449)
	at org.eclipse.jetty.ee10.servlet.ServletHandler.handle(ServletHandler.java:469)
	at org.eclipse.jetty.ee10.servlet.SessionHandler.handle(SessionHandler.java:719)
	at org.eclipse.jetty.server.handler.ContextHandler.handle(ContextHandler.java:1253)
	at org.eclipse.jetty.server.Handler$Wrapper.handle(Handler.java:794)
	at org.eclipse.jetty.server.handler.EventsHandler.handle(EventsHandler.java:81)
	at org.eclipse.jetty.server.Server.handle(Server.java:197)
	at org.eclipse.jetty.server.internal.HttpChannelState$HandlerInvoker.run(HttpChannelState.java:804)
	at org.eclipse.jetty.server.internal.HttpConnection.onFillable(HttpConnection.java:420)
	at org.eclipse.jetty.server.internal.HttpConnection$FillableCallback.succeeded(HttpConnection.java:1790)
	at org.eclipse.jetty.io.FillInterest.fillable(FillInterest.java:105)
	at org.eclipse.jetty.io.SelectableChannelEndPoint$1.run(SelectableChannelEndPoint.java:54)
	at org.eclipse.jetty.util.thread.strategy.AdaptiveExecutionStrategy.runTask(AdaptiveExecutionStrategy.java:492)
	at org.eclipse.jetty.util.thread.strategy.AdaptiveExecutionStrategy.epcRunTask(AdaptiveExecutionStrategy.java:428)
	at org.eclipse.jetty.util.thread.strategy.AdaptiveExecutionStrategy.consumeTask(AdaptiveExecutionStrategy.java:401)
	at org.eclipse.jetty.util.thread.strategy.AdaptiveExecutionStrategy.tryProduce(AdaptiveExecutionStrategy.java:255)
	at org.eclipse.jetty.util.thread.strategy.AdaptiveExecutionStrategy.run(AdaptiveExecutionStrategy.java:204)
	at org.eclipse.jetty.util.thread.ReservedThreadExecutor$ReservedThread.run(ReservedThreadExecutor.java:317)
	at org.eclipse.jetty.util.thread.QueuedThreadPool.runJob(QueuedThreadPool.java:1009)
	at org.eclipse.jetty.util.thread.QueuedThreadPool$Runner.doRunJob(QueuedThreadPool.java:1240)
	at org.eclipse.jetty.util.thread.QueuedThreadPool$Runner.run(QueuedThreadPool.java:1194)
	at java.base/java.lang.Thread.run(Unknown Source)
[JettyServerThreadPool-124] WARN io.javalin.Javalin - Uncaught exception
org.eclipse.jetty.server.internal.HttpConnection$HttpEofException: Early EOF
	at org.eclipse.jetty.server.internal.HttpConnection$RequestHandler.earlyEOF(HttpConnection.java:1222)
	at org.eclipse.jetty.http.HttpParser.parseNext(HttpParser.java:1821)
	at org.eclipse.jetty.server.internal.HttpConnection.parseAndFillForContent(HttpConnection.java:559)
	at org.eclipse.jetty.server.internal.HttpConnection$HttpStreamOverHTTP1.read(HttpConnection.java:1467)
	at org.eclipse.jetty.server.HttpStream$Wrapper.read(HttpStream.java:184)
	at org.eclipse.jetty.server.HttpStream$Wrapper.read(HttpStream.java:184)
	at org.eclipse.jetty.server.internal.HttpChannelState$ChannelRequest.read(HttpChannelState.java:1042)
	at org.eclipse.jetty.server.Request$Wrapper.read(Request.java:962)
	at org.eclipse.jetty.server.handler.EventsHandler$EventsRequest.read(EventsHandler.java:407)
	at org.eclipse.jetty.server.Request$Wrapper.read(Request.java:962)
	at org.eclipse.jetty.ee10.servlet.AsyncContentProducer.readChunk(AsyncContentProducer.java:324)
	at org.eclipse.jetty.ee10.servlet.AsyncContentProducer.produceChunk(AsyncContentProducer.java:304)
	at org.eclipse.jetty.ee10.servlet.AsyncContentProducer.nextChunk(AsyncContentProducer.java:209)
	at org.eclipse.jetty.ee10.servlet.BlockingContentProducer.nextChunk(BlockingContentProducer.java:100)
	at org.eclipse.jetty.ee10.servlet.HttpInput.read(HttpInput.java:267)
	at org.eclipse.jetty.ee10.servlet.HttpInput.read(HttpInput.java:248)
	at java.base/java.io.InputStream.read(Unknown Source)
	at httparena.Main.upload(Main.java:97)
	at io.javalin.router.ParsedEndpoint.handleWithPathParams$javalin(ParsedEndpoint.kt:21)
	at io.javalin.router.ParsedEndpoint.handle(ParsedEndpoint.kt:15)
	at io.javalin.http.servlet.DefaultTasks.HTTP$lambda$0$1(DefaultTasks.kt:57)
	at io.javalin.http.servlet.JavalinServlet.handleTask(JavalinServlet.kt:108)
	at io.javalin.http.servlet.JavalinServlet.handleSync(JavalinServlet.kt:72)
	at io.javalin.http.servlet.JavalinServlet.handle(JavalinServlet.kt:58)
	at io.javalin.http.servlet.JavalinServlet.service(JavalinServlet.kt:38)
	at jakarta.servlet.http.HttpServlet.service(HttpServlet.java:614)
	at io.javalin.jetty.JavalinJettyServlet.service(JavalinJettyServlet.kt:49)
	at jakarta.servlet.http.HttpServlet.service(HttpServlet.java:614)
	at org.eclipse.jetty.ee10.servlet.ServletHolder.handle(ServletHolder.java:754)
	at org.eclipse.jetty.ee10.servlet.ServletHandler$ChainEnd.doFilter(ServletHandler.java:1642)
	at org.eclipse.jetty.ee10.servlet.ServletHandler$MappedServlet.handle(ServletHandler.java:1556)
	at org.eclipse.jetty.ee10.servlet.ServletChannel.dispatch(ServletChannel.java:871)
	at org.eclipse.jetty.ee10.servlet.ServletChannel.handle(ServletChannel.java:449)
	at org.eclipse.jetty.ee10.servlet.ServletHandler.handle(ServletHandler.java:469)
	at org.eclipse.jetty.ee10.servlet.SessionHandler.handle(SessionHandler.java:719)
	at org.eclipse.jetty.server.handler.ContextHandler.handle(ContextHandler.java:1253)
	at org.eclipse.jetty.server.Handler$Wrapper.handle(Handler.java:794)
	at org.eclipse.jetty.server.handler.EventsHandler.handle(EventsHandler.java:81)
	at org.eclipse.jetty.server.Server.handle(Server.java:197)
	at org.eclipse.jetty.server.internal.HttpChannelState$HandlerInvoker.run(HttpChannelState.java:804)
	at org.eclipse.jetty.server.internal.HttpConnection.onFillable(HttpConnection.java:420)
	at org.eclipse.jetty.server.internal.HttpConnection$FillableCallback.succeeded(HttpConnection.java:1790)
	at org.eclipse.jetty.io.FillInterest.fillable(FillInterest.java:105)
	at org.eclipse.jetty.io.SelectableChannelEndPoint$1.run(SelectableChannelEndPoint.java:54)
	at org.eclipse.jetty.util.thread.strategy.AdaptiveExecutionStrategy.runTask(AdaptiveExecutionStrategy.java:492)
	at org.eclipse.jetty.util.thread.strategy.AdaptiveExecutionStrategy.epcRunTask(AdaptiveExecutionStrategy.java:428)
	at org.eclipse.jetty.util.thread.strategy.AdaptiveExecutionStrategy.consumeTask(AdaptiveExecutionStrategy.java:401)
	at org.eclipse.jetty.util.thread.strategy.AdaptiveExecutionStrategy.tryProduce(AdaptiveExecutionStrategy.java:255)
	at org.eclipse.jetty.util.thread.strategy.AdaptiveExecutionStrategy.run(AdaptiveExecutionStrategy.java:204)
	at org.eclipse.jetty.util.thread.ReservedThreadExecutor$ReservedThread.run(ReservedThreadExecutor.java:317)
	at org.eclipse.jetty.util.thread.QueuedThreadPool.runJob(QueuedThreadPool.java:1009)
	at org.eclipse.jetty.util.thread.QueuedThreadPool$Runner.doRunJob(QueuedThreadPool.java:1240)
	at org.eclipse.jetty.util.thread.QueuedThreadPool$Runner.run(QueuedThreadPool.java:1194)
	at java.base/java.lang.Thread.run(Unknown Source)
[JettyServerThreadPool-80] WARN io.javalin.Javalin - Uncaught exception
org.eclipse.jetty.server.internal.HttpConnection$HttpEofException: Early EOF
	at org.eclipse.jetty.server.internal.HttpConnection$RequestHandler.earlyEOF(HttpConnection.java:1222)
	at org.eclipse.jetty.http.HttpParser.parseNext(HttpParser.java:1821)
	at org.eclipse.jetty.server.internal.HttpConnection.parseAndFillForContent(HttpConnection.java:559)
	at org.eclipse.jetty.server.internal.HttpConnection$HttpStreamOverHTTP1.read(HttpConnection.java:1467)
	at org.eclipse.jetty.server.HttpStream$Wrapper.read(HttpStream.java:184)
	at org.eclipse.jetty.server.HttpStream$Wrapper.read(HttpStream.java:184)
	at org.eclipse.jetty.server.internal.HttpChannelState$ChannelRequest.read(HttpChannelState.java:1042)
	at org.eclipse.jetty.server.Request$Wrapper.read(Request.java:962)
	at org.eclipse.jetty.server.handler.EventsHandler$EventsRequest.read(EventsHandler.java:407)
	at org.eclipse.jetty.server.Request$Wrapper.read(Request.java:962)
	at org.eclipse.jetty.ee10.servlet.AsyncContentProducer.readChunk(AsyncContentProducer.java:324)
	at org.eclipse.jetty.ee10.servlet.AsyncContentProducer.produceChunk(AsyncContentProducer.java:304)
	at org.eclipse.jetty.ee10.servlet.AsyncContentProducer.nextChunk(AsyncContentProducer.java:209)
	at org.eclipse.jetty.ee10.servlet.BlockingContentProducer.nextChunk(BlockingContentProducer.java:100)
	at org.eclipse.jetty.ee10.servlet.HttpInput.read(HttpInput.java:267)
	at org.eclipse.jetty.ee10.servlet.HttpInput.read(HttpInput.java:248)
	at java.base/java.io.InputStream.read(Unknown Source)
	at httparena.Main.upload(Main.java:97)
	at io.javalin.router.ParsedEndpoint.handleWithPathParams$javalin(ParsedEndpoint.kt:21)
	at io.javalin.router.ParsedEndpoint.handle(ParsedEndpoint.kt:15)
	at io.javalin.http.servlet.DefaultTasks.HTTP$lambda$0$1(DefaultTasks.kt:57)
	at io.javalin.http.servlet.JavalinServlet.handleTask(JavalinServlet.kt:108)
	at io.javalin.http.servlet.JavalinServlet.handleSync(JavalinServlet.kt:72)
	at io.javalin.http.servlet.JavalinServlet.handle(JavalinServlet.kt:58)
	at io.javalin.http.servlet.JavalinServlet.service(JavalinServlet.kt:38)
	at jakarta.servlet.http.HttpServlet.service(HttpServlet.java:614)
	at io.javalin.jetty.JavalinJettyServlet.service(JavalinJettyServlet.kt:49)
	at jakarta.servlet.http.HttpServlet.service(HttpServlet.java:614)
	at org.eclipse.jetty.ee10.servlet.ServletHolder.handle(ServletHolder.java:754)
	at org.eclipse.jetty.ee10.servlet.ServletHandler$ChainEnd.doFilter(ServletHandler.java:1642)
	at org.eclipse.jetty.ee10.servlet.ServletHandler$MappedServlet.handle(ServletHandler.java:1556)
	at org.eclipse.jetty.ee10.servlet.ServletChannel.dispatch(ServletChannel.java:871)
	at org.eclipse.jetty.ee10.servlet.ServletChannel.handle(ServletChannel.java:449)
	at org.eclipse.jetty.ee10.servlet.ServletHandler.handle(ServletHandler.java:469)
	at org.eclipse.jetty.ee10.servlet.SessionHandler.handle(SessionHandler.java:719)
	at org.eclipse.jetty.server.handler.ContextHandler.handle(ContextHandler.java:1253)
	at org.eclipse.jetty.server.Handler$Wrapper.handle(Handler.java:794)
	at org.eclipse.jetty.server.handler.EventsHandler.handle(EventsHandler.java:81)
	at org.eclipse.jetty.server.Server.handle(Server.java:197)
	at org.eclipse.jetty.server.internal.HttpChannelState$HandlerInvoker.run(HttpChannelState.java:804)
	at org.eclipse.jetty.server.internal.HttpConnection.onFillable(HttpConnection.java:420)
	at org.eclipse.jetty.server.internal.HttpConnection$FillableCallback.succeeded(HttpConnection.java:1790)
	at org.eclipse.jetty.io.FillInterest.fillable(FillInterest.java:105)
	at org.eclipse.jetty.io.SelectableChannelEndPoint$1.run(SelectableChannelEndPoint.java:54)
	at org.eclipse.jetty.util.thread.strategy.AdaptiveExecutionStrategy.runTask(AdaptiveExecutionStrategy.java:492)
	at org.eclipse.jetty.util.thread.strategy.AdaptiveExecutionStrategy.epcRunTask(AdaptiveExecutionStrategy.java:428)
	at org.eclipse.jetty.util.thread.strategy.AdaptiveExecutionStrategy.consumeTask(AdaptiveExecutionStrategy.java:401)
	at org.eclipse.jetty.util.thread.strategy.AdaptiveExecutionStrategy.tryProduce(AdaptiveExecutionStrategy.java:255)
	at org.eclipse.jetty.util.thread.strategy.AdaptiveExecutionStrategy.run(AdaptiveExecutionStrategy.java:204)
	at org.eclipse.jetty.util.thread.ReservedThreadExecutor$ReservedThread.run(ReservedThreadExecutor.java:317)
	at org.eclipse.jetty.util.thread.QueuedThreadPool.runJob(QueuedThreadPool.java:1009)
	at org.eclipse.jetty.util.thread.QueuedThreadPool$Runner.doRunJob(QueuedThreadPool.java:1240)
	at org.eclipse.jetty.util.thread.QueuedThreadPool$Runner.run(QueuedThreadPool.java:1194)
	at java.base/java.lang.Thread.run(Unknown Source)
[JettyServerThreadPool-106] WARN io.javalin.Javalin - Uncaught exception
org.eclipse.jetty.server.internal.HttpConnection$HttpEofException: Early EOF
	at org.eclipse.jetty.server.internal.HttpConnection$RequestHandler.earlyEOF(HttpConnection.java:1222)
	at org.eclipse.jetty.http.HttpParser.parseNext(HttpParser.java:1821)
	at org.eclipse.jetty.server.internal.HttpConnection.parseAndFillForContent(HttpConnection.java:559)
	at org.eclipse.jetty.server.internal.HttpConnection$HttpStreamOverHTTP1.read(HttpConnection.java:1467)
	at org.eclipse.jetty.server.HttpStream$Wrapper.read(HttpStream.java:184)
	at org.eclipse.jetty.server.HttpStream$Wrapper.read(HttpStream.java:184)
	at org.eclipse.jetty.server.internal.HttpChannelState$ChannelRequest.read(HttpChannelState.java:1042)
	at org.eclipse.jetty.server.Request$Wrapper.read(Request.java:962)
	at org.eclipse.jetty.server.handler.EventsHandler$EventsRequest.read(EventsHandler.java:407)
	at org.eclipse.jetty.server.Request$Wrapper.read(Request.java:962)
	at org.eclipse.jetty.ee10.servlet.AsyncContentProducer.readChunk(AsyncContentProducer.java:324)
	at org.eclipse.jetty.ee10.servlet.AsyncContentProducer.produceChunk(AsyncContentProducer.java:304)
	at org.eclipse.jetty.ee10.servlet.AsyncContentProducer.nextChunk(AsyncContentProducer.java:209)
	at org.eclipse.jetty.ee10.servlet.BlockingContentProducer.nextChunk(BlockingContentProducer.java:100)
	at org.eclipse.jetty.ee10.servlet.HttpInput.read(HttpInput.java:267)
	at org.eclipse.jetty.ee10.servlet.HttpInput.read(HttpInput.java:248)
	at java.base/java.io.InputStream.read(Unknown Source)
	at httparena.Main.upload(Main.java:97)
	at io.javalin.router.ParsedEndpoint.handleWithPathParams$javalin(ParsedEndpoint.kt:21)
	at io.javalin.router.ParsedEndpoint.handle(ParsedEndpoint.kt:15)
	at io.javalin.http.servlet.DefaultTasks.HTTP$lambda$0$1(DefaultTasks.kt:57)
	at io.javalin.http.servlet.JavalinServlet.handleTask(JavalinServlet.kt:108)
	at io.javalin.http.servlet.JavalinServlet.handleSync(JavalinServlet.kt:72)
	at io.javalin.http.servlet.JavalinServlet.handle(JavalinServlet.kt:58)
	at io.javalin.http.servlet.JavalinServlet.service(JavalinServlet.kt:38)
	at jakarta.servlet.http.HttpServlet.service(HttpServlet.java:614)
	at io.javalin.jetty.JavalinJettyServlet.service(JavalinJettyServlet.kt:49)
	at jakarta.servlet.http.HttpServlet.service(HttpServlet.java:614)
	at org.eclipse.jetty.ee10.servlet.ServletHolder.handle(ServletHolder.java:754)
	at org.eclipse.jetty.ee10.servlet.ServletHandler$ChainEnd.doFilter(ServletHandler.java:1642)
	at org.eclipse.jetty.ee10.servlet.ServletHandler$MappedServlet.handle(ServletHandler.java:1556)
	at org.eclipse.jetty.ee10.servlet.ServletChannel.dispatch(ServletChannel.java:871)
	at org.eclipse.jetty.ee10.servlet.ServletChannel.handle(ServletChannel.java:449)
	at org.eclipse.jetty.ee10.servlet.ServletHandler.handle(ServletHandler.java:469)
	at org.eclipse.jetty.ee10.servlet.SessionHandler.handle(SessionHandler.java:719)
	at org.eclipse.jetty.server.handler.ContextHandler.handle(ContextHandler.java:1253)
	at org.eclipse.jetty.server.Handler$Wrapper.handle(Handler.java:794)
	at org.eclipse.jetty.server.handler.EventsHandler.handle(EventsHandler.java:81)
	at org.eclipse.jetty.server.Server.handle(Server.java:197)
	at org.eclipse.jetty.server.internal.HttpChannelState$HandlerInvoker.run(HttpChannelState.java:804)
	at org.eclipse.jetty.server.internal.HttpConnection.onFillable(HttpConnection.java:420)
	at org.eclipse.jetty.server.internal.HttpConnection$FillableCallback.succeeded(HttpConnection.java:1790)
	at org.eclipse.jetty.io.FillInterest.fillable(FillInterest.java:105)
	at org.eclipse.jetty.io.SelectableChannelEndPoint$1.run(SelectableChannelEndPoint.java:54)
	at org.eclipse.jetty.util.thread.strategy.AdaptiveExecutionStrategy.runTask(AdaptiveExecutionStrategy.java:492)
	at org.eclipse.jetty.util.thread.strategy.AdaptiveExecutionStrategy.epcRunTask(AdaptiveExecutionStrategy.java:428)
	at org.eclipse.jetty.util.thread.strategy.AdaptiveExecutionStrategy.consumeTask(AdaptiveExecutionStrategy.java:401)
	at org.eclipse.jetty.util.thread.strategy.AdaptiveExecutionStrategy.tryProduce(AdaptiveExecutionStrategy.java:255)
	at org.eclipse.jetty.util.thread.strategy.AdaptiveExecutionStrategy.run(AdaptiveExecutionStrategy.java:204)
	at org.eclipse.jetty.util.thread.ReservedThreadExecutor$ReservedThread.run(ReservedThreadExecutor.java:317)
	at org.eclipse.jetty.util.thread.QueuedThreadPool.runJob(QueuedThreadPool.java:1009)
	at org.eclipse.jetty.util.thread.QueuedThreadPool$Runner.doRunJob(QueuedThreadPool.java:1240)
	at org.eclipse.jetty.util.thread.QueuedThreadPool$Runner.run(QueuedThreadPool.java:1194)
	at java.base/java.lang.Thread.run(Unknown Source)
[JettyServerThreadPool-85] WARN io.javalin.Javalin - Uncaught exception
org.eclipse.jetty.server.internal.HttpConnection$HttpEofException: Early EOF
	at org.eclipse.jetty.server.internal.HttpConnection$RequestHandler.earlyEOF(HttpConnection.java:1222)
	at org.eclipse.jetty.http.HttpParser.parseNext(HttpParser.java:1821)
	at org.eclipse.jetty.server.internal.HttpConnection.parseAndFillForContent(HttpConnection.java:559)
	at org.eclipse.jetty.server.internal.HttpConnection$HttpStreamOverHTTP1.read(HttpConnection.java:1467)
	at org.eclipse.jetty.server.HttpStream$Wrapper.read(HttpStream.java:184)
	at org.eclipse.jetty.server.HttpStream$Wrapper.read(HttpStream.java:184)
	at org.eclipse.jetty.server.internal.HttpChannelState$ChannelRequest.read(HttpChannelState.java:1042)
	at org.eclipse.jetty.server.Request$Wrapper.read(Request.java:962)
	at org.eclipse.jetty.server.handler.EventsHandler$EventsRequest.read(EventsHandler.java:407)
	at org.eclipse.jetty.server.Request$Wrapper.read(Request.java:962)
	at org.eclipse.jetty.ee10.servlet.AsyncContentProducer.readChunk(AsyncContentProducer.java:324)
	at org.eclipse.jetty.ee10.servlet.AsyncContentProducer.produceChunk(AsyncContentProducer.java:304)
	at org.eclipse.jetty.ee10.servlet.AsyncContentProducer.nextChunk(AsyncContentProducer.java:209)
	at org.eclipse.jetty.ee10.servlet.BlockingContentProducer.nextChunk(BlockingContentProducer.java:100)
	at org.eclipse.jetty.ee10.servlet.HttpInput.read(HttpInput.java:267)
	at org.eclipse.jetty.ee10.servlet.HttpInput.read(HttpInput.java:248)
	at java.base/java.io.InputStream.read(Unknown Source)
	at httparena.Main.upload(Main.java:97)
	at io.javalin.router.ParsedEndpoint.handleWithPathParams$javalin(ParsedEndpoint.kt:21)
	at io.javalin.router.ParsedEndpoint.handle(ParsedEndpoint.kt:15)
	at io.javalin.http.servlet.DefaultTasks.HTTP$lambda$0$1(DefaultTasks.kt:57)
	at io.javalin.http.servlet.JavalinServlet.handleTask(JavalinServlet.kt:108)
	at io.javalin.http.servlet.JavalinServlet.handleSync(JavalinServlet.kt:72)
	at io.javalin.http.servlet.JavalinServlet.handle(JavalinServlet.kt:58)
	at io.javalin.http.servlet.JavalinServlet.service(JavalinServlet.kt:38)
	at jakarta.servlet.http.HttpServlet.service(HttpServlet.java:614)
	at io.javalin.jetty.JavalinJettyServlet.service(JavalinJettyServlet.kt:49)
	at jakarta.servlet.http.HttpServlet.service(HttpServlet.java:614)
	at org.eclipse.jetty.ee10.servlet.ServletHolder.handle(ServletHolder.java:754)
	at org.eclipse.jetty.ee10.servlet.ServletHandler$ChainEnd.doFilter(ServletHandler.java:1642)
	at org.eclipse.jetty.ee10.servlet.ServletHandler$MappedServlet.handle(ServletHandler.java:1556)
	at org.eclipse.jetty.ee10.servlet.ServletChannel.dispatch(ServletChannel.java:871)
	at org.eclipse.jetty.ee10.servlet.ServletChannel.handle(ServletChannel.java:449)
	at org.eclipse.jetty.ee10.servlet.ServletHandler.handle(ServletHandler.java:469)
	at org.eclipse.jetty.ee10.servlet.SessionHandler.handle(SessionHandler.java:719)
	at org.eclipse.jetty.server.handler.ContextHandler.handle(ContextHandler.java:1253)
	at org.eclipse.jetty.server.Handler$Wrapper.handle(Handler.java:794)
	at org.eclipse.jetty.server.handler.EventsHandler.handle(EventsHandler.java:81)
	at org.eclipse.jetty.server.Server.handle(Server.java:197)
	at org.eclipse.jetty.server.internal.HttpChannelState$HandlerInvoker.run(HttpChannelState.java:804)
	at org.eclipse.jetty.server.internal.HttpConnection.onFillable(HttpConnection.java:420)
	at org.eclipse.jetty.server.internal.HttpConnection$FillableCallback.succeeded(HttpConnection.java:1790)
	at org.eclipse.jetty.io.FillInterest.fillable(FillInterest.java:105)
	at org.eclipse.jetty.io.SelectableChannelEndPoint$1.run(SelectableChannelEndPoint.java:54)
	at org.eclipse.jetty.util.thread.strategy.AdaptiveExecutionStrategy.runTask(AdaptiveExecutionStrategy.java:492)
	at org.eclipse.jetty.util.thread.strategy.AdaptiveExecutionStrategy.epcRunTask(AdaptiveExecutionStrategy.java:428)
	at org.eclipse.jetty.util.thread.strategy.AdaptiveExecutionStrategy.consumeTask(AdaptiveExecutionStrategy.java:401)
	at org.eclipse.jetty.util.thread.strategy.AdaptiveExecutionStrategy.tryProduce(AdaptiveExecutionStrategy.java:255)
	at org.eclipse.jetty.util.thread.strategy.AdaptiveExecutionStrategy.run(AdaptiveExecutionStrategy.java:204)
	at org.eclipse.jetty.util.thread.ReservedThreadExecutor$ReservedThread.run(ReservedThreadExecutor.java:317)
	at org.eclipse.jetty.util.thread.QueuedThreadPool.runJob(QueuedThreadPool.java:1009)
	at org.eclipse.jetty.util.thread.QueuedThreadPool$Runner.doRunJob(QueuedThreadPool.java:1240)
	at org.eclipse.jetty.util.thread.QueuedThreadPool$Runner.run(QueuedThreadPool.java:1194)
	at java.base/java.lang.Thread.run(Unknown Source)
[JettyServerThreadPool-128] WARN io.javalin.Javalin - Uncaught exception
org.eclipse.jetty.server.internal.HttpConnection$HttpEofException: Early EOF
	at org.eclipse.jetty.server.internal.HttpConnection$RequestHandler.earlyEOF(HttpConnection.java:1222)
	at org.eclipse.jetty.http.HttpParser.parseNext(HttpParser.java:1821)
	at org.eclipse.jetty.server.internal.HttpConnection.parseAndFillForContent(HttpConnection.java:559)
	at org.eclipse.jetty.server.internal.HttpConnection$HttpStreamOverHTTP1.read(HttpConnection.java:1467)
	at org.eclipse.jetty.server.HttpStream$Wrapper.read(HttpStream.java:184)
	at org.eclipse.jetty.server.HttpStream$Wrapper.read(HttpStream.java:184)
	at org.eclipse.jetty.server.internal.HttpChannelState$ChannelRequest.read(HttpChannelState.java:1042)
	at org.eclipse.jetty.server.Request$Wrapper.read(Request.java:962)
	at org.eclipse.jetty.server.handler.EventsHandler$EventsRequest.read(EventsHandler.java:407)
	at org.eclipse.jetty.server.Request$Wrapper.read(Request.java:962)
	at org.eclipse.jetty.ee10.servlet.AsyncContentProducer.readChunk(AsyncContentProducer.java:324)
	at org.eclipse.jetty.ee10.servlet.AsyncContentProducer.produceChunk(AsyncContentProducer.java:304)
	at org.eclipse.jetty.ee10.servlet.AsyncContentProducer.nextChunk(AsyncContentProducer.java:209)
	at org.eclipse.jetty.ee10.servlet.BlockingContentProducer.nextChunk(BlockingContentProducer.java:100)
	at org.eclipse.jetty.ee10.servlet.HttpInput.read(HttpInput.java:267)
	at org.eclipse.jetty.ee10.servlet.HttpInput.read(HttpInput.java:248)
	at java.base/java.io.InputStream.read(Unknown Source)
	at httparena.Main.upload(Main.java:97)
	at io.javalin.router.ParsedEndpoint.handleWithPathParams$javalin(ParsedEndpoint.kt:21)
	at io.javalin.router.ParsedEndpoint.handle(ParsedEndpoint.kt:15)
	at io.javalin.http.servlet.DefaultTasks.HTTP$lambda$0$1(DefaultTasks.kt:57)
	at io.javalin.http.servlet.JavalinServlet.handleTask(JavalinServlet.kt:108)
	at io.javalin.http.servlet.JavalinServlet.handleSync(JavalinServlet.kt:72)
	at io.javalin.http.servlet.JavalinServlet.handle(JavalinServlet.kt:58)
	at io.javalin.http.servlet.JavalinServlet.service(JavalinServlet.kt:38)
	at jakarta.servlet.http.HttpServlet.service(HttpServlet.java:614)
	at io.javalin.jetty.JavalinJettyServlet.service(JavalinJettyServlet.kt:49)
	at jakarta.servlet.http.HttpServlet.service(HttpServlet.java:614)
	at org.eclipse.jetty.ee10.servlet.ServletHolder.handle(ServletHolder.java:754)
	at org.eclipse.jetty.ee10.servlet.ServletHandler$ChainEnd.doFilter(ServletHandler.java:1642)
	at org.eclipse.jetty.ee10.servlet.ServletHandler$MappedServlet.handle(ServletHandler.java:1556)
	at org.eclipse.jetty.ee10.servlet.ServletChannel.dispatch(ServletChannel.java:871)
	at org.eclipse.jetty.ee10.servlet.ServletChannel.handle(ServletChannel.java:449)
	at org.eclipse.jetty.ee10.servlet.ServletHandler.handle(ServletHandler.java:469)
	at org.eclipse.jetty.ee10.servlet.SessionHandler.handle(SessionHandler.java:719)
	at org.eclipse.jetty.server.handler.ContextHandler.handle(ContextHandler.java:1253)
	at org.eclipse.jetty.server.Handler$Wrapper.handle(Handler.java:794)
	at org.eclipse.jetty.server.handler.EventsHandler.handle(EventsHandler.java:81)
	at org.eclipse.jetty.server.Server.handle(Server.java:197)
	at org.eclipse.jetty.server.internal.HttpChannelState$HandlerInvoker.run(HttpChannelState.java:804)
	at org.eclipse.jetty.server.internal.HttpConnection.onFillable(HttpConnection.java:420)
	at org.eclipse.jetty.server.internal.HttpConnection$FillableCallback.succeeded(HttpConnection.java:1790)
	at org.eclipse.jetty.io.FillInterest.fillable(FillInterest.java:105)
	at org.eclipse.jetty.io.SelectableChannelEndPoint$1.run(SelectableChannelEndPoint.java:54)
	at org.eclipse.jetty.util.thread.strategy.AdaptiveExecutionStrategy.runTask(AdaptiveExecutionStrategy.java:492)
	at org.eclipse.jetty.util.thread.strategy.AdaptiveExecutionStrategy.epcRunTask(AdaptiveExecutionStrategy.java:428)
	at org.eclipse.jetty.util.thread.strategy.AdaptiveExecutionStrategy.consumeTask(AdaptiveExecutionStrategy.java:401)
	at org.eclipse.jetty.util.thread.strategy.AdaptiveExecutionStrategy.tryProduce(AdaptiveExecutionStrategy.java:255)
	at org.eclipse.jetty.util.thread.strategy.AdaptiveExecutionStrategy.run(AdaptiveExecutionStrategy.java:204)
	at org.eclipse.jetty.util.thread.ReservedThreadExecutor$ReservedThread.run(ReservedThreadExecutor.java:317)
	at org.eclipse.jetty.util.thread.QueuedThreadPool.runJob(QueuedThreadPool.java:1009)
	at org.eclipse.jetty.util.thread.QueuedThreadPool$Runner.doRunJob(QueuedThreadPool.java:1240)
	at org.eclipse.jetty.util.thread.QueuedThreadPool$Runner.run(QueuedThreadPool.java:1194)
	at java.base/java.lang.Thread.run(Unknown Source)
[JettyServerThreadPool-123] WARN io.javalin.Javalin - Uncaught exception
org.eclipse.jetty.server.internal.HttpConnection$HttpEofException: Early EOF
	at org.eclipse.jetty.server.internal.HttpConnection$RequestHandler.earlyEOF(HttpConnection.java:1222)
	at org.eclipse.jetty.http.HttpParser.parseNext(HttpParser.java:1821)
	at org.eclipse.jetty.server.internal.HttpConnection.parseAndFillForContent(HttpConnection.java:559)
	at org.eclipse.jetty.server.internal.HttpConnection$HttpStreamOverHTTP1.read(HttpConnection.java:1467)
	at org.eclipse.jetty.server.HttpStream$Wrapper.read(HttpStream.java:184)
	at org.eclipse.jetty.server.HttpStream$Wrapper.read(HttpStream.java:184)
	at org.eclipse.jetty.server.internal.HttpChannelState$ChannelRequest.read(HttpChannelState.java:1042)
	at org.eclipse.jetty.server.Request$Wrapper.read(Request.java:962)
	at org.eclipse.jetty.server.handler.EventsHandler$EventsRequest.read(EventsHandler.java:407)
	at org.eclipse.jetty.server.Request$Wrapper.read(Request.java:962)
	at org.eclipse.jetty.ee10.servlet.AsyncContentProducer.readChunk(AsyncContentProducer.java:324)
	at org.eclipse.jetty.ee10.servlet.AsyncContentProducer.produceChunk(AsyncContentProducer.java:304)
	at org.eclipse.jetty.ee10.servlet.AsyncContentProducer.nextChunk(AsyncContentProducer.java:209)
	at org.eclipse.jetty.ee10.servlet.BlockingContentProducer.nextChunk(BlockingContentProducer.java:100)
	at org.eclipse.jetty.ee10.servlet.HttpInput.read(HttpInput.java:267)
	at org.eclipse.jetty.ee10.servlet.HttpInput.read(HttpInput.java:248)
	at java.base/java.io.InputStream.read(Unknown Source)
	at httparena.Main.upload(Main.java:97)
	at io.javalin.router.ParsedEndpoint.handleWithPathParams$javalin(ParsedEndpoint.kt:21)
	at io.javalin.router.ParsedEndpoint.handle(ParsedEndpoint.kt:15)
	at io.javalin.http.servlet.DefaultTasks.HTTP$lambda$0$1(DefaultTasks.kt:57)
	at io.javalin.http.servlet.JavalinServlet.handleTask(JavalinServlet.kt:108)
	at io.javalin.http.servlet.JavalinServlet.handleSync(JavalinServlet.kt:72)
	at io.javalin.http.servlet.JavalinServlet.handle(JavalinServlet.kt:58)
	at io.javalin.http.servlet.JavalinServlet.service(JavalinServlet.kt:38)
	at jakarta.servlet.http.HttpServlet.service(HttpServlet.java:614)
	at io.javalin.jetty.JavalinJettyServlet.service(JavalinJettyServlet.kt:49)
	at jakarta.servlet.http.HttpServlet.service(HttpServlet.java:614)
	at org.eclipse.jetty.ee10.servlet.ServletHolder.handle(ServletHolder.java:754)
	at org.eclipse.jetty.ee10.servlet.ServletHandler$ChainEnd.doFilter(ServletHandler.java:1642)
	at org.eclipse.jetty.ee10.servlet.ServletHandler$MappedServlet.handle(ServletHandler.java:1556)
	at org.eclipse.jetty.ee10.servlet.ServletChannel.dispatch(ServletChannel.java:871)
	at org.eclipse.jetty.ee10.servlet.ServletChannel.handle(ServletChannel.java:449)
	at org.eclipse.jetty.ee10.servlet.ServletHandler.handle(ServletHandler.java:469)
	at org.eclipse.jetty.ee10.servlet.SessionHandler.handle(SessionHandler.java:719)
	at org.eclipse.jetty.server.handler.ContextHandler.handle(ContextHandler.java:1253)
	at org.eclipse.jetty.server.Handler$Wrapper.handle(Handler.java:794)
	at org.eclipse.jetty.server.handler.EventsHandler.handle(EventsHandler.java:81)
	at org.eclipse.jetty.server.Server.handle(Server.java:197)
	at org.eclipse.jetty.server.internal.HttpChannelState$HandlerInvoker.run(HttpChannelState.java:804)
	at org.eclipse.jetty.server.internal.HttpConnection.onFillable(HttpConnection.java:420)
	at org.eclipse.jetty.server.internal.HttpConnection$FillableCallback.succeeded(HttpConnection.java:1790)
	at org.eclipse.jetty.io.FillInterest.fillable(FillInterest.java:105)
	at org.eclipse.jetty.io.SelectableChannelEndPoint$1.run(SelectableChannelEndPoint.java:54)
	at org.eclipse.jetty.util.thread.strategy.AdaptiveExecutionStrategy.runTask(AdaptiveExecutionStrategy.java:492)
	at org.eclipse.jetty.util.thread.strategy.AdaptiveExecutionStrategy.epcRunTask(AdaptiveExecutionStrategy.java:428)
	at org.eclipse.jetty.util.thread.strategy.AdaptiveExecutionStrategy.consumeTask(AdaptiveExecutionStrategy.java:401)
	at org.eclipse.jetty.util.thread.strategy.AdaptiveExecutionStrategy.tryProduce(AdaptiveExecutionStrategy.java:255)
	at org.eclipse.jetty.util.thread.strategy.AdaptiveExecutionStrategy.run(AdaptiveExecutionStrategy.java:204)
	at org.eclipse.jetty.util.thread.ReservedThreadExecutor$ReservedThread.run(ReservedThreadExecutor.java:317)
	at org.eclipse.jetty.util.thread.QueuedThreadPool.runJob(QueuedThreadPool.java:1009)
	at org.eclipse.jetty.util.thread.QueuedThreadPool$Runner.doRunJob(QueuedThreadPool.java:1240)
	at org.eclipse.jetty.util.thread.QueuedThreadPool$Runner.run(QueuedThreadPool.java:1194)
	at java.base/java.lang.Thread.run(Unknown Source)
[JettyServerThreadPool-120] WARN io.javalin.Javalin - Uncaught exception
org.eclipse.jetty.server.internal.HttpConnection$HttpEofException: Early EOF
	at org.eclipse.jetty.server.internal.HttpConnection$RequestHandler.earlyEOF(HttpConnection.java:1222)
	at org.eclipse.jetty.http.HttpParser.parseNext(HttpParser.java:1821)
	at org.eclipse.jetty.server.internal.HttpConnection.parseAndFillForContent(HttpConnection.java:559)
	at org.eclipse.jetty.server.internal.HttpConnection$HttpStreamOverHTTP1.read(HttpConnection.java:1467)
	at org.eclipse.jetty.server.HttpStream$Wrapper.read(HttpStream.java:184)
	at org.eclipse.jetty.server.HttpStream$Wrapper.read(HttpStream.java:184)
	at org.eclipse.jetty.server.internal.HttpChannelState$ChannelRequest.read(HttpChannelState.java:1042)
	at org.eclipse.jetty.server.Request$Wrapper.read(Request.java:962)
	at org.eclipse.jetty.server.handler.EventsHandler$EventsRequest.read(EventsHandler.java:407)
	at org.eclipse.jetty.server.Request$Wrapper.read(Request.java:962)
	at org.eclipse.jetty.ee10.servlet.AsyncContentProducer.readChunk(AsyncContentProducer.java:324)
	at org.eclipse.jetty.ee10.servlet.AsyncContentProducer.produceChunk(AsyncContentProducer.java:304)
	at org.eclipse.jetty.ee10.servlet.AsyncContentProducer.nextChunk(AsyncContentProducer.java:209)
	at org.eclipse.jetty.ee10.servlet.BlockingContentProducer.nextChunk(BlockingContentProducer.java:100)
	at org.eclipse.jetty.ee10.servlet.HttpInput.read(HttpInput.java:267)
	at org.eclipse.jetty.ee10.servlet.HttpInput.read(HttpInput.java:248)
	at java.base/java.io.InputStream.read(Unknown Source)
	at httparena.Main.upload(Main.java:97)
	at io.javalin.router.ParsedEndpoint.handleWithPathParams$javalin(ParsedEndpoint.kt:21)
	at io.javalin.router.ParsedEndpoint.handle(ParsedEndpoint.kt:15)
	at io.javalin.http.servlet.DefaultTasks.HTTP$lambda$0$1(DefaultTasks.kt:57)
	at io.javalin.http.servlet.JavalinServlet.handleTask(JavalinServlet.kt:108)
	at io.javalin.http.servlet.JavalinServlet.handleSync(JavalinServlet.kt:72)
	at io.javalin.http.servlet.JavalinServlet.handle(JavalinServlet.kt:58)
	at io.javalin.http.servlet.JavalinServlet.service(JavalinServlet.kt:38)
	at jakarta.servlet.http.HttpServlet.service(HttpServlet.java:614)
	at io.javalin.jetty.JavalinJettyServlet.service(JavalinJettyServlet.kt:49)
	at jakarta.servlet.http.HttpServlet.service(HttpServlet.java:614)
	at org.eclipse.jetty.ee10.servlet.ServletHolder.handle(ServletHolder.java:754)
	at org.eclipse.jetty.ee10.servlet.ServletHandler$ChainEnd.doFilter(ServletHandler.java:1642)
	at org.eclipse.jetty.ee10.servlet.ServletHandler$MappedServlet.handle(ServletHandler.java:1556)
	at org.eclipse.jetty.ee10.servlet.ServletChannel.dispatch(ServletChannel.java:871)
	at org.eclipse.jetty.ee10.servlet.ServletChannel.handle(ServletChannel.java:449)
	at org.eclipse.jetty.ee10.servlet.ServletHandler.handle(ServletHandler.java:469)
	at org.eclipse.jetty.ee10.servlet.SessionHandler.handle(SessionHandler.java:719)
	at org.eclipse.jetty.server.handler.ContextHandler.handle(ContextHandler.java:1253)
	at org.eclipse.jetty.server.Handler$Wrapper.handle(Handler.java:794)
	at org.eclipse.jetty.server.handler.EventsHandler.handle(EventsHandler.java:81)
	at org.eclipse.jetty.server.Server.handle(Server.java:197)
	at org.eclipse.jetty.server.internal.HttpChannelState$HandlerInvoker.run(HttpChannelState.java:804)
	at org.eclipse.jetty.server.internal.HttpConnection.onFillable(HttpConnection.java:420)
	at org.eclipse.jetty.server.internal.HttpConnection$FillableCallback.succeeded(HttpConnection.java:1790)
	at org.eclipse.jetty.io.FillInterest.fillable(FillInterest.java:105)
	at org.eclipse.jetty.io.SelectableChannelEndPoint$1.run(SelectableChannelEndPoint.java:54)
	at org.eclipse.jetty.util.thread.strategy.AdaptiveExecutionStrategy.runTask(AdaptiveExecutionStrategy.java:492)
	at org.eclipse.jetty.util.thread.strategy.AdaptiveExecutionStrategy.epcRunTask(AdaptiveExecutionStrategy.java:428)
	at org.eclipse.jetty.util.thread.strategy.AdaptiveExecutionStrategy.consumeTask(AdaptiveExecutionStrategy.java:401)
	at org.eclipse.jetty.util.thread.strategy.AdaptiveExecutionStrategy.tryProduce(AdaptiveExecutionStrategy.java:255)
	at org.eclipse.jetty.util.thread.strategy.AdaptiveExecutionStrategy.run(AdaptiveExecutionStrategy.java:204)
	at org.eclipse.jetty.util.thread.ReservedThreadExecutor$ReservedThread.run(ReservedThreadExecutor.java:317)
	at org.eclipse.jetty.util.thread.QueuedThreadPool.runJob(QueuedThreadPool.java:1009)
	at org.eclipse.jetty.util.thread.QueuedThreadPool$Runner.doRunJob(QueuedThreadPool.java:1240)
	at org.eclipse.jetty.util.thread.QueuedThreadPool$Runner.run(QueuedThreadPool.java:1194)
	at java.base/java.lang.Thread.run(Unknown Source)
[JettyServerThreadPool-84] WARN io.javalin.Javalin - Uncaught exception
org.eclipse.jetty.server.internal.HttpConnection$HttpEofException: Early EOF
	at org.eclipse.jetty.server.internal.HttpConnection$RequestHandler.earlyEOF(HttpConnection.java:1222)
	at org.eclipse.jetty.http.HttpParser.parseNext(HttpParser.java:1821)
	at org.eclipse.jetty.server.internal.HttpConnection.parseAndFillForContent(HttpConnection.java:559)
	at org.eclipse.jetty.server.internal.HttpConnection$HttpStreamOverHTTP1.read(HttpConnection.java:1467)
	at org.eclipse.jetty.server.HttpStream$Wrapper.read(HttpStream.java:184)
	at org.eclipse.jetty.server.HttpStream$Wrapper.read(HttpStream.java:184)
	at org.eclipse.jetty.server.internal.HttpChannelState$ChannelRequest.read(HttpChannelState.java:1042)
	at org.eclipse.jetty.server.Request$Wrapper.read(Request.java:962)
	at org.eclipse.jetty.server.handler.EventsHandler$EventsRequest.read(EventsHandler.java:407)
	at org.eclipse.jetty.server.Request$Wrapper.read(Request.java:962)
	at org.eclipse.jetty.ee10.servlet.AsyncContentProducer.readChunk(AsyncContentProducer.java:324)
	at org.eclipse.jetty.ee10.servlet.AsyncContentProducer.produceChunk(AsyncContentProducer.java:304)
	at org.eclipse.jetty.ee10.servlet.AsyncContentProducer.nextChunk(AsyncContentProducer.java:209)
	at org.eclipse.jetty.ee10.servlet.BlockingContentProducer.nextChunk(BlockingContentProducer.java:100)
	at org.eclipse.jetty.ee10.servlet.HttpInput.read(HttpInput.java:267)
	at org.eclipse.jetty.ee10.servlet.HttpInput.read(HttpInput.java:248)
	at java.base/java.io.InputStream.read(Unknown Source)
	at httparena.Main.upload(Main.java:97)
	at io.javalin.router.ParsedEndpoint.handleWithPathParams$javalin(ParsedEndpoint.kt:21)
	at io.javalin.router.ParsedEndpoint.handle(ParsedEndpoint.kt:15)
	at io.javalin.http.servlet.DefaultTasks.HTTP$lambda$0$1(DefaultTasks.kt:57)
	at io.javalin.http.servlet.JavalinServlet.handleTask(JavalinServlet.kt:108)
	at io.javalin.http.servlet.JavalinServlet.handleSync(JavalinServlet.kt:72)
	at io.javalin.http.servlet.JavalinServlet.handle(JavalinServlet.kt:58)
	at io.javalin.http.servlet.JavalinServlet.service(JavalinServlet.kt:38)
	at jakarta.servlet.http.HttpServlet.service(HttpServlet.java:614)
	at io.javalin.jetty.JavalinJettyServlet.service(JavalinJettyServlet.kt:49)
	at jakarta.servlet.http.HttpServlet.service(HttpServlet.java:614)
	at org.eclipse.jetty.ee10.servlet.ServletHolder.handle(ServletHolder.java:754)
	at org.eclipse.jetty.ee10.servlet.ServletHandler$ChainEnd.doFilter(ServletHandler.java:1642)
	at org.eclipse.jetty.ee10.servlet.ServletHandler$MappedServlet.handle(ServletHandler.java:1556)
	at org.eclipse.jetty.ee10.servlet.ServletChannel.dispatch(ServletChannel.java:871)
	at org.eclipse.jetty.ee10.servlet.ServletChannel.handle(ServletChannel.java:449)
	at org.eclipse.jetty.ee10.servlet.ServletHandler.handle(ServletHandler.java:469)
	at org.eclipse.jetty.ee10.servlet.SessionHandler.handle(SessionHandler.java:719)
	at org.eclipse.jetty.server.handler.ContextHandler.handle(ContextHandler.java:1253)
	at org.eclipse.jetty.server.Handler$Wrapper.handle(Handler.java:794)
	at org.eclipse.jetty.server.handler.EventsHandler.handle(EventsHandler.java:81)
	at org.eclipse.jetty.server.Server.handle(Server.java:197)
	at org.eclipse.jetty.server.internal.HttpChannelState$HandlerInvoker.run(HttpChannelState.java:804)
	at org.eclipse.jetty.server.internal.HttpConnection.onFillable(HttpConnection.java:420)
	at org.eclipse.jetty.server.internal.HttpConnection$FillableCallback.succeeded(HttpConnection.java:1790)
	at org.eclipse.jetty.io.FillInterest.fillable(FillInterest.java:105)
	at org.eclipse.jetty.io.SelectableChannelEndPoint$1.run(SelectableChannelEndPoint.java:54)
	at org.eclipse.jetty.util.thread.strategy.AdaptiveExecutionStrategy.runTask(AdaptiveExecutionStrategy.java:492)
	at org.eclipse.jetty.util.thread.strategy.AdaptiveExecutionStrategy.epcRunTask(AdaptiveExecutionStrategy.java:428)
	at org.eclipse.jetty.util.thread.strategy.AdaptiveExecutionStrategy.consumeTask(AdaptiveExecutionStrategy.java:401)
	at org.eclipse.jetty.util.thread.strategy.AdaptiveExecutionStrategy.tryProduce(AdaptiveExecutionStrategy.java:255)
	at org.eclipse.jetty.util.thread.strategy.AdaptiveExecutionStrategy.run(AdaptiveExecutionStrategy.java:204)
	at org.eclipse.jetty.util.thread.ReservedThreadExecutor$ReservedThread.run(ReservedThreadExecutor.java:317)
	at org.eclipse.jetty.util.thread.QueuedThreadPool.runJob(QueuedThreadPool.java:1009)
	at org.eclipse.jetty.util.thread.QueuedThreadPool$Runner.doRunJob(QueuedThreadPool.java:1240)
	at org.eclipse.jetty.util.thread.QueuedThreadPool$Runner.run(QueuedThreadPool.java:1194)
	at java.base/java.lang.Thread.run(Unknown Source)
[JettyServerThreadPool-122] WARN io.javalin.Javalin - Uncaught exception
org.eclipse.jetty.server.internal.HttpConnection$HttpEofException: Early EOF
	at org.eclipse.jetty.server.internal.HttpConnection$RequestHandler.earlyEOF(HttpConnection.java:1222)
	at org.eclipse.jetty.http.HttpParser.parseNext(HttpParser.java:1821)
	at org.eclipse.jetty.server.internal.HttpConnection.parseAndFillForContent(HttpConnection.java:559)
	at org.eclipse.jetty.server.internal.HttpConnection$HttpStreamOverHTTP1.read(HttpConnection.java:1467)
	at org.eclipse.jetty.server.HttpStream$Wrapper.read(HttpStream.java:184)
	at org.eclipse.jetty.server.HttpStream$Wrapper.read(HttpStream.java:184)
	at org.eclipse.jetty.server.internal.HttpChannelState$ChannelRequest.read(HttpChannelState.java:1042)
	at org.eclipse.jetty.server.Request$Wrapper.read(Request.java:962)
	at org.eclipse.jetty.server.handler.EventsHandler$EventsRequest.read(EventsHandler.java:407)
	at org.eclipse.jetty.server.Request$Wrapper.read(Request.java:962)
	at org.eclipse.jetty.ee10.servlet.AsyncContentProducer.readChunk(AsyncContentProducer.java:324)
	at org.eclipse.jetty.ee10.servlet.AsyncContentProducer.produceChunk(AsyncContentProducer.java:304)
	at org.eclipse.jetty.ee10.servlet.AsyncContentProducer.nextChunk(AsyncContentProducer.java:209)
	at org.eclipse.jetty.ee10.servlet.BlockingContentProducer.nextChunk(BlockingContentProducer.java:100)
	at org.eclipse.jetty.ee10.servlet.HttpInput.read(HttpInput.java:267)
	at org.eclipse.jetty.ee10.servlet.HttpInput.read(HttpInput.java:248)
	at java.base/java.io.InputStream.read(Unknown Source)
	at httparena.Main.upload(Main.java:97)
	at io.javalin.router.ParsedEndpoint.handleWithPathParams$javalin(ParsedEndpoint.kt:21)
	at io.javalin.router.ParsedEndpoint.handle(ParsedEndpoint.kt:15)
	at io.javalin.http.servlet.DefaultTasks.HTTP$lambda$0$1(DefaultTasks.kt:57)
	at io.javalin.http.servlet.JavalinServlet.handleTask(JavalinServlet.kt:108)
	at io.javalin.http.servlet.JavalinServlet.handleSync(JavalinServlet.kt:72)
	at io.javalin.http.servlet.JavalinServlet.handle(JavalinServlet.kt:58)
	at io.javalin.http.servlet.JavalinServlet.service(JavalinServlet.kt:38)
	at jakarta.servlet.http.HttpServlet.service(HttpServlet.java:614)
	at io.javalin.jetty.JavalinJettyServlet.service(JavalinJettyServlet.kt:49)
	at jakarta.servlet.http.HttpServlet.service(HttpServlet.java:614)
	at org.eclipse.jetty.ee10.servlet.ServletHolder.handle(ServletHolder.java:754)
	at org.eclipse.jetty.ee10.servlet.ServletHandler$ChainEnd.doFilter(ServletHandler.java:1642)
	at org.eclipse.jetty.ee10.servlet.ServletHandler$MappedServlet.handle(ServletHandler.java:1556)
	at org.eclipse.jetty.ee10.servlet.ServletChannel.dispatch(ServletChannel.java:871)
	at org.eclipse.jetty.ee10.servlet.ServletChannel.handle(ServletChannel.java:449)
	at org.eclipse.jetty.ee10.servlet.ServletHandler.handle(ServletHandler.java:469)
	at org.eclipse.jetty.ee10.servlet.SessionHandler.handle(SessionHandler.java:719)
	at org.eclipse.jetty.server.handler.ContextHandler.handle(ContextHandler.java:1253)
	at org.eclipse.jetty.server.Handler$Wrapper.handle(Handler.java:794)
	at org.eclipse.jetty.server.handler.EventsHandler.handle(EventsHandler.java:81)
	at org.eclipse.jetty.server.Server.handle(Server.java:197)
	at org.eclipse.jetty.server.internal.HttpChannelState$HandlerInvoker.run(HttpChannelState.java:804)
	at org.eclipse.jetty.server.internal.HttpConnection.onFillable(HttpConnection.java:420)
	at org.eclipse.jetty.server.internal.HttpConnection$FillableCallback.succeeded(HttpConnection.java:1790)
	at org.eclipse.jetty.io.FillInterest.fillable(FillInterest.java:105)
	at org.eclipse.jetty.io.SelectableChannelEndPoint$1.run(SelectableChannelEndPoint.java:54)
	at org.eclipse.jetty.util.thread.strategy.AdaptiveExecutionStrategy.runTask(AdaptiveExecutionStrategy.java:492)
	at org.eclipse.jetty.util.thread.strategy.AdaptiveExecutionStrategy.epcRunTask(AdaptiveExecutionStrategy.java:428)
	at org.eclipse.jetty.util.thread.strategy.AdaptiveExecutionStrategy.consumeTask(AdaptiveExecutionStrategy.java:401)
	at org.eclipse.jetty.util.thread.strategy.AdaptiveExecutionStrategy.tryProduce(AdaptiveExecutionStrategy.java:255)
	at org.eclipse.jetty.util.thread.strategy.AdaptiveExecutionStrategy.run(AdaptiveExecutionStrategy.java:204)
	at org.eclipse.jetty.util.thread.ReservedThreadExecutor$ReservedThread.run(ReservedThreadExecutor.java:317)
	at org.eclipse.jetty.util.thread.QueuedThreadPool.runJob(QueuedThreadPool.java:1009)
	at org.eclipse.jetty.util.thread.QueuedThreadPool$Runner.doRunJob(QueuedThreadPool.java:1240)
	at org.eclipse.jetty.util.thread.QueuedThreadPool$Runner.run(QueuedThreadPool.java:1194)
	at java.base/java.lang.Thread.run(Unknown Source)
[JettyServerThreadPool-98] WARN io.javalin.Javalin - Uncaught exception
org.eclipse.jetty.server.internal.HttpConnection$HttpEofException: Early EOF
	at org.eclipse.jetty.server.internal.HttpConnection$RequestHandler.earlyEOF(HttpConnection.java:1222)
	at org.eclipse.jetty.http.HttpParser.parseNext(HttpParser.java:1821)
	at org.eclipse.jetty.server.internal.HttpConnection.parseAndFillForContent(HttpConnection.java:559)
	at org.eclipse.jetty.server.internal.HttpConnection$HttpStreamOverHTTP1.read(HttpConnection.java:1467)
	at org.eclipse.jetty.server.HttpStream$Wrapper.read(HttpStream.java:184)
	at org.eclipse.jetty.server.HttpStream$Wrapper.read(HttpStream.java:184)
	at org.eclipse.jetty.server.internal.HttpChannelState$ChannelRequest.read(HttpChannelState.java:1042)
	at org.eclipse.jetty.server.Request$Wrapper.read(Request.java:962)
	at org.eclipse.jetty.server.handler.EventsHandler$EventsRequest.read(EventsHandler.java:407)
	at org.eclipse.jetty.server.Request$Wrapper.read(Request.java:962)
	at org.eclipse.jetty.ee10.servlet.AsyncContentProducer.readChunk(AsyncContentProducer.java:324)
	at org.eclipse.jetty.ee10.servlet.AsyncContentProducer.produceChunk(AsyncContentProducer.java:304)
	at org.eclipse.jetty.ee10.servlet.AsyncContentProducer.nextChunk(AsyncContentProducer.java:209)
	at org.eclipse.jetty.ee10.servlet.BlockingContentProducer.nextChunk(BlockingContentProducer.java:100)
	at org.eclipse.jetty.ee10.servlet.HttpInput.read(HttpInput.java:267)
	at org.eclipse.jetty.ee10.servlet.HttpInput.read(HttpInput.java:248)
	at java.base/java.io.InputStream.read(Unknown Source)
	at httparena.Main.upload(Main.java:97)
	at io.javalin.router.ParsedEndpoint.handleWithPathParams$javalin(ParsedEndpoint.kt:21)
	at io.javalin.router.ParsedEndpoint.handle(ParsedEndpoint.kt:15)
	at io.javalin.http.servlet.DefaultTasks.HTTP$lambda$0$1(DefaultTasks.kt:57)
	at io.javalin.http.servlet.JavalinServlet.handleTask(JavalinServlet.kt:108)
	at io.javalin.http.servlet.JavalinServlet.handleSync(JavalinServlet.kt:72)
	at io.javalin.http.servlet.JavalinServlet.handle(JavalinServlet.kt:58)
	at io.javalin.http.servlet.JavalinServlet.service(JavalinServlet.kt:38)
	at jakarta.servlet.http.HttpServlet.service(HttpServlet.java:614)
	at io.javalin.jetty.JavalinJettyServlet.service(JavalinJettyServlet.kt:49)
	at jakarta.servlet.http.HttpServlet.service(HttpServlet.java:614)
	at org.eclipse.jetty.ee10.servlet.ServletHolder.handle(ServletHolder.java:754)
	at org.eclipse.jetty.ee10.servlet.ServletHandler$ChainEnd.doFilter(ServletHandler.java:1642)
	at org.eclipse.jetty.ee10.servlet.ServletHandler$MappedServlet.handle(ServletHandler.java:1556)
	at org.eclipse.jetty.ee10.servlet.ServletChannel.dispatch(ServletChannel.java:871)
	at org.eclipse.jetty.ee10.servlet.ServletChannel.handle(ServletChannel.java:449)
	at org.eclipse.jetty.ee10.servlet.ServletHandler.handle(ServletHandler.java:469)
	at org.eclipse.jetty.ee10.servlet.SessionHandler.handle(SessionHandler.java:719)
	at org.eclipse.jetty.server.handler.ContextHandler.handle(ContextHandler.java:1253)
	at org.eclipse.jetty.server.Handler$Wrapper.handle(Handler.java:794)
	at org.eclipse.jetty.server.handler.EventsHandler.handle(EventsHandler.java:81)
	at org.eclipse.jetty.server.Server.handle(Server.java:197)
	at org.eclipse.jetty.server.internal.HttpChannelState$HandlerInvoker.run(HttpChannelState.java:804)
	at org.eclipse.jetty.server.internal.HttpConnection.onFillable(HttpConnection.java:420)
	at org.eclipse.jetty.server.internal.HttpConnection$FillableCallback.succeeded(HttpConnection.java:1790)
	at org.eclipse.jetty.io.FillInterest.fillable(FillInterest.java:105)
	at org.eclipse.jetty.io.SelectableChannelEndPoint$1.run(SelectableChannelEndPoint.java:54)
	at org.eclipse.jetty.util.thread.strategy.AdaptiveExecutionStrategy.runTask(AdaptiveExecutionStrategy.java:492)
	at org.eclipse.jetty.util.thread.strategy.AdaptiveExecutionStrategy.epcRunTask(AdaptiveExecutionStrategy.java:428)
	at org.eclipse.jetty.util.thread.strategy.AdaptiveExecutionStrategy.consumeTask(AdaptiveExecutionStrategy.java:401)
	at org.eclipse.jetty.util.thread.strategy.AdaptiveExecutionStrategy.tryProduce(AdaptiveExecutionStrategy.java:255)
	at org.eclipse.jetty.util.thread.strategy.AdaptiveExecutionStrategy.run(AdaptiveExecutionStrategy.java:204)
	at org.eclipse.jetty.util.thread.ReservedThreadExecutor$ReservedThread.run(ReservedThreadExecutor.java:317)
	at org.eclipse.jetty.util.thread.QueuedThreadPool.runJob(QueuedThreadPool.java:1009)
	at org.eclipse.jetty.util.thread.QueuedThreadPool$Runner.doRunJob(QueuedThreadPool.java:1240)
	at org.eclipse.jetty.util.thread.QueuedThreadPool$Runner.run(QueuedThreadPool.java:1194)
	at java.base/java.lang.Thread.run(Unknown Source)
[JettyServerThreadPool-134] WARN io.javalin.Javalin - Uncaught exception
org.eclipse.jetty.server.internal.HttpConnection$HttpEofException: Early EOF
	at org.eclipse.jetty.server.internal.HttpConnection$RequestHandler.earlyEOF(HttpConnection.java:1222)
	at org.eclipse.jetty.http.HttpParser.parseNext(HttpParser.java:1821)
	at org.eclipse.jetty.server.internal.HttpConnection.parseAndFillForContent(HttpConnection.java:559)
	at org.eclipse.jetty.server.internal.HttpConnection$HttpStreamOverHTTP1.read(HttpConnection.java:1467)
	at org.eclipse.jetty.server.HttpStream$Wrapper.read(HttpStream.java:184)
	at org.eclipse.jetty.server.HttpStream$Wrapper.read(HttpStream.java:184)
	at org.eclipse.jetty.server.internal.HttpChannelState$ChannelRequest.read(HttpChannelState.java:1042)
	at org.eclipse.jetty.server.Request$Wrapper.read(Request.java:962)
	at org.eclipse.jetty.server.handler.EventsHandler$EventsRequest.read(EventsHandler.java:407)
	at org.eclipse.jetty.server.Request$Wrapper.read(Request.java:962)
	at org.eclipse.jetty.ee10.servlet.AsyncContentProducer.readChunk(AsyncContentProducer.java:324)
	at org.eclipse.jetty.ee10.servlet.AsyncContentProducer.produceChunk(AsyncContentProducer.java:304)
	at org.eclipse.jetty.ee10.servlet.AsyncContentProducer.nextChunk(AsyncContentProducer.java:209)
	at org.eclipse.jetty.ee10.servlet.BlockingContentProducer.nextChunk(BlockingContentProducer.java:100)
	at org.eclipse.jetty.ee10.servlet.HttpInput.read(HttpInput.java:267)
	at org.eclipse.jetty.ee10.servlet.HttpInput.read(HttpInput.java:248)
	at java.base/java.io.InputStream.read(Unknown Source)
	at httparena.Main.upload(Main.java:97)
	at io.javalin.router.ParsedEndpoint.handleWithPathParams$javalin(ParsedEndpoint.kt:21)
	at io.javalin.router.ParsedEndpoint.handle(ParsedEndpoint.kt:15)
	at io.javalin.http.servlet.DefaultTasks.HTTP$lambda$0$1(DefaultTasks.kt:57)
	at io.javalin.http.servlet.JavalinServlet.handleTask(JavalinServlet.kt:108)
	at io.javalin.http.servlet.JavalinServlet.handleSync(JavalinServlet.kt:72)
	at io.javalin.http.servlet.JavalinServlet.handle(JavalinServlet.kt:58)
	at io.javalin.http.servlet.JavalinServlet.service(JavalinServlet.kt:38)
	at jakarta.servlet.http.HttpServlet.service(HttpServlet.java:614)
	at io.javalin.jetty.JavalinJettyServlet.service(JavalinJettyServlet.kt:49)
	at jakarta.servlet.http.HttpServlet.service(HttpServlet.java:614)
	at org.eclipse.jetty.ee10.servlet.ServletHolder.handle(ServletHolder.java:754)
	at org.eclipse.jetty.ee10.servlet.ServletHandler$ChainEnd.doFilter(ServletHandler.java:1642)
	at org.eclipse.jetty.ee10.servlet.ServletHandler$MappedServlet.handle(ServletHandler.java:1556)
	at org.eclipse.jetty.ee10.servlet.ServletChannel.dispatch(ServletChannel.java:871)
	at org.eclipse.jetty.ee10.servlet.ServletChannel.handle(ServletChannel.java:449)
	at org.eclipse.jetty.ee10.servlet.ServletHandler.handle(ServletHandler.java:469)
	at org.eclipse.jetty.ee10.servlet.SessionHandler.handle(SessionHandler.java:719)
	at org.eclipse.jetty.server.handler.ContextHandler.handle(ContextHandler.java:1253)
	at org.eclipse.jetty.server.Handler$Wrapper.handle(Handler.java:794)
	at org.eclipse.jetty.server.handler.EventsHandler.handle(EventsHandler.java:81)
	at org.eclipse.jetty.server.Server.handle(Server.java:197)
	at org.eclipse.jetty.server.internal.HttpChannelState$HandlerInvoker.run(HttpChannelState.java:804)
	at org.eclipse.jetty.server.internal.HttpConnection.onFillable(HttpConnection.java:420)
	at org.eclipse.jetty.server.internal.HttpConnection$FillableCallback.succeeded(HttpConnection.java:1790)
	at org.eclipse.jetty.io.FillInterest.fillable(FillInterest.java:105)
	at org.eclipse.jetty.io.SelectableChannelEndPoint$1.run(SelectableChannelEndPoint.java:54)
	at org.eclipse.jetty.util.thread.strategy.AdaptiveExecutionStrategy.runTask(AdaptiveExecutionStrategy.java:492)
	at org.eclipse.jetty.util.thread.strategy.AdaptiveExecutionStrategy.epcRunTask(AdaptiveExecutionStrategy.java:428)
	at org.eclipse.jetty.util.thread.strategy.AdaptiveExecutionStrategy.consumeTask(AdaptiveExecutionStrategy.java:401)
	at org.eclipse.jetty.util.thread.strategy.AdaptiveExecutionStrategy.tryProduce(AdaptiveExecutionStrategy.java:255)
	at org.eclipse.jetty.util.thread.strategy.AdaptiveExecutionStrategy.run(AdaptiveExecutionStrategy.java:204)
	at org.eclipse.jetty.util.thread.ReservedThreadExecutor$ReservedThread.run(ReservedThreadExecutor.java:317)
	at org.eclipse.jetty.util.thread.QueuedThreadPool.runJob(QueuedThreadPool.java:1009)
	at org.eclipse.jetty.util.thread.QueuedThreadPool$Runner.doRunJob(QueuedThreadPool.java:1240)
	at org.eclipse.jetty.util.thread.QueuedThreadPool$Runner.run(QueuedThreadPool.java:1194)
	at java.base/java.lang.Thread.run(Unknown Source)
[JettyServerThreadPool-92] WARN io.javalin.Javalin - Uncaught exception
org.eclipse.jetty.server.internal.HttpConnection$HttpEofException: Early EOF
	at org.eclipse.jetty.server.internal.HttpConnection$RequestHandler.earlyEOF(HttpConnection.java:1222)
	at org.eclipse.jetty.http.HttpParser.parseNext(HttpParser.java:1821)
	at org.eclipse.jetty.server.internal.HttpConnection.parseAndFillForContent(HttpConnection.java:559)
	at org.eclipse.jetty.server.internal.HttpConnection$HttpStreamOverHTTP1.read(HttpConnection.java:1467)
	at org.eclipse.jetty.server.HttpStream$Wrapper.read(HttpStream.java:184)
	at org.eclipse.jetty.server.HttpStream$Wrapper.read(HttpStream.java:184)
	at org.eclipse.jetty.server.internal.HttpChannelState$ChannelRequest.read(HttpChannelState.java:1042)
	at org.eclipse.jetty.server.Request$Wrapper.read(Request.java:962)
	at org.eclipse.jetty.server.handler.EventsHandler$EventsRequest.read(EventsHandler.java:407)
	at org.eclipse.jetty.server.Request$Wrapper.read(Request.java:962)
	at org.eclipse.jetty.ee10.servlet.AsyncContentProducer.readChunk(AsyncContentProducer.java:324)
	at org.eclipse.jetty.ee10.servlet.AsyncContentProducer.produceChunk(AsyncContentProducer.java:304)
	at org.eclipse.jetty.ee10.servlet.AsyncContentProducer.nextChunk(AsyncContentProducer.java:209)
	at org.eclipse.jetty.ee10.servlet.BlockingContentProducer.nextChunk(BlockingContentProducer.java:100)
	at org.eclipse.jetty.ee10.servlet.HttpInput.read(HttpInput.java:267)
	at org.eclipse.jetty.ee10.servlet.HttpInput.read(HttpInput.java:248)
	at java.base/java.io.InputStream.read(Unknown Source)
	at httparena.Main.upload(Main.java:97)
	at io.javalin.router.ParsedEndpoint.handleWithPathParams$javalin(ParsedEndpoint.kt:21)
	at io.javalin.router.ParsedEndpoint.handle(ParsedEndpoint.kt:15)
	at io.javalin.http.servlet.DefaultTasks.HTTP$lambda$0$1(DefaultTasks.kt:57)
	at io.javalin.http.servlet.JavalinServlet.handleTask(JavalinServlet.kt:108)
	at io.javalin.http.servlet.JavalinServlet.handleSync(JavalinServlet.kt:72)
	at io.javalin.http.servlet.JavalinServlet.handle(JavalinServlet.kt:58)
	at io.javalin.http.servlet.JavalinServlet.service(JavalinServlet.kt:38)
	at jakarta.servlet.http.HttpServlet.service(HttpServlet.java:614)
	at io.javalin.jetty.JavalinJettyServlet.service(JavalinJettyServlet.kt:49)
	at jakarta.servlet.http.HttpServlet.service(HttpServlet.java:614)
	at org.eclipse.jetty.ee10.servlet.ServletHolder.handle(ServletHolder.java:754)
	at org.eclipse.jetty.ee10.servlet.ServletHandler$ChainEnd.doFilter(ServletHandler.java:1642)
	at org.eclipse.jetty.ee10.servlet.ServletHandler$MappedServlet.handle(ServletHandler.java:1556)
	at org.eclipse.jetty.ee10.servlet.ServletChannel.dispatch(ServletChannel.java:871)
	at org.eclipse.jetty.ee10.servlet.ServletChannel.handle(ServletChannel.java:449)
	at org.eclipse.jetty.ee10.servlet.ServletHandler.handle(ServletHandler.java:469)
	at org.eclipse.jetty.ee10.servlet.SessionHandler.handle(SessionHandler.java:719)
	at org.eclipse.jetty.server.handler.ContextHandler.handle(ContextHandler.java:1253)
	at org.eclipse.jetty.server.Handler$Wrapper.handle(Handler.java:794)
	at org.eclipse.jetty.server.handler.EventsHandler.handle(EventsHandler.java:81)
	at org.eclipse.jetty.server.Server.handle(Server.java:197)
	at org.eclipse.jetty.server.internal.HttpChannelState$HandlerInvoker.run(HttpChannelState.java:804)
	at org.eclipse.jetty.server.internal.HttpConnection.onFillable(HttpConnection.java:420)
	at org.eclipse.jetty.server.internal.HttpConnection$FillableCallback.succeeded(HttpConnection.java:1790)
	at org.eclipse.jetty.io.FillInterest.fillable(FillInterest.java:105)
	at org.eclipse.jetty.io.SelectableChannelEndPoint$1.run(SelectableChannelEndPoint.java:54)
	at org.eclipse.jetty.util.thread.strategy.AdaptiveExecutionStrategy.runTask(AdaptiveExecutionStrategy.java:492)
	at org.eclipse.jetty.util.thread.strategy.AdaptiveExecutionStrategy.epcRunTask(AdaptiveExecutionStrategy.java:428)
	at org.eclipse.jetty.util.thread.strategy.AdaptiveExecutionStrategy.consumeTask(AdaptiveExecutionStrategy.java:401)
	at org.eclipse.jetty.util.thread.strategy.AdaptiveExecutionStrategy.tryProduce(AdaptiveExecutionStrategy.java:255)
	at org.eclipse.jetty.util.thread.strategy.AdaptiveExecutionStrategy.run(AdaptiveExecutionStrategy.java:204)
	at org.eclipse.jetty.util.thread.ReservedThreadExecutor$ReservedThread.run(ReservedThreadExecutor.java:317)
	at org.eclipse.jetty.util.thread.QueuedThreadPool.runJob(QueuedThreadPool.java:1009)
	at org.eclipse.jetty.util.thread.QueuedThreadPool$Runner.doRunJob(QueuedThreadPool.java:1240)
	at org.eclipse.jetty.util.thread.QueuedThreadPool$Runner.run(QueuedThreadPool.java:1194)
	at java.base/java.lang.Thread.run(Unknown Source)
[JettyServerThreadPool-121] WARN io.javalin.Javalin - Uncaught exception
org.eclipse.jetty.server.internal.HttpConnection$HttpEofException: Early EOF
	at org.eclipse.jetty.server.internal.HttpConnection$RequestHandler.earlyEOF(HttpConnection.java:1222)
	at org.eclipse.jetty.http.HttpParser.parseNext(HttpParser.java:1821)
	at org.eclipse.jetty.server.internal.HttpConnection.parseAndFillForContent(HttpConnection.java:559)
	at org.eclipse.jetty.server.internal.HttpConnection$HttpStreamOverHTTP1.read(HttpConnection.java:1467)
	at org.eclipse.jetty.server.HttpStream$Wrapper.read(HttpStream.java:184)
	at org.eclipse.jetty.server.HttpStream$Wrapper.read(HttpStream.java:184)
	at org.eclipse.jetty.server.internal.HttpChannelState$ChannelRequest.read(HttpChannelState.java:1042)
	at org.eclipse.jetty.server.Request$Wrapper.read(Request.java:962)
	at org.eclipse.jetty.server.handler.EventsHandler$EventsRequest.read(EventsHandler.java:407)
	at org.eclipse.jetty.server.Request$Wrapper.read(Request.java:962)
	at org.eclipse.jetty.ee10.servlet.AsyncContentProducer.readChunk(AsyncContentProducer.java:324)
	at org.eclipse.jetty.ee10.servlet.AsyncContentProducer.produceChunk(AsyncContentProducer.java:304)
	at org.eclipse.jetty.ee10.servlet.AsyncContentProducer.nextChunk(AsyncContentProducer.java:209)
	at org.eclipse.jetty.ee10.servlet.BlockingContentProducer.nextChunk(BlockingContentProducer.java:100)
	at org.eclipse.jetty.ee10.servlet.HttpInput.read(HttpInput.java:267)
	at org.eclipse.jetty.ee10.servlet.HttpInput.read(HttpInput.java:248)
	at java.base/java.io.InputStream.read(Unknown Source)
	at httparena.Main.upload(Main.java:97)
	at io.javalin.router.ParsedEndpoint.handleWithPathParams$javalin(ParsedEndpoint.kt:21)
	at io.javalin.router.ParsedEndpoint.handle(ParsedEndpoint.kt:15)
	at io.javalin.http.servlet.DefaultTasks.HTTP$lambda$0$1(DefaultTasks.kt:57)
	at io.javalin.http.servlet.JavalinServlet.handleTask(JavalinServlet.kt:108)
	at io.javalin.http.servlet.JavalinServlet.handleSync(JavalinServlet.kt:72)
	at io.javalin.http.servlet.JavalinServlet.handle(JavalinServlet.kt:58)
	at io.javalin.http.servlet.JavalinServlet.service(JavalinServlet.kt:38)
	at jakarta.servlet.http.HttpServlet.service(HttpServlet.java:614)
	at io.javalin.jetty.JavalinJettyServlet.service(JavalinJettyServlet.kt:49)
	at jakarta.servlet.http.HttpServlet.service(HttpServlet.java:614)
	at org.eclipse.jetty.ee10.servlet.ServletHolder.handle(ServletHolder.java:754)
	at org.eclipse.jetty.ee10.servlet.ServletHandler$ChainEnd.doFilter(ServletHandler.java:1642)
	at org.eclipse.jetty.ee10.servlet.ServletHandler$MappedServlet.handle(ServletHandler.java:1556)
	at org.eclipse.jetty.ee10.servlet.ServletChannel.dispatch(ServletChannel.java:871)
	at org.eclipse.jetty.ee10.servlet.ServletChannel.handle(ServletChannel.java:449)
	at org.eclipse.jetty.ee10.servlet.ServletHandler.handle(ServletHandler.java:469)
	at org.eclipse.jetty.ee10.servlet.SessionHandler.handle(SessionHandler.java:719)
	at org.eclipse.jetty.server.handler.ContextHandler.handle(ContextHandler.java:1253)
	at org.eclipse.jetty.server.Handler$Wrapper.handle(Handler.java:794)
	at org.eclipse.jetty.server.handler.EventsHandler.handle(EventsHandler.java:81)
	at org.eclipse.jetty.server.Server.handle(Server.java:197)
	at org.eclipse.jetty.server.internal.HttpChannelState$HandlerInvoker.run(HttpChannelState.java:804)
	at org.eclipse.jetty.server.internal.HttpConnection.onFillable(HttpConnection.java:420)
	at org.eclipse.jetty.server.internal.HttpConnection$FillableCallback.succeeded(HttpConnection.java:1790)
	at org.eclipse.jetty.io.FillInterest.fillable(FillInterest.java:105)
	at org.eclipse.jetty.io.SelectableChannelEndPoint$1.run(SelectableChannelEndPoint.java:54)
	at org.eclipse.jetty.util.thread.strategy.AdaptiveExecutionStrategy.runTask(AdaptiveExecutionStrategy.java:492)
	at org.eclipse.jetty.util.thread.strategy.AdaptiveExecutionStrategy.epcRunTask(AdaptiveExecutionStrategy.java:428)
	at org.eclipse.jetty.util.thread.strategy.AdaptiveExecutionStrategy.consumeTask(AdaptiveExecutionStrategy.java:401)
	at org.eclipse.jetty.util.thread.strategy.AdaptiveExecutionStrategy.tryProduce(AdaptiveExecutionStrategy.java:255)
	at org.eclipse.jetty.util.thread.strategy.AdaptiveExecutionStrategy.run(AdaptiveExecutionStrategy.java:204)
	at org.eclipse.jetty.util.thread.ReservedThreadExecutor$ReservedThread.run(ReservedThreadExecutor.java:317)
	at org.eclipse.jetty.util.thread.QueuedThreadPool.runJob(QueuedThreadPool.java:1009)
	at org.eclipse.jetty.util.thread.QueuedThreadPool$Runner.doRunJob(QueuedThreadPool.java:1240)
	at org.eclipse.jetty.util.thread.QueuedThreadPool$Runner.run(QueuedThreadPool.java:1194)
	at java.base/java.lang.Thread.run(Unknown Source)
[JettyServerThreadPool-124] WARN io.javalin.Javalin - Uncaught exception
org.eclipse.jetty.server.internal.HttpConnection$HttpEofException: Early EOF
	at org.eclipse.jetty.server.internal.HttpConnection$RequestHandler.earlyEOF(HttpConnection.java:1222)
	at org.eclipse.jetty.http.HttpParser.parseNext(HttpParser.java:1821)
	at org.eclipse.jetty.server.internal.HttpConnection.parseAndFillForContent(HttpConnection.java:559)
	at org.eclipse.jetty.server.internal.HttpConnection$HttpStreamOverHTTP1.read(HttpConnection.java:1467)
	at org.eclipse.jetty.server.HttpStream$Wrapper.read(HttpStream.java:184)
	at org.eclipse.jetty.server.HttpStream$Wrapper.read(HttpStream.java:184)
	at org.eclipse.jetty.server.internal.HttpChannelState$ChannelRequest.read(HttpChannelState.java:1042)
	at org.eclipse.jetty.server.Request$Wrapper.read(Request.java:962)
	at org.eclipse.jetty.server.handler.EventsHandler$EventsRequest.read(EventsHandler.java:407)
	at org.eclipse.jetty.server.Request$Wrapper.read(Request.java:962)
	at org.eclipse.jetty.ee10.servlet.AsyncContentProducer.readChunk(AsyncContentProducer.java:324)
	at org.eclipse.jetty.ee10.servlet.AsyncContentProducer.produceChunk(AsyncContentProducer.java:304)
	at org.eclipse.jetty.ee10.servlet.AsyncContentProducer.nextChunk(AsyncContentProducer.java:209)
	at org.eclipse.jetty.ee10.servlet.BlockingContentProducer.nextChunk(BlockingContentProducer.java:100)
	at org.eclipse.jetty.ee10.servlet.HttpInput.read(HttpInput.java:267)
	at org.eclipse.jetty.ee10.servlet.HttpInput.read(HttpInput.java:248)
	at java.base/java.io.InputStream.read(Unknown Source)
	at httparena.Main.upload(Main.java:97)
	at io.javalin.router.ParsedEndpoint.handleWithPathParams$javalin(ParsedEndpoint.kt:21)
	at io.javalin.router.ParsedEndpoint.handle(ParsedEndpoint.kt:15)
	at io.javalin.http.servlet.DefaultTasks.HTTP$lambda$0$1(DefaultTasks.kt:57)
	at io.javalin.http.servlet.JavalinServlet.handleTask(JavalinServlet.kt:108)
	at io.javalin.http.servlet.JavalinServlet.handleSync(JavalinServlet.kt:72)
	at io.javalin.http.servlet.JavalinServlet.handle(JavalinServlet.kt:58)
	at io.javalin.http.servlet.JavalinServlet.service(JavalinServlet.kt:38)
	at jakarta.servlet.http.HttpServlet.service(HttpServlet.java:614)
	at io.javalin.jetty.JavalinJettyServlet.service(JavalinJettyServlet.kt:49)
	at jakarta.servlet.http.HttpServlet.service(HttpServlet.java:614)
	at org.eclipse.jetty.ee10.servlet.ServletHolder.handle(ServletHolder.java:754)
	at org.eclipse.jetty.ee10.servlet.ServletHandler$ChainEnd.doFilter(ServletHandler.java:1642)
	at org.eclipse.jetty.ee10.servlet.ServletHandler$MappedServlet.handle(ServletHandler.java:1556)
	at org.eclipse.jetty.ee10.servlet.ServletChannel.dispatch(ServletChannel.java:871)
	at org.eclipse.jetty.ee10.servlet.ServletChannel.handle(ServletChannel.java:449)
	at org.eclipse.jetty.ee10.servlet.ServletHandler.handle(ServletHandler.java:469)
	at org.eclipse.jetty.ee10.servlet.SessionHandler.handle(SessionHandler.java:719)
	at org.eclipse.jetty.server.handler.ContextHandler.handle(ContextHandler.java:1253)
	at org.eclipse.jetty.server.Handler$Wrapper.handle(Handler.java:794)
	at org.eclipse.jetty.server.handler.EventsHandler.handle(EventsHandler.java:81)
	at org.eclipse.jetty.server.Server.handle(Server.java:197)
	at org.eclipse.jetty.server.internal.HttpChannelState$HandlerInvoker.run(HttpChannelState.java:804)
	at org.eclipse.jetty.server.internal.HttpConnection.onFillable(HttpConnection.java:420)
	at org.eclipse.jetty.server.internal.HttpConnection$FillableCallback.succeeded(HttpConnection.java:1790)
	at org.eclipse.jetty.io.FillInterest.fillable(FillInterest.java:105)
	at org.eclipse.jetty.io.SelectableChannelEndPoint$1.run(SelectableChannelEndPoint.java:54)
	at org.eclipse.jetty.util.thread.strategy.AdaptiveExecutionStrategy.runTask(AdaptiveExecutionStrategy.java:492)
	at org.eclipse.jetty.util.thread.strategy.AdaptiveExecutionStrategy.epcRunTask(AdaptiveExecutionStrategy.java:428)
	at org.eclipse.jetty.util.thread.strategy.AdaptiveExecutionStrategy.consumeTask(AdaptiveExecutionStrategy.java:401)
	at org.eclipse.jetty.util.thread.strategy.AdaptiveExecutionStrategy.tryProduce(AdaptiveExecutionStrategy.java:255)
	at org.eclipse.jetty.util.thread.strategy.AdaptiveExecutionStrategy.run(AdaptiveExecutionStrategy.java:204)
	at org.eclipse.jetty.util.thread.ReservedThreadExecutor$ReservedThread.run(ReservedThreadExecutor.java:317)
	at org.eclipse.jetty.util.thread.QueuedThreadPool.runJob(QueuedThreadPool.java:1009)
	at org.eclipse.jetty.util.thread.QueuedThreadPool$Runner.doRunJob(QueuedThreadPool.java:1240)
	at org.eclipse.jetty.util.thread.QueuedThreadPool$Runner.run(QueuedThreadPool.java:1194)
	at java.base/java.lang.Thread.run(Unknown Source)
[JettyServerThreadPool-89] WARN io.javalin.Javalin - Uncaught exception
org.eclipse.jetty.server.internal.HttpConnection$HttpEofException: Early EOF
	at org.eclipse.jetty.server.internal.HttpConnection$RequestHandler.earlyEOF(HttpConnection.java:1222)
	at org.eclipse.jetty.http.HttpParser.parseNext(HttpParser.java:1821)
	at org.eclipse.jetty.server.internal.HttpConnection.parseAndFillForContent(HttpConnection.java:559)
	at org.eclipse.jetty.server.internal.HttpConnection$HttpStreamOverHTTP1.read(HttpConnection.java:1467)
	at org.eclipse.jetty.server.HttpStream$Wrapper.read(HttpStream.java:184)
	at org.eclipse.jetty.server.HttpStream$Wrapper.read(HttpStream.java:184)
	at org.eclipse.jetty.server.internal.HttpChannelState$ChannelRequest.read(HttpChannelState.java:1042)
	at org.eclipse.jetty.server.Request$Wrapper.read(Request.java:962)
	at org.eclipse.jetty.server.handler.EventsHandler$EventsRequest.read(EventsHandler.java:407)
	at org.eclipse.jetty.server.Request$Wrapper.read(Request.java:962)
	at org.eclipse.jetty.ee10.servlet.AsyncContentProducer.readChunk(AsyncContentProducer.java:324)
	at org.eclipse.jetty.ee10.servlet.AsyncContentProducer.produceChunk(AsyncContentProducer.java:304)
	at org.eclipse.jetty.ee10.servlet.AsyncContentProducer.nextChunk(AsyncContentProducer.java:209)
	at org.eclipse.jetty.ee10.servlet.BlockingContentProducer.nextChunk(BlockingContentProducer.java:100)
	at org.eclipse.jetty.ee10.servlet.HttpInput.read(HttpInput.java:267)
	at org.eclipse.jetty.ee10.servlet.HttpInput.read(HttpInput.java:248)
	at java.base/java.io.InputStream.read(Unknown Source)
	at httparena.Main.upload(Main.java:97)
	at io.javalin.router.ParsedEndpoint.handleWithPathParams$javalin(ParsedEndpoint.kt:21)
	at io.javalin.router.ParsedEndpoint.handle(ParsedEndpoint.kt:15)
	at io.javalin.http.servlet.DefaultTasks.HTTP$lambda$0$1(DefaultTasks.kt:57)
	at io.javalin.http.servlet.JavalinServlet.handleTask(JavalinServlet.kt:108)
	at io.javalin.http.servlet.JavalinServlet.handleSync(JavalinServlet.kt:72)
	at io.javalin.http.servlet.JavalinServlet.handle(JavalinServlet.kt:58)
	at io.javalin.http.servlet.JavalinServlet.service(JavalinServlet.kt:38)
	at jakarta.servlet.http.HttpServlet.service(HttpServlet.java:614)
	at io.javalin.jetty.JavalinJettyServlet.service(JavalinJettyServlet.kt:49)
	at jakarta.servlet.http.HttpServlet.service(HttpServlet.java:614)
	at org.eclipse.jetty.ee10.servlet.ServletHolder.handle(ServletHolder.java:754)
	at org.eclipse.jetty.ee10.servlet.ServletHandler$ChainEnd.doFilter(ServletHandler.java:1642)
	at org.eclipse.jetty.ee10.servlet.ServletHandler$MappedServlet.handle(ServletHandler.java:1556)
	at org.eclipse.jetty.ee10.servlet.ServletChannel.dispatch(ServletChannel.java:871)
	at org.eclipse.jetty.ee10.servlet.ServletChannel.handle(ServletChannel.java:449)
	at org.eclipse.jetty.ee10.servlet.ServletHandler.handle(ServletHandler.java:469)
	at org.eclipse.jetty.ee10.servlet.SessionHandler.handle(SessionHandler.java:719)
	at org.eclipse.jetty.server.handler.ContextHandler.handle(ContextHandler.java:1253)
	at org.eclipse.jetty.server.Handler$Wrapper.handle(Handler.java:794)
	at org.eclipse.jetty.server.handler.EventsHandler.handle(EventsHandler.java:81)
	at org.eclipse.jetty.server.Server.handle(Server.java:197)
	at org.eclipse.jetty.server.internal.HttpChannelState$HandlerInvoker.run(HttpChannelState.java:804)
	at org.eclipse.jetty.server.internal.HttpConnection.onFillable(HttpConnection.java:420)
	at org.eclipse.jetty.server.internal.HttpConnection$FillableCallback.succeeded(HttpConnection.java:1790)
	at org.eclipse.jetty.io.FillInterest.fillable(FillInterest.java:105)
	at org.eclipse.jetty.io.SelectableChannelEndPoint$1.run(SelectableChannelEndPoint.java:54)
	at org.eclipse.jetty.util.thread.strategy.AdaptiveExecutionStrategy.runTask(AdaptiveExecutionStrategy.java:492)
	at org.eclipse.jetty.util.thread.strategy.AdaptiveExecutionStrategy.epcRunTask(AdaptiveExecutionStrategy.java:428)
	at org.eclipse.jetty.util.thread.strategy.AdaptiveExecutionStrategy.consumeTask(AdaptiveExecutionStrategy.java:401)
	at org.eclipse.jetty.util.thread.strategy.AdaptiveExecutionStrategy.tryProduce(AdaptiveExecutionStrategy.java:255)
	at org.eclipse.jetty.util.thread.strategy.AdaptiveExecutionStrategy.run(AdaptiveExecutionStrategy.java:204)
	at org.eclipse.jetty.util.thread.ReservedThreadExecutor$ReservedThread.run(ReservedThreadExecutor.java:317)
	at org.eclipse.jetty.util.thread.QueuedThreadPool.runJob(QueuedThreadPool.java:1009)
	at org.eclipse.jetty.util.thread.QueuedThreadPool$Runner.doRunJob(QueuedThreadPool.java:1240)
	at org.eclipse.jetty.util.thread.QueuedThreadPool$Runner.run(QueuedThreadPool.java:1194)
	at java.base/java.lang.Thread.run(Unknown Source)
[JettyServerThreadPool-119] WARN io.javalin.Javalin - Uncaught exception
org.eclipse.jetty.server.internal.HttpConnection$HttpEofException: Early EOF
	at org.eclipse.jetty.server.internal.HttpConnection$RequestHandler.earlyEOF(HttpConnection.java:1222)
	at org.eclipse.jetty.http.HttpParser.parseNext(HttpParser.java:1821)
	at org.eclipse.jetty.server.internal.HttpConnection.parseAndFillForContent(HttpConnection.java:559)
	at org.eclipse.jetty.server.internal.HttpConnection$HttpStreamOverHTTP1.read(HttpConnection.java:1467)
	at org.eclipse.jetty.server.HttpStream$Wrapper.read(HttpStream.java:184)
	at org.eclipse.jetty.server.HttpStream$Wrapper.read(HttpStream.java:184)
	at org.eclipse.jetty.server.internal.HttpChannelState$ChannelRequest.read(HttpChannelState.java:1042)
	at org.eclipse.jetty.server.Request$Wrapper.read(Request.java:962)
	at org.eclipse.jetty.server.handler.EventsHandler$EventsRequest.read(EventsHandler.java:407)
	at org.eclipse.jetty.server.Request$Wrapper.read(Request.java:962)
	at org.eclipse.jetty.ee10.servlet.AsyncContentProducer.readChunk(AsyncContentProducer.java:324)
	at org.eclipse.jetty.ee10.servlet.AsyncContentProducer.produceChunk(AsyncContentProducer.java:304)
	at org.eclipse.jetty.ee10.servlet.AsyncContentProducer.nextChunk(AsyncContentProducer.java:209)
	at org.eclipse.jetty.ee10.servlet.BlockingContentProducer.nextChunk(BlockingContentProducer.java:100)
	at org.eclipse.jetty.ee10.servlet.HttpInput.read(HttpInput.java:267)
	at org.eclipse.jetty.ee10.servlet.HttpInput.read(HttpInput.java:248)
	at java.base/java.io.InputStream.read(Unknown Source)
	at httparena.Main.upload(Main.java:97)
	at io.javalin.router.ParsedEndpoint.handleWithPathParams$javalin(ParsedEndpoint.kt:21)
	at io.javalin.router.ParsedEndpoint.handle(ParsedEndpoint.kt:15)
	at io.javalin.http.servlet.DefaultTasks.HTTP$lambda$0$1(DefaultTasks.kt:57)
	at io.javalin.http.servlet.JavalinServlet.handleTask(JavalinServlet.kt:108)
	at io.javalin.http.servlet.JavalinServlet.handleSync(JavalinServlet.kt:72)
	at io.javalin.http.servlet.JavalinServlet.handle(JavalinServlet.kt:58)
	at io.javalin.http.servlet.JavalinServlet.service(JavalinServlet.kt:38)
	at jakarta.servlet.http.HttpServlet.service(HttpServlet.java:614)
	at io.javalin.jetty.JavalinJettyServlet.service(JavalinJettyServlet.kt:49)
	at jakarta.servlet.http.HttpServlet.service(HttpServlet.java:614)
	at org.eclipse.jetty.ee10.servlet.ServletHolder.handle(ServletHolder.java:754)
	at org.eclipse.jetty.ee10.servlet.ServletHandler$ChainEnd.doFilter(ServletHandler.java:1642)
	at org.eclipse.jetty.ee10.servlet.ServletHandler$MappedServlet.handle(ServletHandler.java:1556)
	at org.eclipse.jetty.ee10.servlet.ServletChannel.dispatch(ServletChannel.java:871)
	at org.eclipse.jetty.ee10.servlet.ServletChannel.handle(ServletChannel.java:449)
	at org.eclipse.jetty.ee10.servlet.ServletHandler.handle(ServletHandler.java:469)
	at org.eclipse.jetty.ee10.servlet.SessionHandler.handle(SessionHandler.java:719)
	at org.eclipse.jetty.server.handler.ContextHandler.handle(ContextHandler.java:1253)
	at org.eclipse.jetty.server.Handler$Wrapper.handle(Handler.java:794)
	at org.eclipse.jetty.server.handler.EventsHandler.handle(EventsHandler.java:81)
	at org.eclipse.jetty.server.Server.handle(Server.java:197)
	at org.eclipse.jetty.server.internal.HttpChannelState$HandlerInvoker.run(HttpChannelState.java:804)
	at org.eclipse.jetty.server.internal.HttpConnection.onFillable(HttpConnection.java:420)
	at org.eclipse.jetty.server.internal.HttpConnection$FillableCallback.succeeded(HttpConnection.java:1790)
	at org.eclipse.jetty.io.FillInterest.fillable(FillInterest.java:105)
	at org.eclipse.jetty.io.SelectableChannelEndPoint$1.run(SelectableChannelEndPoint.java:54)
	at org.eclipse.jetty.util.thread.strategy.AdaptiveExecutionStrategy.runTask(AdaptiveExecutionStrategy.java:492)
	at org.eclipse.jetty.util.thread.strategy.AdaptiveExecutionStrategy.epcRunTask(AdaptiveExecutionStrategy.java:428)
	at org.eclipse.jetty.util.thread.strategy.AdaptiveExecutionStrategy.consumeTask(AdaptiveExecutionStrategy.java:401)
	at org.eclipse.jetty.util.thread.strategy.AdaptiveExecutionStrategy.tryProduce(AdaptiveExecutionStrategy.java:255)
	at org.eclipse.jetty.util.thread.strategy.AdaptiveExecutionStrategy.run(AdaptiveExecutionStrategy.java:204)
	at org.eclipse.jetty.util.thread.ReservedThreadExecutor$ReservedThread.run(ReservedThreadExecutor.java:317)
	at org.eclipse.jetty.util.thread.QueuedThreadPool.runJob(QueuedThreadPool.java:1009)
	at org.eclipse.jetty.util.thread.QueuedThreadPool$Runner.doRunJob(QueuedThreadPool.java:1240)
	at org.eclipse.jetty.util.thread.QueuedThreadPool$Runner.run(QueuedThreadPool.java:1194)
	at java.base/java.lang.Thread.run(Unknown Source)
[JettyServerThreadPool-129] WARN io.javalin.Javalin - Uncaught exception
org.eclipse.jetty.server.internal.HttpConnection$HttpEofException: Early EOF
	at org.eclipse.jetty.server.internal.HttpConnection$RequestHandler.earlyEOF(HttpConnection.java:1222)
	at org.eclipse.jetty.http.HttpParser.parseNext(HttpParser.java:1821)
	at org.eclipse.jetty.server.internal.HttpConnection.parseAndFillForContent(HttpConnection.java:559)
	at org.eclipse.jetty.server.internal.HttpConnection$HttpStreamOverHTTP1.read(HttpConnection.java:1467)
	at org.eclipse.jetty.server.HttpStream$Wrapper.read(HttpStream.java:184)
	at org.eclipse.jetty.server.HttpStream$Wrapper.read(HttpStream.java:184)
	at org.eclipse.jetty.server.internal.HttpChannelState$ChannelRequest.read(HttpChannelState.java:1042)
	at org.eclipse.jetty.server.Request$Wrapper.read(Request.java:962)
	at org.eclipse.jetty.server.handler.EventsHandler$EventsRequest.read(EventsHandler.java:407)
	at org.eclipse.jetty.server.Request$Wrapper.read(Request.java:962)
	at org.eclipse.jetty.ee10.servlet.AsyncContentProducer.readChunk(AsyncContentProducer.java:324)
	at org.eclipse.jetty.ee10.servlet.AsyncContentProducer.produceChunk(AsyncContentProducer.java:304)
	at org.eclipse.jetty.ee10.servlet.AsyncContentProducer.nextChunk(AsyncContentProducer.java:209)
	at org.eclipse.jetty.ee10.servlet.BlockingContentProducer.nextChunk(BlockingContentProducer.java:100)
	at org.eclipse.jetty.ee10.servlet.HttpInput.read(HttpInput.java:267)
	at org.eclipse.jetty.ee10.servlet.HttpInput.read(HttpInput.java:248)
	at java.base/java.io.InputStream.read(Unknown Source)
	at httparena.Main.upload(Main.java:97)
	at io.javalin.router.ParsedEndpoint.handleWithPathParams$javalin(ParsedEndpoint.kt:21)
	at io.javalin.router.ParsedEndpoint.handle(ParsedEndpoint.kt:15)
	at io.javalin.http.servlet.DefaultTasks.HTTP$lambda$0$1(DefaultTasks.kt:57)
	at io.javalin.http.servlet.JavalinServlet.handleTask(JavalinServlet.kt:108)
	at io.javalin.http.servlet.JavalinServlet.handleSync(JavalinServlet.kt:72)
	at io.javalin.http.servlet.JavalinServlet.handle(JavalinServlet.kt:58)
	at io.javalin.http.servlet.JavalinServlet.service(JavalinServlet.kt:38)
	at jakarta.servlet.http.HttpServlet.service(HttpServlet.java:614)
	at io.javalin.jetty.JavalinJettyServlet.service(JavalinJettyServlet.kt:49)
	at jakarta.servlet.http.HttpServlet.service(HttpServlet.java:614)
	at org.eclipse.jetty.ee10.servlet.ServletHolder.handle(ServletHolder.java:754)
	at org.eclipse.jetty.ee10.servlet.ServletHandler$ChainEnd.doFilter(ServletHandler.java:1642)
	at org.eclipse.jetty.ee10.servlet.ServletHandler$MappedServlet.handle(ServletHandler.java:1556)
	at org.eclipse.jetty.ee10.servlet.ServletChannel.dispatch(ServletChannel.java:871)
	at org.eclipse.jetty.ee10.servlet.ServletChannel.handle(ServletChannel.java:449)
	at org.eclipse.jetty.ee10.servlet.ServletHandler.handle(ServletHandler.java:469)
	at org.eclipse.jetty.ee10.servlet.SessionHandler.handle(SessionHandler.java:719)
	at org.eclipse.jetty.server.handler.ContextHandler.handle(ContextHandler.java:1253)
	at org.eclipse.jetty.server.Handler$Wrapper.handle(Handler.java:794)
	at org.eclipse.jetty.server.handler.EventsHandler.handle(EventsHandler.java:81)
	at org.eclipse.jetty.server.Server.handle(Server.java:197)
	at org.eclipse.jetty.server.internal.HttpChannelState$HandlerInvoker.run(HttpChannelState.java:804)
	at org.eclipse.jetty.server.internal.HttpConnection.onFillable(HttpConnection.java:420)
	at org.eclipse.jetty.server.internal.HttpConnection$FillableCallback.succeeded(HttpConnection.java:1790)
	at org.eclipse.jetty.io.FillInterest.fillable(FillInterest.java:105)
	at org.eclipse.jetty.io.SelectableChannelEndPoint$1.run(SelectableChannelEndPoint.java:54)
	at org.eclipse.jetty.util.thread.strategy.AdaptiveExecutionStrategy.runTask(AdaptiveExecutionStrategy.java:492)
	at org.eclipse.jetty.util.thread.strategy.AdaptiveExecutionStrategy.epcRunTask(AdaptiveExecutionStrategy.java:428)
	at org.eclipse.jetty.util.thread.strategy.AdaptiveExecutionStrategy.consumeTask(AdaptiveExecutionStrategy.java:401)
	at org.eclipse.jetty.util.thread.strategy.AdaptiveExecutionStrategy.tryProduce(AdaptiveExecutionStrategy.java:255)
	at org.eclipse.jetty.util.thread.strategy.AdaptiveExecutionStrategy.run(AdaptiveExecutionStrategy.java:204)
	at org.eclipse.jetty.util.thread.ReservedThreadExecutor$ReservedThread.run(ReservedThreadExecutor.java:317)
	at org.eclipse.jetty.util.thread.QueuedThreadPool.runJob(QueuedThreadPool.java:1009)
	at org.eclipse.jetty.util.thread.QueuedThreadPool$Runner.doRunJob(QueuedThreadPool.java:1240)
	at org.eclipse.jetty.util.thread.QueuedThreadPool$Runner.run(QueuedThreadPool.java:1194)
	at java.base/java.lang.Thread.run(Unknown Source)
[JettyServerThreadPool-131] WARN io.javalin.Javalin - Uncaught exception
org.eclipse.jetty.server.internal.HttpConnection$HttpEofException: Early EOF
	at org.eclipse.jetty.server.internal.HttpConnection$RequestHandler.earlyEOF(HttpConnection.java:1222)
	at org.eclipse.jetty.http.HttpParser.parseNext(HttpParser.java:1821)
	at org.eclipse.jetty.server.internal.HttpConnection.parseAndFillForContent(HttpConnection.java:559)
	at org.eclipse.jetty.server.internal.HttpConnection$HttpStreamOverHTTP1.read(HttpConnection.java:1467)
	at org.eclipse.jetty.server.HttpStream$Wrapper.read(HttpStream.java:184)
	at org.eclipse.jetty.server.HttpStream$Wrapper.read(HttpStream.java:184)
	at org.eclipse.jetty.server.internal.HttpChannelState$ChannelRequest.read(HttpChannelState.java:1042)
	at org.eclipse.jetty.server.Request$Wrapper.read(Request.java:962)
	at org.eclipse.jetty.server.handler.EventsHandler$EventsRequest.read(EventsHandler.java:407)
	at org.eclipse.jetty.server.Request$Wrapper.read(Request.java:962)
	at org.eclipse.jetty.ee10.servlet.AsyncContentProducer.readChunk(AsyncContentProducer.java:324)
	at org.eclipse.jetty.ee10.servlet.AsyncContentProducer.produceChunk(AsyncContentProducer.java:304)
	at org.eclipse.jetty.ee10.servlet.AsyncContentProducer.nextChunk(AsyncContentProducer.java:209)
	at org.eclipse.jetty.ee10.servlet.BlockingContentProducer.nextChunk(BlockingContentProducer.java:100)
	at org.eclipse.jetty.ee10.servlet.HttpInput.read(HttpInput.java:267)
	at org.eclipse.jetty.ee10.servlet.HttpInput.read(HttpInput.java:248)
	at java.base/java.io.InputStream.read(Unknown Source)
	at httparena.Main.upload(Main.java:97)
	at io.javalin.router.ParsedEndpoint.handleWithPathParams$javalin(ParsedEndpoint.kt:21)
	at io.javalin.router.ParsedEndpoint.handle(ParsedEndpoint.kt:15)
	at io.javalin.http.servlet.DefaultTasks.HTTP$lambda$0$1(DefaultTasks.kt:57)
	at io.javalin.http.servlet.JavalinServlet.handleTask(JavalinServlet.kt:108)
	at io.javalin.http.servlet.JavalinServlet.handleSync(JavalinServlet.kt:72)
	at io.javalin.http.servlet.JavalinServlet.handle(JavalinServlet.kt:58)
	at io.javalin.http.servlet.JavalinServlet.service(JavalinServlet.kt:38)
	at jakarta.servlet.http.HttpServlet.service(HttpServlet.java:614)
	at io.javalin.jetty.JavalinJettyServlet.service(JavalinJettyServlet.kt:49)
	at jakarta.servlet.http.HttpServlet.service(HttpServlet.java:614)
	at org.eclipse.jetty.ee10.servlet.ServletHolder.handle(ServletHolder.java:754)
	at org.eclipse.jetty.ee10.servlet.ServletHandler$ChainEnd.doFilter(ServletHandler.java:1642)
	at org.eclipse.jetty.ee10.servlet.ServletHandler$MappedServlet.handle(ServletHandler.java:1556)
	at org.eclipse.jetty.ee10.servlet.ServletChannel.dispatch(ServletChannel.java:871)
	at org.eclipse.jetty.ee10.servlet.ServletChannel.handle(ServletChannel.java:449)
	at org.eclipse.jetty.ee10.servlet.ServletHandler.handle(ServletHandler.java:469)
	at org.eclipse.jetty.ee10.servlet.SessionHandler.handle(SessionHandler.java:719)
	at org.eclipse.jetty.server.handler.ContextHandler.handle(ContextHandler.java:1253)
	at org.eclipse.jetty.server.Handler$Wrapper.handle(Handler.java:794)
	at org.eclipse.jetty.server.handler.EventsHandler.handle(EventsHandler.java:81)
	at org.eclipse.jetty.server.Server.handle(Server.java:197)
	at org.eclipse.jetty.server.internal.HttpChannelState$HandlerInvoker.run(HttpChannelState.java:804)
	at org.eclipse.jetty.server.internal.HttpConnection.onFillable(HttpConnection.java:420)
	at org.eclipse.jetty.server.internal.HttpConnection$FillableCallback.succeeded(HttpConnection.java:1790)
	at org.eclipse.jetty.io.FillInterest.fillable(FillInterest.java:105)
	at org.eclipse.jetty.io.SelectableChannelEndPoint$1.run(SelectableChannelEndPoint.java:54)
	at org.eclipse.jetty.util.thread.strategy.AdaptiveExecutionStrategy.runTask(AdaptiveExecutionStrategy.java:492)
	at org.eclipse.jetty.util.thread.strategy.AdaptiveExecutionStrategy.epcRunTask(AdaptiveExecutionStrategy.java:428)
	at org.eclipse.jetty.util.thread.strategy.AdaptiveExecutionStrategy.consumeTask(AdaptiveExecutionStrategy.java:401)
	at org.eclipse.jetty.util.thread.strategy.AdaptiveExecutionStrategy.tryProduce(AdaptiveExecutionStrategy.java:255)
	at org.eclipse.jetty.util.thread.strategy.AdaptiveExecutionStrategy.run(AdaptiveExecutionStrategy.java:204)
	at org.eclipse.jetty.util.thread.ReservedThreadExecutor$ReservedThread.run(ReservedThreadExecutor.java:317)
	at org.eclipse.jetty.util.thread.QueuedThreadPool.runJob(QueuedThreadPool.java:1009)
	at org.eclipse.jetty.util.thread.QueuedThreadPool$Runner.doRunJob(QueuedThreadPool.java:1240)
	at org.eclipse.jetty.util.thread.QueuedThreadPool$Runner.run(QueuedThreadPool.java:1194)
	at java.base/java.lang.Thread.run(Unknown Source)
[JettyServerThreadPool-113] WARN io.javalin.Javalin - Uncaught exception
org.eclipse.jetty.server.internal.HttpConnection$HttpEofException: Early EOF
	at org.eclipse.jetty.server.internal.HttpConnection$RequestHandler.earlyEOF(HttpConnection.java:1222)
	at org.eclipse.jetty.http.HttpParser.parseNext(HttpParser.java:1821)
	at org.eclipse.jetty.server.internal.HttpConnection.parseAndFillForContent(HttpConnection.java:559)
	at org.eclipse.jetty.server.internal.HttpConnection$HttpStreamOverHTTP1.read(HttpConnection.java:1467)
	at org.eclipse.jetty.server.HttpStream$Wrapper.read(HttpStream.java:184)
	at org.eclipse.jetty.server.HttpStream$Wrapper.read(HttpStream.java:184)
	at org.eclipse.jetty.server.internal.HttpChannelState$ChannelRequest.read(HttpChannelState.java:1042)
	at org.eclipse.jetty.server.Request$Wrapper.read(Request.java:962)
	at org.eclipse.jetty.server.handler.EventsHandler$EventsRequest.read(EventsHandler.java:407)
	at org.eclipse.jetty.server.Request$Wrapper.read(Request.java:962)
	at org.eclipse.jetty.ee10.servlet.AsyncContentProducer.readChunk(AsyncContentProducer.java:324)
	at org.eclipse.jetty.ee10.servlet.AsyncContentProducer.produceChunk(AsyncContentProducer.java:304)
	at org.eclipse.jetty.ee10.servlet.AsyncContentProducer.nextChunk(AsyncContentProducer.java:209)
	at org.eclipse.jetty.ee10.servlet.BlockingContentProducer.nextChunk(BlockingContentProducer.java:100)
	at org.eclipse.jetty.ee10.servlet.HttpInput.read(HttpInput.java:267)
	at org.eclipse.jetty.ee10.servlet.HttpInput.read(HttpInput.java:248)
	at java.base/java.io.InputStream.read(Unknown Source)
	at httparena.Main.upload(Main.java:97)
	at io.javalin.router.ParsedEndpoint.handleWithPathParams$javalin(ParsedEndpoint.kt:21)
	at io.javalin.router.ParsedEndpoint.handle(ParsedEndpoint.kt:15)
	at io.javalin.http.servlet.DefaultTasks.HTTP$lambda$0$1(DefaultTasks.kt:57)
	at io.javalin.http.servlet.JavalinServlet.handleTask(JavalinServlet.kt:108)
	at io.javalin.http.servlet.JavalinServlet.handleSync(JavalinServlet.kt:72)
	at io.javalin.http.servlet.JavalinServlet.handle(JavalinServlet.kt:58)
	at io.javalin.http.servlet.JavalinServlet.service(JavalinServlet.kt:38)
	at jakarta.servlet.http.HttpServlet.service(HttpServlet.java:614)
	at io.javalin.jetty.JavalinJettyServlet.service(JavalinJettyServlet.kt:49)
	at jakarta.servlet.http.HttpServlet.service(HttpServlet.java:614)
	at org.eclipse.jetty.ee10.servlet.ServletHolder.handle(ServletHolder.java:754)
	at org.eclipse.jetty.ee10.servlet.ServletHandler$ChainEnd.doFilter(ServletHandler.java:1642)
	at org.eclipse.jetty.ee10.servlet.ServletHandler$MappedServlet.handle(ServletHandler.java:1556)
	at org.eclipse.jetty.ee10.servlet.ServletChannel.dispatch(ServletChannel.java:871)
	at org.eclipse.jetty.ee10.servlet.ServletChannel.handle(ServletChannel.java:449)
	at org.eclipse.jetty.ee10.servlet.ServletHandler.handle(ServletHandler.java:469)
	at org.eclipse.jetty.ee10.servlet.SessionHandler.handle(SessionHandler.java:719)
	at org.eclipse.jetty.server.handler.ContextHandler.handle(ContextHandler.java:1253)
	at org.eclipse.jetty.server.Handler$Wrapper.handle(Handler.java:794)
	at org.eclipse.jetty.server.handler.EventsHandler.handle(EventsHandler.java:81)
	at org.eclipse.jetty.server.Server.handle(Server.java:197)
	at org.eclipse.jetty.server.internal.HttpChannelState$HandlerInvoker.run(HttpChannelState.java:804)
	at org.eclipse.jetty.server.internal.HttpConnection.onFillable(HttpConnection.java:420)
	at org.eclipse.jetty.server.internal.HttpConnection$FillableCallback.succeeded(HttpConnection.java:1790)
	at org.eclipse.jetty.io.FillInterest.fillable(FillInterest.java:105)
	at org.eclipse.jetty.io.SelectableChannelEndPoint$1.run(SelectableChannelEndPoint.java:54)
	at org.eclipse.jetty.util.thread.strategy.AdaptiveExecutionStrategy.runTask(AdaptiveExecutionStrategy.java:492)
	at org.eclipse.jetty.util.thread.strategy.AdaptiveExecutionStrategy.epcRunTask(AdaptiveExecutionStrategy.java:428)
	at org.eclipse.jetty.util.thread.strategy.AdaptiveExecutionStrategy.consumeTask(AdaptiveExecutionStrategy.java:401)
	at org.eclipse.jetty.util.thread.strategy.AdaptiveExecutionStrategy.tryProduce(AdaptiveExecutionStrategy.java:255)
	at org.eclipse.jetty.util.thread.strategy.AdaptiveExecutionStrategy.run(AdaptiveExecutionStrategy.java:204)
	at org.eclipse.jetty.util.thread.ReservedThreadExecutor$ReservedThread.run(ReservedThreadExecutor.java:317)
	at org.eclipse.jetty.util.thread.QueuedThreadPool.runJob(QueuedThreadPool.java:1009)
	at org.eclipse.jetty.util.thread.QueuedThreadPool$Runner.doRunJob(QueuedThreadPool.java:1240)
	at org.eclipse.jetty.util.thread.QueuedThreadPool$Runner.run(QueuedThreadPool.java:1194)
	at java.base/java.lang.Thread.run(Unknown Source)
[JettyServerThreadPool-81] WARN io.javalin.Javalin - Uncaught exception
org.eclipse.jetty.server.internal.HttpConnection$HttpEofException: Early EOF
	at org.eclipse.jetty.server.internal.HttpConnection$RequestHandler.earlyEOF(HttpConnection.java:1222)
	at org.eclipse.jetty.http.HttpParser.parseNext(HttpParser.java:1821)
	at org.eclipse.jetty.server.internal.HttpConnection.parseAndFillForContent(HttpConnection.java:559)
	at org.eclipse.jetty.server.internal.HttpConnection$HttpStreamOverHTTP1.read(HttpConnection.java:1467)
	at org.eclipse.jetty.server.HttpStream$Wrapper.read(HttpStream.java:184)
	at org.eclipse.jetty.server.HttpStream$Wrapper.read(HttpStream.java:184)
	at org.eclipse.jetty.server.internal.HttpChannelState$ChannelRequest.read(HttpChannelState.java:1042)
	at org.eclipse.jetty.server.Request$Wrapper.read(Request.java:962)
	at org.eclipse.jetty.server.handler.EventsHandler$EventsRequest.read(EventsHandler.java:407)
	at org.eclipse.jetty.server.Request$Wrapper.read(Request.java:962)
	at org.eclipse.jetty.ee10.servlet.AsyncContentProducer.readChunk(AsyncContentProducer.java:324)
	at org.eclipse.jetty.ee10.servlet.AsyncContentProducer.produceChunk(AsyncContentProducer.java:304)
	at org.eclipse.jetty.ee10.servlet.AsyncContentProducer.nextChunk(AsyncContentProducer.java:209)
	at org.eclipse.jetty.ee10.servlet.BlockingContentProducer.nextChunk(BlockingContentProducer.java:100)
	at org.eclipse.jetty.ee10.servlet.HttpInput.read(HttpInput.java:267)
	at org.eclipse.jetty.ee10.servlet.HttpInput.read(HttpInput.java:248)
	at java.base/java.io.InputStream.read(Unknown Source)
	at httparena.Main.upload(Main.java:97)
	at io.javalin.router.ParsedEndpoint.handleWithPathParams$javalin(ParsedEndpoint.kt:21)
	at io.javalin.router.ParsedEndpoint.handle(ParsedEndpoint.kt:15)
	at io.javalin.http.servlet.DefaultTasks.HTTP$lambda$0$1(DefaultTasks.kt:57)
	at io.javalin.http.servlet.JavalinServlet.handleTask(JavalinServlet.kt:108)
	at io.javalin.http.servlet.JavalinServlet.handleSync(JavalinServlet.kt:72)
	at io.javalin.http.servlet.JavalinServlet.handle(JavalinServlet.kt:58)
	at io.javalin.http.servlet.JavalinServlet.service(JavalinServlet.kt:38)
	at jakarta.servlet.http.HttpServlet.service(HttpServlet.java:614)
	at io.javalin.jetty.JavalinJettyServlet.service(JavalinJettyServlet.kt:49)
	at jakarta.servlet.http.HttpServlet.service(HttpServlet.java:614)
	at org.eclipse.jetty.ee10.servlet.ServletHolder.handle(ServletHolder.java:754)
	at org.eclipse.jetty.ee10.servlet.ServletHandler$ChainEnd.doFilter(ServletHandler.java:1642)
	at org.eclipse.jetty.ee10.servlet.ServletHandler$MappedServlet.handle(ServletHandler.java:1556)
	at org.eclipse.jetty.ee10.servlet.ServletChannel.dispatch(ServletChannel.java:871)
	at org.eclipse.jetty.ee10.servlet.ServletChannel.handle(ServletChannel.java:449)
	at org.eclipse.jetty.ee10.servlet.ServletHandler.handle(ServletHandler.java:469)
	at org.eclipse.jetty.ee10.servlet.SessionHandler.handle(SessionHandler.java:719)
	at org.eclipse.jetty.server.handler.ContextHandler.handle(ContextHandler.java:1253)
	at org.eclipse.jetty.server.Handler$Wrapper.handle(Handler.java:794)
	at org.eclipse.jetty.server.handler.EventsHandler.handle(EventsHandler.java:81)
	at org.eclipse.jetty.server.Server.handle(Server.java:197)
	at org.eclipse.jetty.server.internal.HttpChannelState$HandlerInvoker.run(HttpChannelState.java:804)
	at org.eclipse.jetty.server.internal.HttpConnection.onFillable(HttpConnection.java:420)
	at org.eclipse.jetty.server.internal.HttpConnection$FillableCallback.succeeded(HttpConnection.java:1790)
	at org.eclipse.jetty.io.FillInterest.fillable(FillInterest.java:105)
	at org.eclipse.jetty.io.SelectableChannelEndPoint$1.run(SelectableChannelEndPoint.java:54)
	at org.eclipse.jetty.util.thread.strategy.AdaptiveExecutionStrategy.runTask(AdaptiveExecutionStrategy.java:492)
	at org.eclipse.jetty.util.thread.strategy.AdaptiveExecutionStrategy.epcRunTask(AdaptiveExecutionStrategy.java:428)
	at org.eclipse.jetty.util.thread.strategy.AdaptiveExecutionStrategy.consumeTask(AdaptiveExecutionStrategy.java:401)
	at org.eclipse.jetty.util.thread.strategy.AdaptiveExecutionStrategy.tryProduce(AdaptiveExecutionStrategy.java:255)
	at org.eclipse.jetty.util.thread.strategy.AdaptiveExecutionStrategy.run(AdaptiveExecutionStrategy.java:204)
	at org.eclipse.jetty.util.thread.ReservedThreadExecutor$ReservedThread.run(ReservedThreadExecutor.java:317)
	at org.eclipse.jetty.util.thread.QueuedThreadPool.runJob(QueuedThreadPool.java:1009)
	at org.eclipse.jetty.util.thread.QueuedThreadPool$Runner.doRunJob(QueuedThreadPool.java:1240)
	at org.eclipse.jetty.util.thread.QueuedThreadPool$Runner.run(QueuedThreadPool.java:1194)
	at java.base/java.lang.Thread.run(Unknown Source)
[JettyServerThreadPool-97] WARN io.javalin.Javalin - Uncaught exception
org.eclipse.jetty.server.internal.HttpConnection$HttpEofException: Early EOF
	at org.eclipse.jetty.server.internal.HttpConnection$RequestHandler.earlyEOF(HttpConnection.java:1222)
	at org.eclipse.jetty.http.HttpParser.parseNext(HttpParser.java:1821)
	at org.eclipse.jetty.server.internal.HttpConnection.parseAndFillForContent(HttpConnection.java:559)
	at org.eclipse.jetty.server.internal.HttpConnection$HttpStreamOverHTTP1.read(HttpConnection.java:1467)
	at org.eclipse.jetty.server.HttpStream$Wrapper.read(HttpStream.java:184)
	at org.eclipse.jetty.server.HttpStream$Wrapper.read(HttpStream.java:184)
	at org.eclipse.jetty.server.internal.HttpChannelState$ChannelRequest.read(HttpChannelState.java:1042)
	at org.eclipse.jetty.server.Request$Wrapper.read(Request.java:962)
	at org.eclipse.jetty.server.handler.EventsHandler$EventsRequest.read(EventsHandler.java:407)
	at org.eclipse.jetty.server.Request$Wrapper.read(Request.java:962)
	at org.eclipse.jetty.ee10.servlet.AsyncContentProducer.readChunk(AsyncContentProducer.java:324)
	at org.eclipse.jetty.ee10.servlet.AsyncContentProducer.produceChunk(AsyncContentProducer.java:304)
	at org.eclipse.jetty.ee10.servlet.AsyncContentProducer.nextChunk(AsyncContentProducer.java:209)
	at org.eclipse.jetty.ee10.servlet.BlockingContentProducer.nextChunk(BlockingContentProducer.java:100)
	at org.eclipse.jetty.ee10.servlet.HttpInput.read(HttpInput.java:267)
	at org.eclipse.jetty.ee10.servlet.HttpInput.read(HttpInput.java:248)
	at java.base/java.io.InputStream.read(Unknown Source)
	at httparena.Main.upload(Main.java:97)
	at io.javalin.router.ParsedEndpoint.handleWithPathParams$javalin(ParsedEndpoint.kt:21)
	at io.javalin.router.ParsedEndpoint.handle(ParsedEndpoint.kt:15)
	at io.javalin.http.servlet.DefaultTasks.HTTP$lambda$0$1(DefaultTasks.kt:57)
	at io.javalin.http.servlet.JavalinServlet.handleTask(JavalinServlet.kt:108)
	at io.javalin.http.servlet.JavalinServlet.handleSync(JavalinServlet.kt:72)
	at io.javalin.http.servlet.JavalinServlet.handle(JavalinServlet.kt:58)
	at io.javalin.http.servlet.JavalinServlet.service(JavalinServlet.kt:38)
	at jakarta.servlet.http.HttpServlet.service(HttpServlet.java:614)
	at io.javalin.jetty.JavalinJettyServlet.service(JavalinJettyServlet.kt:49)
	at jakarta.servlet.http.HttpServlet.service(HttpServlet.java:614)
	at org.eclipse.jetty.ee10.servlet.ServletHolder.handle(ServletHolder.java:754)
	at org.eclipse.jetty.ee10.servlet.ServletHandler$ChainEnd.doFilter(ServletHandler.java:1642)
	at org.eclipse.jetty.ee10.servlet.ServletHandler$MappedServlet.handle(ServletHandler.java:1556)
	at org.eclipse.jetty.ee10.servlet.ServletChannel.dispatch(ServletChannel.java:871)
	at org.eclipse.jetty.ee10.servlet.ServletChannel.handle(ServletChannel.java:449)
	at org.eclipse.jetty.ee10.servlet.ServletHandler.handle(ServletHandler.java:469)
	at org.eclipse.jetty.ee10.servlet.SessionHandler.handle(SessionHandler.java:719)
	at org.eclipse.jetty.server.handler.ContextHandler.handle(ContextHandler.java:1253)
	at org.eclipse.jetty.server.Handler$Wrapper.handle(Handler.java:794)
	at org.eclipse.jetty.server.handler.EventsHandler.handle(EventsHandler.java:81)
	at org.eclipse.jetty.server.Server.handle(Server.java:197)
	at org.eclipse.jetty.server.internal.HttpChannelState$HandlerInvoker.run(HttpChannelState.java:804)
	at org.eclipse.jetty.server.internal.HttpConnection.onFillable(HttpConnection.java:420)
	at org.eclipse.jetty.server.internal.HttpConnection$FillableCallback.succeeded(HttpConnection.java:1790)
	at org.eclipse.jetty.io.FillInterest.fillable(FillInterest.java:105)
	at org.eclipse.jetty.io.SelectableChannelEndPoint$1.run(SelectableChannelEndPoint.java:54)
	at org.eclipse.jetty.util.thread.strategy.AdaptiveExecutionStrategy.runTask(AdaptiveExecutionStrategy.java:492)
	at org.eclipse.jetty.util.thread.strategy.AdaptiveExecutionStrategy.epcRunTask(AdaptiveExecutionStrategy.java:428)
	at org.eclipse.jetty.util.thread.strategy.AdaptiveExecutionStrategy.consumeTask(AdaptiveExecutionStrategy.java:401)
	at org.eclipse.jetty.util.thread.strategy.AdaptiveExecutionStrategy.tryProduce(AdaptiveExecutionStrategy.java:255)
	at org.eclipse.jetty.util.thread.strategy.AdaptiveExecutionStrategy.run(AdaptiveExecutionStrategy.java:204)
	at org.eclipse.jetty.util.thread.ReservedThreadExecutor$ReservedThread.run(ReservedThreadExecutor.java:317)
	at org.eclipse.jetty.util.thread.QueuedThreadPool.runJob(QueuedThreadPool.java:1009)
	at org.eclipse.jetty.util.thread.QueuedThreadPool$Runner.doRunJob(QueuedThreadPool.java:1240)
	at org.eclipse.jetty.util.thread.QueuedThreadPool$Runner.run(QueuedThreadPool.java:1194)
	at java.base/java.lang.Thread.run(Unknown Source)
[JettyServerThreadPool-88] WARN io.javalin.Javalin - Uncaught exception
org.eclipse.jetty.server.internal.HttpConnection$HttpEofException: Early EOF
	at org.eclipse.jetty.server.internal.HttpConnection$RequestHandler.earlyEOF(HttpConnection.java:1222)
	at org.eclipse.jetty.http.HttpParser.parseNext(HttpParser.java:1821)
	at org.eclipse.jetty.server.internal.HttpConnection.parseAndFillForContent(HttpConnection.java:559)
	at org.eclipse.jetty.server.internal.HttpConnection$HttpStreamOverHTTP1.read(HttpConnection.java:1467)
	at org.eclipse.jetty.server.HttpStream$Wrapper.read(HttpStream.java:184)
	at org.eclipse.jetty.server.HttpStream$Wrapper.read(HttpStream.java:184)
	at org.eclipse.jetty.server.internal.HttpChannelState$ChannelRequest.read(HttpChannelState.java:1042)
	at org.eclipse.jetty.server.Request$Wrapper.read(Request.java:962)
	at org.eclipse.jetty.server.handler.EventsHandler$EventsRequest.read(EventsHandler.java:407)
	at org.eclipse.jetty.server.Request$Wrapper.read(Request.java:962)
	at org.eclipse.jetty.ee10.servlet.AsyncContentProducer.readChunk(AsyncContentProducer.java:324)
	at org.eclipse.jetty.ee10.servlet.AsyncContentProducer.produceChunk(AsyncContentProducer.java:304)
	at org.eclipse.jetty.ee10.servlet.AsyncContentProducer.nextChunk(AsyncContentProducer.java:209)
	at org.eclipse.jetty.ee10.servlet.BlockingContentProducer.nextChunk(BlockingContentProducer.java:100)
	at org.eclipse.jetty.ee10.servlet.HttpInput.read(HttpInput.java:267)
	at org.eclipse.jetty.ee10.servlet.HttpInput.read(HttpInput.java:248)
	at java.base/java.io.InputStream.read(Unknown Source)
	at httparena.Main.upload(Main.java:97)
	at io.javalin.router.ParsedEndpoint.handleWithPathParams$javalin(ParsedEndpoint.kt:21)
	at io.javalin.router.ParsedEndpoint.handle(ParsedEndpoint.kt:15)
	at io.javalin.http.servlet.DefaultTasks.HTTP$lambda$0$1(DefaultTasks.kt:57)
	at io.javalin.http.servlet.JavalinServlet.handleTask(JavalinServlet.kt:108)
	at io.javalin.http.servlet.JavalinServlet.handleSync(JavalinServlet.kt:72)
	at io.javalin.http.servlet.JavalinServlet.handle(JavalinServlet.kt:58)
	at io.javalin.http.servlet.JavalinServlet.service(JavalinServlet.kt:38)
	at jakarta.servlet.http.HttpServlet.service(HttpServlet.java:614)
	at io.javalin.jetty.JavalinJettyServlet.service(JavalinJettyServlet.kt:49)
	at jakarta.servlet.http.HttpServlet.service(HttpServlet.java:614)
	at org.eclipse.jetty.ee10.servlet.ServletHolder.handle(ServletHolder.java:754)
	at org.eclipse.jetty.ee10.servlet.ServletHandler$ChainEnd.doFilter(ServletHandler.java:1642)
	at org.eclipse.jetty.ee10.servlet.ServletHandler$MappedServlet.handle(ServletHandler.java:1556)
	at org.eclipse.jetty.ee10.servlet.ServletChannel.dispatch(ServletChannel.java:871)
	at org.eclipse.jetty.ee10.servlet.ServletChannel.handle(ServletChannel.java:449)
	at org.eclipse.jetty.ee10.servlet.ServletHandler.handle(ServletHandler.java:469)
	at org.eclipse.jetty.ee10.servlet.SessionHandler.handle(SessionHandler.java:719)
	at org.eclipse.jetty.server.handler.ContextHandler.handle(ContextHandler.java:1253)
	at org.eclipse.jetty.server.Handler$Wrapper.handle(Handler.java:794)
	at org.eclipse.jetty.server.handler.EventsHandler.handle(EventsHandler.java:81)
	at org.eclipse.jetty.server.Server.handle(Server.java:197)
	at org.eclipse.jetty.server.internal.HttpChannelState$HandlerInvoker.run(HttpChannelState.java:804)
	at org.eclipse.jetty.server.internal.HttpConnection.onFillable(HttpConnection.java:420)
	at org.eclipse.jetty.server.internal.HttpConnection$FillableCallback.succeeded(HttpConnection.java:1790)
	at org.eclipse.jetty.io.FillInterest.fillable(FillInterest.java:105)
	at org.eclipse.jetty.io.SelectableChannelEndPoint$1.run(SelectableChannelEndPoint.java:54)
	at org.eclipse.jetty.util.thread.strategy.AdaptiveExecutionStrategy.runTask(AdaptiveExecutionStrategy.java:492)
	at org.eclipse.jetty.util.thread.strategy.AdaptiveExecutionStrategy.epcRunTask(AdaptiveExecutionStrategy.java:428)
	at org.eclipse.jetty.util.thread.strategy.AdaptiveExecutionStrategy.consumeTask(AdaptiveExecutionStrategy.java:401)
	at org.eclipse.jetty.util.thread.strategy.AdaptiveExecutionStrategy.tryProduce(AdaptiveExecutionStrategy.java:255)
	at org.eclipse.jetty.util.thread.strategy.AdaptiveExecutionStrategy.run(AdaptiveExecutionStrategy.java:204)
	at org.eclipse.jetty.util.thread.ReservedThreadExecutor$ReservedThread.run(ReservedThreadExecutor.java:317)
	at org.eclipse.jetty.util.thread.QueuedThreadPool.runJob(QueuedThreadPool.java:1009)
	at org.eclipse.jetty.util.thread.QueuedThreadPool$Runner.doRunJob(QueuedThreadPool.java:1240)
	at org.eclipse.jetty.util.thread.QueuedThreadPool$Runner.run(QueuedThreadPool.java:1194)
	at java.base/java.lang.Thread.run(Unknown Source)
[JettyServerThreadPool-132] WARN io.javalin.Javalin - Uncaught exception
org.eclipse.jetty.server.internal.HttpConnection$HttpEofException: Early EOF
	at org.eclipse.jetty.server.internal.HttpConnection$RequestHandler.earlyEOF(HttpConnection.java:1222)
	at org.eclipse.jetty.http.HttpParser.parseNext(HttpParser.java:1821)
	at org.eclipse.jetty.server.internal.HttpConnection.parseAndFillForContent(HttpConnection.java:559)
	at org.eclipse.jetty.server.internal.HttpConnection$HttpStreamOverHTTP1.read(HttpConnection.java:1467)
	at org.eclipse.jetty.server.HttpStream$Wrapper.read(HttpStream.java:184)
	at org.eclipse.jetty.server.HttpStream$Wrapper.read(HttpStream.java:184)
	at org.eclipse.jetty.server.internal.HttpChannelState$ChannelRequest.read(HttpChannelState.java:1042)
	at org.eclipse.jetty.server.Request$Wrapper.read(Request.java:962)
	at org.eclipse.jetty.server.handler.EventsHandler$EventsRequest.read(EventsHandler.java:407)
	at org.eclipse.jetty.server.Request$Wrapper.read(Request.java:962)
	at org.eclipse.jetty.ee10.servlet.AsyncContentProducer.readChunk(AsyncContentProducer.java:324)
	at org.eclipse.jetty.ee10.servlet.AsyncContentProducer.produceChunk(AsyncContentProducer.java:304)
	at org.eclipse.jetty.ee10.servlet.AsyncContentProducer.nextChunk(AsyncContentProducer.java:209)
	at org.eclipse.jetty.ee10.servlet.BlockingContentProducer.nextChunk(BlockingContentProducer.java:100)
	at org.eclipse.jetty.ee10.servlet.HttpInput.read(HttpInput.java:267)
	at org.eclipse.jetty.ee10.servlet.HttpInput.read(HttpInput.java:248)
	at java.base/java.io.InputStream.read(Unknown Source)
	at httparena.Main.upload(Main.java:97)
	at io.javalin.router.ParsedEndpoint.handleWithPathParams$javalin(ParsedEndpoint.kt:21)
	at io.javalin.router.ParsedEndpoint.handle(ParsedEndpoint.kt:15)
	at io.javalin.http.servlet.DefaultTasks.HTTP$lambda$0$1(DefaultTasks.kt:57)
	at io.javalin.http.servlet.JavalinServlet.handleTask(JavalinServlet.kt:108)
	at io.javalin.http.servlet.JavalinServlet.handleSync(JavalinServlet.kt:72)
	at io.javalin.http.servlet.JavalinServlet.handle(JavalinServlet.kt:58)
	at io.javalin.http.servlet.JavalinServlet.service(JavalinServlet.kt:38)
	at jakarta.servlet.http.HttpServlet.service(HttpServlet.java:614)
	at io.javalin.jetty.JavalinJettyServlet.service(JavalinJettyServlet.kt:49)
	at jakarta.servlet.http.HttpServlet.service(HttpServlet.java:614)
	at org.eclipse.jetty.ee10.servlet.ServletHolder.handle(ServletHolder.java:754)
	at org.eclipse.jetty.ee10.servlet.ServletHandler$ChainEnd.doFilter(ServletHandler.java:1642)
	at org.eclipse.jetty.ee10.servlet.ServletHandler$MappedServlet.handle(ServletHandler.java:1556)
	at org.eclipse.jetty.ee10.servlet.ServletChannel.dispatch(ServletChannel.java:871)
	at org.eclipse.jetty.ee10.servlet.ServletChannel.handle(ServletChannel.java:449)
	at org.eclipse.jetty.ee10.servlet.ServletHandler.handle(ServletHandler.java:469)
	at org.eclipse.jetty.ee10.servlet.SessionHandler.handle(SessionHandler.java:719)
	at org.eclipse.jetty.server.handler.ContextHandler.handle(ContextHandler.java:1253)
	at org.eclipse.jetty.server.Handler$Wrapper.handle(Handler.java:794)
	at org.eclipse.jetty.server.handler.EventsHandler.handle(EventsHandler.java:81)
	at org.eclipse.jetty.server.Server.handle(Server.java:197)
	at org.eclipse.jetty.server.internal.HttpChannelState$HandlerInvoker.run(HttpChannelState.java:804)
	at org.eclipse.jetty.server.internal.HttpConnection.onFillable(HttpConnection.java:420)
	at org.eclipse.jetty.server.internal.HttpConnection$FillableCallback.succeeded(HttpConnection.java:1790)
	at org.eclipse.jetty.io.FillInterest.fillable(FillInterest.java:105)
	at org.eclipse.jetty.io.SelectableChannelEndPoint$1.run(SelectableChannelEndPoint.java:54)
	at org.eclipse.jetty.util.thread.strategy.AdaptiveExecutionStrategy.runTask(AdaptiveExecutionStrategy.java:492)
	at org.eclipse.jetty.util.thread.strategy.AdaptiveExecutionStrategy.epcRunTask(AdaptiveExecutionStrategy.java:428)
	at org.eclipse.jetty.util.thread.strategy.AdaptiveExecutionStrategy.consumeTask(AdaptiveExecutionStrategy.java:401)
	at org.eclipse.jetty.util.thread.strategy.AdaptiveExecutionStrategy.tryProduce(AdaptiveExecutionStrategy.java:255)
	at org.eclipse.jetty.util.thread.strategy.AdaptiveExecutionStrategy.run(AdaptiveExecutionStrategy.java:204)
	at org.eclipse.jetty.util.thread.ReservedThreadExecutor$ReservedThread.run(ReservedThreadExecutor.java:317)
	at org.eclipse.jetty.util.thread.QueuedThreadPool.runJob(QueuedThreadPool.java:1009)
	at org.eclipse.jetty.util.thread.QueuedThreadPool$Runner.doRunJob(QueuedThreadPool.java:1240)
	at org.eclipse.jetty.util.thread.QueuedThreadPool$Runner.run(QueuedThreadPool.java:1194)
	at java.base/java.lang.Thread.run(Unknown Source)
[JettyServerThreadPool-79] WARN io.javalin.Javalin - Uncaught exception
org.eclipse.jetty.server.internal.HttpConnection$HttpEofException: Early EOF
	at org.eclipse.jetty.server.internal.HttpConnection$RequestHandler.earlyEOF(HttpConnection.java:1222)
	at org.eclipse.jetty.http.HttpParser.parseNext(HttpParser.java:1821)
	at org.eclipse.jetty.server.internal.HttpConnection.parseAndFillForContent(HttpConnection.java:559)
	at org.eclipse.jetty.server.internal.HttpConnection$HttpStreamOverHTTP1.read(HttpConnection.java:1467)
	at org.eclipse.jetty.server.HttpStream$Wrapper.read(HttpStream.java:184)
	at org.eclipse.jetty.server.HttpStream$Wrapper.read(HttpStream.java:184)
	at org.eclipse.jetty.server.internal.HttpChannelState$ChannelRequest.read(HttpChannelState.java:1042)
	at org.eclipse.jetty.server.Request$Wrapper.read(Request.java:962)
	at org.eclipse.jetty.server.handler.EventsHandler$EventsRequest.read(EventsHandler.java:407)
	at org.eclipse.jetty.server.Request$Wrapper.read(Request.java:962)
	at org.eclipse.jetty.ee10.servlet.AsyncContentProducer.readChunk(AsyncContentProducer.java:324)
	at org.eclipse.jetty.ee10.servlet.AsyncContentProducer.produceChunk(AsyncContentProducer.java:304)
	at org.eclipse.jetty.ee10.servlet.AsyncContentProducer.nextChunk(AsyncContentProducer.java:209)
	at org.eclipse.jetty.ee10.servlet.BlockingContentProducer.nextChunk(BlockingContentProducer.java:100)
	at org.eclipse.jetty.ee10.servlet.HttpInput.read(HttpInput.java:267)
	at org.eclipse.jetty.ee10.servlet.HttpInput.read(HttpInput.java:248)
	at java.base/java.io.InputStream.read(Unknown Source)
	at httparena.Main.upload(Main.java:97)
	at io.javalin.router.ParsedEndpoint.handleWithPathParams$javalin(ParsedEndpoint.kt:21)
	at io.javalin.router.ParsedEndpoint.handle(ParsedEndpoint.kt:15)
	at io.javalin.http.servlet.DefaultTasks.HTTP$lambda$0$1(DefaultTasks.kt:57)
	at io.javalin.http.servlet.JavalinServlet.handleTask(JavalinServlet.kt:108)
	at io.javalin.http.servlet.JavalinServlet.handleSync(JavalinServlet.kt:72)
	at io.javalin.http.servlet.JavalinServlet.handle(JavalinServlet.kt:58)
	at io.javalin.http.servlet.JavalinServlet.service(JavalinServlet.kt:38)
	at jakarta.servlet.http.HttpServlet.service(HttpServlet.java:614)
	at io.javalin.jetty.JavalinJettyServlet.service(JavalinJettyServlet.kt:49)
	at jakarta.servlet.http.HttpServlet.service(HttpServlet.java:614)
	at org.eclipse.jetty.ee10.servlet.ServletHolder.handle(ServletHolder.java:754)
	at org.eclipse.jetty.ee10.servlet.ServletHandler$ChainEnd.doFilter(ServletHandler.java:1642)
	at org.eclipse.jetty.ee10.servlet.ServletHandler$MappedServlet.handle(ServletHandler.java:1556)
	at org.eclipse.jetty.ee10.servlet.ServletChannel.dispatch(ServletChannel.java:871)
	at org.eclipse.jetty.ee10.servlet.ServletChannel.handle(ServletChannel.java:449)
	at org.eclipse.jetty.ee10.servlet.ServletHandler.handle(ServletHandler.java:469)
	at org.eclipse.jetty.ee10.servlet.SessionHandler.handle(SessionHandler.java:719)
	at org.eclipse.jetty.server.handler.ContextHandler.handle(ContextHandler.java:1253)
	at org.eclipse.jetty.server.Handler$Wrapper.handle(Handler.java:794)
	at org.eclipse.jetty.server.handler.EventsHandler.handle(EventsHandler.java:81)
	at org.eclipse.jetty.server.Server.handle(Server.java:197)
	at org.eclipse.jetty.server.internal.HttpChannelState$HandlerInvoker.run(HttpChannelState.java:804)
	at org.eclipse.jetty.server.internal.HttpConnection.onFillable(HttpConnection.java:420)
	at org.eclipse.jetty.server.internal.HttpConnection$FillableCallback.succeeded(HttpConnection.java:1790)
	at org.eclipse.jetty.io.FillInterest.fillable(FillInterest.java:105)
	at org.eclipse.jetty.io.SelectableChannelEndPoint$1.run(SelectableChannelEndPoint.java:54)
	at org.eclipse.jetty.util.thread.strategy.AdaptiveExecutionStrategy.runTask(AdaptiveExecutionStrategy.java:492)
	at org.eclipse.jetty.util.thread.strategy.AdaptiveExecutionStrategy.epcRunTask(AdaptiveExecutionStrategy.java:428)
	at org.eclipse.jetty.util.thread.strategy.AdaptiveExecutionStrategy.consumeTask(AdaptiveExecutionStrategy.java:401)
	at org.eclipse.jetty.util.thread.strategy.AdaptiveExecutionStrategy.tryProduce(AdaptiveExecutionStrategy.java:255)
	at org.eclipse.jetty.util.thread.strategy.AdaptiveExecutionStrategy.run(AdaptiveExecutionStrategy.java:204)
	at org.eclipse.jetty.util.thread.ReservedThreadExecutor$ReservedThread.run(ReservedThreadExecutor.java:317)
	at org.eclipse.jetty.util.thread.QueuedThreadPool.runJob(QueuedThreadPool.java:1009)
	at org.eclipse.jetty.util.thread.QueuedThreadPool$Runner.doRunJob(QueuedThreadPool.java:1240)
	at org.eclipse.jetty.util.thread.QueuedThreadPool$Runner.run(QueuedThreadPool.java:1194)
	at java.base/java.lang.Thread.run(Unknown Source)
[JettyServerThreadPool-93] WARN io.javalin.Javalin - Uncaught exception
org.eclipse.jetty.server.internal.HttpConnection$HttpEofException: Early EOF
	at org.eclipse.jetty.server.internal.HttpConnection$RequestHandler.earlyEOF(HttpConnection.java:1222)
	at org.eclipse.jetty.http.HttpParser.parseNext(HttpParser.java:1821)
	at org.eclipse.jetty.server.internal.HttpConnection.parseAndFillForContent(HttpConnection.java:559)
	at org.eclipse.jetty.server.internal.HttpConnection$HttpStreamOverHTTP1.read(HttpConnection.java:1467)
	at org.eclipse.jetty.server.HttpStream$Wrapper.read(HttpStream.java:184)
	at org.eclipse.jetty.server.HttpStream$Wrapper.read(HttpStream.java:184)
	at org.eclipse.jetty.server.internal.HttpChannelState$ChannelRequest.read(HttpChannelState.java:1042)
	at org.eclipse.jetty.server.Request$Wrapper.read(Request.java:962)
	at org.eclipse.jetty.server.handler.EventsHandler$EventsRequest.read(EventsHandler.java:407)
	at org.eclipse.jetty.server.Request$Wrapper.read(Request.java:962)
	at org.eclipse.jetty.ee10.servlet.AsyncContentProducer.readChunk(AsyncContentProducer.java:324)
	at org.eclipse.jetty.ee10.servlet.AsyncContentProducer.produceChunk(AsyncContentProducer.java:304)
	at org.eclipse.jetty.ee10.servlet.AsyncContentProducer.nextChunk(AsyncContentProducer.java:209)
	at org.eclipse.jetty.ee10.servlet.BlockingContentProducer.nextChunk(BlockingContentProducer.java:100)
	at org.eclipse.jetty.ee10.servlet.HttpInput.read(HttpInput.java:267)
	at org.eclipse.jetty.ee10.servlet.HttpInput.read(HttpInput.java:248)
	at java.base/java.io.InputStream.read(Unknown Source)
	at httparena.Main.upload(Main.java:97)
	at io.javalin.router.ParsedEndpoint.handleWithPathParams$javalin(ParsedEndpoint.kt:21)
	at io.javalin.router.ParsedEndpoint.handle(ParsedEndpoint.kt:15)
	at io.javalin.http.servlet.DefaultTasks.HTTP$lambda$0$1(DefaultTasks.kt:57)
	at io.javalin.http.servlet.JavalinServlet.handleTask(JavalinServlet.kt:108)
	at io.javalin.http.servlet.JavalinServlet.handleSync(JavalinServlet.kt:72)
	at io.javalin.http.servlet.JavalinServlet.handle(JavalinServlet.kt:58)
	at io.javalin.http.servlet.JavalinServlet.service(JavalinServlet.kt:38)
	at jakarta.servlet.http.HttpServlet.service(HttpServlet.java:614)
	at io.javalin.jetty.JavalinJettyServlet.service(JavalinJettyServlet.kt:49)
	at jakarta.servlet.http.HttpServlet.service(HttpServlet.java:614)
	at org.eclipse.jetty.ee10.servlet.ServletHolder.handle(ServletHolder.java:754)
	at org.eclipse.jetty.ee10.servlet.ServletHandler$ChainEnd.doFilter(ServletHandler.java:1642)
	at org.eclipse.jetty.ee10.servlet.ServletHandler$MappedServlet.handle(ServletHandler.java:1556)
	at org.eclipse.jetty.ee10.servlet.ServletChannel.dispatch(ServletChannel.java:871)
	at org.eclipse.jetty.ee10.servlet.ServletChannel.handle(ServletChannel.java:449)
	at org.eclipse.jetty.ee10.servlet.ServletHandler.handle(ServletHandler.java:469)
	at org.eclipse.jetty.ee10.servlet.SessionHandler.handle(SessionHandler.java:719)
	at org.eclipse.jetty.server.handler.ContextHandler.handle(ContextHandler.java:1253)
	at org.eclipse.jetty.server.Handler$Wrapper.handle(Handler.java:794)
	at org.eclipse.jetty.server.handler.EventsHandler.handle(EventsHandler.java:81)
	at org.eclipse.jetty.server.Server.handle(Server.java:197)
	at org.eclipse.jetty.server.internal.HttpChannelState$HandlerInvoker.run(HttpChannelState.java:804)
	at org.eclipse.jetty.server.internal.HttpConnection.onFillable(HttpConnection.java:420)
	at org.eclipse.jetty.server.internal.HttpConnection$FillableCallback.succeeded(HttpConnection.java:1790)
	at org.eclipse.jetty.io.FillInterest.fillable(FillInterest.java:105)
	at org.eclipse.jetty.io.SelectableChannelEndPoint$1.run(SelectableChannelEndPoint.java:54)
	at org.eclipse.jetty.util.thread.strategy.AdaptiveExecutionStrategy.runTask(AdaptiveExecutionStrategy.java:492)
	at org.eclipse.jetty.util.thread.strategy.AdaptiveExecutionStrategy.epcRunTask(AdaptiveExecutionStrategy.java:428)
	at org.eclipse.jetty.util.thread.strategy.AdaptiveExecutionStrategy.consumeTask(AdaptiveExecutionStrategy.java:401)
	at org.eclipse.jetty.util.thread.strategy.AdaptiveExecutionStrategy.tryProduce(AdaptiveExecutionStrategy.java:255)
	at org.eclipse.jetty.util.thread.strategy.AdaptiveExecutionStrategy.run(AdaptiveExecutionStrategy.java:204)
	at org.eclipse.jetty.util.thread.ReservedThreadExecutor$ReservedThread.run(ReservedThreadExecutor.java:317)
	at org.eclipse.jetty.util.thread.QueuedThreadPool.runJob(QueuedThreadPool.java:1009)
	at org.eclipse.jetty.util.thread.QueuedThreadPool$Runner.doRunJob(QueuedThreadPool.java:1240)
	at org.eclipse.jetty.util.thread.QueuedThreadPool$Runner.run(QueuedThreadPool.java:1194)
	at java.base/java.lang.Thread.run(Unknown Source)
[JettyServerThreadPool-96] WARN io.javalin.Javalin - Uncaught exception
org.eclipse.jetty.server.internal.HttpConnection$HttpEofException: Early EOF
	at org.eclipse.jetty.server.internal.HttpConnection$RequestHandler.earlyEOF(HttpConnection.java:1222)
	at org.eclipse.jetty.http.HttpParser.parseNext(HttpParser.java:1821)
	at org.eclipse.jetty.server.internal.HttpConnection.parseAndFillForContent(HttpConnection.java:559)
	at org.eclipse.jetty.server.internal.HttpConnection$HttpStreamOverHTTP1.read(HttpConnection.java:1467)
	at org.eclipse.jetty.server.HttpStream$Wrapper.read(HttpStream.java:184)
	at org.eclipse.jetty.server.HttpStream$Wrapper.read(HttpStream.java:184)
	at org.eclipse.jetty.server.internal.HttpChannelState$ChannelRequest.read(HttpChannelState.java:1042)
	at org.eclipse.jetty.server.Request$Wrapper.read(Request.java:962)
	at org.eclipse.jetty.server.handler.EventsHandler$EventsRequest.read(EventsHandler.java:407)
	at org.eclipse.jetty.server.Request$Wrapper.read(Request.java:962)
	at org.eclipse.jetty.ee10.servlet.AsyncContentProducer.readChunk(AsyncContentProducer.java:324)
	at org.eclipse.jetty.ee10.servlet.AsyncContentProducer.produceChunk(AsyncContentProducer.java:304)
	at org.eclipse.jetty.ee10.servlet.AsyncContentProducer.nextChunk(AsyncContentProducer.java:209)
	at org.eclipse.jetty.ee10.servlet.BlockingContentProducer.nextChunk(BlockingContentProducer.java:100)
	at org.eclipse.jetty.ee10.servlet.HttpInput.read(HttpInput.java:267)
	at org.eclipse.jetty.ee10.servlet.HttpInput.read(HttpInput.java:248)
	at java.base/java.io.InputStream.read(Unknown Source)
	at httparena.Main.upload(Main.java:97)
	at io.javalin.router.ParsedEndpoint.handleWithPathParams$javalin(ParsedEndpoint.kt:21)
	at io.javalin.router.ParsedEndpoint.handle(ParsedEndpoint.kt:15)
	at io.javalin.http.servlet.DefaultTasks.HTTP$lambda$0$1(DefaultTasks.kt:57)
	at io.javalin.http.servlet.JavalinServlet.handleTask(JavalinServlet.kt:108)
	at io.javalin.http.servlet.JavalinServlet.handleSync(JavalinServlet.kt:72)
	at io.javalin.http.servlet.JavalinServlet.handle(JavalinServlet.kt:58)
	at io.javalin.http.servlet.JavalinServlet.service(JavalinServlet.kt:38)
	at jakarta.servlet.http.HttpServlet.service(HttpServlet.java:614)
	at io.javalin.jetty.JavalinJettyServlet.service(JavalinJettyServlet.kt:49)
	at jakarta.servlet.http.HttpServlet.service(HttpServlet.java:614)
	at org.eclipse.jetty.ee10.servlet.ServletHolder.handle(ServletHolder.java:754)
	at org.eclipse.jetty.ee10.servlet.ServletHandler$ChainEnd.doFilter(ServletHandler.java:1642)
	at org.eclipse.jetty.ee10.servlet.ServletHandler$MappedServlet.handle(ServletHandler.java:1556)
	at org.eclipse.jetty.ee10.servlet.ServletChannel.dispatch(ServletChannel.java:871)
	at org.eclipse.jetty.ee10.servlet.ServletChannel.handle(ServletChannel.java:449)
	at org.eclipse.jetty.ee10.servlet.ServletHandler.handle(ServletHandler.java:469)
	at org.eclipse.jetty.ee10.servlet.SessionHandler.handle(SessionHandler.java:719)
	at org.eclipse.jetty.server.handler.ContextHandler.handle(ContextHandler.java:1253)
	at org.eclipse.jetty.server.Handler$Wrapper.handle(Handler.java:794)
	at org.eclipse.jetty.server.handler.EventsHandler.handle(EventsHandler.java:81)
	at org.eclipse.jetty.server.Server.handle(Server.java:197)
	at org.eclipse.jetty.server.internal.HttpChannelState$HandlerInvoker.run(HttpChannelState.java:804)
	at org.eclipse.jetty.server.internal.HttpConnection.onFillable(HttpConnection.java:420)
	at org.eclipse.jetty.server.internal.HttpConnection$FillableCallback.succeeded(HttpConnection.java:1790)
	at org.eclipse.jetty.io.FillInterest.fillable(FillInterest.java:105)
	at org.eclipse.jetty.io.SelectableChannelEndPoint$1.run(SelectableChannelEndPoint.java:54)
	at org.eclipse.jetty.util.thread.strategy.AdaptiveExecutionStrategy.runTask(AdaptiveExecutionStrategy.java:492)
	at org.eclipse.jetty.util.thread.strategy.AdaptiveExecutionStrategy.epcRunTask(AdaptiveExecutionStrategy.java:428)
	at org.eclipse.jetty.util.thread.strategy.AdaptiveExecutionStrategy.consumeTask(AdaptiveExecutionStrategy.java:401)
	at org.eclipse.jetty.util.thread.strategy.AdaptiveExecutionStrategy.tryProduce(AdaptiveExecutionStrategy.java:255)
	at org.eclipse.jetty.util.thread.strategy.AdaptiveExecutionStrategy.run(AdaptiveExecutionStrategy.java:204)
	at org.eclipse.jetty.util.thread.ReservedThreadExecutor$ReservedThread.run(ReservedThreadExecutor.java:317)
	at org.eclipse.jetty.util.thread.QueuedThreadPool.runJob(QueuedThreadPool.java:1009)
	at org.eclipse.jetty.util.thread.QueuedThreadPool$Runner.doRunJob(QueuedThreadPool.java:1240)
	at org.eclipse.jetty.util.thread.QueuedThreadPool$Runner.run(QueuedThreadPool.java:1194)
	at java.base/java.lang.Thread.run(Unknown Source)
[JettyServerThreadPool-108] WARN io.javalin.Javalin - Uncaught exception
org.eclipse.jetty.server.internal.HttpConnection$HttpEofException: Early EOF
	at org.eclipse.jetty.server.internal.HttpConnection$RequestHandler.earlyEOF(HttpConnection.java:1222)
	at org.eclipse.jetty.http.HttpParser.parseNext(HttpParser.java:1821)
	at org.eclipse.jetty.server.internal.HttpConnection.parseAndFillForContent(HttpConnection.java:559)
	at org.eclipse.jetty.server.internal.HttpConnection$HttpStreamOverHTTP1.read(HttpConnection.java:1467)
	at org.eclipse.jetty.server.HttpStream$Wrapper.read(HttpStream.java:184)
	at org.eclipse.jetty.server.HttpStream$Wrapper.read(HttpStream.java:184)
	at org.eclipse.jetty.server.internal.HttpChannelState$ChannelRequest.read(HttpChannelState.java:1042)
	at org.eclipse.jetty.server.Request$Wrapper.read(Request.java:962)
	at org.eclipse.jetty.server.handler.EventsHandler$EventsRequest.read(EventsHandler.java:407)
	at org.eclipse.jetty.server.Request$Wrapper.read(Request.java:962)
	at org.eclipse.jetty.ee10.servlet.AsyncContentProducer.readChunk(AsyncContentProducer.java:324)
	at org.eclipse.jetty.ee10.servlet.AsyncContentProducer.produceChunk(AsyncContentProducer.java:304)
	at org.eclipse.jetty.ee10.servlet.AsyncContentProducer.nextChunk(AsyncContentProducer.java:209)
	at org.eclipse.jetty.ee10.servlet.BlockingContentProducer.nextChunk(BlockingContentProducer.java:100)
	at org.eclipse.jetty.ee10.servlet.HttpInput.read(HttpInput.java:267)
	at org.eclipse.jetty.ee10.servlet.HttpInput.read(HttpInput.java:248)
	at java.base/java.io.InputStream.read(Unknown Source)
	at httparena.Main.upload(Main.java:97)
	at io.javalin.router.ParsedEndpoint.handleWithPathParams$javalin(ParsedEndpoint.kt:21)
	at io.javalin.router.ParsedEndpoint.handle(ParsedEndpoint.kt:15)
	at io.javalin.http.servlet.DefaultTasks.HTTP$lambda$0$1(DefaultTasks.kt:57)
	at io.javalin.http.servlet.JavalinServlet.handleTask(JavalinServlet.kt:108)
	at io.javalin.http.servlet.JavalinServlet.handleSync(JavalinServlet.kt:72)
	at io.javalin.http.servlet.JavalinServlet.handle(JavalinServlet.kt:58)
	at io.javalin.http.servlet.JavalinServlet.service(JavalinServlet.kt:38)
	at jakarta.servlet.http.HttpServlet.service(HttpServlet.java:614)
	at io.javalin.jetty.JavalinJettyServlet.service(JavalinJettyServlet.kt:49)
	at jakarta.servlet.http.HttpServlet.service(HttpServlet.java:614)
	at org.eclipse.jetty.ee10.servlet.ServletHolder.handle(ServletHolder.java:754)
	at org.eclipse.jetty.ee10.servlet.ServletHandler$ChainEnd.doFilter(ServletHandler.java:1642)
	at org.eclipse.jetty.ee10.servlet.ServletHandler$MappedServlet.handle(ServletHandler.java:1556)
	at org.eclipse.jetty.ee10.servlet.ServletChannel.dispatch(ServletChannel.java:871)
	at org.eclipse.jetty.ee10.servlet.ServletChannel.handle(ServletChannel.java:449)
	at org.eclipse.jetty.ee10.servlet.ServletHandler.handle(ServletHandler.java:469)
	at org.eclipse.jetty.ee10.servlet.SessionHandler.handle(SessionHandler.java:719)
	at org.eclipse.jetty.server.handler.ContextHandler.handle(ContextHandler.java:1253)
	at org.eclipse.jetty.server.Handler$Wrapper.handle(Handler.java:794)
	at org.eclipse.jetty.server.handler.EventsHandler.handle(EventsHandler.java:81)
	at org.eclipse.jetty.server.Server.handle(Server.java:197)
	at org.eclipse.jetty.server.internal.HttpChannelState$HandlerInvoker.run(HttpChannelState.java:804)
	at org.eclipse.jetty.server.internal.HttpConnection.onFillable(HttpConnection.java:420)
	at org.eclipse.jetty.server.internal.HttpConnection$FillableCallback.succeeded(HttpConnection.java:1790)
	at org.eclipse.jetty.io.FillInterest.fillable(FillInterest.java:105)
	at org.eclipse.jetty.io.SelectableChannelEndPoint$1.run(SelectableChannelEndPoint.java:54)
	at org.eclipse.jetty.util.thread.strategy.AdaptiveExecutionStrategy.runTask(AdaptiveExecutionStrategy.java:492)
	at org.eclipse.jetty.util.thread.strategy.AdaptiveExecutionStrategy.epcRunTask(AdaptiveExecutionStrategy.java:428)
	at org.eclipse.jetty.util.thread.strategy.AdaptiveExecutionStrategy.consumeTask(AdaptiveExecutionStrategy.java:401)
	at org.eclipse.jetty.util.thread.strategy.AdaptiveExecutionStrategy.tryProduce(AdaptiveExecutionStrategy.java:255)
	at org.eclipse.jetty.util.thread.strategy.AdaptiveExecutionStrategy.run(AdaptiveExecutionStrategy.java:204)
	at org.eclipse.jetty.util.thread.ReservedThreadExecutor$ReservedThread.run(ReservedThreadExecutor.java:317)
	at org.eclipse.jetty.util.thread.QueuedThreadPool.runJob(QueuedThreadPool.java:1009)
	at org.eclipse.jetty.util.thread.QueuedThreadPool$Runner.doRunJob(QueuedThreadPool.java:1240)
	at org.eclipse.jetty.util.thread.QueuedThreadPool$Runner.run(QueuedThreadPool.java:1194)
	at java.base/java.lang.Thread.run(Unknown Source)
[JettyServerThreadPool-111] WARN io.javalin.Javalin - Uncaught exception
org.eclipse.jetty.server.internal.HttpConnection$HttpEofException: Early EOF
	at org.eclipse.jetty.server.internal.HttpConnection$RequestHandler.earlyEOF(HttpConnection.java:1222)
	at org.eclipse.jetty.http.HttpParser.parseNext(HttpParser.java:1821)
	at org.eclipse.jetty.server.internal.HttpConnection.parseAndFillForContent(HttpConnection.java:559)
	at org.eclipse.jetty.server.internal.HttpConnection$HttpStreamOverHTTP1.read(HttpConnection.java:1467)
	at org.eclipse.jetty.server.HttpStream$Wrapper.read(HttpStream.java:184)
	at org.eclipse.jetty.server.HttpStream$Wrapper.read(HttpStream.java:184)
	at org.eclipse.jetty.server.internal.HttpChannelState$ChannelRequest.read(HttpChannelState.java:1042)
	at org.eclipse.jetty.server.Request$Wrapper.read(Request.java:962)
	at org.eclipse.jetty.server.handler.EventsHandler$EventsRequest.read(EventsHandler.java:407)
	at org.eclipse.jetty.server.Request$Wrapper.read(Request.java:962)
	at org.eclipse.jetty.ee10.servlet.AsyncContentProducer.readChunk(AsyncContentProducer.java:324)
	at org.eclipse.jetty.ee10.servlet.AsyncContentProducer.produceChunk(AsyncContentProducer.java:304)
	at org.eclipse.jetty.ee10.servlet.AsyncContentProducer.nextChunk(AsyncContentProducer.java:209)
	at org.eclipse.jetty.ee10.servlet.BlockingContentProducer.nextChunk(BlockingContentProducer.java:100)
	at org.eclipse.jetty.ee10.servlet.HttpInput.read(HttpInput.java:267)
	at org.eclipse.jetty.ee10.servlet.HttpInput.read(HttpInput.java:248)
	at java.base/java.io.InputStream.read(Unknown Source)
	at httparena.Main.upload(Main.java:97)
	at io.javalin.router.ParsedEndpoint.handleWithPathParams$javalin(ParsedEndpoint.kt:21)
	at io.javalin.router.ParsedEndpoint.handle(ParsedEndpoint.kt:15)
	at io.javalin.http.servlet.DefaultTasks.HTTP$lambda$0$1(DefaultTasks.kt:57)
	at io.javalin.http.servlet.JavalinServlet.handleTask(JavalinServlet.kt:108)
	at io.javalin.http.servlet.JavalinServlet.handleSync(JavalinServlet.kt:72)
	at io.javalin.http.servlet.JavalinServlet.handle(JavalinServlet.kt:58)
	at io.javalin.http.servlet.JavalinServlet.service(JavalinServlet.kt:38)
	at jakarta.servlet.http.HttpServlet.service(HttpServlet.java:614)
	at io.javalin.jetty.JavalinJettyServlet.service(JavalinJettyServlet.kt:49)
	at jakarta.servlet.http.HttpServlet.service(HttpServlet.java:614)
	at org.eclipse.jetty.ee10.servlet.ServletHolder.handle(ServletHolder.java:754)
	at org.eclipse.jetty.ee10.servlet.ServletHandler$ChainEnd.doFilter(ServletHandler.java:1642)
	at org.eclipse.jetty.ee10.servlet.ServletHandler$MappedServlet.handle(ServletHandler.java:1556)
	at org.eclipse.jetty.ee10.servlet.ServletChannel.dispatch(ServletChannel.java:871)
	at org.eclipse.jetty.ee10.servlet.ServletChannel.handle(ServletChannel.java:449)
	at org.eclipse.jetty.ee10.servlet.ServletHandler.handle(ServletHandler.java:469)
	at org.eclipse.jetty.ee10.servlet.SessionHandler.handle(SessionHandler.java:719)
	at org.eclipse.jetty.server.handler.ContextHandler.handle(ContextHandler.java:1253)
	at org.eclipse.jetty.server.Handler$Wrapper.handle(Handler.java:794)
	at org.eclipse.jetty.server.handler.EventsHandler.handle(EventsHandler.java:81)
	at org.eclipse.jetty.server.Server.handle(Server.java:197)
	at org.eclipse.jetty.server.internal.HttpChannelState$HandlerInvoker.run(HttpChannelState.java:804)
	at org.eclipse.jetty.server.internal.HttpConnection.onFillable(HttpConnection.java:420)
	at org.eclipse.jetty.server.internal.HttpConnection$FillableCallback.succeeded(HttpConnection.java:1790)
	at org.eclipse.jetty.io.FillInterest.fillable(FillInterest.java:105)
	at org.eclipse.jetty.io.SelectableChannelEndPoint$1.run(SelectableChannelEndPoint.java:54)
	at org.eclipse.jetty.util.thread.strategy.AdaptiveExecutionStrategy.runTask(AdaptiveExecutionStrategy.java:492)
	at org.eclipse.jetty.util.thread.strategy.AdaptiveExecutionStrategy.epcRunTask(AdaptiveExecutionStrategy.java:428)
	at org.eclipse.jetty.util.thread.strategy.AdaptiveExecutionStrategy.consumeTask(AdaptiveExecutionStrategy.java:401)
	at org.eclipse.jetty.util.thread.strategy.AdaptiveExecutionStrategy.tryProduce(AdaptiveExecutionStrategy.java:255)
	at org.eclipse.jetty.util.thread.strategy.AdaptiveExecutionStrategy.run(AdaptiveExecutionStrategy.java:204)
	at org.eclipse.jetty.util.thread.ReservedThreadExecutor$ReservedThread.run(ReservedThreadExecutor.java:317)
	at org.eclipse.jetty.util.thread.QueuedThreadPool.runJob(QueuedThreadPool.java:1009)
	at org.eclipse.jetty.util.thread.QueuedThreadPool$Runner.doRunJob(QueuedThreadPool.java:1240)
	at org.eclipse.jetty.util.thread.QueuedThreadPool$Runner.run(QueuedThreadPool.java:1194)
	at java.base/java.lang.Thread.run(Unknown Source)
[JettyServerThreadPool-82] WARN io.javalin.Javalin - Uncaught exception
org.eclipse.jetty.server.internal.HttpConnection$HttpEofException: Early EOF
	at org.eclipse.jetty.server.internal.HttpConnection$RequestHandler.earlyEOF(HttpConnection.java:1222)
	at org.eclipse.jetty.http.HttpParser.parseNext(HttpParser.java:1821)
	at org.eclipse.jetty.server.internal.HttpConnection.parseAndFillForContent(HttpConnection.java:559)
	at org.eclipse.jetty.server.internal.HttpConnection$HttpStreamOverHTTP1.read(HttpConnection.java:1467)
	at org.eclipse.jetty.server.HttpStream$Wrapper.read(HttpStream.java:184)
	at org.eclipse.jetty.server.HttpStream$Wrapper.read(HttpStream.java:184)
	at org.eclipse.jetty.server.internal.HttpChannelState$ChannelRequest.read(HttpChannelState.java:1042)
	at org.eclipse.jetty.server.Request$Wrapper.read(Request.java:962)
	at org.eclipse.jetty.server.handler.EventsHandler$EventsRequest.read(EventsHandler.java:407)
	at org.eclipse.jetty.server.Request$Wrapper.read(Request.java:962)
	at org.eclipse.jetty.ee10.servlet.AsyncContentProducer.readChunk(AsyncContentProducer.java:324)
	at org.eclipse.jetty.ee10.servlet.AsyncContentProducer.produceChunk(AsyncContentProducer.java:304)
	at org.eclipse.jetty.ee10.servlet.AsyncContentProducer.nextChunk(AsyncContentProducer.java:209)
	at org.eclipse.jetty.ee10.servlet.BlockingContentProducer.nextChunk(BlockingContentProducer.java:100)
	at org.eclipse.jetty.ee10.servlet.HttpInput.read(HttpInput.java:267)
	at org.eclipse.jetty.ee10.servlet.HttpInput.read(HttpInput.java:248)
	at java.base/java.io.InputStream.read(Unknown Source)
	at httparena.Main.upload(Main.java:97)
	at io.javalin.router.ParsedEndpoint.handleWithPathParams$javalin(ParsedEndpoint.kt:21)
	at io.javalin.router.ParsedEndpoint.handle(ParsedEndpoint.kt:15)
	at io.javalin.http.servlet.DefaultTasks.HTTP$lambda$0$1(DefaultTasks.kt:57)
	at io.javalin.http.servlet.JavalinServlet.handleTask(JavalinServlet.kt:108)
	at io.javalin.http.servlet.JavalinServlet.handleSync(JavalinServlet.kt:72)
	at io.javalin.http.servlet.JavalinServlet.handle(JavalinServlet.kt:58)
	at io.javalin.http.servlet.JavalinServlet.service(JavalinServlet.kt:38)
	at jakarta.servlet.http.HttpServlet.service(HttpServlet.java:614)
	at io.javalin.jetty.JavalinJettyServlet.service(JavalinJettyServlet.kt:49)
	at jakarta.servlet.http.HttpServlet.service(HttpServlet.java:614)
	at org.eclipse.jetty.ee10.servlet.ServletHolder.handle(ServletHolder.java:754)
	at org.eclipse.jetty.ee10.servlet.ServletHandler$ChainEnd.doFilter(ServletHandler.java:1642)
	at org.eclipse.jetty.ee10.servlet.ServletHandler$MappedServlet.handle(ServletHandler.java:1556)
	at org.eclipse.jetty.ee10.servlet.ServletChannel.dispatch(ServletChannel.java:871)
	at org.eclipse.jetty.ee10.servlet.ServletChannel.handle(ServletChannel.java:449)
	at org.eclipse.jetty.ee10.servlet.ServletHandler.handle(ServletHandler.java:469)
	at org.eclipse.jetty.ee10.servlet.SessionHandler.handle(SessionHandler.java:719)
	at org.eclipse.jetty.server.handler.ContextHandler.handle(ContextHandler.java:1253)
	at org.eclipse.jetty.server.Handler$Wrapper.handle(Handler.java:794)
	at org.eclipse.jetty.server.handler.EventsHandler.handle(EventsHandler.java:81)
	at org.eclipse.jetty.server.Server.handle(Server.java:197)
	at org.eclipse.jetty.server.internal.HttpChannelState$HandlerInvoker.run(HttpChannelState.java:804)
	at org.eclipse.jetty.server.internal.HttpConnection.onFillable(HttpConnection.java:420)
	at org.eclipse.jetty.server.internal.HttpConnection$FillableCallback.succeeded(HttpConnection.java:1790)
	at org.eclipse.jetty.io.FillInterest.fillable(FillInterest.java:105)
	at org.eclipse.jetty.io.SelectableChannelEndPoint$1.run(SelectableChannelEndPoint.java:54)
	at org.eclipse.jetty.util.thread.strategy.AdaptiveExecutionStrategy.runTask(AdaptiveExecutionStrategy.java:492)
	at org.eclipse.jetty.util.thread.strategy.AdaptiveExecutionStrategy.epcRunTask(AdaptiveExecutionStrategy.java:428)
	at org.eclipse.jetty.util.thread.strategy.AdaptiveExecutionStrategy.consumeTask(AdaptiveExecutionStrategy.java:401)
	at org.eclipse.jetty.util.thread.strategy.AdaptiveExecutionStrategy.tryProduce(AdaptiveExecutionStrategy.java:255)
	at org.eclipse.jetty.util.thread.strategy.AdaptiveExecutionStrategy.run(AdaptiveExecutionStrategy.java:204)
	at org.eclipse.jetty.util.thread.ReservedThreadExecutor$ReservedThread.run(ReservedThreadExecutor.java:317)
	at org.eclipse.jetty.util.thread.QueuedThreadPool.runJob(QueuedThreadPool.java:1009)
	at org.eclipse.jetty.util.thread.QueuedThreadPool$Runner.doRunJob(QueuedThreadPool.java:1240)
	at org.eclipse.jetty.util.thread.QueuedThreadPool$Runner.run(QueuedThreadPool.java:1194)
	at java.base/java.lang.Thread.run(Unknown Source)
[JettyServerThreadPool-112] WARN io.javalin.Javalin - Uncaught exception
org.eclipse.jetty.server.internal.HttpConnection$HttpEofException: Early EOF
	at org.eclipse.jetty.server.internal.HttpConnection$RequestHandler.earlyEOF(HttpConnection.java:1222)
	at org.eclipse.jetty.http.HttpParser.parseNext(HttpParser.java:1821)
	at org.eclipse.jetty.server.internal.HttpConnection.parseAndFillForContent(HttpConnection.java:559)
	at org.eclipse.jetty.server.internal.HttpConnection$HttpStreamOverHTTP1.read(HttpConnection.java:1467)
	at org.eclipse.jetty.server.HttpStream$Wrapper.read(HttpStream.java:184)
	at org.eclipse.jetty.server.HttpStream$Wrapper.read(HttpStream.java:184)
	at org.eclipse.jetty.server.internal.HttpChannelState$ChannelRequest.read(HttpChannelState.java:1042)
	at org.eclipse.jetty.server.Request$Wrapper.read(Request.java:962)
	at org.eclipse.jetty.server.handler.EventsHandler$EventsRequest.read(EventsHandler.java:407)
	at org.eclipse.jetty.server.Request$Wrapper.read(Request.java:962)
	at org.eclipse.jetty.ee10.servlet.AsyncContentProducer.readChunk(AsyncContentProducer.java:324)
	at org.eclipse.jetty.ee10.servlet.AsyncContentProducer.produceChunk(AsyncContentProducer.java:304)
	at org.eclipse.jetty.ee10.servlet.AsyncContentProducer.nextChunk(AsyncContentProducer.java:209)
	at org.eclipse.jetty.ee10.servlet.BlockingContentProducer.nextChunk(BlockingContentProducer.java:100)
	at org.eclipse.jetty.ee10.servlet.HttpInput.read(HttpInput.java:267)
	at org.eclipse.jetty.ee10.servlet.HttpInput.read(HttpInput.java:248)
	at java.base/java.io.InputStream.read(Unknown Source)
	at httparena.Main.upload(Main.java:97)
	at io.javalin.router.ParsedEndpoint.handleWithPathParams$javalin(ParsedEndpoint.kt:21)
	at io.javalin.router.ParsedEndpoint.handle(ParsedEndpoint.kt:15)
	at io.javalin.http.servlet.DefaultTasks.HTTP$lambda$0$1(DefaultTasks.kt:57)
	at io.javalin.http.servlet.JavalinServlet.handleTask(JavalinServlet.kt:108)
	at io.javalin.http.servlet.JavalinServlet.handleSync(JavalinServlet.kt:72)
	at io.javalin.http.servlet.JavalinServlet.handle(JavalinServlet.kt:58)
	at io.javalin.http.servlet.JavalinServlet.service(JavalinServlet.kt:38)
	at jakarta.servlet.http.HttpServlet.service(HttpServlet.java:614)
	at io.javalin.jetty.JavalinJettyServlet.service(JavalinJettyServlet.kt:49)
	at jakarta.servlet.http.HttpServlet.service(HttpServlet.java:614)
	at org.eclipse.jetty.ee10.servlet.ServletHolder.handle(ServletHolder.java:754)
	at org.eclipse.jetty.ee10.servlet.ServletHandler$ChainEnd.doFilter(ServletHandler.java:1642)
	at org.eclipse.jetty.ee10.servlet.ServletHandler$MappedServlet.handle(ServletHandler.java:1556)
	at org.eclipse.jetty.ee10.servlet.ServletChannel.dispatch(ServletChannel.java:871)
	at org.eclipse.jetty.ee10.servlet.ServletChannel.handle(ServletChannel.java:449)
	at org.eclipse.jetty.ee10.servlet.ServletHandler.handle(ServletHandler.java:469)
	at org.eclipse.jetty.ee10.servlet.SessionHandler.handle(SessionHandler.java:719)
	at org.eclipse.jetty.server.handler.ContextHandler.handle(ContextHandler.java:1253)
	at org.eclipse.jetty.server.Handler$Wrapper.handle(Handler.java:794)
	at org.eclipse.jetty.server.handler.EventsHandler.handle(EventsHandler.java:81)
	at org.eclipse.jetty.server.Server.handle(Server.java:197)
	at org.eclipse.jetty.server.internal.HttpChannelState$HandlerInvoker.run(HttpChannelState.java:804)
	at org.eclipse.jetty.server.internal.HttpConnection.onFillable(HttpConnection.java:420)
	at org.eclipse.jetty.server.internal.HttpConnection$FillableCallback.succeeded(HttpConnection.java:1790)
	at org.eclipse.jetty.io.FillInterest.fillable(FillInterest.java:105)
	at org.eclipse.jetty.io.SelectableChannelEndPoint$1.run(SelectableChannelEndPoint.java:54)
	at org.eclipse.jetty.util.thread.strategy.AdaptiveExecutionStrategy.runTask(AdaptiveExecutionStrategy.java:492)
	at org.eclipse.jetty.util.thread.strategy.AdaptiveExecutionStrategy.epcRunTask(AdaptiveExecutionStrategy.java:428)
	at org.eclipse.jetty.util.thread.strategy.AdaptiveExecutionStrategy.consumeTask(AdaptiveExecutionStrategy.java:401)
	at org.eclipse.jetty.util.thread.strategy.AdaptiveExecutionStrategy.tryProduce(AdaptiveExecutionStrategy.java:255)
	at org.eclipse.jetty.util.thread.strategy.AdaptiveExecutionStrategy.run(AdaptiveExecutionStrategy.java:204)
	at org.eclipse.jetty.util.thread.ReservedThreadExecutor$ReservedThread.run(ReservedThreadExecutor.java:317)
	at org.eclipse.jetty.util.thread.QueuedThreadPool.runJob(QueuedThreadPool.java:1009)
	at org.eclipse.jetty.util.thread.QueuedThreadPool$Runner.doRunJob(QueuedThreadPool.java:1240)
	at org.eclipse.jetty.util.thread.QueuedThreadPool$Runner.run(QueuedThreadPool.java:1194)
	at java.base/java.lang.Thread.run(Unknown Source)
