Exec: /app/erts-17.0.2/bin/erlexec -noinput +Bd -boot /app/releases/0.1.0/start -mode embedded -boot_var SYSTEM_LIB_DIR /app/lib -config /app/releases/0.1.0/sys.config -args_file /app/releases/0.1.0/vm.args -- foreground
Root: /app
/app
=ESOCK WARNING MSG==== 29-Jun-2026::11:15:37.581110 ===
[UNIX-ESSIO] Failed open sctp dynamic library: libsctp.so.1
=ERROR REPORT==== 29-Jun-2026::11:15:43.540829 ===
    reason: {case_clause,{error,closed}}
    msg: roadrunner handler crashed
    stacktrace: [{roadrunner_httparena_handler,consume_body,2,
                     [{file,"/src/src/roadrunner_httparena_handler.erl"},
                      {line,80}]},
                 {roadrunner_httparena_handler,upload_endpoint,1,
                     [{file,"/src/src/roadrunner_httparena_handler.erl"},
                      {line,70}]},
                 {roadrunner_conn_loop,run_pipeline,4,
                     [{file,
                          "/src/_build/default/lib/roadrunner/src/roadrunner_conn_loop.erl"},
                      {line,761}]},
                 {proc_lib,init_p_do_apply,3,
                     [{file,"proc_lib.erl"},{line,333}]}]
    handler: roadrunner_httparena_handler
    class: error
=ERROR REPORT==== 29-Jun-2026::11:15:43.540855 ===
    reason: {case_clause,{error,closed}}
    msg: roadrunner handler crashed
    stacktrace: [{roadrunner_httparena_handler,consume_body,2,
                     [{file,"/src/src/roadrunner_httparena_handler.erl"},
                      {line,80}]},
                 {roadrunner_httparena_handler,upload_endpoint,1,
                     [{file,"/src/src/roadrunner_httparena_handler.erl"},
                      {line,70}]},
                 {roadrunner_conn_loop,run_pipeline,4,
                     [{file,
                          "/src/_build/default/lib/roadrunner/src/roadrunner_conn_loop.erl"},
                      {line,761}]},
                 {proc_lib,init_p_do_apply,3,
                     [{file,"proc_lib.erl"},{line,333}]}]
    handler: roadrunner_httparena_handler
    class: error
=ERROR REPORT==== 29-Jun-2026::11:15:43.540832 ===
    reason: {case_clause,{error,closed}}
    msg: roadrunner handler crashed
    stacktrace: [{roadrunner_httparena_handler,consume_body,2,
                     [{file,"/src/src/roadrunner_httparena_handler.erl"},
                      {line,80}]},
                 {roadrunner_httparena_handler,upload_endpoint,1,
                     [{file,"/src/src/roadrunner_httparena_handler.erl"},
                      {line,70}]},
                 {roadrunner_conn_loop,run_pipeline,4,
                     [{file,
                          "/src/_build/default/lib/roadrunner/src/roadrunner_conn_loop.erl"},
                      {line,761}]},
                 {proc_lib,init_p_do_apply,3,
                     [{file,"proc_lib.erl"},{line,333}]}]
    handler: roadrunner_httparena_handler
    class: error
=ERROR REPORT==== 29-Jun-2026::11:15:43.540851 ===
    reason: {case_clause,{error,closed}}
    msg: roadrunner handler crashed
    stacktrace: [{roadrunner_httparena_handler,consume_body,2,
                     [{file,"/src/src/roadrunner_httparena_handler.erl"},
                      {line,80}]},
                 {roadrunner_httparena_handler,upload_endpoint,1,
                     [{file,"/src/src/roadrunner_httparena_handler.erl"},
                      {line,70}]},
                 {roadrunner_conn_loop,run_pipeline,4,
                     [{file,
                          "/src/_build/default/lib/roadrunner/src/roadrunner_conn_loop.erl"},
                      {line,761}]},
                 {proc_lib,init_p_do_apply,3,
                     [{file,"proc_lib.erl"},{line,333}]}]
    handler: roadrunner_httparena_handler
    class: error
=ERROR REPORT==== 29-Jun-2026::11:15:43.540868 ===
    reason: {case_clause,{error,closed}}
    msg: roadrunner handler crashed
    stacktrace: [{roadrunner_httparena_handler,consume_body,2,
                     [{file,"/src/src/roadrunner_httparena_handler.erl"},
                      {line,80}]},
                 {roadrunner_httparena_handler,upload_endpoint,1,
                     [{file,"/src/src/roadrunner_httparena_handler.erl"},
                      {line,70}]},
                 {roadrunner_conn_loop,run_pipeline,4,
                     [{file,
                          "/src/_build/default/lib/roadrunner/src/roadrunner_conn_loop.erl"},
                      {line,761}]},
                 {proc_lib,init_p_do_apply,3,
                     [{file,"proc_lib.erl"},{line,333}]}]
    handler: roadrunner_httparena_handler
    class: error
=ERROR REPORT==== 29-Jun-2026::11:15:43.540882 ===
    reason: {case_clause,{error,closed}}
    msg: roadrunner handler crashed
    stacktrace: [{roadrunner_httparena_handler,consume_body,2,
                     [{file,"/src/src/roadrunner_httparena_handler.erl"},
                      {line,80}]},
                 {roadrunner_httparena_handler,upload_endpoint,1,
                     [{file,"/src/src/roadrunner_httparena_handler.erl"},
                      {line,70}]},
                 {roadrunner_conn_loop,run_pipeline,4,
                     [{file,
                          "/src/_build/default/lib/roadrunner/src/roadrunner_conn_loop.erl"},
                      {line,761}]},
                 {proc_lib,init_p_do_apply,3,
                     [{file,"proc_lib.erl"},{line,333}]}]
    handler: roadrunner_httparena_handler
    class: error
=ERROR REPORT==== 29-Jun-2026::11:15:43.540944 ===
    reason: {case_clause,{error,closed}}
    msg: roadrunner handler crashed
    stacktrace: [{roadrunner_httparena_handler,consume_body,2,
                     [{file,"/src/src/roadrunner_httparena_handler.erl"},
                      {line,80}]},
                 {roadrunner_httparena_handler,upload_endpoint,1,
                     [{file,"/src/src/roadrunner_httparena_handler.erl"},
                      {line,70}]},
                 {roadrunner_conn_loop,run_pipeline,4,
                     [{file,
                          "/src/_build/default/lib/roadrunner/src/roadrunner_conn_loop.erl"},
                      {line,761}]},
                 {proc_lib,init_p_do_apply,3,
                     [{file,"proc_lib.erl"},{line,333}]}]
    handler: roadrunner_httparena_handler
    class: error
=ERROR REPORT==== 29-Jun-2026::11:15:43.540937 ===
    reason: {case_clause,{error,closed}}
    msg: roadrunner handler crashed
    stacktrace: [{roadrunner_httparena_handler,consume_body,2,
                     [{file,"/src/src/roadrunner_httparena_handler.erl"},
                      {line,80}]},
                 {roadrunner_httparena_handler,upload_endpoint,1,
                     [{file,"/src/src/roadrunner_httparena_handler.erl"},
                      {line,70}]},
                 {roadrunner_conn_loop,run_pipeline,4,
                     [{file,
                          "/src/_build/default/lib/roadrunner/src/roadrunner_conn_loop.erl"},
                      {line,761}]},
                 {proc_lib,init_p_do_apply,3,
                     [{file,"proc_lib.erl"},{line,333}]}]
    handler: roadrunner_httparena_handler
    class: error
=ERROR REPORT==== 29-Jun-2026::11:15:43.540930 ===
    reason: {case_clause,{error,closed}}
    msg: roadrunner handler crashed
    stacktrace: [{roadrunner_httparena_handler,consume_body,2,
                     [{file,"/src/src/roadrunner_httparena_handler.erl"},
                      {line,80}]},
                 {roadrunner_httparena_handler,upload_endpoint,1,
                     [{file,"/src/src/roadrunner_httparena_handler.erl"},
                      {line,70}]},
                 {roadrunner_conn_loop,run_pipeline,4,
                     [{file,
                          "/src/_build/default/lib/roadrunner/src/roadrunner_conn_loop.erl"},
                      {line,761}]},
                 {proc_lib,init_p_do_apply,3,
                     [{file,"proc_lib.erl"},{line,333}]}]
    handler: roadrunner_httparena_handler
    class: error
=ERROR REPORT==== 29-Jun-2026::11:15:43.540972 ===
    reason: {case_clause,{error,closed}}
    msg: roadrunner handler crashed
    stacktrace: [{roadrunner_httparena_handler,consume_body,2,
                     [{file,"/src/src/roadrunner_httparena_handler.erl"},
                      {line,80}]},
                 {roadrunner_httparena_handler,upload_endpoint,1,
                     [{file,"/src/src/roadrunner_httparena_handler.erl"},
                      {line,70}]},
                 {roadrunner_conn_loop,run_pipeline,4,
                     [{file,
                          "/src/_build/default/lib/roadrunner/src/roadrunner_conn_loop.erl"},
                      {line,761}]},
                 {proc_lib,init_p_do_apply,3,
                     [{file,"proc_lib.erl"},{line,333}]}]
    handler: roadrunner_httparena_handler
    class: error
=ERROR REPORT==== 29-Jun-2026::11:15:43.540918 ===
    reason: {case_clause,{error,closed}}
    msg: roadrunner handler crashed
    stacktrace: [{roadrunner_httparena_handler,consume_body,2,
                     [{file,"/src/src/roadrunner_httparena_handler.erl"},
                      {line,80}]},
                 {roadrunner_httparena_handler,upload_endpoint,1,
                     [{file,"/src/src/roadrunner_httparena_handler.erl"},
                      {line,70}]},
                 {roadrunner_conn_loop,run_pipeline,4,
                     [{file,
                          "/src/_build/default/lib/roadrunner/src/roadrunner_conn_loop.erl"},
                      {line,761}]},
                 {proc_lib,init_p_do_apply,3,
                     [{file,"proc_lib.erl"},{line,333}]}]
    handler: roadrunner_httparena_handler
    class: error
=ERROR REPORT==== 29-Jun-2026::11:15:43.541232 ===
    reason: {case_clause,{error,closed}}
    msg: roadrunner handler crashed
    stacktrace: [{roadrunner_httparena_handler,consume_body,2,
                     [{file,"/src/src/roadrunner_httparena_handler.erl"},
                      {line,80}]},
                 {roadrunner_httparena_handler,upload_endpoint,1,
                     [{file,"/src/src/roadrunner_httparena_handler.erl"},
                      {line,70}]},
                 {roadrunner_conn_loop,run_pipeline,4,
                     [{file,
                          "/src/_build/default/lib/roadrunner/src/roadrunner_conn_loop.erl"},
                      {line,761}]},
                 {proc_lib,init_p_do_apply,3,
                     [{file,"proc_lib.erl"},{line,333}]}]
    handler: roadrunner_httparena_handler
    class: error
=ERROR REPORT==== 29-Jun-2026::11:15:43.541217 ===
    reason: {case_clause,{error,closed}}
    msg: roadrunner handler crashed
    stacktrace: [{roadrunner_httparena_handler,consume_body,2,
                     [{file,"/src/src/roadrunner_httparena_handler.erl"},
                      {line,80}]},
                 {roadrunner_httparena_handler,upload_endpoint,1,
                     [{file,"/src/src/roadrunner_httparena_handler.erl"},
                      {line,70}]},
                 {roadrunner_conn_loop,run_pipeline,4,
                     [{file,
                          "/src/_build/default/lib/roadrunner/src/roadrunner_conn_loop.erl"},
                      {line,761}]},
                 {proc_lib,init_p_do_apply,3,
                     [{file,"proc_lib.erl"},{line,333}]}]
    handler: roadrunner_httparena_handler
    class: error
=ERROR REPORT==== 29-Jun-2026::11:15:43.541236 ===
    reason: {case_clause,{error,closed}}
    msg: roadrunner handler crashed
    stacktrace: [{roadrunner_httparena_handler,consume_body,2,
                     [{file,"/src/src/roadrunner_httparena_handler.erl"},
                      {line,80}]},
                 {roadrunner_httparena_handler,upload_endpoint,1,
                     [{file,"/src/src/roadrunner_httparena_handler.erl"},
                      {line,70}]},
                 {roadrunner_conn_loop,run_pipeline,4,
                     [{file,
                          "/src/_build/default/lib/roadrunner/src/roadrunner_conn_loop.erl"},
                      {line,761}]},
                 {proc_lib,init_p_do_apply,3,
                     [{file,"proc_lib.erl"},{line,333}]}]
    handler: roadrunner_httparena_handler
    class: error
=ERROR REPORT==== 29-Jun-2026::11:15:43.541214 ===
    reason: {case_clause,{error,closed}}
    msg: roadrunner handler crashed
    stacktrace: [{roadrunner_httparena_handler,consume_body,2,
                     [{file,"/src/src/roadrunner_httparena_handler.erl"},
                      {line,80}]},
                 {roadrunner_httparena_handler,upload_endpoint,1,
                     [{file,"/src/src/roadrunner_httparena_handler.erl"},
                      {line,70}]},
                 {roadrunner_conn_loop,run_pipeline,4,
                     [{file,
                          "/src/_build/default/lib/roadrunner/src/roadrunner_conn_loop.erl"},
                      {line,761}]},
                 {proc_lib,init_p_do_apply,3,
                     [{file,"proc_lib.erl"},{line,333}]}]
    handler: roadrunner_httparena_handler
    class: error
=ERROR REPORT==== 29-Jun-2026::11:15:43.541234 ===
    reason: {case_clause,{error,closed}}
    msg: roadrunner handler crashed
    stacktrace: [{roadrunner_httparena_handler,consume_body,2,
                     [{file,"/src/src/roadrunner_httparena_handler.erl"},
                      {line,80}]},
                 {roadrunner_httparena_handler,upload_endpoint,1,
                     [{file,"/src/src/roadrunner_httparena_handler.erl"},
                      {line,70}]},
                 {roadrunner_conn_loop,run_pipeline,4,
                     [{file,
                          "/src/_build/default/lib/roadrunner/src/roadrunner_conn_loop.erl"},
                      {line,761}]},
                 {proc_lib,init_p_do_apply,3,
                     [{file,"proc_lib.erl"},{line,333}]}]
    handler: roadrunner_httparena_handler
    class: error
=ERROR REPORT==== 29-Jun-2026::11:15:43.541203 ===
    reason: {case_clause,{error,closed}}
    msg: roadrunner handler crashed
    stacktrace: [{roadrunner_httparena_handler,consume_body,2,
                     [{file,"/src/src/roadrunner_httparena_handler.erl"},
                      {line,80}]},
                 {roadrunner_httparena_handler,upload_endpoint,1,
                     [{file,"/src/src/roadrunner_httparena_handler.erl"},
                      {line,70}]},
                 {roadrunner_conn_loop,run_pipeline,4,
                     [{file,
                          "/src/_build/default/lib/roadrunner/src/roadrunner_conn_loop.erl"},
                      {line,761}]},
                 {proc_lib,init_p_do_apply,3,
                     [{file,"proc_lib.erl"},{line,333}]}]
    handler: roadrunner_httparena_handler
    class: error
=ERROR REPORT==== 29-Jun-2026::11:15:43.541222 ===
    reason: {case_clause,{error,closed}}
    msg: roadrunner handler crashed
    stacktrace: [{roadrunner_httparena_handler,consume_body,2,
                     [{file,"/src/src/roadrunner_httparena_handler.erl"},
                      {line,80}]},
                 {roadrunner_httparena_handler,upload_endpoint,1,
                     [{file,"/src/src/roadrunner_httparena_handler.erl"},
                      {line,70}]},
                 {roadrunner_conn_loop,run_pipeline,4,
                     [{file,
                          "/src/_build/default/lib/roadrunner/src/roadrunner_conn_loop.erl"},
                      {line,761}]},
                 {proc_lib,init_p_do_apply,3,
                     [{file,"proc_lib.erl"},{line,333}]}]
    handler: roadrunner_httparena_handler
    class: error
=ERROR REPORT==== 29-Jun-2026::11:15:43.541213 ===
    reason: {case_clause,{error,closed}}
    msg: roadrunner handler crashed
    stacktrace: [{roadrunner_httparena_handler,consume_body,2,
                     [{file,"/src/src/roadrunner_httparena_handler.erl"},
                      {line,80}]},
                 {roadrunner_httparena_handler,upload_endpoint,1,
                     [{file,"/src/src/roadrunner_httparena_handler.erl"},
                      {line,70}]},
                 {roadrunner_conn_loop,run_pipeline,4,
                     [{file,
                          "/src/_build/default/lib/roadrunner/src/roadrunner_conn_loop.erl"},
                      {line,761}]},
                 {proc_lib,init_p_do_apply,3,
                     [{file,"proc_lib.erl"},{line,333}]}]
    handler: roadrunner_httparena_handler
    class: error
=ERROR REPORT==== 29-Jun-2026::11:15:43.541240 ===
    reason: {case_clause,{error,closed}}
    msg: roadrunner handler crashed
    stacktrace: [{roadrunner_httparena_handler,consume_body,2,
                     [{file,"/src/src/roadrunner_httparena_handler.erl"},
                      {line,80}]},
                 {roadrunner_httparena_handler,upload_endpoint,1,
                     [{file,"/src/src/roadrunner_httparena_handler.erl"},
                      {line,70}]},
                 {roadrunner_conn_loop,run_pipeline,4,
                     [{file,
                          "/src/_build/default/lib/roadrunner/src/roadrunner_conn_loop.erl"},
                      {line,761}]},
                 {proc_lib,init_p_do_apply,3,
                     [{file,"proc_lib.erl"},{line,333}]}]
    handler: roadrunner_httparena_handler
    class: error
=ERROR REPORT==== 29-Jun-2026::11:15:43.541268 ===
    reason: {case_clause,{error,closed}}
    msg: roadrunner handler crashed
    stacktrace: [{roadrunner_httparena_handler,consume_body,2,
                     [{file,"/src/src/roadrunner_httparena_handler.erl"},
                      {line,80}]},
                 {roadrunner_httparena_handler,upload_endpoint,1,
                     [{file,"/src/src/roadrunner_httparena_handler.erl"},
                      {line,70}]},
                 {roadrunner_conn_loop,run_pipeline,4,
                     [{file,
                          "/src/_build/default/lib/roadrunner/src/roadrunner_conn_loop.erl"},
                      {line,761}]},
                 {proc_lib,init_p_do_apply,3,
                     [{file,"proc_lib.erl"},{line,333}]}]
    handler: roadrunner_httparena_handler
    class: error
=ERROR REPORT==== 29-Jun-2026::11:15:43.541224 ===
    reason: {case_clause,{error,closed}}
    msg: roadrunner handler crashed
    stacktrace: [{roadrunner_httparena_handler,consume_body,2,
                     [{file,"/src/src/roadrunner_httparena_handler.erl"},
                      {line,80}]},
                 {roadrunner_httparena_handler,upload_endpoint,1,
                     [{file,"/src/src/roadrunner_httparena_handler.erl"},
                      {line,70}]},
                 {roadrunner_conn_loop,run_pipeline,4,
                     [{file,
                          "/src/_build/default/lib/roadrunner/src/roadrunner_conn_loop.erl"},
                      {line,761}]},
                 {proc_lib,init_p_do_apply,3,
                     [{file,"proc_lib.erl"},{line,333}]}]
    handler: roadrunner_httparena_handler
    class: error
=ERROR REPORT==== 29-Jun-2026::11:15:43.541249 ===
    reason: {case_clause,{error,closed}}
    msg: roadrunner handler crashed
    stacktrace: [{roadrunner_httparena_handler,consume_body,2,
                     [{file,"/src/src/roadrunner_httparena_handler.erl"},
                      {line,80}]},
                 {roadrunner_httparena_handler,upload_endpoint,1,
                     [{file,"/src/src/roadrunner_httparena_handler.erl"},
                      {line,70}]},
                 {roadrunner_conn_loop,run_pipeline,4,
                     [{file,
                          "/src/_build/default/lib/roadrunner/src/roadrunner_conn_loop.erl"},
                      {line,761}]},
                 {proc_lib,init_p_do_apply,3,
                     [{file,"proc_lib.erl"},{line,333}]}]
    handler: roadrunner_httparena_handler
    class: error
=ERROR REPORT==== 29-Jun-2026::11:15:43.541246 ===
    reason: {case_clause,{error,closed}}
    msg: roadrunner handler crashed
    stacktrace: [{roadrunner_httparena_handler,consume_body,2,
                     [{file,"/src/src/roadrunner_httparena_handler.erl"},
                      {line,80}]},
                 {roadrunner_httparena_handler,upload_endpoint,1,
                     [{file,"/src/src/roadrunner_httparena_handler.erl"},
                      {line,70}]},
                 {roadrunner_conn_loop,run_pipeline,4,
                     [{file,
                          "/src/_build/default/lib/roadrunner/src/roadrunner_conn_loop.erl"},
                      {line,761}]},
                 {proc_lib,init_p_do_apply,3,
                     [{file,"proc_lib.erl"},{line,333}]}]
    handler: roadrunner_httparena_handler
    class: error
=ERROR REPORT==== 29-Jun-2026::11:15:43.541267 ===
    reason: {case_clause,{error,closed}}
    msg: roadrunner handler crashed
    stacktrace: [{roadrunner_httparena_handler,consume_body,2,
                     [{file,"/src/src/roadrunner_httparena_handler.erl"},
                      {line,80}]},
                 {roadrunner_httparena_handler,upload_endpoint,1,
                     [{file,"/src/src/roadrunner_httparena_handler.erl"},
                      {line,70}]},
                 {roadrunner_conn_loop,run_pipeline,4,
                     [{file,
                          "/src/_build/default/lib/roadrunner/src/roadrunner_conn_loop.erl"},
                      {line,761}]},
                 {proc_lib,init_p_do_apply,3,
                     [{file,"proc_lib.erl"},{line,333}]}]
    handler: roadrunner_httparena_handler
    class: error
=ERROR REPORT==== 29-Jun-2026::11:15:43.541213 ===
    reason: {case_clause,{error,closed}}
    msg: roadrunner handler crashed
    stacktrace: [{roadrunner_httparena_handler,consume_body,2,
                     [{file,"/src/src/roadrunner_httparena_handler.erl"},
                      {line,80}]},
                 {roadrunner_httparena_handler,upload_endpoint,1,
                     [{file,"/src/src/roadrunner_httparena_handler.erl"},
                      {line,70}]},
                 {roadrunner_conn_loop,run_pipeline,4,
                     [{file,
                          "/src/_build/default/lib/roadrunner/src/roadrunner_conn_loop.erl"},
                      {line,761}]},
                 {proc_lib,init_p_do_apply,3,
                     [{file,"proc_lib.erl"},{line,333}]}]
    handler: roadrunner_httparena_handler
    class: error
=ERROR REPORT==== 29-Jun-2026::11:15:43.541258 ===
    reason: {case_clause,{error,closed}}
    msg: roadrunner handler crashed
    stacktrace: [{roadrunner_httparena_handler,consume_body,2,
                     [{file,"/src/src/roadrunner_httparena_handler.erl"},
                      {line,80}]},
                 {roadrunner_httparena_handler,upload_endpoint,1,
                     [{file,"/src/src/roadrunner_httparena_handler.erl"},
                      {line,70}]},
                 {roadrunner_conn_loop,run_pipeline,4,
                     [{file,
                          "/src/_build/default/lib/roadrunner/src/roadrunner_conn_loop.erl"},
                      {line,761}]},
                 {proc_lib,init_p_do_apply,3,
                     [{file,"proc_lib.erl"},{line,333}]}]
    handler: roadrunner_httparena_handler
    class: error
=ERROR REPORT==== 29-Jun-2026::11:15:43.541249 ===
    reason: {case_clause,{error,closed}}
    msg: roadrunner handler crashed
    stacktrace: [{roadrunner_httparena_handler,consume_body,2,
                     [{file,"/src/src/roadrunner_httparena_handler.erl"},
                      {line,80}]},
                 {roadrunner_httparena_handler,upload_endpoint,1,
                     [{file,"/src/src/roadrunner_httparena_handler.erl"},
                      {line,70}]},
                 {roadrunner_conn_loop,run_pipeline,4,
                     [{file,
                          "/src/_build/default/lib/roadrunner/src/roadrunner_conn_loop.erl"},
                      {line,761}]},
                 {proc_lib,init_p_do_apply,3,
                     [{file,"proc_lib.erl"},{line,333}]}]
    handler: roadrunner_httparena_handler
    class: error
=ERROR REPORT==== 29-Jun-2026::11:15:43.541280 ===
    reason: {case_clause,{error,closed}}
    msg: roadrunner handler crashed
    stacktrace: [{roadrunner_httparena_handler,consume_body,2,
                     [{file,"/src/src/roadrunner_httparena_handler.erl"},
                      {line,80}]},
                 {roadrunner_httparena_handler,upload_endpoint,1,
                     [{file,"/src/src/roadrunner_httparena_handler.erl"},
                      {line,70}]},
                 {roadrunner_conn_loop,run_pipeline,4,
                     [{file,
                          "/src/_build/default/lib/roadrunner/src/roadrunner_conn_loop.erl"},
                      {line,761}]},
                 {proc_lib,init_p_do_apply,3,
                     [{file,"proc_lib.erl"},{line,333}]}]
    handler: roadrunner_httparena_handler
    class: error
=ERROR REPORT==== 29-Jun-2026::11:15:43.541278 ===
    reason: {case_clause,{error,closed}}
    msg: roadrunner handler crashed
    stacktrace: [{roadrunner_httparena_handler,consume_body,2,
                     [{file,"/src/src/roadrunner_httparena_handler.erl"},
                      {line,80}]},
                 {roadrunner_httparena_handler,upload_endpoint,1,
                     [{file,"/src/src/roadrunner_httparena_handler.erl"},
                      {line,70}]},
                 {roadrunner_conn_loop,run_pipeline,4,
                     [{file,
                          "/src/_build/default/lib/roadrunner/src/roadrunner_conn_loop.erl"},
                      {line,761}]},
                 {proc_lib,init_p_do_apply,3,
                     [{file,"proc_lib.erl"},{line,333}]}]
    handler: roadrunner_httparena_handler
    class: error
=ERROR REPORT==== 29-Jun-2026::11:15:43.541281 ===
    reason: {case_clause,{error,closed}}
    msg: roadrunner handler crashed
    stacktrace: [{roadrunner_httparena_handler,consume_body,2,
                     [{file,"/src/src/roadrunner_httparena_handler.erl"},
                      {line,80}]},
                 {roadrunner_httparena_handler,upload_endpoint,1,
                     [{file,"/src/src/roadrunner_httparena_handler.erl"},
                      {line,70}]},
                 {roadrunner_conn_loop,run_pipeline,4,
                     [{file,
                          "/src/_build/default/lib/roadrunner/src/roadrunner_conn_loop.erl"},
                      {line,761}]},
                 {proc_lib,init_p_do_apply,3,
                     [{file,"proc_lib.erl"},{line,333}]}]
    handler: roadrunner_httparena_handler
    class: error
=ERROR REPORT==== 29-Jun-2026::11:15:43.541223 ===
    reason: {case_clause,{error,closed}}
    msg: roadrunner handler crashed
    stacktrace: [{roadrunner_httparena_handler,consume_body,2,
                     [{file,"/src/src/roadrunner_httparena_handler.erl"},
                      {line,80}]},
                 {roadrunner_httparena_handler,upload_endpoint,1,
                     [{file,"/src/src/roadrunner_httparena_handler.erl"},
                      {line,70}]},
                 {roadrunner_conn_loop,run_pipeline,4,
                     [{file,
                          "/src/_build/default/lib/roadrunner/src/roadrunner_conn_loop.erl"},
                      {line,761}]},
                 {proc_lib,init_p_do_apply,3,
                     [{file,"proc_lib.erl"},{line,333}]}]
    handler: roadrunner_httparena_handler
    class: error
=ERROR REPORT==== 29-Jun-2026::11:15:43.541361 ===
    reason: {case_clause,{error,closed}}
    msg: roadrunner handler crashed
    stacktrace: [{roadrunner_httparena_handler,consume_body,2,
                     [{file,"/src/src/roadrunner_httparena_handler.erl"},
                      {line,80}]},
                 {roadrunner_httparena_handler,upload_endpoint,1,
                     [{file,"/src/src/roadrunner_httparena_handler.erl"},
                      {line,70}]},
                 {roadrunner_conn_loop,run_pipeline,4,
                     [{file,
                          "/src/_build/default/lib/roadrunner/src/roadrunner_conn_loop.erl"},
                      {line,761}]},
                 {proc_lib,init_p_do_apply,3,
                     [{file,"proc_lib.erl"},{line,333}]}]
    handler: roadrunner_httparena_handler
    class: error
=ERROR REPORT==== 29-Jun-2026::11:15:43.541269 ===
    reason: {case_clause,{error,closed}}
    msg: roadrunner handler crashed
    stacktrace: [{roadrunner_httparena_handler,consume_body,2,
                     [{file,"/src/src/roadrunner_httparena_handler.erl"},
                      {line,80}]},
                 {roadrunner_httparena_handler,upload_endpoint,1,
                     [{file,"/src/src/roadrunner_httparena_handler.erl"},
                      {line,70}]},
                 {roadrunner_conn_loop,run_pipeline,4,
                     [{file,
                          "/src/_build/default/lib/roadrunner/src/roadrunner_conn_loop.erl"},
                      {line,761}]},
                 {proc_lib,init_p_do_apply,3,
                     [{file,"proc_lib.erl"},{line,333}]}]
    handler: roadrunner_httparena_handler
    class: error
=ERROR REPORT==== 29-Jun-2026::11:15:43.541345 ===
    reason: {case_clause,{error,closed}}
    msg: roadrunner handler crashed
    stacktrace: [{roadrunner_httparena_handler,consume_body,2,
                     [{file,"/src/src/roadrunner_httparena_handler.erl"},
                      {line,80}]},
                 {roadrunner_httparena_handler,upload_endpoint,1,
                     [{file,"/src/src/roadrunner_httparena_handler.erl"},
                      {line,70}]},
                 {roadrunner_conn_loop,run_pipeline,4,
                     [{file,
                          "/src/_build/default/lib/roadrunner/src/roadrunner_conn_loop.erl"},
                      {line,761}]},
                 {proc_lib,init_p_do_apply,3,
                     [{file,"proc_lib.erl"},{line,333}]}]
    handler: roadrunner_httparena_handler
    class: error
=ERROR REPORT==== 29-Jun-2026::11:15:43.541349 ===
    reason: {case_clause,{error,closed}}
    msg: roadrunner handler crashed
    stacktrace: [{roadrunner_httparena_handler,consume_body,2,
                     [{file,"/src/src/roadrunner_httparena_handler.erl"},
                      {line,80}]},
                 {roadrunner_httparena_handler,upload_endpoint,1,
                     [{file,"/src/src/roadrunner_httparena_handler.erl"},
                      {line,70}]},
                 {roadrunner_conn_loop,run_pipeline,4,
                     [{file,
                          "/src/_build/default/lib/roadrunner/src/roadrunner_conn_loop.erl"},
                      {line,761}]},
                 {proc_lib,init_p_do_apply,3,
                     [{file,"proc_lib.erl"},{line,333}]}]
    handler: roadrunner_httparena_handler
    class: error
=ERROR REPORT==== 29-Jun-2026::11:15:43.541374 ===
    reason: {case_clause,{error,closed}}
    msg: roadrunner handler crashed
    stacktrace: [{roadrunner_httparena_handler,consume_body,2,
                     [{file,"/src/src/roadrunner_httparena_handler.erl"},
                      {line,80}]},
                 {roadrunner_httparena_handler,upload_endpoint,1,
                     [{file,"/src/src/roadrunner_httparena_handler.erl"},
                      {line,70}]},
                 {roadrunner_conn_loop,run_pipeline,4,
                     [{file,
                          "/src/_build/default/lib/roadrunner/src/roadrunner_conn_loop.erl"},
                      {line,761}]},
                 {proc_lib,init_p_do_apply,3,
                     [{file,"proc_lib.erl"},{line,333}]}]
    handler: roadrunner_httparena_handler
    class: error
=ERROR REPORT==== 29-Jun-2026::11:15:43.541371 ===
    reason: {case_clause,{error,closed}}
    msg: roadrunner handler crashed
    stacktrace: [{roadrunner_httparena_handler,consume_body,2,
                     [{file,"/src/src/roadrunner_httparena_handler.erl"},
                      {line,80}]},
                 {roadrunner_httparena_handler,upload_endpoint,1,
                     [{file,"/src/src/roadrunner_httparena_handler.erl"},
                      {line,70}]},
                 {roadrunner_conn_loop,run_pipeline,4,
                     [{file,
                          "/src/_build/default/lib/roadrunner/src/roadrunner_conn_loop.erl"},
                      {line,761}]},
                 {proc_lib,init_p_do_apply,3,
                     [{file,"proc_lib.erl"},{line,333}]}]
    handler: roadrunner_httparena_handler
    class: error
=ERROR REPORT==== 29-Jun-2026::11:15:43.541383 ===
    reason: {case_clause,{error,closed}}
    msg: roadrunner handler crashed
    stacktrace: [{roadrunner_httparena_handler,consume_body,2,
                     [{file,"/src/src/roadrunner_httparena_handler.erl"},
                      {line,80}]},
                 {roadrunner_httparena_handler,upload_endpoint,1,
                     [{file,"/src/src/roadrunner_httparena_handler.erl"},
                      {line,70}]},
                 {roadrunner_conn_loop,run_pipeline,4,
                     [{file,
                          "/src/_build/default/lib/roadrunner/src/roadrunner_conn_loop.erl"},
                      {line,761}]},
                 {proc_lib,init_p_do_apply,3,
                     [{file,"proc_lib.erl"},{line,333}]}]
    handler: roadrunner_httparena_handler
    class: error
=ERROR REPORT==== 29-Jun-2026::11:15:43.541361 ===
    reason: {case_clause,{error,closed}}
    msg: roadrunner handler crashed
    stacktrace: [{roadrunner_httparena_handler,consume_body,2,
                     [{file,"/src/src/roadrunner_httparena_handler.erl"},
                      {line,80}]},
                 {roadrunner_httparena_handler,upload_endpoint,1,
                     [{file,"/src/src/roadrunner_httparena_handler.erl"},
                      {line,70}]},
                 {roadrunner_conn_loop,run_pipeline,4,
                     [{file,
                          "/src/_build/default/lib/roadrunner/src/roadrunner_conn_loop.erl"},
                      {line,761}]},
                 {proc_lib,init_p_do_apply,3,
                     [{file,"proc_lib.erl"},{line,333}]}]
    handler: roadrunner_httparena_handler
    class: error
=ERROR REPORT==== 29-Jun-2026::11:15:43.542713 ===
    reason: {case_clause,{error,closed}}
    msg: roadrunner handler crashed
    stacktrace: [{roadrunner_httparena_handler,consume_body,2,
                     [{file,"/src/src/roadrunner_httparena_handler.erl"},
                      {line,80}]},
                 {roadrunner_httparena_handler,upload_endpoint,1,
                     [{file,"/src/src/roadrunner_httparena_handler.erl"},
                      {line,70}]},
                 {roadrunner_conn_loop,run_pipeline,4,
                     [{file,
                          "/src/_build/default/lib/roadrunner/src/roadrunner_conn_loop.erl"},
                      {line,761}]},
                 {proc_lib,init_p_do_apply,3,
                     [{file,"proc_lib.erl"},{line,333}]}]
    handler: roadrunner_httparena_handler
    class: error
=ERROR REPORT==== 29-Jun-2026::11:15:43.542746 ===
    reason: {case_clause,{error,closed}}
    msg: roadrunner handler crashed
    stacktrace: [{roadrunner_httparena_handler,consume_body,2,
                     [{file,"/src/src/roadrunner_httparena_handler.erl"},
                      {line,80}]},
                 {roadrunner_httparena_handler,upload_endpoint,1,
                     [{file,"/src/src/roadrunner_httparena_handler.erl"},
                      {line,70}]},
                 {roadrunner_conn_loop,run_pipeline,4,
                     [{file,
                          "/src/_build/default/lib/roadrunner/src/roadrunner_conn_loop.erl"},
                      {line,761}]},
                 {proc_lib,init_p_do_apply,3,
                     [{file,"proc_lib.erl"},{line,333}]}]
    handler: roadrunner_httparena_handler
    class: error
=ERROR REPORT==== 29-Jun-2026::11:15:43.542752 ===
    reason: {case_clause,{error,closed}}
    msg: roadrunner handler crashed
    stacktrace: [{roadrunner_httparena_handler,consume_body,2,
                     [{file,"/src/src/roadrunner_httparena_handler.erl"},
                      {line,80}]},
                 {roadrunner_httparena_handler,upload_endpoint,1,
                     [{file,"/src/src/roadrunner_httparena_handler.erl"},
                      {line,70}]},
                 {roadrunner_conn_loop,run_pipeline,4,
                     [{file,
                          "/src/_build/default/lib/roadrunner/src/roadrunner_conn_loop.erl"},
                      {line,761}]},
                 {proc_lib,init_p_do_apply,3,
                     [{file,"proc_lib.erl"},{line,333}]}]
    handler: roadrunner_httparena_handler
    class: error
=ERROR REPORT==== 29-Jun-2026::11:15:43.542750 ===
    reason: {case_clause,{error,closed}}
    msg: roadrunner handler crashed
    stacktrace: [{roadrunner_httparena_handler,consume_body,2,
                     [{file,"/src/src/roadrunner_httparena_handler.erl"},
                      {line,80}]},
                 {roadrunner_httparena_handler,upload_endpoint,1,
                     [{file,"/src/src/roadrunner_httparena_handler.erl"},
                      {line,70}]},
                 {roadrunner_conn_loop,run_pipeline,4,
                     [{file,
                          "/src/_build/default/lib/roadrunner/src/roadrunner_conn_loop.erl"},
                      {line,761}]},
                 {proc_lib,init_p_do_apply,3,
                     [{file,"proc_lib.erl"},{line,333}]}]
    handler: roadrunner_httparena_handler
    class: error
=ERROR REPORT==== 29-Jun-2026::11:15:43.542776 ===
    reason: {case_clause,{error,closed}}
    msg: roadrunner handler crashed
    stacktrace: [{roadrunner_httparena_handler,consume_body,2,
                     [{file,"/src/src/roadrunner_httparena_handler.erl"},
                      {line,80}]},
                 {roadrunner_httparena_handler,upload_endpoint,1,
                     [{file,"/src/src/roadrunner_httparena_handler.erl"},
                      {line,70}]},
                 {roadrunner_conn_loop,run_pipeline,4,
                     [{file,
                          "/src/_build/default/lib/roadrunner/src/roadrunner_conn_loop.erl"},
                      {line,761}]},
                 {proc_lib,init_p_do_apply,3,
                     [{file,"proc_lib.erl"},{line,333}]}]
    handler: roadrunner_httparena_handler
    class: error
=ERROR REPORT==== 29-Jun-2026::11:15:43.542828 ===
    reason: {case_clause,{error,closed}}
    msg: roadrunner handler crashed
    stacktrace: [{roadrunner_httparena_handler,consume_body,2,
                     [{file,"/src/src/roadrunner_httparena_handler.erl"},
                      {line,80}]},
                 {roadrunner_httparena_handler,upload_endpoint,1,
                     [{file,"/src/src/roadrunner_httparena_handler.erl"},
                      {line,70}]},
                 {roadrunner_conn_loop,run_pipeline,4,
                     [{file,
                          "/src/_build/default/lib/roadrunner/src/roadrunner_conn_loop.erl"},
                      {line,761}]},
                 {proc_lib,init_p_do_apply,3,
                     [{file,"proc_lib.erl"},{line,333}]}]
    handler: roadrunner_httparena_handler
    class: error
=ERROR REPORT==== 29-Jun-2026::11:15:43.542784 ===
    reason: {case_clause,{error,closed}}
    msg: roadrunner handler crashed
    stacktrace: [{roadrunner_httparena_handler,consume_body,2,
                     [{file,"/src/src/roadrunner_httparena_handler.erl"},
                      {line,80}]},
                 {roadrunner_httparena_handler,upload_endpoint,1,
                     [{file,"/src/src/roadrunner_httparena_handler.erl"},
                      {line,70}]},
                 {roadrunner_conn_loop,run_pipeline,4,
                     [{file,
                          "/src/_build/default/lib/roadrunner/src/roadrunner_conn_loop.erl"},
                      {line,761}]},
                 {proc_lib,init_p_do_apply,3,
                     [{file,"proc_lib.erl"},{line,333}]}]
    handler: roadrunner_httparena_handler
    class: error
=ERROR REPORT==== 29-Jun-2026::11:15:43.542770 ===
    reason: {case_clause,{error,closed}}
    msg: roadrunner handler crashed
    stacktrace: [{roadrunner_httparena_handler,consume_body,2,
                     [{file,"/src/src/roadrunner_httparena_handler.erl"},
                      {line,80}]},
                 {roadrunner_httparena_handler,upload_endpoint,1,
                     [{file,"/src/src/roadrunner_httparena_handler.erl"},
                      {line,70}]},
                 {roadrunner_conn_loop,run_pipeline,4,
                     [{file,
                          "/src/_build/default/lib/roadrunner/src/roadrunner_conn_loop.erl"},
                      {line,761}]},
                 {proc_lib,init_p_do_apply,3,
                     [{file,"proc_lib.erl"},{line,333}]}]
    handler: roadrunner_httparena_handler
    class: error
=ERROR REPORT==== 29-Jun-2026::11:15:43.542830 ===
    reason: {case_clause,{error,closed}}
    msg: roadrunner handler crashed
    stacktrace: [{roadrunner_httparena_handler,consume_body,2,
                     [{file,"/src/src/roadrunner_httparena_handler.erl"},
                      {line,80}]},
                 {roadrunner_httparena_handler,upload_endpoint,1,
                     [{file,"/src/src/roadrunner_httparena_handler.erl"},
                      {line,70}]},
                 {roadrunner_conn_loop,run_pipeline,4,
                     [{file,
                          "/src/_build/default/lib/roadrunner/src/roadrunner_conn_loop.erl"},
                      {line,761}]},
                 {proc_lib,init_p_do_apply,3,
                     [{file,"proc_lib.erl"},{line,333}]}]
    handler: roadrunner_httparena_handler
    class: error
=ERROR REPORT==== 29-Jun-2026::11:15:43.542839 ===
    reason: {case_clause,{error,closed}}
    msg: roadrunner handler crashed
    stacktrace: [{roadrunner_httparena_handler,consume_body,2,
                     [{file,"/src/src/roadrunner_httparena_handler.erl"},
                      {line,80}]},
                 {roadrunner_httparena_handler,upload_endpoint,1,
                     [{file,"/src/src/roadrunner_httparena_handler.erl"},
                      {line,70}]},
                 {roadrunner_conn_loop,run_pipeline,4,
                     [{file,
                          "/src/_build/default/lib/roadrunner/src/roadrunner_conn_loop.erl"},
                      {line,761}]},
                 {proc_lib,init_p_do_apply,3,
                     [{file,"proc_lib.erl"},{line,333}]}]
    handler: roadrunner_httparena_handler
    class: error
=ERROR REPORT==== 29-Jun-2026::11:15:43.542793 ===
    reason: {case_clause,{error,closed}}
    msg: roadrunner handler crashed
    stacktrace: [{roadrunner_httparena_handler,consume_body,2,
                     [{file,"/src/src/roadrunner_httparena_handler.erl"},
                      {line,80}]},
                 {roadrunner_httparena_handler,upload_endpoint,1,
                     [{file,"/src/src/roadrunner_httparena_handler.erl"},
                      {line,70}]},
                 {roadrunner_conn_loop,run_pipeline,4,
                     [{file,
                          "/src/_build/default/lib/roadrunner/src/roadrunner_conn_loop.erl"},
                      {line,761}]},
                 {proc_lib,init_p_do_apply,3,
                     [{file,"proc_lib.erl"},{line,333}]}]
    handler: roadrunner_httparena_handler
    class: error
=ERROR REPORT==== 29-Jun-2026::11:15:43.542871 ===
    reason: {case_clause,{error,closed}}
    msg: roadrunner handler crashed
    stacktrace: [{roadrunner_httparena_handler,consume_body,2,
                     [{file,"/src/src/roadrunner_httparena_handler.erl"},
                      {line,80}]},
                 {roadrunner_httparena_handler,upload_endpoint,1,
                     [{file,"/src/src/roadrunner_httparena_handler.erl"},
                      {line,70}]},
                 {roadrunner_conn_loop,run_pipeline,4,
                     [{file,
                          "/src/_build/default/lib/roadrunner/src/roadrunner_conn_loop.erl"},
                      {line,761}]},
                 {proc_lib,init_p_do_apply,3,
                     [{file,"proc_lib.erl"},{line,333}]}]
    handler: roadrunner_httparena_handler
    class: error
=ERROR REPORT==== 29-Jun-2026::11:15:43.542875 ===
    reason: {case_clause,{error,closed}}
    msg: roadrunner handler crashed
    stacktrace: [{roadrunner_httparena_handler,consume_body,2,
                     [{file,"/src/src/roadrunner_httparena_handler.erl"},
                      {line,80}]},
                 {roadrunner_httparena_handler,upload_endpoint,1,
                     [{file,"/src/src/roadrunner_httparena_handler.erl"},
                      {line,70}]},
                 {roadrunner_conn_loop,run_pipeline,4,
                     [{file,
                          "/src/_build/default/lib/roadrunner/src/roadrunner_conn_loop.erl"},
                      {line,761}]},
                 {proc_lib,init_p_do_apply,3,
                     [{file,"proc_lib.erl"},{line,333}]}]
    handler: roadrunner_httparena_handler
    class: error
=ERROR REPORT==== 29-Jun-2026::11:15:43.542877 ===
    reason: {case_clause,{error,closed}}
    msg: roadrunner handler crashed
    stacktrace: [{roadrunner_httparena_handler,consume_body,2,
                     [{file,"/src/src/roadrunner_httparena_handler.erl"},
                      {line,80}]},
                 {roadrunner_httparena_handler,upload_endpoint,1,
                     [{file,"/src/src/roadrunner_httparena_handler.erl"},
                      {line,70}]},
                 {roadrunner_conn_loop,run_pipeline,4,
                     [{file,
                          "/src/_build/default/lib/roadrunner/src/roadrunner_conn_loop.erl"},
                      {line,761}]},
                 {proc_lib,init_p_do_apply,3,
                     [{file,"proc_lib.erl"},{line,333}]}]
    handler: roadrunner_httparena_handler
    class: error
=ERROR REPORT==== 29-Jun-2026::11:15:43.542883 ===
    reason: {case_clause,{error,closed}}
    msg: roadrunner handler crashed
    stacktrace: [{roadrunner_httparena_handler,consume_body,2,
                     [{file,"/src/src/roadrunner_httparena_handler.erl"},
                      {line,80}]},
                 {roadrunner_httparena_handler,upload_endpoint,1,
                     [{file,"/src/src/roadrunner_httparena_handler.erl"},
                      {line,70}]},
                 {roadrunner_conn_loop,run_pipeline,4,
                     [{file,
                          "/src/_build/default/lib/roadrunner/src/roadrunner_conn_loop.erl"},
                      {line,761}]},
                 {proc_lib,init_p_do_apply,3,
                     [{file,"proc_lib.erl"},{line,333}]}]
    handler: roadrunner_httparena_handler
    class: error
=ERROR REPORT==== 29-Jun-2026::11:15:43.542898 ===
    reason: {case_clause,{error,closed}}
    msg: roadrunner handler crashed
    stacktrace: [{roadrunner_httparena_handler,consume_body,2,
                     [{file,"/src/src/roadrunner_httparena_handler.erl"},
                      {line,80}]},
                 {roadrunner_httparena_handler,upload_endpoint,1,
                     [{file,"/src/src/roadrunner_httparena_handler.erl"},
                      {line,70}]},
                 {roadrunner_conn_loop,run_pipeline,4,
                     [{file,
                          "/src/_build/default/lib/roadrunner/src/roadrunner_conn_loop.erl"},
                      {line,761}]},
                 {proc_lib,init_p_do_apply,3,
                     [{file,"proc_lib.erl"},{line,333}]}]
    handler: roadrunner_httparena_handler
    class: error
=ERROR REPORT==== 29-Jun-2026::11:15:43.542908 ===
    reason: {case_clause,{error,closed}}
    msg: roadrunner handler crashed
    stacktrace: [{roadrunner_httparena_handler,consume_body,2,
                     [{file,"/src/src/roadrunner_httparena_handler.erl"},
                      {line,80}]},
                 {roadrunner_httparena_handler,upload_endpoint,1,
                     [{file,"/src/src/roadrunner_httparena_handler.erl"},
                      {line,70}]},
                 {roadrunner_conn_loop,run_pipeline,4,
                     [{file,
                          "/src/_build/default/lib/roadrunner/src/roadrunner_conn_loop.erl"},
                      {line,761}]},
                 {proc_lib,init_p_do_apply,3,
                     [{file,"proc_lib.erl"},{line,333}]}]
    handler: roadrunner_httparena_handler
    class: error
=ERROR REPORT==== 29-Jun-2026::11:15:43.542918 ===
    reason: {case_clause,{error,closed}}
    msg: roadrunner handler crashed
    stacktrace: [{roadrunner_httparena_handler,consume_body,2,
                     [{file,"/src/src/roadrunner_httparena_handler.erl"},
                      {line,80}]},
                 {roadrunner_httparena_handler,upload_endpoint,1,
                     [{file,"/src/src/roadrunner_httparena_handler.erl"},
                      {line,70}]},
                 {roadrunner_conn_loop,run_pipeline,4,
                     [{file,
                          "/src/_build/default/lib/roadrunner/src/roadrunner_conn_loop.erl"},
                      {line,761}]},
                 {proc_lib,init_p_do_apply,3,
                     [{file,"proc_lib.erl"},{line,333}]}]
    handler: roadrunner_httparena_handler
    class: error
=ERROR REPORT==== 29-Jun-2026::11:15:43.543015 ===
    reason: {case_clause,{error,closed}}
    msg: roadrunner handler crashed
    stacktrace: [{roadrunner_httparena_handler,consume_body,2,
                     [{file,"/src/src/roadrunner_httparena_handler.erl"},
                      {line,80}]},
                 {roadrunner_httparena_handler,upload_endpoint,1,
                     [{file,"/src/src/roadrunner_httparena_handler.erl"},
                      {line,70}]},
                 {roadrunner_conn_loop,run_pipeline,4,
                     [{file,
                          "/src/_build/default/lib/roadrunner/src/roadrunner_conn_loop.erl"},
                      {line,761}]},
                 {proc_lib,init_p_do_apply,3,
                     [{file,"proc_lib.erl"},{line,333}]}]
    handler: roadrunner_httparena_handler
    class: error
=ERROR REPORT==== 29-Jun-2026::11:15:43.543023 ===
    reason: {case_clause,{error,closed}}
    msg: roadrunner handler crashed
    stacktrace: [{roadrunner_httparena_handler,consume_body,2,
                     [{file,"/src/src/roadrunner_httparena_handler.erl"},
                      {line,80}]},
                 {roadrunner_httparena_handler,upload_endpoint,1,
                     [{file,"/src/src/roadrunner_httparena_handler.erl"},
                      {line,70}]},
                 {roadrunner_conn_loop,run_pipeline,4,
                     [{file,
                          "/src/_build/default/lib/roadrunner/src/roadrunner_conn_loop.erl"},
                      {line,761}]},
                 {proc_lib,init_p_do_apply,3,
                     [{file,"proc_lib.erl"},{line,333}]}]
    handler: roadrunner_httparena_handler
    class: error
=ERROR REPORT==== 29-Jun-2026::11:15:43.543040 ===
    reason: {case_clause,{error,closed}}
    msg: roadrunner handler crashed
    stacktrace: [{roadrunner_httparena_handler,consume_body,2,
                     [{file,"/src/src/roadrunner_httparena_handler.erl"},
                      {line,80}]},
                 {roadrunner_httparena_handler,upload_endpoint,1,
                     [{file,"/src/src/roadrunner_httparena_handler.erl"},
                      {line,70}]},
                 {roadrunner_conn_loop,run_pipeline,4,
                     [{file,
                          "/src/_build/default/lib/roadrunner/src/roadrunner_conn_loop.erl"},
                      {line,761}]},
                 {proc_lib,init_p_do_apply,3,
                     [{file,"proc_lib.erl"},{line,333}]}]
    handler: roadrunner_httparena_handler
    class: error
=ERROR REPORT==== 29-Jun-2026::11:15:43.543030 ===
    reason: {case_clause,{error,closed}}
    msg: roadrunner handler crashed
    stacktrace: [{roadrunner_httparena_handler,consume_body,2,
                     [{file,"/src/src/roadrunner_httparena_handler.erl"},
                      {line,80}]},
                 {roadrunner_httparena_handler,upload_endpoint,1,
                     [{file,"/src/src/roadrunner_httparena_handler.erl"},
                      {line,70}]},
                 {roadrunner_conn_loop,run_pipeline,4,
                     [{file,
                          "/src/_build/default/lib/roadrunner/src/roadrunner_conn_loop.erl"},
                      {line,761}]},
                 {proc_lib,init_p_do_apply,3,
                     [{file,"proc_lib.erl"},{line,333}]}]
    handler: roadrunner_httparena_handler
    class: error
=ERROR REPORT==== 29-Jun-2026::11:15:43.543015 ===
    reason: {case_clause,{error,closed}}
    msg: roadrunner handler crashed
    stacktrace: [{roadrunner_httparena_handler,consume_body,2,
                     [{file,"/src/src/roadrunner_httparena_handler.erl"},
                      {line,80}]},
                 {roadrunner_httparena_handler,upload_endpoint,1,
                     [{file,"/src/src/roadrunner_httparena_handler.erl"},
                      {line,70}]},
                 {roadrunner_conn_loop,run_pipeline,4,
                     [{file,
                          "/src/_build/default/lib/roadrunner/src/roadrunner_conn_loop.erl"},
                      {line,761}]},
                 {proc_lib,init_p_do_apply,3,
                     [{file,"proc_lib.erl"},{line,333}]}]
    handler: roadrunner_httparena_handler
    class: error
=ERROR REPORT==== 29-Jun-2026::11:15:43.543050 ===
    reason: {case_clause,{error,closed}}
    msg: roadrunner handler crashed
    stacktrace: [{roadrunner_httparena_handler,consume_body,2,
                     [{file,"/src/src/roadrunner_httparena_handler.erl"},
                      {line,80}]},
                 {roadrunner_httparena_handler,upload_endpoint,1,
                     [{file,"/src/src/roadrunner_httparena_handler.erl"},
                      {line,70}]},
                 {roadrunner_conn_loop,run_pipeline,4,
                     [{file,
                          "/src/_build/default/lib/roadrunner/src/roadrunner_conn_loop.erl"},
                      {line,761}]},
                 {proc_lib,init_p_do_apply,3,
                     [{file,"proc_lib.erl"},{line,333}]}]
    handler: roadrunner_httparena_handler
    class: error
=ERROR REPORT==== 29-Jun-2026::11:15:43.543021 ===
    reason: {case_clause,{error,closed}}
    msg: roadrunner handler crashed
    stacktrace: [{roadrunner_httparena_handler,consume_body,2,
                     [{file,"/src/src/roadrunner_httparena_handler.erl"},
                      {line,80}]},
                 {roadrunner_httparena_handler,upload_endpoint,1,
                     [{file,"/src/src/roadrunner_httparena_handler.erl"},
                      {line,70}]},
                 {roadrunner_conn_loop,run_pipeline,4,
                     [{file,
                          "/src/_build/default/lib/roadrunner/src/roadrunner_conn_loop.erl"},
                      {line,761}]},
                 {proc_lib,init_p_do_apply,3,
                     [{file,"proc_lib.erl"},{line,333}]}]
    handler: roadrunner_httparena_handler
    class: error
=ERROR REPORT==== 29-Jun-2026::11:15:43.543027 ===
    reason: {case_clause,{error,closed}}
    msg: roadrunner handler crashed
    stacktrace: [{roadrunner_httparena_handler,consume_body,2,
                     [{file,"/src/src/roadrunner_httparena_handler.erl"},
                      {line,80}]},
                 {roadrunner_httparena_handler,upload_endpoint,1,
                     [{file,"/src/src/roadrunner_httparena_handler.erl"},
                      {line,70}]},
                 {roadrunner_conn_loop,run_pipeline,4,
                     [{file,
                          "/src/_build/default/lib/roadrunner/src/roadrunner_conn_loop.erl"},
                      {line,761}]},
                 {proc_lib,init_p_do_apply,3,
                     [{file,"proc_lib.erl"},{line,333}]}]
    handler: roadrunner_httparena_handler
    class: error
=ERROR REPORT==== 29-Jun-2026::11:15:43.543063 ===
    reason: {case_clause,{error,closed}}
    msg: roadrunner handler crashed
    stacktrace: [{roadrunner_httparena_handler,consume_body,2,
                     [{file,"/src/src/roadrunner_httparena_handler.erl"},
                      {line,80}]},
                 {roadrunner_httparena_handler,upload_endpoint,1,
                     [{file,"/src/src/roadrunner_httparena_handler.erl"},
                      {line,70}]},
                 {roadrunner_conn_loop,run_pipeline,4,
                     [{file,
                          "/src/_build/default/lib/roadrunner/src/roadrunner_conn_loop.erl"},
                      {line,761}]},
                 {proc_lib,init_p_do_apply,3,
                     [{file,"proc_lib.erl"},{line,333}]}]
    handler: roadrunner_httparena_handler
    class: error
=ERROR REPORT==== 29-Jun-2026::11:15:43.543043 ===
    reason: {case_clause,{error,closed}}
    msg: roadrunner handler crashed
    stacktrace: [{roadrunner_httparena_handler,consume_body,2,
                     [{file,"/src/src/roadrunner_httparena_handler.erl"},
                      {line,80}]},
                 {roadrunner_httparena_handler,upload_endpoint,1,
                     [{file,"/src/src/roadrunner_httparena_handler.erl"},
                      {line,70}]},
                 {roadrunner_conn_loop,run_pipeline,4,
                     [{file,
                          "/src/_build/default/lib/roadrunner/src/roadrunner_conn_loop.erl"},
                      {line,761}]},
                 {proc_lib,init_p_do_apply,3,
                     [{file,"proc_lib.erl"},{line,333}]}]
    handler: roadrunner_httparena_handler
    class: error
=ERROR REPORT==== 29-Jun-2026::11:15:43.543047 ===
    reason: {case_clause,{error,closed}}
    msg: roadrunner handler crashed
    stacktrace: [{roadrunner_httparena_handler,consume_body,2,
                     [{file,"/src/src/roadrunner_httparena_handler.erl"},
                      {line,80}]},
                 {roadrunner_httparena_handler,upload_endpoint,1,
                     [{file,"/src/src/roadrunner_httparena_handler.erl"},
                      {line,70}]},
                 {roadrunner_conn_loop,run_pipeline,4,
                     [{file,
                          "/src/_build/default/lib/roadrunner/src/roadrunner_conn_loop.erl"},
                      {line,761}]},
                 {proc_lib,init_p_do_apply,3,
                     [{file,"proc_lib.erl"},{line,333}]}]
    handler: roadrunner_httparena_handler
    class: error
=ERROR REPORT==== 29-Jun-2026::11:15:43.543096 ===
    reason: {case_clause,{error,closed}}
    msg: roadrunner handler crashed
    stacktrace: [{roadrunner_httparena_handler,consume_body,2,
                     [{file,"/src/src/roadrunner_httparena_handler.erl"},
                      {line,80}]},
                 {roadrunner_httparena_handler,upload_endpoint,1,
                     [{file,"/src/src/roadrunner_httparena_handler.erl"},
                      {line,70}]},
                 {roadrunner_conn_loop,run_pipeline,4,
                     [{file,
                          "/src/_build/default/lib/roadrunner/src/roadrunner_conn_loop.erl"},
                      {line,761}]},
                 {proc_lib,init_p_do_apply,3,
                     [{file,"proc_lib.erl"},{line,333}]}]
    handler: roadrunner_httparena_handler
    class: error
=ERROR REPORT==== 29-Jun-2026::11:15:43.543034 ===
    reason: {case_clause,{error,closed}}
    msg: roadrunner handler crashed
    stacktrace: [{roadrunner_httparena_handler,consume_body,2,
                     [{file,"/src/src/roadrunner_httparena_handler.erl"},
                      {line,80}]},
                 {roadrunner_httparena_handler,upload_endpoint,1,
                     [{file,"/src/src/roadrunner_httparena_handler.erl"},
                      {line,70}]},
                 {roadrunner_conn_loop,run_pipeline,4,
                     [{file,
                          "/src/_build/default/lib/roadrunner/src/roadrunner_conn_loop.erl"},
                      {line,761}]},
                 {proc_lib,init_p_do_apply,3,
                     [{file,"proc_lib.erl"},{line,333}]}]
    handler: roadrunner_httparena_handler
    class: error
=ERROR REPORT==== 29-Jun-2026::11:15:43.543083 ===
    reason: {case_clause,{error,closed}}
    msg: roadrunner handler crashed
    stacktrace: [{roadrunner_httparena_handler,consume_body,2,
                     [{file,"/src/src/roadrunner_httparena_handler.erl"},
                      {line,80}]},
                 {roadrunner_httparena_handler,upload_endpoint,1,
                     [{file,"/src/src/roadrunner_httparena_handler.erl"},
                      {line,70}]},
                 {roadrunner_conn_loop,run_pipeline,4,
                     [{file,
                          "/src/_build/default/lib/roadrunner/src/roadrunner_conn_loop.erl"},
                      {line,761}]},
                 {proc_lib,init_p_do_apply,3,
                     [{file,"proc_lib.erl"},{line,333}]}]
    handler: roadrunner_httparena_handler
    class: error
=ERROR REPORT==== 29-Jun-2026::11:15:43.543115 ===
    reason: {case_clause,{error,closed}}
    msg: roadrunner handler crashed
    stacktrace: [{roadrunner_httparena_handler,consume_body,2,
                     [{file,"/src/src/roadrunner_httparena_handler.erl"},
                      {line,80}]},
                 {roadrunner_httparena_handler,upload_endpoint,1,
                     [{file,"/src/src/roadrunner_httparena_handler.erl"},
                      {line,70}]},
                 {roadrunner_conn_loop,run_pipeline,4,
                     [{file,
                          "/src/_build/default/lib/roadrunner/src/roadrunner_conn_loop.erl"},
                      {line,761}]},
                 {proc_lib,init_p_do_apply,3,
                     [{file,"proc_lib.erl"},{line,333}]}]
    handler: roadrunner_httparena_handler
    class: error
=ERROR REPORT==== 29-Jun-2026::11:15:43.543051 ===
    reason: {case_clause,{error,closed}}
    msg: roadrunner handler crashed
    stacktrace: [{roadrunner_httparena_handler,consume_body,2,
                     [{file,"/src/src/roadrunner_httparena_handler.erl"},
                      {line,80}]},
                 {roadrunner_httparena_handler,upload_endpoint,1,
                     [{file,"/src/src/roadrunner_httparena_handler.erl"},
                      {line,70}]},
                 {roadrunner_conn_loop,run_pipeline,4,
                     [{file,
                          "/src/_build/default/lib/roadrunner/src/roadrunner_conn_loop.erl"},
                      {line,761}]},
                 {proc_lib,init_p_do_apply,3,
                     [{file,"proc_lib.erl"},{line,333}]}]
    handler: roadrunner_httparena_handler
    class: error
=ERROR REPORT==== 29-Jun-2026::11:15:43.543066 ===
    reason: {case_clause,{error,closed}}
    msg: roadrunner handler crashed
    stacktrace: [{roadrunner_httparena_handler,consume_body,2,
                     [{file,"/src/src/roadrunner_httparena_handler.erl"},
                      {line,80}]},
                 {roadrunner_httparena_handler,upload_endpoint,1,
                     [{file,"/src/src/roadrunner_httparena_handler.erl"},
                      {line,70}]},
                 {roadrunner_conn_loop,run_pipeline,4,
                     [{file,
                          "/src/_build/default/lib/roadrunner/src/roadrunner_conn_loop.erl"},
                      {line,761}]},
                 {proc_lib,init_p_do_apply,3,
                     [{file,"proc_lib.erl"},{line,333}]}]
    handler: roadrunner_httparena_handler
    class: error
=ERROR REPORT==== 29-Jun-2026::11:15:43.543132 ===
    reason: {case_clause,{error,closed}}
    msg: roadrunner handler crashed
    stacktrace: [{roadrunner_httparena_handler,consume_body,2,
                     [{file,"/src/src/roadrunner_httparena_handler.erl"},
                      {line,80}]},
                 {roadrunner_httparena_handler,upload_endpoint,1,
                     [{file,"/src/src/roadrunner_httparena_handler.erl"},
                      {line,70}]},
                 {roadrunner_conn_loop,run_pipeline,4,
                     [{file,
                          "/src/_build/default/lib/roadrunner/src/roadrunner_conn_loop.erl"},
                      {line,761}]},
                 {proc_lib,init_p_do_apply,3,
                     [{file,"proc_lib.erl"},{line,333}]}]
    handler: roadrunner_httparena_handler
    class: error
=ERROR REPORT==== 29-Jun-2026::11:15:43.543170 ===
    reason: {case_clause,{error,closed}}
    msg: roadrunner handler crashed
    stacktrace: [{roadrunner_httparena_handler,consume_body,2,
                     [{file,"/src/src/roadrunner_httparena_handler.erl"},
                      {line,80}]},
                 {roadrunner_httparena_handler,upload_endpoint,1,
                     [{file,"/src/src/roadrunner_httparena_handler.erl"},
                      {line,70}]},
                 {roadrunner_conn_loop,run_pipeline,4,
                     [{file,
                          "/src/_build/default/lib/roadrunner/src/roadrunner_conn_loop.erl"},
                      {line,761}]},
                 {proc_lib,init_p_do_apply,3,
                     [{file,"proc_lib.erl"},{line,333}]}]
    handler: roadrunner_httparena_handler
    class: error
=ERROR REPORT==== 29-Jun-2026::11:15:43.543166 ===
    reason: {case_clause,{error,closed}}
    msg: roadrunner handler crashed
    stacktrace: [{roadrunner_httparena_handler,consume_body,2,
                     [{file,"/src/src/roadrunner_httparena_handler.erl"},
                      {line,80}]},
                 {roadrunner_httparena_handler,upload_endpoint,1,
                     [{file,"/src/src/roadrunner_httparena_handler.erl"},
                      {line,70}]},
                 {roadrunner_conn_loop,run_pipeline,4,
                     [{file,
                          "/src/_build/default/lib/roadrunner/src/roadrunner_conn_loop.erl"},
                      {line,761}]},
                 {proc_lib,init_p_do_apply,3,
                     [{file,"proc_lib.erl"},{line,333}]}]
    handler: roadrunner_httparena_handler
    class: error
=ERROR REPORT==== 29-Jun-2026::11:15:43.543147 ===
    reason: {case_clause,{error,closed}}
    msg: roadrunner handler crashed
    stacktrace: [{roadrunner_httparena_handler,consume_body,2,
                     [{file,"/src/src/roadrunner_httparena_handler.erl"},
                      {line,80}]},
                 {roadrunner_httparena_handler,upload_endpoint,1,
                     [{file,"/src/src/roadrunner_httparena_handler.erl"},
                      {line,70}]},
                 {roadrunner_conn_loop,run_pipeline,4,
                     [{file,
                          "/src/_build/default/lib/roadrunner/src/roadrunner_conn_loop.erl"},
                      {line,761}]},
                 {proc_lib,init_p_do_apply,3,
                     [{file,"proc_lib.erl"},{line,333}]}]
    handler: roadrunner_httparena_handler
    class: error
=ERROR REPORT==== 29-Jun-2026::11:15:43.543171 ===
    reason: {case_clause,{error,closed}}
    msg: roadrunner handler crashed
    stacktrace: [{roadrunner_httparena_handler,consume_body,2,
                     [{file,"/src/src/roadrunner_httparena_handler.erl"},
                      {line,80}]},
                 {roadrunner_httparena_handler,upload_endpoint,1,
                     [{file,"/src/src/roadrunner_httparena_handler.erl"},
                      {line,70}]},
                 {roadrunner_conn_loop,run_pipeline,4,
                     [{file,
                          "/src/_build/default/lib/roadrunner/src/roadrunner_conn_loop.erl"},
                      {line,761}]},
                 {proc_lib,init_p_do_apply,3,
                     [{file,"proc_lib.erl"},{line,333}]}]
    handler: roadrunner_httparena_handler
    class: error
=ERROR REPORT==== 29-Jun-2026::11:15:50.923797 ===
    reason: {case_clause,{error,closed}}
    msg: roadrunner handler crashed
    stacktrace: [{roadrunner_httparena_handler,consume_body,2,
                     [{file,"/src/src/roadrunner_httparena_handler.erl"},
                      {line,80}]},
                 {roadrunner_httparena_handler,upload_endpoint,1,
                     [{file,"/src/src/roadrunner_httparena_handler.erl"},
                      {line,70}]},
                 {roadrunner_conn_loop,run_pipeline,4,
                     [{file,
                          "/src/_build/default/lib/roadrunner/src/roadrunner_conn_loop.erl"},
                      {line,761}]},
                 {proc_lib,init_p_do_apply,3,
                     [{file,"proc_lib.erl"},{line,333}]}]
    handler: roadrunner_httparena_handler
    class: error
=ERROR REPORT==== 29-Jun-2026::11:15:50.923776 ===
    reason: {case_clause,{error,closed}}
    msg: roadrunner handler crashed
    stacktrace: [{roadrunner_httparena_handler,consume_body,2,
                     [{file,"/src/src/roadrunner_httparena_handler.erl"},
                      {line,80}]},
                 {roadrunner_httparena_handler,upload_endpoint,1,
                     [{file,"/src/src/roadrunner_httparena_handler.erl"},
                      {line,70}]},
                 {roadrunner_conn_loop,run_pipeline,4,
                     [{file,
                          "/src/_build/default/lib/roadrunner/src/roadrunner_conn_loop.erl"},
                      {line,761}]},
                 {proc_lib,init_p_do_apply,3,
                     [{file,"proc_lib.erl"},{line,333}]}]
    handler: roadrunner_httparena_handler
    class: error
=ERROR REPORT==== 29-Jun-2026::11:15:50.923805 ===
    reason: {case_clause,{error,closed}}
    msg: roadrunner handler crashed
    stacktrace: [{roadrunner_httparena_handler,consume_body,2,
                     [{file,"/src/src/roadrunner_httparena_handler.erl"},
                      {line,80}]},
                 {roadrunner_httparena_handler,upload_endpoint,1,
                     [{file,"/src/src/roadrunner_httparena_handler.erl"},
                      {line,70}]},
                 {roadrunner_conn_loop,run_pipeline,4,
                     [{file,
                          "/src/_build/default/lib/roadrunner/src/roadrunner_conn_loop.erl"},
                      {line,761}]},
                 {proc_lib,init_p_do_apply,3,
                     [{file,"proc_lib.erl"},{line,333}]}]
    handler: roadrunner_httparena_handler
    class: error
=ERROR REPORT==== 29-Jun-2026::11:15:50.923844 ===
    reason: {case_clause,{error,closed}}
    msg: roadrunner handler crashed
    stacktrace: [{roadrunner_httparena_handler,consume_body,2,
                     [{file,"/src/src/roadrunner_httparena_handler.erl"},
                      {line,80}]},
                 {roadrunner_httparena_handler,upload_endpoint,1,
                     [{file,"/src/src/roadrunner_httparena_handler.erl"},
                      {line,70}]},
                 {roadrunner_conn_loop,run_pipeline,4,
                     [{file,
                          "/src/_build/default/lib/roadrunner/src/roadrunner_conn_loop.erl"},
                      {line,761}]},
                 {proc_lib,init_p_do_apply,3,
                     [{file,"proc_lib.erl"},{line,333}]}]
    handler: roadrunner_httparena_handler
    class: error
=ERROR REPORT==== 29-Jun-2026::11:15:50.923816 ===
    reason: {case_clause,{error,closed}}
    msg: roadrunner handler crashed
    stacktrace: [{roadrunner_httparena_handler,consume_body,2,
                     [{file,"/src/src/roadrunner_httparena_handler.erl"},
                      {line,80}]},
                 {roadrunner_httparena_handler,upload_endpoint,1,
                     [{file,"/src/src/roadrunner_httparena_handler.erl"},
                      {line,70}]},
                 {roadrunner_conn_loop,run_pipeline,4,
                     [{file,
                          "/src/_build/default/lib/roadrunner/src/roadrunner_conn_loop.erl"},
                      {line,761}]},
                 {proc_lib,init_p_do_apply,3,
                     [{file,"proc_lib.erl"},{line,333}]}]
    handler: roadrunner_httparena_handler
    class: error
=ERROR REPORT==== 29-Jun-2026::11:15:50.923798 ===
    reason: {case_clause,{error,closed}}
    msg: roadrunner handler crashed
    stacktrace: [{roadrunner_httparena_handler,consume_body,2,
                     [{file,"/src/src/roadrunner_httparena_handler.erl"},
                      {line,80}]},
                 {roadrunner_httparena_handler,upload_endpoint,1,
                     [{file,"/src/src/roadrunner_httparena_handler.erl"},
                      {line,70}]},
                 {roadrunner_conn_loop,run_pipeline,4,
                     [{file,
                          "/src/_build/default/lib/roadrunner/src/roadrunner_conn_loop.erl"},
                      {line,761}]},
                 {proc_lib,init_p_do_apply,3,
                     [{file,"proc_lib.erl"},{line,333}]}]
    handler: roadrunner_httparena_handler
    class: error
=ERROR REPORT==== 29-Jun-2026::11:15:50.923864 ===
    reason: {case_clause,{error,closed}}
    msg: roadrunner handler crashed
    stacktrace: [{roadrunner_httparena_handler,consume_body,2,
                     [{file,"/src/src/roadrunner_httparena_handler.erl"},
                      {line,80}]},
                 {roadrunner_httparena_handler,upload_endpoint,1,
                     [{file,"/src/src/roadrunner_httparena_handler.erl"},
                      {line,70}]},
                 {roadrunner_conn_loop,run_pipeline,4,
                     [{file,
                          "/src/_build/default/lib/roadrunner/src/roadrunner_conn_loop.erl"},
                      {line,761}]},
                 {proc_lib,init_p_do_apply,3,
                     [{file,"proc_lib.erl"},{line,333}]}]
    handler: roadrunner_httparena_handler
    class: error
=ERROR REPORT==== 29-Jun-2026::11:15:50.923837 ===
    reason: {case_clause,{error,closed}}
    msg: roadrunner handler crashed
    stacktrace: [{roadrunner_httparena_handler,consume_body,2,
                     [{file,"/src/src/roadrunner_httparena_handler.erl"},
                      {line,80}]},
                 {roadrunner_httparena_handler,upload_endpoint,1,
                     [{file,"/src/src/roadrunner_httparena_handler.erl"},
                      {line,70}]},
                 {roadrunner_conn_loop,run_pipeline,4,
                     [{file,
                          "/src/_build/default/lib/roadrunner/src/roadrunner_conn_loop.erl"},
                      {line,761}]},
                 {proc_lib,init_p_do_apply,3,
                     [{file,"proc_lib.erl"},{line,333}]}]
    handler: roadrunner_httparena_handler
    class: error
=ERROR REPORT==== 29-Jun-2026::11:15:50.923882 ===
    reason: {case_clause,{error,closed}}
    msg: roadrunner handler crashed
    stacktrace: [{roadrunner_httparena_handler,consume_body,2,
                     [{file,"/src/src/roadrunner_httparena_handler.erl"},
                      {line,80}]},
                 {roadrunner_httparena_handler,upload_endpoint,1,
                     [{file,"/src/src/roadrunner_httparena_handler.erl"},
                      {line,70}]},
                 {roadrunner_conn_loop,run_pipeline,4,
                     [{file,
                          "/src/_build/default/lib/roadrunner/src/roadrunner_conn_loop.erl"},
                      {line,761}]},
                 {proc_lib,init_p_do_apply,3,
                     [{file,"proc_lib.erl"},{line,333}]}]
    handler: roadrunner_httparena_handler
    class: error
=ERROR REPORT==== 29-Jun-2026::11:15:50.923940 ===
    reason: {case_clause,{error,closed}}
    msg: roadrunner handler crashed
    stacktrace: [{roadrunner_httparena_handler,consume_body,2,
                     [{file,"/src/src/roadrunner_httparena_handler.erl"},
                      {line,80}]},
                 {roadrunner_httparena_handler,upload_endpoint,1,
                     [{file,"/src/src/roadrunner_httparena_handler.erl"},
                      {line,70}]},
                 {roadrunner_conn_loop,run_pipeline,4,
                     [{file,
                          "/src/_build/default/lib/roadrunner/src/roadrunner_conn_loop.erl"},
                      {line,761}]},
                 {proc_lib,init_p_do_apply,3,
                     [{file,"proc_lib.erl"},{line,333}]}]
    handler: roadrunner_httparena_handler
    class: error
=ERROR REPORT==== 29-Jun-2026::11:15:50.923898 ===
    reason: {case_clause,{error,closed}}
    msg: roadrunner handler crashed
    stacktrace: [{roadrunner_httparena_handler,consume_body,2,
                     [{file,"/src/src/roadrunner_httparena_handler.erl"},
                      {line,80}]},
                 {roadrunner_httparena_handler,upload_endpoint,1,
                     [{file,"/src/src/roadrunner_httparena_handler.erl"},
                      {line,70}]},
                 {roadrunner_conn_loop,run_pipeline,4,
                     [{file,
                          "/src/_build/default/lib/roadrunner/src/roadrunner_conn_loop.erl"},
                      {line,761}]},
                 {proc_lib,init_p_do_apply,3,
                     [{file,"proc_lib.erl"},{line,333}]}]
    handler: roadrunner_httparena_handler
    class: error
=ERROR REPORT==== 29-Jun-2026::11:15:50.923928 ===
    reason: {case_clause,{error,closed}}
    msg: roadrunner handler crashed
    stacktrace: [{roadrunner_httparena_handler,consume_body,2,
                     [{file,"/src/src/roadrunner_httparena_handler.erl"},
                      {line,80}]},
                 {roadrunner_httparena_handler,upload_endpoint,1,
                     [{file,"/src/src/roadrunner_httparena_handler.erl"},
                      {line,70}]},
                 {roadrunner_conn_loop,run_pipeline,4,
                     [{file,
                          "/src/_build/default/lib/roadrunner/src/roadrunner_conn_loop.erl"},
                      {line,761}]},
                 {proc_lib,init_p_do_apply,3,
                     [{file,"proc_lib.erl"},{line,333}]}]
    handler: roadrunner_httparena_handler
    class: error
=ERROR REPORT==== 29-Jun-2026::11:15:50.923866 ===
    reason: {case_clause,{error,closed}}
    msg: roadrunner handler crashed
    stacktrace: [{roadrunner_httparena_handler,consume_body,2,
                     [{file,"/src/src/roadrunner_httparena_handler.erl"},
                      {line,80}]},
                 {roadrunner_httparena_handler,upload_endpoint,1,
                     [{file,"/src/src/roadrunner_httparena_handler.erl"},
                      {line,70}]},
                 {roadrunner_conn_loop,run_pipeline,4,
                     [{file,
                          "/src/_build/default/lib/roadrunner/src/roadrunner_conn_loop.erl"},
                      {line,761}]},
                 {proc_lib,init_p_do_apply,3,
                     [{file,"proc_lib.erl"},{line,333}]}]
    handler: roadrunner_httparena_handler
    class: error
=ERROR REPORT==== 29-Jun-2026::11:15:50.923946 ===
    reason: {case_clause,{error,closed}}
    msg: roadrunner handler crashed
    stacktrace: [{roadrunner_httparena_handler,consume_body,2,
                     [{file,"/src/src/roadrunner_httparena_handler.erl"},
                      {line,80}]},
                 {roadrunner_httparena_handler,upload_endpoint,1,
                     [{file,"/src/src/roadrunner_httparena_handler.erl"},
                      {line,70}]},
                 {roadrunner_conn_loop,run_pipeline,4,
                     [{file,
                          "/src/_build/default/lib/roadrunner/src/roadrunner_conn_loop.erl"},
                      {line,761}]},
                 {proc_lib,init_p_do_apply,3,
                     [{file,"proc_lib.erl"},{line,333}]}]
    handler: roadrunner_httparena_handler
    class: error
=ERROR REPORT==== 29-Jun-2026::11:15:50.923968 ===
    reason: {case_clause,{error,closed}}
    msg: roadrunner handler crashed
    stacktrace: [{roadrunner_httparena_handler,consume_body,2,
                     [{file,"/src/src/roadrunner_httparena_handler.erl"},
                      {line,80}]},
                 {roadrunner_httparena_handler,upload_endpoint,1,
                     [{file,"/src/src/roadrunner_httparena_handler.erl"},
                      {line,70}]},
                 {roadrunner_conn_loop,run_pipeline,4,
                     [{file,
                          "/src/_build/default/lib/roadrunner/src/roadrunner_conn_loop.erl"},
                      {line,761}]},
                 {proc_lib,init_p_do_apply,3,
                     [{file,"proc_lib.erl"},{line,333}]}]
    handler: roadrunner_httparena_handler
    class: error
=ERROR REPORT==== 29-Jun-2026::11:15:50.923923 ===
    reason: {case_clause,{error,closed}}
    msg: roadrunner handler crashed
    stacktrace: [{roadrunner_httparena_handler,consume_body,2,
                     [{file,"/src/src/roadrunner_httparena_handler.erl"},
                      {line,80}]},
                 {roadrunner_httparena_handler,upload_endpoint,1,
                     [{file,"/src/src/roadrunner_httparena_handler.erl"},
                      {line,70}]},
                 {roadrunner_conn_loop,run_pipeline,4,
                     [{file,
                          "/src/_build/default/lib/roadrunner/src/roadrunner_conn_loop.erl"},
                      {line,761}]},
                 {proc_lib,init_p_do_apply,3,
                     [{file,"proc_lib.erl"},{line,333}]}]
    handler: roadrunner_httparena_handler
    class: error
=ERROR REPORT==== 29-Jun-2026::11:15:50.924036 ===
    reason: {case_clause,{error,closed}}
    msg: roadrunner handler crashed
    stacktrace: [{roadrunner_httparena_handler,consume_body,2,
                     [{file,"/src/src/roadrunner_httparena_handler.erl"},
                      {line,80}]},
                 {roadrunner_httparena_handler,upload_endpoint,1,
                     [{file,"/src/src/roadrunner_httparena_handler.erl"},
                      {line,70}]},
                 {roadrunner_conn_loop,run_pipeline,4,
                     [{file,
                          "/src/_build/default/lib/roadrunner/src/roadrunner_conn_loop.erl"},
                      {line,761}]},
                 {proc_lib,init_p_do_apply,3,
                     [{file,"proc_lib.erl"},{line,333}]}]
    handler: roadrunner_httparena_handler
    class: error
=ERROR REPORT==== 29-Jun-2026::11:15:50.923942 ===
    reason: {case_clause,{error,closed}}
    msg: roadrunner handler crashed
    stacktrace: [{roadrunner_httparena_handler,consume_body,2,
                     [{file,"/src/src/roadrunner_httparena_handler.erl"},
                      {line,80}]},
                 {roadrunner_httparena_handler,upload_endpoint,1,
                     [{file,"/src/src/roadrunner_httparena_handler.erl"},
                      {line,70}]},
                 {roadrunner_conn_loop,run_pipeline,4,
                     [{file,
                          "/src/_build/default/lib/roadrunner/src/roadrunner_conn_loop.erl"},
                      {line,761}]},
                 {proc_lib,init_p_do_apply,3,
                     [{file,"proc_lib.erl"},{line,333}]}]
    handler: roadrunner_httparena_handler
    class: error
=ERROR REPORT==== 29-Jun-2026::11:15:50.924029 ===
    reason: {case_clause,{error,closed}}
    msg: roadrunner handler crashed
    stacktrace: [{roadrunner_httparena_handler,consume_body,2,
                     [{file,"/src/src/roadrunner_httparena_handler.erl"},
                      {line,80}]},
                 {roadrunner_httparena_handler,upload_endpoint,1,
                     [{file,"/src/src/roadrunner_httparena_handler.erl"},
                      {line,70}]},
                 {roadrunner_conn_loop,run_pipeline,4,
                     [{file,
                          "/src/_build/default/lib/roadrunner/src/roadrunner_conn_loop.erl"},
                      {line,761}]},
                 {proc_lib,init_p_do_apply,3,
                     [{file,"proc_lib.erl"},{line,333}]}]
    handler: roadrunner_httparena_handler
    class: error
=ERROR REPORT==== 29-Jun-2026::11:15:50.923993 ===
    reason: {case_clause,{error,closed}}
    msg: roadrunner handler crashed
    stacktrace: [{roadrunner_httparena_handler,consume_body,2,
                     [{file,"/src/src/roadrunner_httparena_handler.erl"},
                      {line,80}]},
                 {roadrunner_httparena_handler,upload_endpoint,1,
                     [{file,"/src/src/roadrunner_httparena_handler.erl"},
                      {line,70}]},
                 {roadrunner_conn_loop,run_pipeline,4,
                     [{file,
                          "/src/_build/default/lib/roadrunner/src/roadrunner_conn_loop.erl"},
                      {line,761}]},
                 {proc_lib,init_p_do_apply,3,
                     [{file,"proc_lib.erl"},{line,333}]}]
    handler: roadrunner_httparena_handler
    class: error
=ERROR REPORT==== 29-Jun-2026::11:15:50.923963 ===
    reason: {case_clause,{error,closed}}
    msg: roadrunner handler crashed
    stacktrace: [{roadrunner_httparena_handler,consume_body,2,
                     [{file,"/src/src/roadrunner_httparena_handler.erl"},
                      {line,80}]},
                 {roadrunner_httparena_handler,upload_endpoint,1,
                     [{file,"/src/src/roadrunner_httparena_handler.erl"},
                      {line,70}]},
                 {roadrunner_conn_loop,run_pipeline,4,
                     [{file,
                          "/src/_build/default/lib/roadrunner/src/roadrunner_conn_loop.erl"},
                      {line,761}]},
                 {proc_lib,init_p_do_apply,3,
                     [{file,"proc_lib.erl"},{line,333}]}]
    handler: roadrunner_httparena_handler
    class: error
=ERROR REPORT==== 29-Jun-2026::11:15:50.923982 ===
    reason: {case_clause,{error,closed}}
    msg: roadrunner handler crashed
    stacktrace: [{roadrunner_httparena_handler,consume_body,2,
                     [{file,"/src/src/roadrunner_httparena_handler.erl"},
                      {line,80}]},
                 {roadrunner_httparena_handler,upload_endpoint,1,
                     [{file,"/src/src/roadrunner_httparena_handler.erl"},
                      {line,70}]},
                 {roadrunner_conn_loop,run_pipeline,4,
                     [{file,
                          "/src/_build/default/lib/roadrunner/src/roadrunner_conn_loop.erl"},
                      {line,761}]},
                 {proc_lib,init_p_do_apply,3,
                     [{file,"proc_lib.erl"},{line,333}]}]
    handler: roadrunner_httparena_handler
    class: error
=ERROR REPORT==== 29-Jun-2026::11:15:50.924063 ===
    reason: {case_clause,{error,closed}}
    msg: roadrunner handler crashed
    stacktrace: [{roadrunner_httparena_handler,consume_body,2,
                     [{file,"/src/src/roadrunner_httparena_handler.erl"},
                      {line,80}]},
                 {roadrunner_httparena_handler,upload_endpoint,1,
                     [{file,"/src/src/roadrunner_httparena_handler.erl"},
                      {line,70}]},
                 {roadrunner_conn_loop,run_pipeline,4,
                     [{file,
                          "/src/_build/default/lib/roadrunner/src/roadrunner_conn_loop.erl"},
                      {line,761}]},
                 {proc_lib,init_p_do_apply,3,
                     [{file,"proc_lib.erl"},{line,333}]}]
    handler: roadrunner_httparena_handler
    class: error
=ERROR REPORT==== 29-Jun-2026::11:15:50.924040 ===
    reason: {case_clause,{error,closed}}
    msg: roadrunner handler crashed
    stacktrace: [{roadrunner_httparena_handler,consume_body,2,
                     [{file,"/src/src/roadrunner_httparena_handler.erl"},
                      {line,80}]},
                 {roadrunner_httparena_handler,upload_endpoint,1,
                     [{file,"/src/src/roadrunner_httparena_handler.erl"},
                      {line,70}]},
                 {roadrunner_conn_loop,run_pipeline,4,
                     [{file,
                          "/src/_build/default/lib/roadrunner/src/roadrunner_conn_loop.erl"},
                      {line,761}]},
                 {proc_lib,init_p_do_apply,3,
                     [{file,"proc_lib.erl"},{line,333}]}]
    handler: roadrunner_httparena_handler
    class: error
=ERROR REPORT==== 29-Jun-2026::11:15:50.924019 ===
    reason: {case_clause,{error,closed}}
    msg: roadrunner handler crashed
    stacktrace: [{roadrunner_httparena_handler,consume_body,2,
                     [{file,"/src/src/roadrunner_httparena_handler.erl"},
                      {line,80}]},
                 {roadrunner_httparena_handler,upload_endpoint,1,
                     [{file,"/src/src/roadrunner_httparena_handler.erl"},
                      {line,70}]},
                 {roadrunner_conn_loop,run_pipeline,4,
                     [{file,
                          "/src/_build/default/lib/roadrunner/src/roadrunner_conn_loop.erl"},
                      {line,761}]},
                 {proc_lib,init_p_do_apply,3,
                     [{file,"proc_lib.erl"},{line,333}]}]
    handler: roadrunner_httparena_handler
    class: error
=ERROR REPORT==== 29-Jun-2026::11:15:50.924085 ===
    reason: {case_clause,{error,closed}}
    msg: roadrunner handler crashed
    stacktrace: [{roadrunner_httparena_handler,consume_body,2,
                     [{file,"/src/src/roadrunner_httparena_handler.erl"},
                      {line,80}]},
                 {roadrunner_httparena_handler,upload_endpoint,1,
                     [{file,"/src/src/roadrunner_httparena_handler.erl"},
                      {line,70}]},
                 {roadrunner_conn_loop,run_pipeline,4,
                     [{file,
                          "/src/_build/default/lib/roadrunner/src/roadrunner_conn_loop.erl"},
                      {line,761}]},
                 {proc_lib,init_p_do_apply,3,
                     [{file,"proc_lib.erl"},{line,333}]}]
    handler: roadrunner_httparena_handler
    class: error
=ERROR REPORT==== 29-Jun-2026::11:15:50.924060 ===
    reason: {case_clause,{error,closed}}
    msg: roadrunner handler crashed
    stacktrace: [{roadrunner_httparena_handler,consume_body,2,
                     [{file,"/src/src/roadrunner_httparena_handler.erl"},
                      {line,80}]},
                 {roadrunner_httparena_handler,upload_endpoint,1,
                     [{file,"/src/src/roadrunner_httparena_handler.erl"},
                      {line,70}]},
                 {roadrunner_conn_loop,run_pipeline,4,
                     [{file,
                          "/src/_build/default/lib/roadrunner/src/roadrunner_conn_loop.erl"},
                      {line,761}]},
                 {proc_lib,init_p_do_apply,3,
                     [{file,"proc_lib.erl"},{line,333}]}]
    handler: roadrunner_httparena_handler
    class: error
=ERROR REPORT==== 29-Jun-2026::11:15:50.924119 ===
    reason: {case_clause,{error,closed}}
    msg: roadrunner handler crashed
    stacktrace: [{roadrunner_httparena_handler,consume_body,2,
                     [{file,"/src/src/roadrunner_httparena_handler.erl"},
                      {line,80}]},
                 {roadrunner_httparena_handler,upload_endpoint,1,
                     [{file,"/src/src/roadrunner_httparena_handler.erl"},
                      {line,70}]},
                 {roadrunner_conn_loop,run_pipeline,4,
                     [{file,
                          "/src/_build/default/lib/roadrunner/src/roadrunner_conn_loop.erl"},
                      {line,761}]},
                 {proc_lib,init_p_do_apply,3,
                     [{file,"proc_lib.erl"},{line,333}]}]
    handler: roadrunner_httparena_handler
    class: error
=ERROR REPORT==== 29-Jun-2026::11:15:50.924121 ===
    reason: {case_clause,{error,closed}}
    msg: roadrunner handler crashed
    stacktrace: [{roadrunner_httparena_handler,consume_body,2,
                     [{file,"/src/src/roadrunner_httparena_handler.erl"},
                      {line,80}]},
                 {roadrunner_httparena_handler,upload_endpoint,1,
                     [{file,"/src/src/roadrunner_httparena_handler.erl"},
                      {line,70}]},
                 {roadrunner_conn_loop,run_pipeline,4,
                     [{file,
                          "/src/_build/default/lib/roadrunner/src/roadrunner_conn_loop.erl"},
                      {line,761}]},
                 {proc_lib,init_p_do_apply,3,
                     [{file,"proc_lib.erl"},{line,333}]}]
    handler: roadrunner_httparena_handler
    class: error
=ERROR REPORT==== 29-Jun-2026::11:15:50.924151 ===
    reason: {case_clause,{error,closed}}
    msg: roadrunner handler crashed
    stacktrace: [{roadrunner_httparena_handler,consume_body,2,
                     [{file,"/src/src/roadrunner_httparena_handler.erl"},
                      {line,80}]},
                 {roadrunner_httparena_handler,upload_endpoint,1,
                     [{file,"/src/src/roadrunner_httparena_handler.erl"},
                      {line,70}]},
                 {roadrunner_conn_loop,run_pipeline,4,
                     [{file,
                          "/src/_build/default/lib/roadrunner/src/roadrunner_conn_loop.erl"},
                      {line,761}]},
                 {proc_lib,init_p_do_apply,3,
                     [{file,"proc_lib.erl"},{line,333}]}]
    handler: roadrunner_httparena_handler
    class: error
=ERROR REPORT==== 29-Jun-2026::11:15:50.924172 ===
    reason: {case_clause,{error,closed}}
    msg: roadrunner handler crashed
    stacktrace: [{roadrunner_httparena_handler,consume_body,2,
                     [{file,"/src/src/roadrunner_httparena_handler.erl"},
                      {line,80}]},
                 {roadrunner_httparena_handler,upload_endpoint,1,
                     [{file,"/src/src/roadrunner_httparena_handler.erl"},
                      {line,70}]},
                 {roadrunner_conn_loop,run_pipeline,4,
                     [{file,
                          "/src/_build/default/lib/roadrunner/src/roadrunner_conn_loop.erl"},
                      {line,761}]},
                 {proc_lib,init_p_do_apply,3,
                     [{file,"proc_lib.erl"},{line,333}]}]
    handler: roadrunner_httparena_handler
    class: error
=ERROR REPORT==== 29-Jun-2026::11:15:50.924083 ===
    reason: {case_clause,{error,closed}}
    msg: roadrunner handler crashed
    stacktrace: [{roadrunner_httparena_handler,consume_body,2,
                     [{file,"/src/src/roadrunner_httparena_handler.erl"},
                      {line,80}]},
                 {roadrunner_httparena_handler,upload_endpoint,1,
                     [{file,"/src/src/roadrunner_httparena_handler.erl"},
                      {line,70}]},
                 {roadrunner_conn_loop,run_pipeline,4,
                     [{file,
                          "/src/_build/default/lib/roadrunner/src/roadrunner_conn_loop.erl"},
                      {line,761}]},
                 {proc_lib,init_p_do_apply,3,
                     [{file,"proc_lib.erl"},{line,333}]}]
    handler: roadrunner_httparena_handler
    class: error
=ERROR REPORT==== 29-Jun-2026::11:15:50.924171 ===
    reason: {case_clause,{error,closed}}
    msg: roadrunner handler crashed
    stacktrace: [{roadrunner_httparena_handler,consume_body,2,
                     [{file,"/src/src/roadrunner_httparena_handler.erl"},
                      {line,80}]},
                 {roadrunner_httparena_handler,upload_endpoint,1,
                     [{file,"/src/src/roadrunner_httparena_handler.erl"},
                      {line,70}]},
                 {roadrunner_conn_loop,run_pipeline,4,
                     [{file,
                          "/src/_build/default/lib/roadrunner/src/roadrunner_conn_loop.erl"},
                      {line,761}]},
                 {proc_lib,init_p_do_apply,3,
                     [{file,"proc_lib.erl"},{line,333}]}]
    handler: roadrunner_httparena_handler
    class: error
=ERROR REPORT==== 29-Jun-2026::11:15:50.924158 ===
    reason: {case_clause,{error,closed}}
    msg: roadrunner handler crashed
    stacktrace: [{roadrunner_httparena_handler,consume_body,2,
                     [{file,"/src/src/roadrunner_httparena_handler.erl"},
                      {line,80}]},
                 {roadrunner_httparena_handler,upload_endpoint,1,
                     [{file,"/src/src/roadrunner_httparena_handler.erl"},
                      {line,70}]},
                 {roadrunner_conn_loop,run_pipeline,4,
                     [{file,
                          "/src/_build/default/lib/roadrunner/src/roadrunner_conn_loop.erl"},
                      {line,761}]},
                 {proc_lib,init_p_do_apply,3,
                     [{file,"proc_lib.erl"},{line,333}]}]
    handler: roadrunner_httparena_handler
    class: error
=ERROR REPORT==== 29-Jun-2026::11:15:50.924146 ===
    reason: {case_clause,{error,closed}}
    msg: roadrunner handler crashed
    stacktrace: [{roadrunner_httparena_handler,consume_body,2,
                     [{file,"/src/src/roadrunner_httparena_handler.erl"},
                      {line,80}]},
                 {roadrunner_httparena_handler,upload_endpoint,1,
                     [{file,"/src/src/roadrunner_httparena_handler.erl"},
                      {line,70}]},
                 {roadrunner_conn_loop,run_pipeline,4,
                     [{file,
                          "/src/_build/default/lib/roadrunner/src/roadrunner_conn_loop.erl"},
                      {line,761}]},
                 {proc_lib,init_p_do_apply,3,
                     [{file,"proc_lib.erl"},{line,333}]}]
    handler: roadrunner_httparena_handler
    class: error
=ERROR REPORT==== 29-Jun-2026::11:15:50.924212 ===
    reason: {case_clause,{error,closed}}
    msg: roadrunner handler crashed
    stacktrace: [{roadrunner_httparena_handler,consume_body,2,
                     [{file,"/src/src/roadrunner_httparena_handler.erl"},
                      {line,80}]},
                 {roadrunner_httparena_handler,upload_endpoint,1,
                     [{file,"/src/src/roadrunner_httparena_handler.erl"},
                      {line,70}]},
                 {roadrunner_conn_loop,run_pipeline,4,
                     [{file,
                          "/src/_build/default/lib/roadrunner/src/roadrunner_conn_loop.erl"},
                      {line,761}]},
                 {proc_lib,init_p_do_apply,3,
                     [{file,"proc_lib.erl"},{line,333}]}]
    handler: roadrunner_httparena_handler
    class: error
=ERROR REPORT==== 29-Jun-2026::11:15:50.924198 ===
    reason: {case_clause,{error,closed}}
    msg: roadrunner handler crashed
    stacktrace: [{roadrunner_httparena_handler,consume_body,2,
                     [{file,"/src/src/roadrunner_httparena_handler.erl"},
                      {line,80}]},
                 {roadrunner_httparena_handler,upload_endpoint,1,
                     [{file,"/src/src/roadrunner_httparena_handler.erl"},
                      {line,70}]},
                 {roadrunner_conn_loop,run_pipeline,4,
                     [{file,
                          "/src/_build/default/lib/roadrunner/src/roadrunner_conn_loop.erl"},
                      {line,761}]},
                 {proc_lib,init_p_do_apply,3,
                     [{file,"proc_lib.erl"},{line,333}]}]
    handler: roadrunner_httparena_handler
    class: error
=ERROR REPORT==== 29-Jun-2026::11:15:50.924251 ===
    reason: {case_clause,{error,closed}}
    msg: roadrunner handler crashed
    stacktrace: [{roadrunner_httparena_handler,consume_body,2,
                     [{file,"/src/src/roadrunner_httparena_handler.erl"},
                      {line,80}]},
                 {roadrunner_httparena_handler,upload_endpoint,1,
                     [{file,"/src/src/roadrunner_httparena_handler.erl"},
                      {line,70}]},
                 {roadrunner_conn_loop,run_pipeline,4,
                     [{file,
                          "/src/_build/default/lib/roadrunner/src/roadrunner_conn_loop.erl"},
                      {line,761}]},
                 {proc_lib,init_p_do_apply,3,
                     [{file,"proc_lib.erl"},{line,333}]}]
    handler: roadrunner_httparena_handler
    class: error
=ERROR REPORT==== 29-Jun-2026::11:15:50.924235 ===
    reason: {case_clause,{error,closed}}
    msg: roadrunner handler crashed
    stacktrace: [{roadrunner_httparena_handler,consume_body,2,
                     [{file,"/src/src/roadrunner_httparena_handler.erl"},
                      {line,80}]},
                 {roadrunner_httparena_handler,upload_endpoint,1,
                     [{file,"/src/src/roadrunner_httparena_handler.erl"},
                      {line,70}]},
                 {roadrunner_conn_loop,run_pipeline,4,
                     [{file,
                          "/src/_build/default/lib/roadrunner/src/roadrunner_conn_loop.erl"},
                      {line,761}]},
                 {proc_lib,init_p_do_apply,3,
                     [{file,"proc_lib.erl"},{line,333}]}]
    handler: roadrunner_httparena_handler
    class: error
=ERROR REPORT==== 29-Jun-2026::11:15:50.924214 ===
    reason: {case_clause,{error,closed}}
    msg: roadrunner handler crashed
    stacktrace: [{roadrunner_httparena_handler,consume_body,2,
                     [{file,"/src/src/roadrunner_httparena_handler.erl"},
                      {line,80}]},
                 {roadrunner_httparena_handler,upload_endpoint,1,
                     [{file,"/src/src/roadrunner_httparena_handler.erl"},
                      {line,70}]},
                 {roadrunner_conn_loop,run_pipeline,4,
                     [{file,
                          "/src/_build/default/lib/roadrunner/src/roadrunner_conn_loop.erl"},
                      {line,761}]},
                 {proc_lib,init_p_do_apply,3,
                     [{file,"proc_lib.erl"},{line,333}]}]
    handler: roadrunner_httparena_handler
    class: error
=ERROR REPORT==== 29-Jun-2026::11:15:50.924268 ===
    reason: {case_clause,{error,closed}}
    msg: roadrunner handler crashed
    stacktrace: [{roadrunner_httparena_handler,consume_body,2,
                     [{file,"/src/src/roadrunner_httparena_handler.erl"},
                      {line,80}]},
                 {roadrunner_httparena_handler,upload_endpoint,1,
                     [{file,"/src/src/roadrunner_httparena_handler.erl"},
                      {line,70}]},
                 {roadrunner_conn_loop,run_pipeline,4,
                     [{file,
                          "/src/_build/default/lib/roadrunner/src/roadrunner_conn_loop.erl"},
                      {line,761}]},
                 {proc_lib,init_p_do_apply,3,
                     [{file,"proc_lib.erl"},{line,333}]}]
    handler: roadrunner_httparena_handler
    class: error
=ERROR REPORT==== 29-Jun-2026::11:15:50.924265 ===
    reason: {case_clause,{error,closed}}
    msg: roadrunner handler crashed
    stacktrace: [{roadrunner_httparena_handler,consume_body,2,
                     [{file,"/src/src/roadrunner_httparena_handler.erl"},
                      {line,80}]},
                 {roadrunner_httparena_handler,upload_endpoint,1,
                     [{file,"/src/src/roadrunner_httparena_handler.erl"},
                      {line,70}]},
                 {roadrunner_conn_loop,run_pipeline,4,
                     [{file,
                          "/src/_build/default/lib/roadrunner/src/roadrunner_conn_loop.erl"},
                      {line,761}]},
                 {proc_lib,init_p_do_apply,3,
                     [{file,"proc_lib.erl"},{line,333}]}]
    handler: roadrunner_httparena_handler
    class: error
=ERROR REPORT==== 29-Jun-2026::11:15:50.924287 ===
    reason: {case_clause,{error,closed}}
    msg: roadrunner handler crashed
    stacktrace: [{roadrunner_httparena_handler,consume_body,2,
                     [{file,"/src/src/roadrunner_httparena_handler.erl"},
                      {line,80}]},
                 {roadrunner_httparena_handler,upload_endpoint,1,
                     [{file,"/src/src/roadrunner_httparena_handler.erl"},
                      {line,70}]},
                 {roadrunner_conn_loop,run_pipeline,4,
                     [{file,
                          "/src/_build/default/lib/roadrunner/src/roadrunner_conn_loop.erl"},
                      {line,761}]},
                 {proc_lib,init_p_do_apply,3,
                     [{file,"proc_lib.erl"},{line,333}]}]
    handler: roadrunner_httparena_handler
    class: error
=ERROR REPORT==== 29-Jun-2026::11:15:50.924299 ===
    reason: {case_clause,{error,closed}}
    msg: roadrunner handler crashed
    stacktrace: [{roadrunner_httparena_handler,consume_body,2,
                     [{file,"/src/src/roadrunner_httparena_handler.erl"},
                      {line,80}]},
                 {roadrunner_httparena_handler,upload_endpoint,1,
                     [{file,"/src/src/roadrunner_httparena_handler.erl"},
                      {line,70}]},
                 {roadrunner_conn_loop,run_pipeline,4,
                     [{file,
                          "/src/_build/default/lib/roadrunner/src/roadrunner_conn_loop.erl"},
                      {line,761}]},
                 {proc_lib,init_p_do_apply,3,
                     [{file,"proc_lib.erl"},{line,333}]}]
    handler: roadrunner_httparena_handler
    class: error
=ERROR REPORT==== 29-Jun-2026::11:15:50.924314 ===
    reason: {case_clause,{error,closed}}
    msg: roadrunner handler crashed
    stacktrace: [{roadrunner_httparena_handler,consume_body,2,
                     [{file,"/src/src/roadrunner_httparena_handler.erl"},
                      {line,80}]},
                 {roadrunner_httparena_handler,upload_endpoint,1,
                     [{file,"/src/src/roadrunner_httparena_handler.erl"},
                      {line,70}]},
                 {roadrunner_conn_loop,run_pipeline,4,
                     [{file,
                          "/src/_build/default/lib/roadrunner/src/roadrunner_conn_loop.erl"},
                      {line,761}]},
                 {proc_lib,init_p_do_apply,3,
                     [{file,"proc_lib.erl"},{line,333}]}]
    handler: roadrunner_httparena_handler
    class: error
=ERROR REPORT==== 29-Jun-2026::11:15:50.924291 ===
    reason: {case_clause,{error,closed}}
    msg: roadrunner handler crashed
    stacktrace: [{roadrunner_httparena_handler,consume_body,2,
                     [{file,"/src/src/roadrunner_httparena_handler.erl"},
                      {line,80}]},
                 {roadrunner_httparena_handler,upload_endpoint,1,
                     [{file,"/src/src/roadrunner_httparena_handler.erl"},
                      {line,70}]},
                 {roadrunner_conn_loop,run_pipeline,4,
                     [{file,
                          "/src/_build/default/lib/roadrunner/src/roadrunner_conn_loop.erl"},
                      {line,761}]},
                 {proc_lib,init_p_do_apply,3,
                     [{file,"proc_lib.erl"},{line,333}]}]
    handler: roadrunner_httparena_handler
    class: error
=ERROR REPORT==== 29-Jun-2026::11:15:50.924342 ===
    reason: {case_clause,{error,closed}}
    msg: roadrunner handler crashed
    stacktrace: [{roadrunner_httparena_handler,consume_body,2,
                     [{file,"/src/src/roadrunner_httparena_handler.erl"},
                      {line,80}]},
                 {roadrunner_httparena_handler,upload_endpoint,1,
                     [{file,"/src/src/roadrunner_httparena_handler.erl"},
                      {line,70}]},
                 {roadrunner_conn_loop,run_pipeline,4,
                     [{file,
                          "/src/_build/default/lib/roadrunner/src/roadrunner_conn_loop.erl"},
                      {line,761}]},
                 {proc_lib,init_p_do_apply,3,
                     [{file,"proc_lib.erl"},{line,333}]}]
    handler: roadrunner_httparena_handler
    class: error
=ERROR REPORT==== 29-Jun-2026::11:15:50.924351 ===
    reason: {case_clause,{error,closed}}
    msg: roadrunner handler crashed
    stacktrace: [{roadrunner_httparena_handler,consume_body,2,
                     [{file,"/src/src/roadrunner_httparena_handler.erl"},
                      {line,80}]},
                 {roadrunner_httparena_handler,upload_endpoint,1,
                     [{file,"/src/src/roadrunner_httparena_handler.erl"},
                      {line,70}]},
                 {roadrunner_conn_loop,run_pipeline,4,
                     [{file,
                          "/src/_build/default/lib/roadrunner/src/roadrunner_conn_loop.erl"},
                      {line,761}]},
                 {proc_lib,init_p_do_apply,3,
                     [{file,"proc_lib.erl"},{line,333}]}]
    handler: roadrunner_httparena_handler
    class: error
=ERROR REPORT==== 29-Jun-2026::11:15:50.924331 ===
    reason: {case_clause,{error,closed}}
    msg: roadrunner handler crashed
    stacktrace: [{roadrunner_httparena_handler,consume_body,2,
                     [{file,"/src/src/roadrunner_httparena_handler.erl"},
                      {line,80}]},
                 {roadrunner_httparena_handler,upload_endpoint,1,
                     [{file,"/src/src/roadrunner_httparena_handler.erl"},
                      {line,70}]},
                 {roadrunner_conn_loop,run_pipeline,4,
                     [{file,
                          "/src/_build/default/lib/roadrunner/src/roadrunner_conn_loop.erl"},
                      {line,761}]},
                 {proc_lib,init_p_do_apply,3,
                     [{file,"proc_lib.erl"},{line,333}]}]
    handler: roadrunner_httparena_handler
    class: error
=ERROR REPORT==== 29-Jun-2026::11:15:50.924363 ===
    reason: {case_clause,{error,closed}}
    msg: roadrunner handler crashed
    stacktrace: [{roadrunner_httparena_handler,consume_body,2,
                     [{file,"/src/src/roadrunner_httparena_handler.erl"},
                      {line,80}]},
                 {roadrunner_httparena_handler,upload_endpoint,1,
                     [{file,"/src/src/roadrunner_httparena_handler.erl"},
                      {line,70}]},
                 {roadrunner_conn_loop,run_pipeline,4,
                     [{file,
                          "/src/_build/default/lib/roadrunner/src/roadrunner_conn_loop.erl"},
                      {line,761}]},
                 {proc_lib,init_p_do_apply,3,
                     [{file,"proc_lib.erl"},{line,333}]}]
    handler: roadrunner_httparena_handler
    class: error
=ERROR REPORT==== 29-Jun-2026::11:15:50.924382 ===
    reason: {case_clause,{error,closed}}
    msg: roadrunner handler crashed
    stacktrace: [{roadrunner_httparena_handler,consume_body,2,
                     [{file,"/src/src/roadrunner_httparena_handler.erl"},
                      {line,80}]},
                 {roadrunner_httparena_handler,upload_endpoint,1,
                     [{file,"/src/src/roadrunner_httparena_handler.erl"},
                      {line,70}]},
                 {roadrunner_conn_loop,run_pipeline,4,
                     [{file,
                          "/src/_build/default/lib/roadrunner/src/roadrunner_conn_loop.erl"},
                      {line,761}]},
                 {proc_lib,init_p_do_apply,3,
                     [{file,"proc_lib.erl"},{line,333}]}]
    handler: roadrunner_httparena_handler
    class: error
=ERROR REPORT==== 29-Jun-2026::11:15:50.924374 ===
    reason: {case_clause,{error,closed}}
    msg: roadrunner handler crashed
    stacktrace: [{roadrunner_httparena_handler,consume_body,2,
                     [{file,"/src/src/roadrunner_httparena_handler.erl"},
                      {line,80}]},
                 {roadrunner_httparena_handler,upload_endpoint,1,
                     [{file,"/src/src/roadrunner_httparena_handler.erl"},
                      {line,70}]},
                 {roadrunner_conn_loop,run_pipeline,4,
                     [{file,
                          "/src/_build/default/lib/roadrunner/src/roadrunner_conn_loop.erl"},
                      {line,761}]},
                 {proc_lib,init_p_do_apply,3,
                     [{file,"proc_lib.erl"},{line,333}]}]
    handler: roadrunner_httparena_handler
    class: error
=ERROR REPORT==== 29-Jun-2026::11:15:50.924411 ===
    reason: {case_clause,{error,closed}}
    msg: roadrunner handler crashed
    stacktrace: [{roadrunner_httparena_handler,consume_body,2,
                     [{file,"/src/src/roadrunner_httparena_handler.erl"},
                      {line,80}]},
                 {roadrunner_httparena_handler,upload_endpoint,1,
                     [{file,"/src/src/roadrunner_httparena_handler.erl"},
                      {line,70}]},
                 {roadrunner_conn_loop,run_pipeline,4,
                     [{file,
                          "/src/_build/default/lib/roadrunner/src/roadrunner_conn_loop.erl"},
                      {line,761}]},
                 {proc_lib,init_p_do_apply,3,
                     [{file,"proc_lib.erl"},{line,333}]}]
    handler: roadrunner_httparena_handler
    class: error
=ERROR REPORT==== 29-Jun-2026::11:15:50.924398 ===
    reason: {case_clause,{error,closed}}
    msg: roadrunner handler crashed
    stacktrace: [{roadrunner_httparena_handler,consume_body,2,
                     [{file,"/src/src/roadrunner_httparena_handler.erl"},
                      {line,80}]},
                 {roadrunner_httparena_handler,upload_endpoint,1,
                     [{file,"/src/src/roadrunner_httparena_handler.erl"},
                      {line,70}]},
                 {roadrunner_conn_loop,run_pipeline,4,
                     [{file,
                          "/src/_build/default/lib/roadrunner/src/roadrunner_conn_loop.erl"},
                      {line,761}]},
                 {proc_lib,init_p_do_apply,3,
                     [{file,"proc_lib.erl"},{line,333}]}]
    handler: roadrunner_httparena_handler
    class: error
=ERROR REPORT==== 29-Jun-2026::11:15:50.924415 ===
    reason: {case_clause,{error,closed}}
    msg: roadrunner handler crashed
    stacktrace: [{roadrunner_httparena_handler,consume_body,2,
                     [{file,"/src/src/roadrunner_httparena_handler.erl"},
                      {line,80}]},
                 {roadrunner_httparena_handler,upload_endpoint,1,
                     [{file,"/src/src/roadrunner_httparena_handler.erl"},
                      {line,70}]},
                 {roadrunner_conn_loop,run_pipeline,4,
                     [{file,
                          "/src/_build/default/lib/roadrunner/src/roadrunner_conn_loop.erl"},
                      {line,761}]},
                 {proc_lib,init_p_do_apply,3,
                     [{file,"proc_lib.erl"},{line,333}]}]
    handler: roadrunner_httparena_handler
    class: error
=ERROR REPORT==== 29-Jun-2026::11:15:50.924450 ===
    reason: {case_clause,{error,closed}}
    msg: roadrunner handler crashed
    stacktrace: [{roadrunner_httparena_handler,consume_body,2,
                     [{file,"/src/src/roadrunner_httparena_handler.erl"},
                      {line,80}]},
                 {roadrunner_httparena_handler,upload_endpoint,1,
                     [{file,"/src/src/roadrunner_httparena_handler.erl"},
                      {line,70}]},
                 {roadrunner_conn_loop,run_pipeline,4,
                     [{file,
                          "/src/_build/default/lib/roadrunner/src/roadrunner_conn_loop.erl"},
                      {line,761}]},
                 {proc_lib,init_p_do_apply,3,
                     [{file,"proc_lib.erl"},{line,333}]}]
    handler: roadrunner_httparena_handler
    class: error
=ERROR REPORT==== 29-Jun-2026::11:15:50.924436 ===
    reason: {case_clause,{error,closed}}
    msg: roadrunner handler crashed
    stacktrace: [{roadrunner_httparena_handler,consume_body,2,
                     [{file,"/src/src/roadrunner_httparena_handler.erl"},
                      {line,80}]},
                 {roadrunner_httparena_handler,upload_endpoint,1,
                     [{file,"/src/src/roadrunner_httparena_handler.erl"},
                      {line,70}]},
                 {roadrunner_conn_loop,run_pipeline,4,
                     [{file,
                          "/src/_build/default/lib/roadrunner/src/roadrunner_conn_loop.erl"},
                      {line,761}]},
                 {proc_lib,init_p_do_apply,3,
                     [{file,"proc_lib.erl"},{line,333}]}]
    handler: roadrunner_httparena_handler
    class: error
=ERROR REPORT==== 29-Jun-2026::11:15:50.924456 ===
    reason: {case_clause,{error,closed}}
    msg: roadrunner handler crashed
    stacktrace: [{roadrunner_httparena_handler,consume_body,2,
                     [{file,"/src/src/roadrunner_httparena_handler.erl"},
                      {line,80}]},
                 {roadrunner_httparena_handler,upload_endpoint,1,
                     [{file,"/src/src/roadrunner_httparena_handler.erl"},
                      {line,70}]},
                 {roadrunner_conn_loop,run_pipeline,4,
                     [{file,
                          "/src/_build/default/lib/roadrunner/src/roadrunner_conn_loop.erl"},
                      {line,761}]},
                 {proc_lib,init_p_do_apply,3,
                     [{file,"proc_lib.erl"},{line,333}]}]
    handler: roadrunner_httparena_handler
    class: error
=ERROR REPORT==== 29-Jun-2026::11:15:50.924474 ===
    reason: {case_clause,{error,closed}}
    msg: roadrunner handler crashed
    stacktrace: [{roadrunner_httparena_handler,consume_body,2,
                     [{file,"/src/src/roadrunner_httparena_handler.erl"},
                      {line,80}]},
                 {roadrunner_httparena_handler,upload_endpoint,1,
                     [{file,"/src/src/roadrunner_httparena_handler.erl"},
                      {line,70}]},
                 {roadrunner_conn_loop,run_pipeline,4,
                     [{file,
                          "/src/_build/default/lib/roadrunner/src/roadrunner_conn_loop.erl"},
                      {line,761}]},
                 {proc_lib,init_p_do_apply,3,
                     [{file,"proc_lib.erl"},{line,333}]}]
    handler: roadrunner_httparena_handler
    class: error
=ERROR REPORT==== 29-Jun-2026::11:15:50.924497 ===
    reason: {case_clause,{error,closed}}
    msg: roadrunner handler crashed
    stacktrace: [{roadrunner_httparena_handler,consume_body,2,
                     [{file,"/src/src/roadrunner_httparena_handler.erl"},
                      {line,80}]},
                 {roadrunner_httparena_handler,upload_endpoint,1,
                     [{file,"/src/src/roadrunner_httparena_handler.erl"},
                      {line,70}]},
                 {roadrunner_conn_loop,run_pipeline,4,
                     [{file,
                          "/src/_build/default/lib/roadrunner/src/roadrunner_conn_loop.erl"},
                      {line,761}]},
                 {proc_lib,init_p_do_apply,3,
                     [{file,"proc_lib.erl"},{line,333}]}]
    handler: roadrunner_httparena_handler
    class: error
=ERROR REPORT==== 29-Jun-2026::11:15:50.924481 ===
    reason: {case_clause,{error,closed}}
    msg: roadrunner handler crashed
    stacktrace: [{roadrunner_httparena_handler,consume_body,2,
                     [{file,"/src/src/roadrunner_httparena_handler.erl"},
                      {line,80}]},
                 {roadrunner_httparena_handler,upload_endpoint,1,
                     [{file,"/src/src/roadrunner_httparena_handler.erl"},
                      {line,70}]},
                 {roadrunner_conn_loop,run_pipeline,4,
                     [{file,
                          "/src/_build/default/lib/roadrunner/src/roadrunner_conn_loop.erl"},
                      {line,761}]},
                 {proc_lib,init_p_do_apply,3,
                     [{file,"proc_lib.erl"},{line,333}]}]
    handler: roadrunner_httparena_handler
    class: error
=ERROR REPORT==== 29-Jun-2026::11:15:50.924511 ===
    reason: {case_clause,{error,closed}}
    msg: roadrunner handler crashed
    stacktrace: [{roadrunner_httparena_handler,consume_body,2,
                     [{file,"/src/src/roadrunner_httparena_handler.erl"},
                      {line,80}]},
                 {roadrunner_httparena_handler,upload_endpoint,1,
                     [{file,"/src/src/roadrunner_httparena_handler.erl"},
                      {line,70}]},
                 {roadrunner_conn_loop,run_pipeline,4,
                     [{file,
                          "/src/_build/default/lib/roadrunner/src/roadrunner_conn_loop.erl"},
                      {line,761}]},
                 {proc_lib,init_p_do_apply,3,
                     [{file,"proc_lib.erl"},{line,333}]}]
    handler: roadrunner_httparena_handler
    class: error
=ERROR REPORT==== 29-Jun-2026::11:15:50.924520 ===
    reason: {case_clause,{error,closed}}
    msg: roadrunner handler crashed
    stacktrace: [{roadrunner_httparena_handler,consume_body,2,
                     [{file,"/src/src/roadrunner_httparena_handler.erl"},
                      {line,80}]},
                 {roadrunner_httparena_handler,upload_endpoint,1,
                     [{file,"/src/src/roadrunner_httparena_handler.erl"},
                      {line,70}]},
                 {roadrunner_conn_loop,run_pipeline,4,
                     [{file,
                          "/src/_build/default/lib/roadrunner/src/roadrunner_conn_loop.erl"},
                      {line,761}]},
                 {proc_lib,init_p_do_apply,3,
                     [{file,"proc_lib.erl"},{line,333}]}]
    handler: roadrunner_httparena_handler
    class: error
=ERROR REPORT==== 29-Jun-2026::11:15:50.924543 ===
    reason: {case_clause,{error,closed}}
    msg: roadrunner handler crashed
    stacktrace: [{roadrunner_httparena_handler,consume_body,2,
                     [{file,"/src/src/roadrunner_httparena_handler.erl"},
                      {line,80}]},
                 {roadrunner_httparena_handler,upload_endpoint,1,
                     [{file,"/src/src/roadrunner_httparena_handler.erl"},
                      {line,70}]},
                 {roadrunner_conn_loop,run_pipeline,4,
                     [{file,
                          "/src/_build/default/lib/roadrunner/src/roadrunner_conn_loop.erl"},
                      {line,761}]},
                 {proc_lib,init_p_do_apply,3,
                     [{file,"proc_lib.erl"},{line,333}]}]
    handler: roadrunner_httparena_handler
    class: error
=ERROR REPORT==== 29-Jun-2026::11:15:50.924559 ===
    reason: {case_clause,{error,closed}}
    msg: roadrunner handler crashed
    stacktrace: [{roadrunner_httparena_handler,consume_body,2,
                     [{file,"/src/src/roadrunner_httparena_handler.erl"},
                      {line,80}]},
                 {roadrunner_httparena_handler,upload_endpoint,1,
                     [{file,"/src/src/roadrunner_httparena_handler.erl"},
                      {line,70}]},
                 {roadrunner_conn_loop,run_pipeline,4,
                     [{file,
                          "/src/_build/default/lib/roadrunner/src/roadrunner_conn_loop.erl"},
                      {line,761}]},
                 {proc_lib,init_p_do_apply,3,
                     [{file,"proc_lib.erl"},{line,333}]}]
    handler: roadrunner_httparena_handler
    class: error
=ERROR REPORT==== 29-Jun-2026::11:15:50.924537 ===
    reason: {case_clause,{error,closed}}
    msg: roadrunner handler crashed
    stacktrace: [{roadrunner_httparena_handler,consume_body,2,
                     [{file,"/src/src/roadrunner_httparena_handler.erl"},
                      {line,80}]},
                 {roadrunner_httparena_handler,upload_endpoint,1,
                     [{file,"/src/src/roadrunner_httparena_handler.erl"},
                      {line,70}]},
                 {roadrunner_conn_loop,run_pipeline,4,
                     [{file,
                          "/src/_build/default/lib/roadrunner/src/roadrunner_conn_loop.erl"},
                      {line,761}]},
                 {proc_lib,init_p_do_apply,3,
                     [{file,"proc_lib.erl"},{line,333}]}]
    handler: roadrunner_httparena_handler
    class: error
=ERROR REPORT==== 29-Jun-2026::11:15:50.924580 ===
    reason: {case_clause,{error,closed}}
    msg: roadrunner handler crashed
    stacktrace: [{roadrunner_httparena_handler,consume_body,2,
                     [{file,"/src/src/roadrunner_httparena_handler.erl"},
                      {line,80}]},
                 {roadrunner_httparena_handler,upload_endpoint,1,
                     [{file,"/src/src/roadrunner_httparena_handler.erl"},
                      {line,70}]},
                 {roadrunner_conn_loop,run_pipeline,4,
                     [{file,
                          "/src/_build/default/lib/roadrunner/src/roadrunner_conn_loop.erl"},
                      {line,761}]},
                 {proc_lib,init_p_do_apply,3,
                     [{file,"proc_lib.erl"},{line,333}]}]
    handler: roadrunner_httparena_handler
    class: error
=ERROR REPORT==== 29-Jun-2026::11:15:50.924564 ===
    reason: {case_clause,{error,closed}}
    msg: roadrunner handler crashed
    stacktrace: [{roadrunner_httparena_handler,consume_body,2,
                     [{file,"/src/src/roadrunner_httparena_handler.erl"},
                      {line,80}]},
                 {roadrunner_httparena_handler,upload_endpoint,1,
                     [{file,"/src/src/roadrunner_httparena_handler.erl"},
                      {line,70}]},
                 {roadrunner_conn_loop,run_pipeline,4,
                     [{file,
                          "/src/_build/default/lib/roadrunner/src/roadrunner_conn_loop.erl"},
                      {line,761}]},
                 {proc_lib,init_p_do_apply,3,
                     [{file,"proc_lib.erl"},{line,333}]}]
    handler: roadrunner_httparena_handler
    class: error
=ERROR REPORT==== 29-Jun-2026::11:15:50.924600 ===
    reason: {case_clause,{error,closed}}
    msg: roadrunner handler crashed
    stacktrace: [{roadrunner_httparena_handler,consume_body,2,
                     [{file,"/src/src/roadrunner_httparena_handler.erl"},
                      {line,80}]},
                 {roadrunner_httparena_handler,upload_endpoint,1,
                     [{file,"/src/src/roadrunner_httparena_handler.erl"},
                      {line,70}]},
                 {roadrunner_conn_loop,run_pipeline,4,
                     [{file,
                          "/src/_build/default/lib/roadrunner/src/roadrunner_conn_loop.erl"},
                      {line,761}]},
                 {proc_lib,init_p_do_apply,3,
                     [{file,"proc_lib.erl"},{line,333}]}]
    handler: roadrunner_httparena_handler
    class: error
=ERROR REPORT==== 29-Jun-2026::11:15:50.924679 ===
    reason: {case_clause,{error,closed}}
    msg: roadrunner handler crashed
    stacktrace: [{roadrunner_httparena_handler,consume_body,2,
                     [{file,"/src/src/roadrunner_httparena_handler.erl"},
                      {line,80}]},
                 {roadrunner_httparena_handler,upload_endpoint,1,
                     [{file,"/src/src/roadrunner_httparena_handler.erl"},
                      {line,70}]},
                 {roadrunner_conn_loop,run_pipeline,4,
                     [{file,
                          "/src/_build/default/lib/roadrunner/src/roadrunner_conn_loop.erl"},
                      {line,761}]},
                 {proc_lib,init_p_do_apply,3,
                     [{file,"proc_lib.erl"},{line,333}]}]
    handler: roadrunner_httparena_handler
    class: error
=ERROR REPORT==== 29-Jun-2026::11:15:50.924641 ===
    reason: {case_clause,{error,closed}}
    msg: roadrunner handler crashed
    stacktrace: [{roadrunner_httparena_handler,consume_body,2,
                     [{file,"/src/src/roadrunner_httparena_handler.erl"},
                      {line,80}]},
                 {roadrunner_httparena_handler,upload_endpoint,1,
                     [{file,"/src/src/roadrunner_httparena_handler.erl"},
                      {line,70}]},
                 {roadrunner_conn_loop,run_pipeline,4,
                     [{file,
                          "/src/_build/default/lib/roadrunner/src/roadrunner_conn_loop.erl"},
                      {line,761}]},
                 {proc_lib,init_p_do_apply,3,
                     [{file,"proc_lib.erl"},{line,333}]}]
    handler: roadrunner_httparena_handler
    class: error
=ERROR REPORT==== 29-Jun-2026::11:15:50.924676 ===
    reason: {case_clause,{error,closed}}
    msg: roadrunner handler crashed
    stacktrace: [{roadrunner_httparena_handler,consume_body,2,
                     [{file,"/src/src/roadrunner_httparena_handler.erl"},
                      {line,80}]},
                 {roadrunner_httparena_handler,upload_endpoint,1,
                     [{file,"/src/src/roadrunner_httparena_handler.erl"},
                      {line,70}]},
                 {roadrunner_conn_loop,run_pipeline,4,
                     [{file,
                          "/src/_build/default/lib/roadrunner/src/roadrunner_conn_loop.erl"},
                      {line,761}]},
                 {proc_lib,init_p_do_apply,3,
                     [{file,"proc_lib.erl"},{line,333}]}]
    handler: roadrunner_httparena_handler
    class: error
=ERROR REPORT==== 29-Jun-2026::11:15:50.924586 ===
    reason: {case_clause,{error,closed}}
    msg: roadrunner handler crashed
    stacktrace: [{roadrunner_httparena_handler,consume_body,2,
                     [{file,"/src/src/roadrunner_httparena_handler.erl"},
                      {line,80}]},
                 {roadrunner_httparena_handler,upload_endpoint,1,
                     [{file,"/src/src/roadrunner_httparena_handler.erl"},
                      {line,70}]},
                 {roadrunner_conn_loop,run_pipeline,4,
                     [{file,
                          "/src/_build/default/lib/roadrunner/src/roadrunner_conn_loop.erl"},
                      {line,761}]},
                 {proc_lib,init_p_do_apply,3,
                     [{file,"proc_lib.erl"},{line,333}]}]
    handler: roadrunner_httparena_handler
    class: error
=ERROR REPORT==== 29-Jun-2026::11:15:50.924630 ===
    reason: {case_clause,{error,closed}}
    msg: roadrunner handler crashed
    stacktrace: [{roadrunner_httparena_handler,consume_body,2,
                     [{file,"/src/src/roadrunner_httparena_handler.erl"},
                      {line,80}]},
                 {roadrunner_httparena_handler,upload_endpoint,1,
                     [{file,"/src/src/roadrunner_httparena_handler.erl"},
                      {line,70}]},
                 {roadrunner_conn_loop,run_pipeline,4,
                     [{file,
                          "/src/_build/default/lib/roadrunner/src/roadrunner_conn_loop.erl"},
                      {line,761}]},
                 {proc_lib,init_p_do_apply,3,
                     [{file,"proc_lib.erl"},{line,333}]}]
    handler: roadrunner_httparena_handler
    class: error
=ERROR REPORT==== 29-Jun-2026::11:15:50.924689 ===
    reason: {case_clause,{error,closed}}
    msg: roadrunner handler crashed
    stacktrace: [{roadrunner_httparena_handler,consume_body,2,
                     [{file,"/src/src/roadrunner_httparena_handler.erl"},
                      {line,80}]},
                 {roadrunner_httparena_handler,upload_endpoint,1,
                     [{file,"/src/src/roadrunner_httparena_handler.erl"},
                      {line,70}]},
                 {roadrunner_conn_loop,run_pipeline,4,
                     [{file,
                          "/src/_build/default/lib/roadrunner/src/roadrunner_conn_loop.erl"},
                      {line,761}]},
                 {proc_lib,init_p_do_apply,3,
                     [{file,"proc_lib.erl"},{line,333}]}]
    handler: roadrunner_httparena_handler
    class: error
=ERROR REPORT==== 29-Jun-2026::11:15:50.925754 ===
    reason: {case_clause,{error,closed}}
    msg: roadrunner handler crashed
    stacktrace: [{roadrunner_httparena_handler,consume_body,2,
                     [{file,"/src/src/roadrunner_httparena_handler.erl"},
                      {line,80}]},
                 {roadrunner_httparena_handler,upload_endpoint,1,
                     [{file,"/src/src/roadrunner_httparena_handler.erl"},
                      {line,70}]},
                 {roadrunner_conn_loop,run_pipeline,4,
                     [{file,
                          "/src/_build/default/lib/roadrunner/src/roadrunner_conn_loop.erl"},
                      {line,761}]},
                 {proc_lib,init_p_do_apply,3,
                     [{file,"proc_lib.erl"},{line,333}]}]
    handler: roadrunner_httparena_handler
    class: error
=ERROR REPORT==== 29-Jun-2026::11:15:50.925741 ===
    reason: {case_clause,{error,closed}}
    msg: roadrunner handler crashed
    stacktrace: [{roadrunner_httparena_handler,consume_body,2,
                     [{file,"/src/src/roadrunner_httparena_handler.erl"},
                      {line,80}]},
                 {roadrunner_httparena_handler,upload_endpoint,1,
                     [{file,"/src/src/roadrunner_httparena_handler.erl"},
                      {line,70}]},
                 {roadrunner_conn_loop,run_pipeline,4,
                     [{file,
                          "/src/_build/default/lib/roadrunner/src/roadrunner_conn_loop.erl"},
                      {line,761}]},
                 {proc_lib,init_p_do_apply,3,
                     [{file,"proc_lib.erl"},{line,333}]}]
    handler: roadrunner_httparena_handler
    class: error
=ERROR REPORT==== 29-Jun-2026::11:15:50.925715 ===
    reason: {case_clause,{error,closed}}
    msg: roadrunner handler crashed
    stacktrace: [{roadrunner_httparena_handler,consume_body,2,
                     [{file,"/src/src/roadrunner_httparena_handler.erl"},
                      {line,80}]},
                 {roadrunner_httparena_handler,upload_endpoint,1,
                     [{file,"/src/src/roadrunner_httparena_handler.erl"},
                      {line,70}]},
                 {roadrunner_conn_loop,run_pipeline,4,
                     [{file,
                          "/src/_build/default/lib/roadrunner/src/roadrunner_conn_loop.erl"},
                      {line,761}]},
                 {proc_lib,init_p_do_apply,3,
                     [{file,"proc_lib.erl"},{line,333}]}]
    handler: roadrunner_httparena_handler
    class: error
=ERROR REPORT==== 29-Jun-2026::11:15:50.925756 ===
    reason: {case_clause,{error,closed}}
    msg: roadrunner handler crashed
    stacktrace: [{roadrunner_httparena_handler,consume_body,2,
                     [{file,"/src/src/roadrunner_httparena_handler.erl"},
                      {line,80}]},
                 {roadrunner_httparena_handler,upload_endpoint,1,
                     [{file,"/src/src/roadrunner_httparena_handler.erl"},
                      {line,70}]},
                 {roadrunner_conn_loop,run_pipeline,4,
                     [{file,
                          "/src/_build/default/lib/roadrunner/src/roadrunner_conn_loop.erl"},
                      {line,761}]},
                 {proc_lib,init_p_do_apply,3,
                     [{file,"proc_lib.erl"},{line,333}]}]
    handler: roadrunner_httparena_handler
    class: error
=ERROR REPORT==== 29-Jun-2026::11:15:50.925785 ===
    reason: {case_clause,{error,closed}}
    msg: roadrunner handler crashed
    stacktrace: [{roadrunner_httparena_handler,consume_body,2,
                     [{file,"/src/src/roadrunner_httparena_handler.erl"},
                      {line,80}]},
                 {roadrunner_httparena_handler,upload_endpoint,1,
                     [{file,"/src/src/roadrunner_httparena_handler.erl"},
                      {line,70}]},
                 {roadrunner_conn_loop,run_pipeline,4,
                     [{file,
                          "/src/_build/default/lib/roadrunner/src/roadrunner_conn_loop.erl"},
                      {line,761}]},
                 {proc_lib,init_p_do_apply,3,
                     [{file,"proc_lib.erl"},{line,333}]}]
    handler: roadrunner_httparena_handler
    class: error
=ERROR REPORT==== 29-Jun-2026::11:15:50.925785 ===
    reason: {case_clause,{error,closed}}
    msg: roadrunner handler crashed
    stacktrace: [{roadrunner_httparena_handler,consume_body,2,
                     [{file,"/src/src/roadrunner_httparena_handler.erl"},
                      {line,80}]},
                 {roadrunner_httparena_handler,upload_endpoint,1,
                     [{file,"/src/src/roadrunner_httparena_handler.erl"},
                      {line,70}]},
                 {roadrunner_conn_loop,run_pipeline,4,
                     [{file,
                          "/src/_build/default/lib/roadrunner/src/roadrunner_conn_loop.erl"},
                      {line,761}]},
                 {proc_lib,init_p_do_apply,3,
                     [{file,"proc_lib.erl"},{line,333}]}]
    handler: roadrunner_httparena_handler
    class: error
=ERROR REPORT==== 29-Jun-2026::11:15:50.925804 ===
    reason: {case_clause,{error,closed}}
    msg: roadrunner handler crashed
    stacktrace: [{roadrunner_httparena_handler,consume_body,2,
                     [{file,"/src/src/roadrunner_httparena_handler.erl"},
                      {line,80}]},
                 {roadrunner_httparena_handler,upload_endpoint,1,
                     [{file,"/src/src/roadrunner_httparena_handler.erl"},
                      {line,70}]},
                 {roadrunner_conn_loop,run_pipeline,4,
                     [{file,
                          "/src/_build/default/lib/roadrunner/src/roadrunner_conn_loop.erl"},
                      {line,761}]},
                 {proc_lib,init_p_do_apply,3,
                     [{file,"proc_lib.erl"},{line,333}]}]
    handler: roadrunner_httparena_handler
    class: error
=ERROR REPORT==== 29-Jun-2026::11:15:50.925962 ===
    reason: {case_clause,{error,closed}}
    msg: roadrunner handler crashed
    stacktrace: [{roadrunner_httparena_handler,consume_body,2,
                     [{file,"/src/src/roadrunner_httparena_handler.erl"},
                      {line,80}]},
                 {roadrunner_httparena_handler,upload_endpoint,1,
                     [{file,"/src/src/roadrunner_httparena_handler.erl"},
                      {line,70}]},
                 {roadrunner_conn_loop,run_pipeline,4,
                     [{file,
                          "/src/_build/default/lib/roadrunner/src/roadrunner_conn_loop.erl"},
                      {line,761}]},
                 {proc_lib,init_p_do_apply,3,
                     [{file,"proc_lib.erl"},{line,333}]}]
    handler: roadrunner_httparena_handler
    class: error
=ERROR REPORT==== 29-Jun-2026::11:15:50.926003 ===
    reason: {case_clause,{error,closed}}
    msg: roadrunner handler crashed
    stacktrace: [{roadrunner_httparena_handler,consume_body,2,
                     [{file,"/src/src/roadrunner_httparena_handler.erl"},
                      {line,80}]},
                 {roadrunner_httparena_handler,upload_endpoint,1,
                     [{file,"/src/src/roadrunner_httparena_handler.erl"},
                      {line,70}]},
                 {roadrunner_conn_loop,run_pipeline,4,
                     [{file,
                          "/src/_build/default/lib/roadrunner/src/roadrunner_conn_loop.erl"},
                      {line,761}]},
                 {proc_lib,init_p_do_apply,3,
                     [{file,"proc_lib.erl"},{line,333}]}]
    handler: roadrunner_httparena_handler
    class: error
=ERROR REPORT==== 29-Jun-2026::11:15:50.926014 ===
    reason: {case_clause,{error,closed}}
    msg: roadrunner handler crashed
    stacktrace: [{roadrunner_httparena_handler,consume_body,2,
                     [{file,"/src/src/roadrunner_httparena_handler.erl"},
                      {line,80}]},
                 {roadrunner_httparena_handler,upload_endpoint,1,
                     [{file,"/src/src/roadrunner_httparena_handler.erl"},
                      {line,70}]},
                 {roadrunner_conn_loop,run_pipeline,4,
                     [{file,
                          "/src/_build/default/lib/roadrunner/src/roadrunner_conn_loop.erl"},
                      {line,761}]},
                 {proc_lib,init_p_do_apply,3,
                     [{file,"proc_lib.erl"},{line,333}]}]
    handler: roadrunner_httparena_handler
    class: error
=ERROR REPORT==== 29-Jun-2026::11:15:50.926000 ===
    reason: {case_clause,{error,closed}}
    msg: roadrunner handler crashed
    stacktrace: [{roadrunner_httparena_handler,consume_body,2,
                     [{file,"/src/src/roadrunner_httparena_handler.erl"},
                      {line,80}]},
                 {roadrunner_httparena_handler,upload_endpoint,1,
                     [{file,"/src/src/roadrunner_httparena_handler.erl"},
                      {line,70}]},
                 {roadrunner_conn_loop,run_pipeline,4,
                     [{file,
                          "/src/_build/default/lib/roadrunner/src/roadrunner_conn_loop.erl"},
                      {line,761}]},
                 {proc_lib,init_p_do_apply,3,
                     [{file,"proc_lib.erl"},{line,333}]}]
    handler: roadrunner_httparena_handler
    class: error
=ERROR REPORT==== 29-Jun-2026::11:15:50.926010 ===
    reason: {case_clause,{error,closed}}
    msg: roadrunner handler crashed
    stacktrace: [{roadrunner_httparena_handler,consume_body,2,
                     [{file,"/src/src/roadrunner_httparena_handler.erl"},
                      {line,80}]},
                 {roadrunner_httparena_handler,upload_endpoint,1,
                     [{file,"/src/src/roadrunner_httparena_handler.erl"},
                      {line,70}]},
                 {roadrunner_conn_loop,run_pipeline,4,
                     [{file,
                          "/src/_build/default/lib/roadrunner/src/roadrunner_conn_loop.erl"},
                      {line,761}]},
                 {proc_lib,init_p_do_apply,3,
                     [{file,"proc_lib.erl"},{line,333}]}]
    handler: roadrunner_httparena_handler
    class: error
=ERROR REPORT==== 29-Jun-2026::11:15:50.926023 ===
    reason: {case_clause,{error,closed}}
    msg: roadrunner handler crashed
    stacktrace: [{roadrunner_httparena_handler,consume_body,2,
                     [{file,"/src/src/roadrunner_httparena_handler.erl"},
                      {line,80}]},
                 {roadrunner_httparena_handler,upload_endpoint,1,
                     [{file,"/src/src/roadrunner_httparena_handler.erl"},
                      {line,70}]},
                 {roadrunner_conn_loop,run_pipeline,4,
                     [{file,
                          "/src/_build/default/lib/roadrunner/src/roadrunner_conn_loop.erl"},
                      {line,761}]},
                 {proc_lib,init_p_do_apply,3,
                     [{file,"proc_lib.erl"},{line,333}]}]
    handler: roadrunner_httparena_handler
    class: error
=ERROR REPORT==== 29-Jun-2026::11:15:50.926031 ===
    reason: {case_clause,{error,closed}}
    msg: roadrunner handler crashed
    stacktrace: [{roadrunner_httparena_handler,consume_body,2,
                     [{file,"/src/src/roadrunner_httparena_handler.erl"},
                      {line,80}]},
                 {roadrunner_httparena_handler,upload_endpoint,1,
                     [{file,"/src/src/roadrunner_httparena_handler.erl"},
                      {line,70}]},
                 {roadrunner_conn_loop,run_pipeline,4,
                     [{file,
                          "/src/_build/default/lib/roadrunner/src/roadrunner_conn_loop.erl"},
                      {line,761}]},
                 {proc_lib,init_p_do_apply,3,
                     [{file,"proc_lib.erl"},{line,333}]}]
    handler: roadrunner_httparena_handler
    class: error
=ERROR REPORT==== 29-Jun-2026::11:15:50.926008 ===
    reason: {case_clause,{error,closed}}
    msg: roadrunner handler crashed
    stacktrace: [{roadrunner_httparena_handler,consume_body,2,
                     [{file,"/src/src/roadrunner_httparena_handler.erl"},
                      {line,80}]},
                 {roadrunner_httparena_handler,upload_endpoint,1,
                     [{file,"/src/src/roadrunner_httparena_handler.erl"},
                      {line,70}]},
                 {roadrunner_conn_loop,run_pipeline,4,
                     [{file,
                          "/src/_build/default/lib/roadrunner/src/roadrunner_conn_loop.erl"},
                      {line,761}]},
                 {proc_lib,init_p_do_apply,3,
                     [{file,"proc_lib.erl"},{line,333}]}]
    handler: roadrunner_httparena_handler
    class: error
=ERROR REPORT==== 29-Jun-2026::11:15:50.926037 ===
    reason: {case_clause,{error,closed}}
    msg: roadrunner handler crashed
    stacktrace: [{roadrunner_httparena_handler,consume_body,2,
                     [{file,"/src/src/roadrunner_httparena_handler.erl"},
                      {line,80}]},
                 {roadrunner_httparena_handler,upload_endpoint,1,
                     [{file,"/src/src/roadrunner_httparena_handler.erl"},
                      {line,70}]},
                 {roadrunner_conn_loop,run_pipeline,4,
                     [{file,
                          "/src/_build/default/lib/roadrunner/src/roadrunner_conn_loop.erl"},
                      {line,761}]},
                 {proc_lib,init_p_do_apply,3,
                     [{file,"proc_lib.erl"},{line,333}]}]
    handler: roadrunner_httparena_handler
    class: error
=ERROR REPORT==== 29-Jun-2026::11:15:50.926014 ===
    reason: {case_clause,{error,closed}}
    msg: roadrunner handler crashed
    stacktrace: [{roadrunner_httparena_handler,consume_body,2,
                     [{file,"/src/src/roadrunner_httparena_handler.erl"},
                      {line,80}]},
                 {roadrunner_httparena_handler,upload_endpoint,1,
                     [{file,"/src/src/roadrunner_httparena_handler.erl"},
                      {line,70}]},
                 {roadrunner_conn_loop,run_pipeline,4,
                     [{file,
                          "/src/_build/default/lib/roadrunner/src/roadrunner_conn_loop.erl"},
                      {line,761}]},
                 {proc_lib,init_p_do_apply,3,
                     [{file,"proc_lib.erl"},{line,333}]}]
    handler: roadrunner_httparena_handler
    class: error
=ERROR REPORT==== 29-Jun-2026::11:15:58.308843 ===
    reason: {case_clause,{error,closed}}
    msg: roadrunner handler crashed
    stacktrace: [{roadrunner_httparena_handler,consume_body,2,
                     [{file,"/src/src/roadrunner_httparena_handler.erl"},
                      {line,80}]},
                 {roadrunner_httparena_handler,upload_endpoint,1,
                     [{file,"/src/src/roadrunner_httparena_handler.erl"},
                      {line,70}]},
                 {roadrunner_conn_loop,run_pipeline,4,
                     [{file,
                          "/src/_build/default/lib/roadrunner/src/roadrunner_conn_loop.erl"},
                      {line,761}]},
                 {proc_lib,init_p_do_apply,3,
                     [{file,"proc_lib.erl"},{line,333}]}]
    handler: roadrunner_httparena_handler
    class: error
=ERROR REPORT==== 29-Jun-2026::11:15:58.308886 ===
    reason: {case_clause,{error,closed}}
    msg: roadrunner handler crashed
    stacktrace: [{roadrunner_httparena_handler,consume_body,2,
                     [{file,"/src/src/roadrunner_httparena_handler.erl"},
                      {line,80}]},
                 {roadrunner_httparena_handler,upload_endpoint,1,
                     [{file,"/src/src/roadrunner_httparena_handler.erl"},
                      {line,70}]},
                 {roadrunner_conn_loop,run_pipeline,4,
                     [{file,
                          "/src/_build/default/lib/roadrunner/src/roadrunner_conn_loop.erl"},
                      {line,761}]},
                 {proc_lib,init_p_do_apply,3,
                     [{file,"proc_lib.erl"},{line,333}]}]
    handler: roadrunner_httparena_handler
    class: error
=ERROR REPORT==== 29-Jun-2026::11:15:58.308872 ===
    reason: {case_clause,{error,closed}}
    msg: roadrunner handler crashed
    stacktrace: [{roadrunner_httparena_handler,consume_body,2,
                     [{file,"/src/src/roadrunner_httparena_handler.erl"},
                      {line,80}]},
                 {roadrunner_httparena_handler,upload_endpoint,1,
                     [{file,"/src/src/roadrunner_httparena_handler.erl"},
                      {line,70}]},
                 {roadrunner_conn_loop,run_pipeline,4,
                     [{file,
                          "/src/_build/default/lib/roadrunner/src/roadrunner_conn_loop.erl"},
                      {line,761}]},
                 {proc_lib,init_p_do_apply,3,
                     [{file,"proc_lib.erl"},{line,333}]}]
    handler: roadrunner_httparena_handler
    class: error
=ERROR REPORT==== 29-Jun-2026::11:15:58.308883 ===
    reason: {case_clause,{error,closed}}
    msg: roadrunner handler crashed
    stacktrace: [{roadrunner_httparena_handler,consume_body,2,
                     [{file,"/src/src/roadrunner_httparena_handler.erl"},
                      {line,80}]},
                 {roadrunner_httparena_handler,upload_endpoint,1,
                     [{file,"/src/src/roadrunner_httparena_handler.erl"},
                      {line,70}]},
                 {roadrunner_conn_loop,run_pipeline,4,
                     [{file,
                          "/src/_build/default/lib/roadrunner/src/roadrunner_conn_loop.erl"},
                      {line,761}]},
                 {proc_lib,init_p_do_apply,3,
                     [{file,"proc_lib.erl"},{line,333}]}]
    handler: roadrunner_httparena_handler
    class: error
=ERROR REPORT==== 29-Jun-2026::11:15:58.308990 ===
    reason: {case_clause,{error,closed}}
    msg: roadrunner handler crashed
    stacktrace: [{roadrunner_httparena_handler,consume_body,2,
                     [{file,"/src/src/roadrunner_httparena_handler.erl"},
                      {line,80}]},
                 {roadrunner_httparena_handler,upload_endpoint,1,
                     [{file,"/src/src/roadrunner_httparena_handler.erl"},
                      {line,70}]},
                 {roadrunner_conn_loop,run_pipeline,4,
                     [{file,
                          "/src/_build/default/lib/roadrunner/src/roadrunner_conn_loop.erl"},
                      {line,761}]},
                 {proc_lib,init_p_do_apply,3,
                     [{file,"proc_lib.erl"},{line,333}]}]
    handler: roadrunner_httparena_handler
    class: error
=ERROR REPORT==== 29-Jun-2026::11:15:58.308890 ===
    reason: {case_clause,{error,closed}}
    msg: roadrunner handler crashed
    stacktrace: [{roadrunner_httparena_handler,consume_body,2,
                     [{file,"/src/src/roadrunner_httparena_handler.erl"},
                      {line,80}]},
                 {roadrunner_httparena_handler,upload_endpoint,1,
                     [{file,"/src/src/roadrunner_httparena_handler.erl"},
                      {line,70}]},
                 {roadrunner_conn_loop,run_pipeline,4,
                     [{file,
                          "/src/_build/default/lib/roadrunner/src/roadrunner_conn_loop.erl"},
                      {line,761}]},
                 {proc_lib,init_p_do_apply,3,
                     [{file,"proc_lib.erl"},{line,333}]}]
    handler: roadrunner_httparena_handler
    class: error
=ERROR REPORT==== 29-Jun-2026::11:15:58.308921 ===
    reason: {case_clause,{error,closed}}
    msg: roadrunner handler crashed
    stacktrace: [{roadrunner_httparena_handler,consume_body,2,
                     [{file,"/src/src/roadrunner_httparena_handler.erl"},
                      {line,80}]},
                 {roadrunner_httparena_handler,upload_endpoint,1,
                     [{file,"/src/src/roadrunner_httparena_handler.erl"},
                      {line,70}]},
                 {roadrunner_conn_loop,run_pipeline,4,
                     [{file,
                          "/src/_build/default/lib/roadrunner/src/roadrunner_conn_loop.erl"},
                      {line,761}]},
                 {proc_lib,init_p_do_apply,3,
                     [{file,"proc_lib.erl"},{line,333}]}]
    handler: roadrunner_httparena_handler
    class: error
=ERROR REPORT==== 29-Jun-2026::11:15:58.308901 ===
    reason: {case_clause,{error,closed}}
    msg: roadrunner handler crashed
    stacktrace: [{roadrunner_httparena_handler,consume_body,2,
                     [{file,"/src/src/roadrunner_httparena_handler.erl"},
                      {line,80}]},
                 {roadrunner_httparena_handler,upload_endpoint,1,
                     [{file,"/src/src/roadrunner_httparena_handler.erl"},
                      {line,70}]},
                 {roadrunner_conn_loop,run_pipeline,4,
                     [{file,
                          "/src/_build/default/lib/roadrunner/src/roadrunner_conn_loop.erl"},
                      {line,761}]},
                 {proc_lib,init_p_do_apply,3,
                     [{file,"proc_lib.erl"},{line,333}]}]
    handler: roadrunner_httparena_handler
    class: error
=ERROR REPORT==== 29-Jun-2026::11:15:58.308969 ===
    reason: {case_clause,{error,closed}}
    msg: roadrunner handler crashed
    stacktrace: [{roadrunner_httparena_handler,consume_body,2,
                     [{file,"/src/src/roadrunner_httparena_handler.erl"},
                      {line,80}]},
                 {roadrunner_httparena_handler,upload_endpoint,1,
                     [{file,"/src/src/roadrunner_httparena_handler.erl"},
                      {line,70}]},
                 {roadrunner_conn_loop,run_pipeline,4,
                     [{file,
                          "/src/_build/default/lib/roadrunner/src/roadrunner_conn_loop.erl"},
                      {line,761}]},
                 {proc_lib,init_p_do_apply,3,
                     [{file,"proc_lib.erl"},{line,333}]}]
    handler: roadrunner_httparena_handler
    class: error
=ERROR REPORT==== 29-Jun-2026::11:15:58.308914 ===
    reason: {case_clause,{error,closed}}
    msg: roadrunner handler crashed
    stacktrace: [{roadrunner_httparena_handler,consume_body,2,
                     [{file,"/src/src/roadrunner_httparena_handler.erl"},
                      {line,80}]},
                 {roadrunner_httparena_handler,upload_endpoint,1,
                     [{file,"/src/src/roadrunner_httparena_handler.erl"},
                      {line,70}]},
                 {roadrunner_conn_loop,run_pipeline,4,
                     [{file,
                          "/src/_build/default/lib/roadrunner/src/roadrunner_conn_loop.erl"},
                      {line,761}]},
                 {proc_lib,init_p_do_apply,3,
                     [{file,"proc_lib.erl"},{line,333}]}]
    handler: roadrunner_httparena_handler
    class: error
=ERROR REPORT==== 29-Jun-2026::11:15:58.309001 ===
    reason: {case_clause,{error,closed}}
    msg: roadrunner handler crashed
    stacktrace: [{roadrunner_httparena_handler,consume_body,2,
                     [{file,"/src/src/roadrunner_httparena_handler.erl"},
                      {line,80}]},
                 {roadrunner_httparena_handler,upload_endpoint,1,
                     [{file,"/src/src/roadrunner_httparena_handler.erl"},
                      {line,70}]},
                 {roadrunner_conn_loop,run_pipeline,4,
                     [{file,
                          "/src/_build/default/lib/roadrunner/src/roadrunner_conn_loop.erl"},
                      {line,761}]},
                 {proc_lib,init_p_do_apply,3,
                     [{file,"proc_lib.erl"},{line,333}]}]
    handler: roadrunner_httparena_handler
    class: error
=ERROR REPORT==== 29-Jun-2026::11:15:58.308986 ===
    reason: {case_clause,{error,closed}}
    msg: roadrunner handler crashed
    stacktrace: [{roadrunner_httparena_handler,consume_body,2,
                     [{file,"/src/src/roadrunner_httparena_handler.erl"},
                      {line,80}]},
                 {roadrunner_httparena_handler,upload_endpoint,1,
                     [{file,"/src/src/roadrunner_httparena_handler.erl"},
                      {line,70}]},
                 {roadrunner_conn_loop,run_pipeline,4,
                     [{file,
                          "/src/_build/default/lib/roadrunner/src/roadrunner_conn_loop.erl"},
                      {line,761}]},
                 {proc_lib,init_p_do_apply,3,
                     [{file,"proc_lib.erl"},{line,333}]}]
    handler: roadrunner_httparena_handler
    class: error
=ERROR REPORT==== 29-Jun-2026::11:15:58.309004 ===
    reason: {case_clause,{error,closed}}
    msg: roadrunner handler crashed
    stacktrace: [{roadrunner_httparena_handler,consume_body,2,
                     [{file,"/src/src/roadrunner_httparena_handler.erl"},
                      {line,80}]},
                 {roadrunner_httparena_handler,upload_endpoint,1,
                     [{file,"/src/src/roadrunner_httparena_handler.erl"},
                      {line,70}]},
                 {roadrunner_conn_loop,run_pipeline,4,
                     [{file,
                          "/src/_build/default/lib/roadrunner/src/roadrunner_conn_loop.erl"},
                      {line,761}]},
                 {proc_lib,init_p_do_apply,3,
                     [{file,"proc_lib.erl"},{line,333}]}]
    handler: roadrunner_httparena_handler
    class: error
=ERROR REPORT==== 29-Jun-2026::11:15:58.308985 ===
    reason: {case_clause,{error,closed}}
    msg: roadrunner handler crashed
    stacktrace: [{roadrunner_httparena_handler,consume_body,2,
                     [{file,"/src/src/roadrunner_httparena_handler.erl"},
                      {line,80}]},
                 {roadrunner_httparena_handler,upload_endpoint,1,
                     [{file,"/src/src/roadrunner_httparena_handler.erl"},
                      {line,70}]},
                 {roadrunner_conn_loop,run_pipeline,4,
                     [{file,
                          "/src/_build/default/lib/roadrunner/src/roadrunner_conn_loop.erl"},
                      {line,761}]},
                 {proc_lib,init_p_do_apply,3,
                     [{file,"proc_lib.erl"},{line,333}]}]
    handler: roadrunner_httparena_handler
    class: error
=ERROR REPORT==== 29-Jun-2026::11:15:58.308989 ===
    reason: {case_clause,{error,closed}}
    msg: roadrunner handler crashed
    stacktrace: [{roadrunner_httparena_handler,consume_body,2,
                     [{file,"/src/src/roadrunner_httparena_handler.erl"},
                      {line,80}]},
                 {roadrunner_httparena_handler,upload_endpoint,1,
                     [{file,"/src/src/roadrunner_httparena_handler.erl"},
                      {line,70}]},
                 {roadrunner_conn_loop,run_pipeline,4,
                     [{file,
                          "/src/_build/default/lib/roadrunner/src/roadrunner_conn_loop.erl"},
                      {line,761}]},
                 {proc_lib,init_p_do_apply,3,
                     [{file,"proc_lib.erl"},{line,333}]}]
    handler: roadrunner_httparena_handler
    class: error
=ERROR REPORT==== 29-Jun-2026::11:15:58.309033 ===
    reason: {case_clause,{error,closed}}
    msg: roadrunner handler crashed
    stacktrace: [{roadrunner_httparena_handler,consume_body,2,
                     [{file,"/src/src/roadrunner_httparena_handler.erl"},
                      {line,80}]},
                 {roadrunner_httparena_handler,upload_endpoint,1,
                     [{file,"/src/src/roadrunner_httparena_handler.erl"},
                      {line,70}]},
                 {roadrunner_conn_loop,run_pipeline,4,
                     [{file,
                          "/src/_build/default/lib/roadrunner/src/roadrunner_conn_loop.erl"},
                      {line,761}]},
                 {proc_lib,init_p_do_apply,3,
                     [{file,"proc_lib.erl"},{line,333}]}]
    handler: roadrunner_httparena_handler
    class: error
=ERROR REPORT==== 29-Jun-2026::11:15:58.309129 ===
    reason: {case_clause,{error,closed}}
    msg: roadrunner handler crashed
    stacktrace: [{roadrunner_httparena_handler,consume_body,2,
                     [{file,"/src/src/roadrunner_httparena_handler.erl"},
                      {line,80}]},
                 {roadrunner_httparena_handler,upload_endpoint,1,
                     [{file,"/src/src/roadrunner_httparena_handler.erl"},
                      {line,70}]},
                 {roadrunner_conn_loop,run_pipeline,4,
                     [{file,
                          "/src/_build/default/lib/roadrunner/src/roadrunner_conn_loop.erl"},
                      {line,761}]},
                 {proc_lib,init_p_do_apply,3,
                     [{file,"proc_lib.erl"},{line,333}]}]
    handler: roadrunner_httparena_handler
    class: error
=ERROR REPORT==== 29-Jun-2026::11:15:58.309033 ===
    reason: {case_clause,{error,closed}}
    msg: roadrunner handler crashed
    stacktrace: [{roadrunner_httparena_handler,consume_body,2,
                     [{file,"/src/src/roadrunner_httparena_handler.erl"},
                      {line,80}]},
                 {roadrunner_httparena_handler,upload_endpoint,1,
                     [{file,"/src/src/roadrunner_httparena_handler.erl"},
                      {line,70}]},
                 {roadrunner_conn_loop,run_pipeline,4,
                     [{file,
                          "/src/_build/default/lib/roadrunner/src/roadrunner_conn_loop.erl"},
                      {line,761}]},
                 {proc_lib,init_p_do_apply,3,
                     [{file,"proc_lib.erl"},{line,333}]}]
    handler: roadrunner_httparena_handler
    class: error
=ERROR REPORT==== 29-Jun-2026::11:15:58.309157 ===
    reason: {case_clause,{error,closed}}
    msg: roadrunner handler crashed
    stacktrace: [{roadrunner_httparena_handler,consume_body,2,
                     [{file,"/src/src/roadrunner_httparena_handler.erl"},
                      {line,80}]},
                 {roadrunner_httparena_handler,upload_endpoint,1,
                     [{file,"/src/src/roadrunner_httparena_handler.erl"},
                      {line,70}]},
                 {roadrunner_conn_loop,run_pipeline,4,
                     [{file,
                          "/src/_build/default/lib/roadrunner/src/roadrunner_conn_loop.erl"},
                      {line,761}]},
                 {proc_lib,init_p_do_apply,3,
                     [{file,"proc_lib.erl"},{line,333}]}]
    handler: roadrunner_httparena_handler
    class: error
=ERROR REPORT==== 29-Jun-2026::11:15:58.309094 ===
    reason: {case_clause,{error,closed}}
    msg: roadrunner handler crashed
    stacktrace: [{roadrunner_httparena_handler,consume_body,2,
                     [{file,"/src/src/roadrunner_httparena_handler.erl"},
                      {line,80}]},
                 {roadrunner_httparena_handler,upload_endpoint,1,
                     [{file,"/src/src/roadrunner_httparena_handler.erl"},
                      {line,70}]},
                 {roadrunner_conn_loop,run_pipeline,4,
                     [{file,
                          "/src/_build/default/lib/roadrunner/src/roadrunner_conn_loop.erl"},
                      {line,761}]},
                 {proc_lib,init_p_do_apply,3,
                     [{file,"proc_lib.erl"},{line,333}]}]
    handler: roadrunner_httparena_handler
    class: error
=ERROR REPORT==== 29-Jun-2026::11:15:58.309123 ===
    reason: {case_clause,{error,closed}}
    msg: roadrunner handler crashed
    stacktrace: [{roadrunner_httparena_handler,consume_body,2,
                     [{file,"/src/src/roadrunner_httparena_handler.erl"},
                      {line,80}]},
                 {roadrunner_httparena_handler,upload_endpoint,1,
                     [{file,"/src/src/roadrunner_httparena_handler.erl"},
                      {line,70}]},
                 {roadrunner_conn_loop,run_pipeline,4,
                     [{file,
                          "/src/_build/default/lib/roadrunner/src/roadrunner_conn_loop.erl"},
                      {line,761}]},
                 {proc_lib,init_p_do_apply,3,
                     [{file,"proc_lib.erl"},{line,333}]}]
    handler: roadrunner_httparena_handler
    class: error
=ERROR REPORT==== 29-Jun-2026::11:15:58.309138 ===
    reason: {case_clause,{error,closed}}
    msg: roadrunner handler crashed
    stacktrace: [{roadrunner_httparena_handler,consume_body,2,
                     [{file,"/src/src/roadrunner_httparena_handler.erl"},
                      {line,80}]},
                 {roadrunner_httparena_handler,upload_endpoint,1,
                     [{file,"/src/src/roadrunner_httparena_handler.erl"},
                      {line,70}]},
                 {roadrunner_conn_loop,run_pipeline,4,
                     [{file,
                          "/src/_build/default/lib/roadrunner/src/roadrunner_conn_loop.erl"},
                      {line,761}]},
                 {proc_lib,init_p_do_apply,3,
                     [{file,"proc_lib.erl"},{line,333}]}]
    handler: roadrunner_httparena_handler
    class: error
=ERROR REPORT==== 29-Jun-2026::11:15:58.309147 ===
    reason: {case_clause,{error,closed}}
    msg: roadrunner handler crashed
    stacktrace: [{roadrunner_httparena_handler,consume_body,2,
                     [{file,"/src/src/roadrunner_httparena_handler.erl"},
                      {line,80}]},
                 {roadrunner_httparena_handler,upload_endpoint,1,
                     [{file,"/src/src/roadrunner_httparena_handler.erl"},
                      {line,70}]},
                 {roadrunner_conn_loop,run_pipeline,4,
                     [{file,
                          "/src/_build/default/lib/roadrunner/src/roadrunner_conn_loop.erl"},
                      {line,761}]},
                 {proc_lib,init_p_do_apply,3,
                     [{file,"proc_lib.erl"},{line,333}]}]
    handler: roadrunner_httparena_handler
    class: error
=ERROR REPORT==== 29-Jun-2026::11:15:58.309143 ===
    reason: {case_clause,{error,closed}}
    msg: roadrunner handler crashed
    stacktrace: [{roadrunner_httparena_handler,consume_body,2,
                     [{file,"/src/src/roadrunner_httparena_handler.erl"},
                      {line,80}]},
                 {roadrunner_httparena_handler,upload_endpoint,1,
                     [{file,"/src/src/roadrunner_httparena_handler.erl"},
                      {line,70}]},
                 {roadrunner_conn_loop,run_pipeline,4,
                     [{file,
                          "/src/_build/default/lib/roadrunner/src/roadrunner_conn_loop.erl"},
                      {line,761}]},
                 {proc_lib,init_p_do_apply,3,
                     [{file,"proc_lib.erl"},{line,333}]}]
    handler: roadrunner_httparena_handler
    class: error
=ERROR REPORT==== 29-Jun-2026::11:15:58.309156 ===
    reason: {case_clause,{error,closed}}
    msg: roadrunner handler crashed
    stacktrace: [{roadrunner_httparena_handler,consume_body,2,
                     [{file,"/src/src/roadrunner_httparena_handler.erl"},
                      {line,80}]},
                 {roadrunner_httparena_handler,upload_endpoint,1,
                     [{file,"/src/src/roadrunner_httparena_handler.erl"},
                      {line,70}]},
                 {roadrunner_conn_loop,run_pipeline,4,
                     [{file,
                          "/src/_build/default/lib/roadrunner/src/roadrunner_conn_loop.erl"},
                      {line,761}]},
                 {proc_lib,init_p_do_apply,3,
                     [{file,"proc_lib.erl"},{line,333}]}]
    handler: roadrunner_httparena_handler
    class: error
=ERROR REPORT==== 29-Jun-2026::11:15:58.309197 ===
    reason: {case_clause,{error,closed}}
    msg: roadrunner handler crashed
    stacktrace: [{roadrunner_httparena_handler,consume_body,2,
                     [{file,"/src/src/roadrunner_httparena_handler.erl"},
                      {line,80}]},
                 {roadrunner_httparena_handler,upload_endpoint,1,
                     [{file,"/src/src/roadrunner_httparena_handler.erl"},
                      {line,70}]},
                 {roadrunner_conn_loop,run_pipeline,4,
                     [{file,
                          "/src/_build/default/lib/roadrunner/src/roadrunner_conn_loop.erl"},
                      {line,761}]},
                 {proc_lib,init_p_do_apply,3,
                     [{file,"proc_lib.erl"},{line,333}]}]
    handler: roadrunner_httparena_handler
    class: error
=ERROR REPORT==== 29-Jun-2026::11:15:58.309170 ===
    reason: {case_clause,{error,closed}}
    msg: roadrunner handler crashed
    stacktrace: [{roadrunner_httparena_handler,consume_body,2,
                     [{file,"/src/src/roadrunner_httparena_handler.erl"},
                      {line,80}]},
                 {roadrunner_httparena_handler,upload_endpoint,1,
                     [{file,"/src/src/roadrunner_httparena_handler.erl"},
                      {line,70}]},
                 {roadrunner_conn_loop,run_pipeline,4,
                     [{file,
                          "/src/_build/default/lib/roadrunner/src/roadrunner_conn_loop.erl"},
                      {line,761}]},
                 {proc_lib,init_p_do_apply,3,
                     [{file,"proc_lib.erl"},{line,333}]}]
    handler: roadrunner_httparena_handler
    class: error
=ERROR REPORT==== 29-Jun-2026::11:15:58.309276 ===
    reason: {case_clause,{error,closed}}
    msg: roadrunner handler crashed
    stacktrace: [{roadrunner_httparena_handler,consume_body,2,
                     [{file,"/src/src/roadrunner_httparena_handler.erl"},
                      {line,80}]},
                 {roadrunner_httparena_handler,upload_endpoint,1,
                     [{file,"/src/src/roadrunner_httparena_handler.erl"},
                      {line,70}]},
                 {roadrunner_conn_loop,run_pipeline,4,
                     [{file,
                          "/src/_build/default/lib/roadrunner/src/roadrunner_conn_loop.erl"},
                      {line,761}]},
                 {proc_lib,init_p_do_apply,3,
                     [{file,"proc_lib.erl"},{line,333}]}]
    handler: roadrunner_httparena_handler
    class: error
=ERROR REPORT==== 29-Jun-2026::11:15:58.309195 ===
    reason: {case_clause,{error,closed}}
    msg: roadrunner handler crashed
    stacktrace: [{roadrunner_httparena_handler,consume_body,2,
                     [{file,"/src/src/roadrunner_httparena_handler.erl"},
                      {line,80}]},
                 {roadrunner_httparena_handler,upload_endpoint,1,
                     [{file,"/src/src/roadrunner_httparena_handler.erl"},
                      {line,70}]},
                 {roadrunner_conn_loop,run_pipeline,4,
                     [{file,
                          "/src/_build/default/lib/roadrunner/src/roadrunner_conn_loop.erl"},
                      {line,761}]},
                 {proc_lib,init_p_do_apply,3,
                     [{file,"proc_lib.erl"},{line,333}]}]
    handler: roadrunner_httparena_handler
    class: error
=ERROR REPORT==== 29-Jun-2026::11:15:58.309242 ===
    reason: {case_clause,{error,closed}}
    msg: roadrunner handler crashed
    stacktrace: [{roadrunner_httparena_handler,consume_body,2,
                     [{file,"/src/src/roadrunner_httparena_handler.erl"},
                      {line,80}]},
                 {roadrunner_httparena_handler,upload_endpoint,1,
                     [{file,"/src/src/roadrunner_httparena_handler.erl"},
                      {line,70}]},
                 {roadrunner_conn_loop,run_pipeline,4,
                     [{file,
                          "/src/_build/default/lib/roadrunner/src/roadrunner_conn_loop.erl"},
                      {line,761}]},
                 {proc_lib,init_p_do_apply,3,
                     [{file,"proc_lib.erl"},{line,333}]}]
    handler: roadrunner_httparena_handler
    class: error
=ERROR REPORT==== 29-Jun-2026::11:15:58.309244 ===
    reason: {case_clause,{error,closed}}
    msg: roadrunner handler crashed
    stacktrace: [{roadrunner_httparena_handler,consume_body,2,
                     [{file,"/src/src/roadrunner_httparena_handler.erl"},
                      {line,80}]},
                 {roadrunner_httparena_handler,upload_endpoint,1,
                     [{file,"/src/src/roadrunner_httparena_handler.erl"},
                      {line,70}]},
                 {roadrunner_conn_loop,run_pipeline,4,
                     [{file,
                          "/src/_build/default/lib/roadrunner/src/roadrunner_conn_loop.erl"},
                      {line,761}]},
                 {proc_lib,init_p_do_apply,3,
                     [{file,"proc_lib.erl"},{line,333}]}]
    handler: roadrunner_httparena_handler
    class: error
=ERROR REPORT==== 29-Jun-2026::11:15:58.309157 ===
    reason: {case_clause,{error,closed}}
    msg: roadrunner handler crashed
    stacktrace: [{roadrunner_httparena_handler,consume_body,2,
                     [{file,"/src/src/roadrunner_httparena_handler.erl"},
                      {line,80}]},
                 {roadrunner_httparena_handler,upload_endpoint,1,
                     [{file,"/src/src/roadrunner_httparena_handler.erl"},
                      {line,70}]},
                 {roadrunner_conn_loop,run_pipeline,4,
                     [{file,
                          "/src/_build/default/lib/roadrunner/src/roadrunner_conn_loop.erl"},
                      {line,761}]},
                 {proc_lib,init_p_do_apply,3,
                     [{file,"proc_lib.erl"},{line,333}]}]
    handler: roadrunner_httparena_handler
    class: error
=ERROR REPORT==== 29-Jun-2026::11:15:58.309168 ===
    reason: {case_clause,{error,closed}}
    msg: roadrunner handler crashed
    stacktrace: [{roadrunner_httparena_handler,consume_body,2,
                     [{file,"/src/src/roadrunner_httparena_handler.erl"},
                      {line,80}]},
                 {roadrunner_httparena_handler,upload_endpoint,1,
                     [{file,"/src/src/roadrunner_httparena_handler.erl"},
                      {line,70}]},
                 {roadrunner_conn_loop,run_pipeline,4,
                     [{file,
                          "/src/_build/default/lib/roadrunner/src/roadrunner_conn_loop.erl"},
                      {line,761}]},
                 {proc_lib,init_p_do_apply,3,
                     [{file,"proc_lib.erl"},{line,333}]}]
    handler: roadrunner_httparena_handler
    class: error
=ERROR REPORT==== 29-Jun-2026::11:15:58.309167 ===
    reason: {case_clause,{error,closed}}
    msg: roadrunner handler crashed
    stacktrace: [{roadrunner_httparena_handler,consume_body,2,
                     [{file,"/src/src/roadrunner_httparena_handler.erl"},
                      {line,80}]},
                 {roadrunner_httparena_handler,upload_endpoint,1,
                     [{file,"/src/src/roadrunner_httparena_handler.erl"},
                      {line,70}]},
                 {roadrunner_conn_loop,run_pipeline,4,
                     [{file,
                          "/src/_build/default/lib/roadrunner/src/roadrunner_conn_loop.erl"},
                      {line,761}]},
                 {proc_lib,init_p_do_apply,3,
                     [{file,"proc_lib.erl"},{line,333}]}]
    handler: roadrunner_httparena_handler
    class: error
=ERROR REPORT==== 29-Jun-2026::11:15:58.309269 ===
    reason: {case_clause,{error,closed}}
    msg: roadrunner handler crashed
    stacktrace: [{roadrunner_httparena_handler,consume_body,2,
                     [{file,"/src/src/roadrunner_httparena_handler.erl"},
                      {line,80}]},
                 {roadrunner_httparena_handler,upload_endpoint,1,
                     [{file,"/src/src/roadrunner_httparena_handler.erl"},
                      {line,70}]},
                 {roadrunner_conn_loop,run_pipeline,4,
                     [{file,
                          "/src/_build/default/lib/roadrunner/src/roadrunner_conn_loop.erl"},
                      {line,761}]},
                 {proc_lib,init_p_do_apply,3,
                     [{file,"proc_lib.erl"},{line,333}]}]
    handler: roadrunner_httparena_handler
    class: error
=ERROR REPORT==== 29-Jun-2026::11:15:58.309266 ===
    reason: {case_clause,{error,closed}}
    msg: roadrunner handler crashed
    stacktrace: [{roadrunner_httparena_handler,consume_body,2,
                     [{file,"/src/src/roadrunner_httparena_handler.erl"},
                      {line,80}]},
                 {roadrunner_httparena_handler,upload_endpoint,1,
                     [{file,"/src/src/roadrunner_httparena_handler.erl"},
                      {line,70}]},
                 {roadrunner_conn_loop,run_pipeline,4,
                     [{file,
                          "/src/_build/default/lib/roadrunner/src/roadrunner_conn_loop.erl"},
                      {line,761}]},
                 {proc_lib,init_p_do_apply,3,
                     [{file,"proc_lib.erl"},{line,333}]}]
    handler: roadrunner_httparena_handler
    class: error
=ERROR REPORT==== 29-Jun-2026::11:15:58.309248 ===
    reason: {case_clause,{error,closed}}
    msg: roadrunner handler crashed
    stacktrace: [{roadrunner_httparena_handler,consume_body,2,
                     [{file,"/src/src/roadrunner_httparena_handler.erl"},
                      {line,80}]},
                 {roadrunner_httparena_handler,upload_endpoint,1,
                     [{file,"/src/src/roadrunner_httparena_handler.erl"},
                      {line,70}]},
                 {roadrunner_conn_loop,run_pipeline,4,
                     [{file,
                          "/src/_build/default/lib/roadrunner/src/roadrunner_conn_loop.erl"},
                      {line,761}]},
                 {proc_lib,init_p_do_apply,3,
                     [{file,"proc_lib.erl"},{line,333}]}]
    handler: roadrunner_httparena_handler
    class: error
=ERROR REPORT==== 29-Jun-2026::11:15:58.309298 ===
    reason: {case_clause,{error,closed}}
    msg: roadrunner handler crashed
    stacktrace: [{roadrunner_httparena_handler,consume_body,2,
                     [{file,"/src/src/roadrunner_httparena_handler.erl"},
                      {line,80}]},
                 {roadrunner_httparena_handler,upload_endpoint,1,
                     [{file,"/src/src/roadrunner_httparena_handler.erl"},
                      {line,70}]},
                 {roadrunner_conn_loop,run_pipeline,4,
                     [{file,
                          "/src/_build/default/lib/roadrunner/src/roadrunner_conn_loop.erl"},
                      {line,761}]},
                 {proc_lib,init_p_do_apply,3,
                     [{file,"proc_lib.erl"},{line,333}]}]
    handler: roadrunner_httparena_handler
    class: error
=ERROR REPORT==== 29-Jun-2026::11:15:58.309313 ===
    reason: {case_clause,{error,closed}}
    msg: roadrunner handler crashed
    stacktrace: [{roadrunner_httparena_handler,consume_body,2,
                     [{file,"/src/src/roadrunner_httparena_handler.erl"},
                      {line,80}]},
                 {roadrunner_httparena_handler,upload_endpoint,1,
                     [{file,"/src/src/roadrunner_httparena_handler.erl"},
                      {line,70}]},
                 {roadrunner_conn_loop,run_pipeline,4,
                     [{file,
                          "/src/_build/default/lib/roadrunner/src/roadrunner_conn_loop.erl"},
                      {line,761}]},
                 {proc_lib,init_p_do_apply,3,
                     [{file,"proc_lib.erl"},{line,333}]}]
    handler: roadrunner_httparena_handler
    class: error
=ERROR REPORT==== 29-Jun-2026::11:15:58.309376 ===
    reason: {case_clause,{error,closed}}
    msg: roadrunner handler crashed
    stacktrace: [{roadrunner_httparena_handler,consume_body,2,
                     [{file,"/src/src/roadrunner_httparena_handler.erl"},
                      {line,80}]},
                 {roadrunner_httparena_handler,upload_endpoint,1,
                     [{file,"/src/src/roadrunner_httparena_handler.erl"},
                      {line,70}]},
                 {roadrunner_conn_loop,run_pipeline,4,
                     [{file,
                          "/src/_build/default/lib/roadrunner/src/roadrunner_conn_loop.erl"},
                      {line,761}]},
                 {proc_lib,init_p_do_apply,3,
                     [{file,"proc_lib.erl"},{line,333}]}]
    handler: roadrunner_httparena_handler
    class: error
=ERROR REPORT==== 29-Jun-2026::11:15:58.309324 ===
    reason: {case_clause,{error,closed}}
    msg: roadrunner handler crashed
    stacktrace: [{roadrunner_httparena_handler,consume_body,2,
                     [{file,"/src/src/roadrunner_httparena_handler.erl"},
                      {line,80}]},
                 {roadrunner_httparena_handler,upload_endpoint,1,
                     [{file,"/src/src/roadrunner_httparena_handler.erl"},
                      {line,70}]},
                 {roadrunner_conn_loop,run_pipeline,4,
                     [{file,
                          "/src/_build/default/lib/roadrunner/src/roadrunner_conn_loop.erl"},
                      {line,761}]},
                 {proc_lib,init_p_do_apply,3,
                     [{file,"proc_lib.erl"},{line,333}]}]
    handler: roadrunner_httparena_handler
    class: error
=ERROR REPORT==== 29-Jun-2026::11:15:58.309303 ===
    reason: {case_clause,{error,closed}}
    msg: roadrunner handler crashed
    stacktrace: [{roadrunner_httparena_handler,consume_body,2,
                     [{file,"/src/src/roadrunner_httparena_handler.erl"},
                      {line,80}]},
                 {roadrunner_httparena_handler,upload_endpoint,1,
                     [{file,"/src/src/roadrunner_httparena_handler.erl"},
                      {line,70}]},
                 {roadrunner_conn_loop,run_pipeline,4,
                     [{file,
                          "/src/_build/default/lib/roadrunner/src/roadrunner_conn_loop.erl"},
                      {line,761}]},
                 {proc_lib,init_p_do_apply,3,
                     [{file,"proc_lib.erl"},{line,333}]}]
    handler: roadrunner_httparena_handler
    class: error
=ERROR REPORT==== 29-Jun-2026::11:15:58.309327 ===
    reason: {case_clause,{error,closed}}
    msg: roadrunner handler crashed
    stacktrace: [{roadrunner_httparena_handler,consume_body,2,
                     [{file,"/src/src/roadrunner_httparena_handler.erl"},
                      {line,80}]},
                 {roadrunner_httparena_handler,upload_endpoint,1,
                     [{file,"/src/src/roadrunner_httparena_handler.erl"},
                      {line,70}]},
                 {roadrunner_conn_loop,run_pipeline,4,
                     [{file,
                          "/src/_build/default/lib/roadrunner/src/roadrunner_conn_loop.erl"},
                      {line,761}]},
                 {proc_lib,init_p_do_apply,3,
                     [{file,"proc_lib.erl"},{line,333}]}]
    handler: roadrunner_httparena_handler
    class: error
=ERROR REPORT==== 29-Jun-2026::11:15:58.309389 ===
    reason: {case_clause,{error,closed}}
    msg: roadrunner handler crashed
    stacktrace: [{roadrunner_httparena_handler,consume_body,2,
                     [{file,"/src/src/roadrunner_httparena_handler.erl"},
                      {line,80}]},
                 {roadrunner_httparena_handler,upload_endpoint,1,
                     [{file,"/src/src/roadrunner_httparena_handler.erl"},
                      {line,70}]},
                 {roadrunner_conn_loop,run_pipeline,4,
                     [{file,
                          "/src/_build/default/lib/roadrunner/src/roadrunner_conn_loop.erl"},
                      {line,761}]},
                 {proc_lib,init_p_do_apply,3,
                     [{file,"proc_lib.erl"},{line,333}]}]
    handler: roadrunner_httparena_handler
    class: error
=ERROR REPORT==== 29-Jun-2026::11:15:58.309376 ===
    reason: {case_clause,{error,closed}}
    msg: roadrunner handler crashed
    stacktrace: [{roadrunner_httparena_handler,consume_body,2,
                     [{file,"/src/src/roadrunner_httparena_handler.erl"},
                      {line,80}]},
                 {roadrunner_httparena_handler,upload_endpoint,1,
                     [{file,"/src/src/roadrunner_httparena_handler.erl"},
                      {line,70}]},
                 {roadrunner_conn_loop,run_pipeline,4,
                     [{file,
                          "/src/_build/default/lib/roadrunner/src/roadrunner_conn_loop.erl"},
                      {line,761}]},
                 {proc_lib,init_p_do_apply,3,
                     [{file,"proc_lib.erl"},{line,333}]}]
    handler: roadrunner_httparena_handler
    class: error
=ERROR REPORT==== 29-Jun-2026::11:15:58.309375 ===
    reason: {case_clause,{error,closed}}
    msg: roadrunner handler crashed
    stacktrace: [{roadrunner_httparena_handler,consume_body,2,
                     [{file,"/src/src/roadrunner_httparena_handler.erl"},
                      {line,80}]},
                 {roadrunner_httparena_handler,upload_endpoint,1,
                     [{file,"/src/src/roadrunner_httparena_handler.erl"},
                      {line,70}]},
                 {roadrunner_conn_loop,run_pipeline,4,
                     [{file,
                          "/src/_build/default/lib/roadrunner/src/roadrunner_conn_loop.erl"},
                      {line,761}]},
                 {proc_lib,init_p_do_apply,3,
                     [{file,"proc_lib.erl"},{line,333}]}]
    handler: roadrunner_httparena_handler
    class: error
=ERROR REPORT==== 29-Jun-2026::11:15:58.309432 ===
    reason: {case_clause,{error,closed}}
    msg: roadrunner handler crashed
    stacktrace: [{roadrunner_httparena_handler,consume_body,2,
                     [{file,"/src/src/roadrunner_httparena_handler.erl"},
                      {line,80}]},
                 {roadrunner_httparena_handler,upload_endpoint,1,
                     [{file,"/src/src/roadrunner_httparena_handler.erl"},
                      {line,70}]},
                 {roadrunner_conn_loop,run_pipeline,4,
                     [{file,
                          "/src/_build/default/lib/roadrunner/src/roadrunner_conn_loop.erl"},
                      {line,761}]},
                 {proc_lib,init_p_do_apply,3,
                     [{file,"proc_lib.erl"},{line,333}]}]
    handler: roadrunner_httparena_handler
    class: error
=ERROR REPORT==== 29-Jun-2026::11:15:58.309371 ===
    reason: {case_clause,{error,closed}}
    msg: roadrunner handler crashed
    stacktrace: [{roadrunner_httparena_handler,consume_body,2,
                     [{file,"/src/src/roadrunner_httparena_handler.erl"},
                      {line,80}]},
                 {roadrunner_httparena_handler,upload_endpoint,1,
                     [{file,"/src/src/roadrunner_httparena_handler.erl"},
                      {line,70}]},
                 {roadrunner_conn_loop,run_pipeline,4,
                     [{file,
                          "/src/_build/default/lib/roadrunner/src/roadrunner_conn_loop.erl"},
                      {line,761}]},
                 {proc_lib,init_p_do_apply,3,
                     [{file,"proc_lib.erl"},{line,333}]}]
    handler: roadrunner_httparena_handler
    class: error
=ERROR REPORT==== 29-Jun-2026::11:15:58.309416 ===
    reason: {case_clause,{error,closed}}
    msg: roadrunner handler crashed
    stacktrace: [{roadrunner_httparena_handler,consume_body,2,
                     [{file,"/src/src/roadrunner_httparena_handler.erl"},
                      {line,80}]},
                 {roadrunner_httparena_handler,upload_endpoint,1,
                     [{file,"/src/src/roadrunner_httparena_handler.erl"},
                      {line,70}]},
                 {roadrunner_conn_loop,run_pipeline,4,
                     [{file,
                          "/src/_build/default/lib/roadrunner/src/roadrunner_conn_loop.erl"},
                      {line,761}]},
                 {proc_lib,init_p_do_apply,3,
                     [{file,"proc_lib.erl"},{line,333}]}]
    handler: roadrunner_httparena_handler
    class: error
=ERROR REPORT==== 29-Jun-2026::11:15:58.309445 ===
    reason: {case_clause,{error,closed}}
    msg: roadrunner handler crashed
    stacktrace: [{roadrunner_httparena_handler,consume_body,2,
                     [{file,"/src/src/roadrunner_httparena_handler.erl"},
                      {line,80}]},
                 {roadrunner_httparena_handler,upload_endpoint,1,
                     [{file,"/src/src/roadrunner_httparena_handler.erl"},
                      {line,70}]},
                 {roadrunner_conn_loop,run_pipeline,4,
                     [{file,
                          "/src/_build/default/lib/roadrunner/src/roadrunner_conn_loop.erl"},
                      {line,761}]},
                 {proc_lib,init_p_do_apply,3,
                     [{file,"proc_lib.erl"},{line,333}]}]
    handler: roadrunner_httparena_handler
    class: error
=ERROR REPORT==== 29-Jun-2026::11:15:58.309412 ===
    reason: {case_clause,{error,closed}}
    msg: roadrunner handler crashed
    stacktrace: [{roadrunner_httparena_handler,consume_body,2,
                     [{file,"/src/src/roadrunner_httparena_handler.erl"},
                      {line,80}]},
                 {roadrunner_httparena_handler,upload_endpoint,1,
                     [{file,"/src/src/roadrunner_httparena_handler.erl"},
                      {line,70}]},
                 {roadrunner_conn_loop,run_pipeline,4,
                     [{file,
                          "/src/_build/default/lib/roadrunner/src/roadrunner_conn_loop.erl"},
                      {line,761}]},
                 {proc_lib,init_p_do_apply,3,
                     [{file,"proc_lib.erl"},{line,333}]}]
    handler: roadrunner_httparena_handler
    class: error
=ERROR REPORT==== 29-Jun-2026::11:15:58.309480 ===
    reason: {case_clause,{error,closed}}
    msg: roadrunner handler crashed
    stacktrace: [{roadrunner_httparena_handler,consume_body,2,
                     [{file,"/src/src/roadrunner_httparena_handler.erl"},
                      {line,80}]},
                 {roadrunner_httparena_handler,upload_endpoint,1,
                     [{file,"/src/src/roadrunner_httparena_handler.erl"},
                      {line,70}]},
                 {roadrunner_conn_loop,run_pipeline,4,
                     [{file,
                          "/src/_build/default/lib/roadrunner/src/roadrunner_conn_loop.erl"},
                      {line,761}]},
                 {proc_lib,init_p_do_apply,3,
                     [{file,"proc_lib.erl"},{line,333}]}]
    handler: roadrunner_httparena_handler
    class: error
=ERROR REPORT==== 29-Jun-2026::11:15:58.309455 ===
    reason: {case_clause,{error,closed}}
    msg: roadrunner handler crashed
    stacktrace: [{roadrunner_httparena_handler,consume_body,2,
                     [{file,"/src/src/roadrunner_httparena_handler.erl"},
                      {line,80}]},
                 {roadrunner_httparena_handler,upload_endpoint,1,
                     [{file,"/src/src/roadrunner_httparena_handler.erl"},
                      {line,70}]},
                 {roadrunner_conn_loop,run_pipeline,4,
                     [{file,
                          "/src/_build/default/lib/roadrunner/src/roadrunner_conn_loop.erl"},
                      {line,761}]},
                 {proc_lib,init_p_do_apply,3,
                     [{file,"proc_lib.erl"},{line,333}]}]
    handler: roadrunner_httparena_handler
    class: error
=ERROR REPORT==== 29-Jun-2026::11:15:58.309509 ===
    reason: {case_clause,{error,closed}}
    msg: roadrunner handler crashed
    stacktrace: [{roadrunner_httparena_handler,consume_body,2,
                     [{file,"/src/src/roadrunner_httparena_handler.erl"},
                      {line,80}]},
                 {roadrunner_httparena_handler,upload_endpoint,1,
                     [{file,"/src/src/roadrunner_httparena_handler.erl"},
                      {line,70}]},
                 {roadrunner_conn_loop,run_pipeline,4,
                     [{file,
                          "/src/_build/default/lib/roadrunner/src/roadrunner_conn_loop.erl"},
                      {line,761}]},
                 {proc_lib,init_p_do_apply,3,
                     [{file,"proc_lib.erl"},{line,333}]}]
    handler: roadrunner_httparena_handler
    class: error
=ERROR REPORT==== 29-Jun-2026::11:15:58.309508 ===
    reason: {case_clause,{error,closed}}
    msg: roadrunner handler crashed
    stacktrace: [{roadrunner_httparena_handler,consume_body,2,
                     [{file,"/src/src/roadrunner_httparena_handler.erl"},
                      {line,80}]},
                 {roadrunner_httparena_handler,upload_endpoint,1,
                     [{file,"/src/src/roadrunner_httparena_handler.erl"},
                      {line,70}]},
                 {roadrunner_conn_loop,run_pipeline,4,
                     [{file,
                          "/src/_build/default/lib/roadrunner/src/roadrunner_conn_loop.erl"},
                      {line,761}]},
                 {proc_lib,init_p_do_apply,3,
                     [{file,"proc_lib.erl"},{line,333}]}]
    handler: roadrunner_httparena_handler
    class: error
=ERROR REPORT==== 29-Jun-2026::11:15:58.309517 ===
    reason: {case_clause,{error,closed}}
    msg: roadrunner handler crashed
    stacktrace: [{roadrunner_httparena_handler,consume_body,2,
                     [{file,"/src/src/roadrunner_httparena_handler.erl"},
                      {line,80}]},
                 {roadrunner_httparena_handler,upload_endpoint,1,
                     [{file,"/src/src/roadrunner_httparena_handler.erl"},
                      {line,70}]},
                 {roadrunner_conn_loop,run_pipeline,4,
                     [{file,
                          "/src/_build/default/lib/roadrunner/src/roadrunner_conn_loop.erl"},
                      {line,761}]},
                 {proc_lib,init_p_do_apply,3,
                     [{file,"proc_lib.erl"},{line,333}]}]
    handler: roadrunner_httparena_handler
    class: error
=ERROR REPORT==== 29-Jun-2026::11:15:58.310668 ===
    reason: {case_clause,{error,closed}}
    msg: roadrunner handler crashed
    stacktrace: [{roadrunner_httparena_handler,consume_body,2,
                     [{file,"/src/src/roadrunner_httparena_handler.erl"},
                      {line,80}]},
                 {roadrunner_httparena_handler,upload_endpoint,1,
                     [{file,"/src/src/roadrunner_httparena_handler.erl"},
                      {line,70}]},
                 {roadrunner_conn_loop,run_pipeline,4,
                     [{file,
                          "/src/_build/default/lib/roadrunner/src/roadrunner_conn_loop.erl"},
                      {line,761}]},
                 {proc_lib,init_p_do_apply,3,
                     [{file,"proc_lib.erl"},{line,333}]}]
    handler: roadrunner_httparena_handler
    class: error
=ERROR REPORT==== 29-Jun-2026::11:15:58.310723 ===
    reason: {case_clause,{error,closed}}
    msg: roadrunner handler crashed
    stacktrace: [{roadrunner_httparena_handler,consume_body,2,
                     [{file,"/src/src/roadrunner_httparena_handler.erl"},
                      {line,80}]},
                 {roadrunner_httparena_handler,upload_endpoint,1,
                     [{file,"/src/src/roadrunner_httparena_handler.erl"},
                      {line,70}]},
                 {roadrunner_conn_loop,run_pipeline,4,
                     [{file,
                          "/src/_build/default/lib/roadrunner/src/roadrunner_conn_loop.erl"},
                      {line,761}]},
                 {proc_lib,init_p_do_apply,3,
                     [{file,"proc_lib.erl"},{line,333}]}]
    handler: roadrunner_httparena_handler
    class: error
=ERROR REPORT==== 29-Jun-2026::11:15:58.310709 ===
    reason: {case_clause,{error,closed}}
    msg: roadrunner handler crashed
    stacktrace: [{roadrunner_httparena_handler,consume_body,2,
                     [{file,"/src/src/roadrunner_httparena_handler.erl"},
                      {line,80}]},
                 {roadrunner_httparena_handler,upload_endpoint,1,
                     [{file,"/src/src/roadrunner_httparena_handler.erl"},
                      {line,70}]},
                 {roadrunner_conn_loop,run_pipeline,4,
                     [{file,
                          "/src/_build/default/lib/roadrunner/src/roadrunner_conn_loop.erl"},
                      {line,761}]},
                 {proc_lib,init_p_do_apply,3,
                     [{file,"proc_lib.erl"},{line,333}]}]
    handler: roadrunner_httparena_handler
    class: error
=ERROR REPORT==== 29-Jun-2026::11:15:58.310726 ===
    reason: {case_clause,{error,closed}}
    msg: roadrunner handler crashed
    stacktrace: [{roadrunner_httparena_handler,consume_body,2,
                     [{file,"/src/src/roadrunner_httparena_handler.erl"},
                      {line,80}]},
                 {roadrunner_httparena_handler,upload_endpoint,1,
                     [{file,"/src/src/roadrunner_httparena_handler.erl"},
                      {line,70}]},
                 {roadrunner_conn_loop,run_pipeline,4,
                     [{file,
                          "/src/_build/default/lib/roadrunner/src/roadrunner_conn_loop.erl"},
                      {line,761}]},
                 {proc_lib,init_p_do_apply,3,
                     [{file,"proc_lib.erl"},{line,333}]}]
    handler: roadrunner_httparena_handler
    class: error
=ERROR REPORT==== 29-Jun-2026::11:15:58.310721 ===
    reason: {case_clause,{error,closed}}
    msg: roadrunner handler crashed
    stacktrace: [{roadrunner_httparena_handler,consume_body,2,
                     [{file,"/src/src/roadrunner_httparena_handler.erl"},
                      {line,80}]},
                 {roadrunner_httparena_handler,upload_endpoint,1,
                     [{file,"/src/src/roadrunner_httparena_handler.erl"},
                      {line,70}]},
                 {roadrunner_conn_loop,run_pipeline,4,
                     [{file,
                          "/src/_build/default/lib/roadrunner/src/roadrunner_conn_loop.erl"},
                      {line,761}]},
                 {proc_lib,init_p_do_apply,3,
                     [{file,"proc_lib.erl"},{line,333}]}]
    handler: roadrunner_httparena_handler
    class: error
=ERROR REPORT==== 29-Jun-2026::11:15:58.311046 ===
    reason: {case_clause,{error,closed}}
    msg: roadrunner handler crashed
    stacktrace: [{roadrunner_httparena_handler,consume_body,2,
                     [{file,"/src/src/roadrunner_httparena_handler.erl"},
                      {line,80}]},
                 {roadrunner_httparena_handler,upload_endpoint,1,
                     [{file,"/src/src/roadrunner_httparena_handler.erl"},
                      {line,70}]},
                 {roadrunner_conn_loop,run_pipeline,4,
                     [{file,
                          "/src/_build/default/lib/roadrunner/src/roadrunner_conn_loop.erl"},
                      {line,761}]},
                 {proc_lib,init_p_do_apply,3,
                     [{file,"proc_lib.erl"},{line,333}]}]
    handler: roadrunner_httparena_handler
    class: error
=ERROR REPORT==== 29-Jun-2026::11:15:58.311056 ===
    reason: {case_clause,{error,closed}}
    msg: roadrunner handler crashed
    stacktrace: [{roadrunner_httparena_handler,consume_body,2,
                     [{file,"/src/src/roadrunner_httparena_handler.erl"},
                      {line,80}]},
                 {roadrunner_httparena_handler,upload_endpoint,1,
                     [{file,"/src/src/roadrunner_httparena_handler.erl"},
                      {line,70}]},
                 {roadrunner_conn_loop,run_pipeline,4,
                     [{file,
                          "/src/_build/default/lib/roadrunner/src/roadrunner_conn_loop.erl"},
                      {line,761}]},
                 {proc_lib,init_p_do_apply,3,
                     [{file,"proc_lib.erl"},{line,333}]}]
    handler: roadrunner_httparena_handler
    class: error
=ERROR REPORT==== 29-Jun-2026::11:15:58.311053 ===
    reason: {case_clause,{error,closed}}
    msg: roadrunner handler crashed
    stacktrace: [{roadrunner_httparena_handler,consume_body,2,
                     [{file,"/src/src/roadrunner_httparena_handler.erl"},
                      {line,80}]},
                 {roadrunner_httparena_handler,upload_endpoint,1,
                     [{file,"/src/src/roadrunner_httparena_handler.erl"},
                      {line,70}]},
                 {roadrunner_conn_loop,run_pipeline,4,
                     [{file,
                          "/src/_build/default/lib/roadrunner/src/roadrunner_conn_loop.erl"},
                      {line,761}]},
                 {proc_lib,init_p_do_apply,3,
                     [{file,"proc_lib.erl"},{line,333}]}]
    handler: roadrunner_httparena_handler
    class: error
=ERROR REPORT==== 29-Jun-2026::11:15:58.311018 ===
    reason: {case_clause,{error,closed}}
    msg: roadrunner handler crashed
    stacktrace: [{roadrunner_httparena_handler,consume_body,2,
                     [{file,"/src/src/roadrunner_httparena_handler.erl"},
                      {line,80}]},
                 {roadrunner_httparena_handler,upload_endpoint,1,
                     [{file,"/src/src/roadrunner_httparena_handler.erl"},
                      {line,70}]},
                 {roadrunner_conn_loop,run_pipeline,4,
                     [{file,
                          "/src/_build/default/lib/roadrunner/src/roadrunner_conn_loop.erl"},
                      {line,761}]},
                 {proc_lib,init_p_do_apply,3,
                     [{file,"proc_lib.erl"},{line,333}]}]
    handler: roadrunner_httparena_handler
    class: error
