[main] INFO org.eclipse.jetty.server.Server - jetty-12.0.36; built: 2026-05-31T22:48:44.797Z; git: a8f56e2a89f28be5a9466418a05f9e536b3b2c81; jvm 26.0.2+10
[main] INFO org.eclipse.jetty.session.DefaultSessionIdManager - Session workerName=node0
[main] INFO org.eclipse.jetty.server.handler.ContextHandler - Started oeje10s.ServletContextHandler@50a7dc25{ROOT,/,b=null,a=AVAILABLE,h=GzipHandler@2ae032c4{STARTED,min=32,inflate=-1}}
[main] INFO org.eclipse.jetty.ee10.servlet.ServletContextHandler - Started oeje10s.ServletContextHandler@50a7dc25{ROOT,/,b=null,a=AVAILABLE,h=GzipHandler@2ae032c4{STARTED,min=32,inflate=-1}}
[main] INFO org.eclipse.jetty.server.AbstractConnector - Started ServerConnector@518ed96e{HTTP/1.1, (http/1.1)}{0.0.0.0:8080}
[main] INFO org.eclipse.jetty.server.Server - Started oejs.Server@b0f9c63{STARTING}[12.0.36,sto=0] @4782ms
[main] INFO org.eclipse.jetty.server.Server - jetty-12.0.36; built: 2026-05-31T22:48:44.797Z; git: a8f56e2a89f28be5a9466418a05f9e536b3b2c81; jvm 26.0.2+10
[main] INFO org.eclipse.jetty.session.DefaultSessionIdManager - Session workerName=node0
[main] INFO org.eclipse.jetty.server.handler.ContextHandler - Started oeje10s.ServletContextHandler@68f1b06b{ROOT,/,b=null,a=AVAILABLE,h=GzipHandler@55b12c21{STARTED,min=32,inflate=-1}}
[main] INFO org.eclipse.jetty.ee10.servlet.ServletContextHandler - Started oeje10s.ServletContextHandler@68f1b06b{ROOT,/,b=null,a=AVAILABLE,h=GzipHandler@55b12c21{STARTED,min=32,inflate=-1}}
[main] INFO org.eclipse.jetty.util.ssl.SslContextFactory - x509=X509@2d2ec76(1,h=[localhost],a=[/127.0.0.1, /0.0.0.0, /0:0:0:0:0:0:0:1],w=[localhost]) for Server@255130e3[provider=null,keyStore=file:///tmp/server.p12,trustStore=null]
[main] INFO org.eclipse.jetty.server.AbstractConnector - Started ServerConnector@73c425d3{SSL, (ssl, http/1.1)}{0.0.0.0:8081}
[main] INFO org.eclipse.jetty.server.Server - Started oejs.Server@2603ad0a{STARTING}[12.0.36,sto=0] @4913ms
[main] INFO org.eclipse.jetty.server.Server - jetty-12.0.36; built: 2026-05-31T22:48:44.797Z; git: a8f56e2a89f28be5a9466418a05f9e536b3b2c81; jvm 26.0.2+10
[main] INFO org.eclipse.jetty.session.DefaultSessionIdManager - Session workerName=node0
[main] INFO org.eclipse.jetty.server.handler.ContextHandler - Started oeje10s.ServletContextHandler@355bffcf{ROOT,/,b=null,a=AVAILABLE,h=GzipHandler@3b44d50b{STARTED,min=32,inflate=-1}}
[main] INFO org.eclipse.jetty.ee10.servlet.ServletContextHandler - Started oeje10s.ServletContextHandler@355bffcf{ROOT,/,b=null,a=AVAILABLE,h=GzipHandler@3b44d50b{STARTED,min=32,inflate=-1}}
[main] INFO org.eclipse.jetty.server.AbstractConnector - Started ServerConnector@49c930d5{HTTP/1.1, (http/1.1, h2c)}{0.0.0.0:8082}
[main] INFO org.eclipse.jetty.server.Server - Started oejs.Server@73a0353f{STARTING}[12.0.36,sto=0] @4919ms
[main] INFO org.eclipse.jetty.server.Server - jetty-12.0.36; built: 2026-05-31T22:48:44.797Z; git: a8f56e2a89f28be5a9466418a05f9e536b3b2c81; jvm 26.0.2+10
[main] INFO org.eclipse.jetty.session.DefaultSessionIdManager - Session workerName=node0
[main] INFO org.eclipse.jetty.server.handler.ContextHandler - Started oeje10s.ServletContextHandler@16d8ee2e{ROOT,/,b=null,a=AVAILABLE,h=GzipHandler@4c8a893e{STARTED,min=32,inflate=-1}}
[main] INFO org.eclipse.jetty.ee10.servlet.ServletContextHandler - Started oeje10s.ServletContextHandler@16d8ee2e{ROOT,/,b=null,a=AVAILABLE,h=GzipHandler@4c8a893e{STARTED,min=32,inflate=-1}}
[main] INFO org.eclipse.jetty.util.ssl.SslContextFactory - x509=X509@70d444ed(1,h=[localhost],a=[/127.0.0.1, /0.0.0.0, /0:0:0:0:0:0:0:1],w=[localhost]) for Server@212c7d47[provider=null,keyStore=file:///tmp/server.p12,trustStore=null]
[main] INFO org.eclipse.jetty.server.AbstractConnector - Started ServerConnector@5e500946{SSL, (ssl, alpn, h2, http/1.1)}{0.0.0.0:8443}
[main] INFO org.eclipse.jetty.server.Server - Started oejs.Server@4906fbd0{STARTING}[12.0.36,sto=0] @4955ms
[qtp1395846122-311] ERROR io.pedestal.http.impl.servlet-interceptor - {:msg "error-stylobate triggered", :context {:response {:status 200, :headers {"content-type" "text/plain", "Content-Type" "text/plain"}, :body "2"}, :io.pedestal.interceptor.chain/leave-queue (), :request {:protocol "HTTP/2.0", :async-supported? true, :remote-addr "127.0.0.1", :params {:a "1", :b "1"}, :servlet-response #object[org.eclipse.jetty.ee10.servlet.ServletApiResponse 0x2b9b794f "ServletApiResponse@2b9b794f{org.eclipse.jetty.ee10.servlet.ServletContextResponse@4acfcc6f,org.eclipse.jetty.ee10.servlet.ServletContextResponse@4acfcc6f}"], :servlet #object[io.pedestal.servlet.FnServlet 0x18594f42 "io.pedestal.servlet.FnServlet@18594f42"], :headers {"user-agent" "h2load nghttp2/1.59.0"}, :server-port 8443, :servlet-request #object[org.eclipse.jetty.ee10.servlet.ServletApiRequest 0x5ff4fdd5 "ServletApiRequest@5ff4fdd5{ServletContextRequest@2fd5a665{SecureRequestWithSslSessionData@1bcdbb44{GET@49bcd420 https://localhost:8443/baseline2?a=1&b=1 HTTP/2.0}}}"], :query-params {:a "1", :b "1"}, :path-info "/baseline2", :url-for #object[clojure.lang.Delay 0x45db76ef {:status :pending, :val nil}], :uri "/baseline2", :server-name "localhost", :query-string "a=1&b=1", :path-params {}, :body #object[org.eclipse.jetty.ee10.servlet.HttpInput 0x6ae9b7a0 "HttpInput@1793701792 cs=ServletChannelState@2f66ca50{s=HANDLING rs=BLOCKING os=OPEN is=IDLE awp=false se=false i=true al=0} cp=org.eclipse.jetty.ee10.servlet.BlockingContentProducer@4b5ad3bf eof=false"], :scheme :https, :request-method :get, :context-path ""}, :io.pedestal.http.route/path-params-decoded? true, :bindings {#'io.pedestal.http.route/*url-for* #object[clojure.lang.Delay 0x45db76ef {:status :pending, :val nil}]}, :io.pedestal.interceptor.chain/terminators (#object[io.pedestal.http.response$terminate_when_response_STAR_ 0x148875fa "io.pedestal.http.response$terminate_when_response_STAR_@148875fa"]), :servlet-response #object[org.eclipse.jetty.ee10.servlet.ServletApiResponse 0x2b9b794f "ServletApiResponse@2b9b794f{org.eclipse.jetty.ee10.servlet.ServletContextResponse@4acfcc6f,org.eclipse.jetty.ee10.servlet.ServletContextResponse@4acfcc6f}"], :route {:path "/baseline2", :method :get, :path-parts ["baseline2"], :interceptors [#Interceptor{:name :httparena.pedestal.core/baseline-handler}], :route-name :httparena.pedestal.core/baseline-h2, :path-params [], :path-re #"/\Qbaseline2\E", :io.pedestal.http.route.internal/satisfies-constraints? #object[io.pedestal.http.route.internal$add_satisfies_constraints_QMARK_$fn__11349 0x4b57ae7 "io.pedestal.http.route.internal$add_satisfies_constraints_QMARK_$fn__11349@4b57ae7"]}, :servlet #object[io.pedestal.servlet.FnServlet 0x18594f42 "io.pedestal.servlet.FnServlet@18594f42"], :servlet-request #object[org.eclipse.jetty.ee10.servlet.ServletApiRequest 0x5ff4fdd5 "ServletApiRequest@5ff4fdd5{ServletContextRequest@2fd5a665{SecureRequestWithSslSessionData@1bcdbb44{GET@49bcd420 https://localhost:8443/baseline2?a=1&b=1 HTTP/2.0}}}"], :websocket-channel-source #object[org.eclipse.jetty.ee10.servlet.ServletApiRequest 0x5ff4fdd5 "ServletApiRequest@5ff4fdd5{ServletContextRequest@2fd5a665{SecureRequestWithSslSessionData@1bcdbb44{GET@49bcd420 https://localhost:8443/baseline2?a=1&b=1 HTTP/2.0}}}"], :io.pedestal.interceptor.chain/enter-async [#object[io.pedestal.http.impl.servlet_interceptor$start_servlet_async 0x4b11d6ea "io.pedestal.http.impl.servlet_interceptor$start_servlet_async@4b11d6ea"]], :url-for #object[clojure.lang.Delay 0x45db76ef {:status :pending, :val nil}], :io.pedestal.interceptor.chain/execution-id 1060153, :servlet-config #object[org.eclipse.jetty.ee10.servlet.ServletHolder$Config 0x550e8ba5 "org.eclipse.jetty.ee10.servlet.ServletHolder$Config@550e8ba5"]}, :line 298}
clojure.lang.ExceptionInfo: java.nio.channels.ClosedChannelException in Interceptor :io.pedestal.http.impl.servlet-interceptor/ring-response {:execution-id nil, :stage :leave, :interceptor :io.pedestal.http.impl.servlet-interceptor/ring-response, :exception-type :java.nio.channels.ClosedChannelException, :exception #error {
 :cause nil
 :via
 [{:type java.nio.channels.ClosedChannelException
   :message nil
   :at [org.eclipse.jetty.http2.HTTP2Session$StreamsState onShutdown "HTTP2Session.java" 2141]}]
 :trace
 [[org.eclipse.jetty.http2.HTTP2Session$StreamsState onShutdown "HTTP2Session.java" 2141]
  [org.eclipse.jetty.http2.HTTP2Session onShutdown "HTTP2Session.java" 1179]
  [org.eclipse.jetty.http2.HTTP2Connection$HTTP2Producer produce "HTTP2Connection.java" 389]
  [org.eclipse.jetty.util.thread.strategy.AdaptiveExecutionStrategy produceTask "AdaptiveExecutionStrategy.java" 526]
  [org.eclipse.jetty.util.thread.strategy.AdaptiveExecutionStrategy tryProduce "AdaptiveExecutionStrategy.java" 251]
  [org.eclipse.jetty.util.thread.strategy.AdaptiveExecutionStrategy run "AdaptiveExecutionStrategy.java" 204]
  [org.eclipse.jetty.util.thread.ReservedThreadExecutor$ReservedThread run "ReservedThreadExecutor.java" 311]
  [org.eclipse.jetty.util.thread.QueuedThreadPool runJob "QueuedThreadPool.java" 981]
  [org.eclipse.jetty.util.thread.QueuedThreadPool$Runner doRunJob "QueuedThreadPool.java" 1212]
  [org.eclipse.jetty.util.thread.QueuedThreadPool$Runner run "QueuedThreadPool.java" 1166]
  [java.lang.Thread run "Thread.java" 1516]]}}
	at io.pedestal.interceptor.chain$throwable__GT_ex_info.invokeStatic(chain.clj:41)
	at io.pedestal.interceptor.chain$throwable__GT_ex_info.invoke(chain.clj:35)
	at io.pedestal.interceptor.chain$begin_error.invokeStatic(chain.clj:74)
	at io.pedestal.interceptor.chain$begin_error.invoke(chain.clj:62)
	at io.pedestal.interceptor.chain$try_stage.invokeStatic(chain.clj:124)
	at io.pedestal.interceptor.chain$try_stage.invoke(chain.clj:108)
	at io.pedestal.interceptor.chain$execute_leave$fn__11043.invoke(chain.clj:270)
	at clojure.lang.AFn.applyToHelper(AFn.java:152)
	at clojure.lang.AFn.applyTo(AFn.java:144)
	at clojure.core$apply.invokeStatic(core.clj:667)
	at clojure.core$with_bindings_STAR_.invokeStatic(core.clj:1994)
	at clojure.core$with_bindings_STAR_.doInvoke(core.clj:1994)
	at clojure.lang.RestFn.invoke(RestFn.java:428)
	at io.pedestal.interceptor.chain$execute_leave.invokeStatic(chain.clj:250)
	at io.pedestal.interceptor.chain$execute_leave.invoke(chain.clj:243)
	at io.pedestal.interceptor.chain$execute_continue.invokeStatic(chain.clj:362)
	at io.pedestal.interceptor.chain$execute_continue.invoke(chain.clj:359)
	at io.pedestal.interceptor.chain$execute.invokeStatic(chain.clj:424)
	at io.pedestal.interceptor.chain$execute.invoke(chain.clj:373)
	at io.pedestal.interceptor.chain$execute.invokeStatic(chain.clj:429)
	at io.pedestal.interceptor.chain$execute.invoke(chain.clj:373)
	at io.pedestal.http.impl.servlet_interceptor$interceptor_service_fn$fn__16045.invoke(servlet_interceptor.clj:386)
	at io.pedestal.servlet.FnServlet.service(FnServlet.java:57)
	at jakarta.servlet.http.HttpServlet.service(HttpServlet.java:614)
	at org.eclipse.jetty.ee10.servlet.ServletHolder.handle(ServletHolder.java:753)
	at org.eclipse.jetty.ee10.servlet.ServletHandler$ChainEnd.doFilter(ServletHandler.java:1624)
	at org.eclipse.jetty.ee10.websocket.servlet.WebSocketUpgradeFilter.doFilter(WebSocketUpgradeFilter.java:195)
	at org.eclipse.jetty.ee10.servlet.FilterHolder.doFilter(FilterHolder.java:205)
	at org.eclipse.jetty.ee10.servlet.ServletHandler$Chain.doFilter(ServletHandler.java:1596)
	at org.eclipse.jetty.ee10.servlet.ServletHandler$MappedServlet.handle(ServletHandler.java:1557)
	at org.eclipse.jetty.ee10.servlet.ServletChannel.dispatch(ServletChannel.java:828)
	at org.eclipse.jetty.ee10.servlet.ServletChannel.handle(ServletChannel.java:438)
	at org.eclipse.jetty.ee10.servlet.ServletHandler.handle(ServletHandler.java:470)
	at org.eclipse.jetty.ee10.servlet.SessionHandler.handle(SessionHandler.java:717)
	at org.eclipse.jetty.server.handler.gzip.GzipHandler.handle(GzipHandler.java:613)
	at org.eclipse.jetty.server.handler.ContextHandler.handle(ContextHandler.java:1102)
	at org.eclipse.jetty.server.Server.handle(Server.java:182)
	at org.eclipse.jetty.server.internal.HttpChannelState$HandlerInvoker.run(HttpChannelState.java:772)
	at org.eclipse.jetty.util.thread.Invocable$ReadyTask.run(Invocable.java:177)
	at org.eclipse.jetty.http2.server.internal.HttpStreamOverHTTP2$1.run(HttpStreamOverHTTP2.java:144)
	at org.eclipse.jetty.util.thread.QueuedThreadPool.runJob(QueuedThreadPool.java:981)
	at org.eclipse.jetty.util.thread.QueuedThreadPool$Runner.doRunJob(QueuedThreadPool.java:1212)
	at org.eclipse.jetty.util.thread.QueuedThreadPool$Runner.run(QueuedThreadPool.java:1166)
	at java.base/java.lang.Thread.run(Thread.java:1516)
Caused by: java.nio.channels.ClosedChannelException
	at org.eclipse.jetty.http2.HTTP2Session$StreamsState.onShutdown(HTTP2Session.java:2141)
	at org.eclipse.jetty.http2.HTTP2Session.onShutdown(HTTP2Session.java:1179)
	at org.eclipse.jetty.http2.HTTP2Connection$HTTP2Producer.produce(HTTP2Connection.java:389)
	at org.eclipse.jetty.util.thread.strategy.AdaptiveExecutionStrategy.produceTask(AdaptiveExecutionStrategy.java:526)
	at org.eclipse.jetty.util.thread.strategy.AdaptiveExecutionStrategy.tryProduce(AdaptiveExecutionStrategy.java:251)
	at org.eclipse.jetty.util.thread.strategy.AdaptiveExecutionStrategy.run(AdaptiveExecutionStrategy.java:204)
	at org.eclipse.jetty.util.thread.ReservedThreadExecutor$ReservedThread.run(ReservedThreadExecutor.java:311)
	... 4 more
[qtp1395846122-338] ERROR io.pedestal.http.impl.servlet-interceptor - {:msg "error-stylobate triggered", :context {:response {:status 200, :headers {"content-type" "text/plain", "Content-Type" "text/plain"}, :body "2"}, :io.pedestal.interceptor.chain/leave-queue (), :request {:protocol "HTTP/2.0", :async-supported? true, :remote-addr "127.0.0.1", :params {:a "1", :b "1"}, :servlet-response #object[org.eclipse.jetty.ee10.servlet.ServletApiResponse 0x6c55e9ec "ServletApiResponse@6c55e9ec{org.eclipse.jetty.ee10.servlet.ServletContextResponse@29576a02,org.eclipse.jetty.ee10.servlet.ServletContextResponse@29576a02}"], :servlet #object[io.pedestal.servlet.FnServlet 0x18594f42 "io.pedestal.servlet.FnServlet@18594f42"], :headers {"user-agent" "h2load nghttp2/1.59.0"}, :server-port 8443, :servlet-request #object[org.eclipse.jetty.ee10.servlet.ServletApiRequest 0x2364b4d6 "ServletApiRequest@2364b4d6{ServletContextRequest@1834632b{SecureRequestWithSslSessionData@5bede348{GET@4978954d https://localhost:8443/baseline2?a=1&b=1 HTTP/2.0}}}"], :query-params {:a "1", :b "1"}, :path-info "/baseline2", :url-for #object[clojure.lang.Delay 0x4f3c4ab0 {:status :pending, :val nil}], :uri "/baseline2", :server-name "localhost", :query-string "a=1&b=1", :path-params {}, :body #object[org.eclipse.jetty.ee10.servlet.HttpInput 0x742a5547 "HttpInput@1948931399 cs=ServletChannelState@40e90f29{s=HANDLING rs=BLOCKING os=OPEN is=IDLE awp=false se=false i=true al=0} cp=org.eclipse.jetty.ee10.servlet.BlockingContentProducer@4d362884 eof=false"], :scheme :https, :request-method :get, :context-path ""}, :io.pedestal.http.route/path-params-decoded? true, :bindings {#'io.pedestal.http.route/*url-for* #object[clojure.lang.Delay 0x4f3c4ab0 {:status :pending, :val nil}]}, :io.pedestal.interceptor.chain/terminators (#object[io.pedestal.http.response$terminate_when_response_STAR_ 0x148875fa "io.pedestal.http.response$terminate_when_response_STAR_@148875fa"]), :servlet-response #object[org.eclipse.jetty.ee10.servlet.ServletApiResponse 0x6c55e9ec "ServletApiResponse@6c55e9ec{org.eclipse.jetty.ee10.servlet.ServletContextResponse@29576a02,org.eclipse.jetty.ee10.servlet.ServletContextResponse@29576a02}"], :route {:path "/baseline2", :method :get, :path-parts ["baseline2"], :interceptors [#Interceptor{:name :httparena.pedestal.core/baseline-handler}], :route-name :httparena.pedestal.core/baseline-h2, :path-params [], :path-re #"/\Qbaseline2\E", :io.pedestal.http.route.internal/satisfies-constraints? #object[io.pedestal.http.route.internal$add_satisfies_constraints_QMARK_$fn__11349 0x4b57ae7 "io.pedestal.http.route.internal$add_satisfies_constraints_QMARK_$fn__11349@4b57ae7"]}, :servlet #object[io.pedestal.servlet.FnServlet 0x18594f42 "io.pedestal.servlet.FnServlet@18594f42"], :servlet-request #object[org.eclipse.jetty.ee10.servlet.ServletApiRequest 0x2364b4d6 "ServletApiRequest@2364b4d6{ServletContextRequest@1834632b{SecureRequestWithSslSessionData@5bede348{GET@4978954d https://localhost:8443/baseline2?a=1&b=1 HTTP/2.0}}}"], :websocket-channel-source #object[org.eclipse.jetty.ee10.servlet.ServletApiRequest 0x2364b4d6 "ServletApiRequest@2364b4d6{ServletContextRequest@1834632b{SecureRequestWithSslSessionData@5bede348{GET@4978954d https://localhost:8443/baseline2?a=1&b=1 HTTP/2.0}}}"], :io.pedestal.interceptor.chain/enter-async [#object[io.pedestal.http.impl.servlet_interceptor$start_servlet_async 0x4b11d6ea "io.pedestal.http.impl.servlet_interceptor$start_servlet_async@4b11d6ea"]], :url-for #object[clojure.lang.Delay 0x4f3c4ab0 {:status :pending, :val nil}], :io.pedestal.interceptor.chain/execution-id 1085738, :servlet-config #object[org.eclipse.jetty.ee10.servlet.ServletHolder$Config 0x550e8ba5 "org.eclipse.jetty.ee10.servlet.ServletHolder$Config@550e8ba5"]}, :line 298}
clojure.lang.ExceptionInfo: java.io.IOException in Interceptor :io.pedestal.http.impl.servlet-interceptor/ring-response - no_error/stop {:execution-id nil, :stage :leave, :interceptor :io.pedestal.http.impl.servlet-interceptor/ring-response, :exception-type :java.io.IOException, :exception #error {
 :cause "no_error/stop"
 :via
 [{:type java.io.IOException
   :message "no_error/stop"
   :at [org.eclipse.jetty.http2.HTTP2Session toFailure "HTTP2Session.java" 763]}]
 :trace
 [[org.eclipse.jetty.http2.HTTP2Session toFailure "HTTP2Session.java" 763]
  [org.eclipse.jetty.http2.HTTP2Session$StreamsState halt "HTTP2Session.java" 1982]
  [org.eclipse.jetty.http2.HTTP2Session doStop "HTTP2Session.java" 175]
  [org.eclipse.jetty.util.component.AbstractLifeCycle stop "AbstractLifeCycle.java" 132]
  [org.eclipse.jetty.util.component.LifeCycle stop "LifeCycle.java" 91]
  [org.eclipse.jetty.http2.SessionContainer onClosed "SessionContainer.java" 79]
  [org.eclipse.jetty.io.AbstractConnection onClosed "AbstractConnection.java" 248]
  [org.eclipse.jetty.io.AbstractConnection onClose "AbstractConnection.java" 240]
  [org.eclipse.jetty.http2.HTTP2Connection onClose "HTTP2Connection.java" 148]
  [org.eclipse.jetty.io.ssl.SslConnection onClose "SslConnection.java" 376]
  [org.eclipse.jetty.io.SelectorManager connectionClosed "SelectorManager.java" 363]
  [org.eclipse.jetty.io.ManagedSelector$DestroyEndPoint run "ManagedSelector.java" 1097]
  [org.eclipse.jetty.util.thread.QueuedThreadPool runJob "QueuedThreadPool.java" 981]
  [org.eclipse.jetty.util.thread.QueuedThreadPool$Runner doRunJob "QueuedThreadPool.java" 1212]
  [org.eclipse.jetty.util.thread.QueuedThreadPool$Runner run "QueuedThreadPool.java" 1166]
  [java.lang.Thread run "Thread.java" 1516]]}}
	at io.pedestal.interceptor.chain$throwable__GT_ex_info.invokeStatic(chain.clj:41)
	at io.pedestal.interceptor.chain$throwable__GT_ex_info.invoke(chain.clj:35)
	at io.pedestal.interceptor.chain$begin_error.invokeStatic(chain.clj:74)
	at io.pedestal.interceptor.chain$begin_error.invoke(chain.clj:62)
	at io.pedestal.interceptor.chain$try_stage.invokeStatic(chain.clj:124)
	at io.pedestal.interceptor.chain$try_stage.invoke(chain.clj:108)
	at io.pedestal.interceptor.chain$execute_leave$fn__11043.invoke(chain.clj:270)
	at clojure.lang.AFn.applyToHelper(AFn.java:152)
	at clojure.lang.AFn.applyTo(AFn.java:144)
	at clojure.core$apply.invokeStatic(core.clj:667)
	at clojure.core$with_bindings_STAR_.invokeStatic(core.clj:1994)
	at clojure.core$with_bindings_STAR_.doInvoke(core.clj:1994)
	at clojure.lang.RestFn.invoke(RestFn.java:428)
	at io.pedestal.interceptor.chain$execute_leave.invokeStatic(chain.clj:250)
	at io.pedestal.interceptor.chain$execute_leave.invoke(chain.clj:243)
	at io.pedestal.interceptor.chain$execute_continue.invokeStatic(chain.clj:362)
	at io.pedestal.interceptor.chain$execute_continue.invoke(chain.clj:359)
	at io.pedestal.interceptor.chain$execute.invokeStatic(chain.clj:424)
	at io.pedestal.interceptor.chain$execute.invoke(chain.clj:373)
	at io.pedestal.interceptor.chain$execute.invokeStatic(chain.clj:429)
	at io.pedestal.interceptor.chain$execute.invoke(chain.clj:373)
	at io.pedestal.http.impl.servlet_interceptor$interceptor_service_fn$fn__16045.invoke(servlet_interceptor.clj:386)
	at io.pedestal.servlet.FnServlet.service(FnServlet.java:57)
	at jakarta.servlet.http.HttpServlet.service(HttpServlet.java:614)
	at org.eclipse.jetty.ee10.servlet.ServletHolder.handle(ServletHolder.java:753)
	at org.eclipse.jetty.ee10.servlet.ServletHandler$ChainEnd.doFilter(ServletHandler.java:1624)
	at org.eclipse.jetty.ee10.websocket.servlet.WebSocketUpgradeFilter.doFilter(WebSocketUpgradeFilter.java:195)
	at org.eclipse.jetty.ee10.servlet.FilterHolder.doFilter(FilterHolder.java:205)
	at org.eclipse.jetty.ee10.servlet.ServletHandler$Chain.doFilter(ServletHandler.java:1596)
	at org.eclipse.jetty.ee10.servlet.ServletHandler$MappedServlet.handle(ServletHandler.java:1557)
	at org.eclipse.jetty.ee10.servlet.ServletChannel.dispatch(ServletChannel.java:828)
	at org.eclipse.jetty.ee10.servlet.ServletChannel.handle(ServletChannel.java:438)
	at org.eclipse.jetty.ee10.servlet.ServletHandler.handle(ServletHandler.java:470)
	at org.eclipse.jetty.ee10.servlet.SessionHandler.handle(SessionHandler.java:717)
	at org.eclipse.jetty.server.handler.gzip.GzipHandler.handle(GzipHandler.java:613)
	at org.eclipse.jetty.server.handler.ContextHandler.handle(ContextHandler.java:1102)
	at org.eclipse.jetty.server.Server.handle(Server.java:182)
	at org.eclipse.jetty.server.internal.HttpChannelState$HandlerInvoker.run(HttpChannelState.java:772)
	at org.eclipse.jetty.util.thread.Invocable$ReadyTask.run(Invocable.java:177)
	at org.eclipse.jetty.http2.server.internal.HttpStreamOverHTTP2$1.run(HttpStreamOverHTTP2.java:144)
	at org.eclipse.jetty.util.thread.QueuedThreadPool.runJob(QueuedThreadPool.java:981)
	at org.eclipse.jetty.util.thread.QueuedThreadPool$Runner.doRunJob(QueuedThreadPool.java:1212)
	at org.eclipse.jetty.util.thread.QueuedThreadPool$Runner.run(QueuedThreadPool.java:1166)
	at java.base/java.lang.Thread.run(Thread.java:1516)
Caused by: java.io.IOException: no_error/stop
	at org.eclipse.jetty.http2.HTTP2Session.toFailure(HTTP2Session.java:763)
	at org.eclipse.jetty.http2.HTTP2Session$StreamsState.halt(HTTP2Session.java:1982)
	at org.eclipse.jetty.http2.HTTP2Session.doStop(HTTP2Session.java:175)
	at org.eclipse.jetty.util.component.AbstractLifeCycle.stop(AbstractLifeCycle.java:132)
	at org.eclipse.jetty.util.component.LifeCycle.stop(LifeCycle.java:91)
	at org.eclipse.jetty.http2.SessionContainer.onClosed(SessionContainer.java:79)
	at org.eclipse.jetty.io.AbstractConnection.onClosed(AbstractConnection.java:248)
	at org.eclipse.jetty.io.AbstractConnection.onClose(AbstractConnection.java:240)
	at org.eclipse.jetty.http2.HTTP2Connection.onClose(HTTP2Connection.java:148)
	at org.eclipse.jetty.io.ssl.SslConnection.onClose(SslConnection.java:376)
	at org.eclipse.jetty.io.SelectorManager.connectionClosed(SelectorManager.java:363)
	at org.eclipse.jetty.io.ManagedSelector$DestroyEndPoint.run(ManagedSelector.java:1097)
	... 4 more
[qtp1395846122-262] ERROR io.pedestal.http.impl.servlet-interceptor - {:msg "error-stylobate triggered", :context {:response {:status 200, :headers {"content-type" "text/plain", "Content-Type" "text/plain"}, :body "2"}, :io.pedestal.interceptor.chain/leave-queue (), :request {:protocol "HTTP/2.0", :async-supported? true, :remote-addr "127.0.0.1", :params {:a "1", :b "1"}, :servlet-response #object[org.eclipse.jetty.ee10.servlet.ServletApiResponse 0x2e99ce4 "ServletApiResponse@2e99ce4{org.eclipse.jetty.ee10.servlet.ServletContextResponse@625b7e94,org.eclipse.jetty.ee10.servlet.ServletContextResponse@625b7e94}"], :servlet #object[io.pedestal.servlet.FnServlet 0x18594f42 "io.pedestal.servlet.FnServlet@18594f42"], :headers {"user-agent" "h2load nghttp2/1.59.0"}, :server-port 8443, :servlet-request #object[org.eclipse.jetty.ee10.servlet.ServletApiRequest 0x533fb7f4 "ServletApiRequest@533fb7f4{ServletContextRequest@e09da70{SecureRequestWithSslSessionData@404979e9{GET@795f10aa https://localhost:8443/baseline2?a=1&b=1 HTTP/2.0}}}"], :query-params {:a "1", :b "1"}, :path-info "/baseline2", :url-for #object[clojure.lang.Delay 0x57718862 {:status :pending, :val nil}], :uri "/baseline2", :server-name "localhost", :query-string "a=1&b=1", :path-params {}, :body #object[org.eclipse.jetty.ee10.servlet.HttpInput 0x176b12a6 "HttpInput@392893094 cs=ServletChannelState@1c66a793{s=HANDLING rs=BLOCKING os=OPEN is=IDLE awp=false se=false i=true al=0} cp=org.eclipse.jetty.ee10.servlet.BlockingContentProducer@1d3d2ef5 eof=false"], :scheme :https, :request-method :get, :context-path ""}, :io.pedestal.http.route/path-params-decoded? true, :bindings {#'io.pedestal.http.route/*url-for* #object[clojure.lang.Delay 0x57718862 {:status :pending, :val nil}]}, :io.pedestal.interceptor.chain/terminators (#object[io.pedestal.http.response$terminate_when_response_STAR_ 0x148875fa "io.pedestal.http.response$terminate_when_response_STAR_@148875fa"]), :servlet-response #object[org.eclipse.jetty.ee10.servlet.ServletApiResponse 0x2e99ce4 "ServletApiResponse@2e99ce4{org.eclipse.jetty.ee10.servlet.ServletContextResponse@625b7e94,org.eclipse.jetty.ee10.servlet.ServletContextResponse@625b7e94}"], :route {:path "/baseline2", :method :get, :path-parts ["baseline2"], :interceptors [#Interceptor{:name :httparena.pedestal.core/baseline-handler}], :route-name :httparena.pedestal.core/baseline-h2, :path-params [], :path-re #"/\Qbaseline2\E", :io.pedestal.http.route.internal/satisfies-constraints? #object[io.pedestal.http.route.internal$add_satisfies_constraints_QMARK_$fn__11349 0x4b57ae7 "io.pedestal.http.route.internal$add_satisfies_constraints_QMARK_$fn__11349@4b57ae7"]}, :servlet #object[io.pedestal.servlet.FnServlet 0x18594f42 "io.pedestal.servlet.FnServlet@18594f42"], :servlet-request #object[org.eclipse.jetty.ee10.servlet.ServletApiRequest 0x533fb7f4 "ServletApiRequest@533fb7f4{ServletContextRequest@e09da70{SecureRequestWithSslSessionData@404979e9{GET@795f10aa https://localhost:8443/baseline2?a=1&b=1 HTTP/2.0}}}"], :websocket-channel-source #object[org.eclipse.jetty.ee10.servlet.ServletApiRequest 0x533fb7f4 "ServletApiRequest@533fb7f4{ServletContextRequest@e09da70{SecureRequestWithSslSessionData@404979e9{GET@795f10aa https://localhost:8443/baseline2?a=1&b=1 HTTP/2.0}}}"], :io.pedestal.interceptor.chain/enter-async [#object[io.pedestal.http.impl.servlet_interceptor$start_servlet_async 0x4b11d6ea "io.pedestal.http.impl.servlet_interceptor$start_servlet_async@4b11d6ea"]], :url-for #object[clojure.lang.Delay 0x57718862 {:status :pending, :val nil}], :io.pedestal.interceptor.chain/execution-id 1085739, :servlet-config #object[org.eclipse.jetty.ee10.servlet.ServletHolder$Config 0x550e8ba5 "org.eclipse.jetty.ee10.servlet.ServletHolder$Config@550e8ba5"]}, :line 298}
clojure.lang.ExceptionInfo: java.io.EOFException in Interceptor :io.pedestal.http.impl.servlet-interceptor/ring-response - reset {:execution-id nil, :stage :leave, :interceptor :io.pedestal.http.impl.servlet-interceptor/ring-response, :exception-type :java.io.EOFException, :exception #error {
 :cause "reset"
 :via
 [{:type java.io.EOFException
   :message "reset"
   :at [org.eclipse.jetty.http2.HTTP2Stream reset "HTTP2Stream.java" 181]}]
 :trace
 [[org.eclipse.jetty.http2.HTTP2Stream reset "HTTP2Stream.java" 181]
  [org.eclipse.jetty.http2.HTTP2Session lambda$failStreams$0 "HTTP2Session.java" 747]
  [org.eclipse.jetty.util.Callback$4 completed "Callback.java" 227]
  [org.eclipse.jetty.util.Callback$Completing succeeded "Callback.java" 416]
  [org.eclipse.jetty.util.Callback$Nested succeeded "Callback.java" 467]
  [org.eclipse.jetty.http2.server.internal.HttpStreamOverHTTP2$FailureTask run "HttpStreamOverHTTP2.java" 711]
  [org.eclipse.jetty.util.thread.ReservedThreadExecutor$ReservedThread run "ReservedThreadExecutor.java" 311]
  [org.eclipse.jetty.util.thread.QueuedThreadPool runJob "QueuedThreadPool.java" 981]
  [org.eclipse.jetty.util.thread.QueuedThreadPool$Runner doRunJob "QueuedThreadPool.java" 1212]
  [org.eclipse.jetty.util.thread.QueuedThreadPool$Runner run "QueuedThreadPool.java" 1166]
  [java.lang.Thread run "Thread.java" 1516]]}}
	at io.pedestal.interceptor.chain$throwable__GT_ex_info.invokeStatic(chain.clj:41)
	at io.pedestal.interceptor.chain$throwable__GT_ex_info.invoke(chain.clj:35)
	at io.pedestal.interceptor.chain$begin_error.invokeStatic(chain.clj:74)
	at io.pedestal.interceptor.chain$begin_error.invoke(chain.clj:62)
	at io.pedestal.interceptor.chain$try_stage.invokeStatic(chain.clj:124)
	at io.pedestal.interceptor.chain$try_stage.invoke(chain.clj:108)
	at io.pedestal.interceptor.chain$execute_leave$fn__11043.invoke(chain.clj:270)
	at clojure.lang.AFn.applyToHelper(AFn.java:152)
	at clojure.lang.AFn.applyTo(AFn.java:144)
	at clojure.core$apply.invokeStatic(core.clj:667)
	at clojure.core$with_bindings_STAR_.invokeStatic(core.clj:1994)
	at clojure.core$with_bindings_STAR_.doInvoke(core.clj:1994)
	at clojure.lang.RestFn.invoke(RestFn.java:428)
	at io.pedestal.interceptor.chain$execute_leave.invokeStatic(chain.clj:250)
	at io.pedestal.interceptor.chain$execute_leave.invoke(chain.clj:243)
	at io.pedestal.interceptor.chain$execute_continue.invokeStatic(chain.clj:362)
	at io.pedestal.interceptor.chain$execute_continue.invoke(chain.clj:359)
	at io.pedestal.interceptor.chain$execute.invokeStatic(chain.clj:424)
	at io.pedestal.interceptor.chain$execute.invoke(chain.clj:373)
	at io.pedestal.interceptor.chain$execute.invokeStatic(chain.clj:429)
	at io.pedestal.interceptor.chain$execute.invoke(chain.clj:373)
	at io.pedestal.http.impl.servlet_interceptor$interceptor_service_fn$fn__16045.invoke(servlet_interceptor.clj:386)
	at io.pedestal.servlet.FnServlet.service(FnServlet.java:57)
	at jakarta.servlet.http.HttpServlet.service(HttpServlet.java:614)
	at org.eclipse.jetty.ee10.servlet.ServletHolder.handle(ServletHolder.java:753)
	at org.eclipse.jetty.ee10.servlet.ServletHandler$ChainEnd.doFilter(ServletHandler.java:1624)
	at org.eclipse.jetty.ee10.websocket.servlet.WebSocketUpgradeFilter.doFilter(WebSocketUpgradeFilter.java:195)
	at org.eclipse.jetty.ee10.servlet.FilterHolder.doFilter(FilterHolder.java:205)
	at org.eclipse.jetty.ee10.servlet.ServletHandler$Chain.doFilter(ServletHandler.java:1596)
	at org.eclipse.jetty.ee10.servlet.ServletHandler$MappedServlet.handle(ServletHandler.java:1557)
	at org.eclipse.jetty.ee10.servlet.ServletChannel.dispatch(ServletChannel.java:828)
	at org.eclipse.jetty.ee10.servlet.ServletChannel.handle(ServletChannel.java:438)
	at org.eclipse.jetty.ee10.servlet.ServletHandler.handle(ServletHandler.java:470)
	at org.eclipse.jetty.ee10.servlet.SessionHandler.handle(SessionHandler.java:717)
	at org.eclipse.jetty.server.handler.gzip.GzipHandler.handle(GzipHandler.java:613)
	at org.eclipse.jetty.server.handler.ContextHandler.handle(ContextHandler.java:1102)
	at org.eclipse.jetty.server.Server.handle(Server.java:182)
	at org.eclipse.jetty.server.internal.HttpChannelState$HandlerInvoker.run(HttpChannelState.java:772)
	at org.eclipse.jetty.util.thread.Invocable$ReadyTask.run(Invocable.java:177)
	at org.eclipse.jetty.http2.server.internal.HttpStreamOverHTTP2$1.run(HttpStreamOverHTTP2.java:144)
	at org.eclipse.jetty.util.thread.QueuedThreadPool.runJob(QueuedThreadPool.java:981)
	at org.eclipse.jetty.util.thread.QueuedThreadPool$Runner.doRunJob(QueuedThreadPool.java:1212)
	at org.eclipse.jetty.util.thread.QueuedThreadPool$Runner.run(QueuedThreadPool.java:1166)
	at java.base/java.lang.Thread.run(Thread.java:1516)
Caused by: java.io.EOFException: reset
	at org.eclipse.jetty.http2.HTTP2Stream.reset(HTTP2Stream.java:181)
	at org.eclipse.jetty.http2.HTTP2Session.lambda$failStreams$0(HTTP2Session.java:747)
	at org.eclipse.jetty.util.Callback$4.completed(Callback.java:227)
	at org.eclipse.jetty.util.Callback$Completing.succeeded(Callback.java:416)
	at org.eclipse.jetty.util.Callback$Nested.succeeded(Callback.java:467)
	at org.eclipse.jetty.http2.server.internal.HttpStreamOverHTTP2$FailureTask.run(HttpStreamOverHTTP2.java:711)
	at org.eclipse.jetty.util.thread.ReservedThreadExecutor$ReservedThread.run(ReservedThreadExecutor.java:311)
	... 4 more
[qtp1395846122-322] ERROR io.pedestal.http.impl.servlet-interceptor - {:msg "error-stylobate triggered", :context {:response {:status 200, :headers {"content-type" "text/plain", "Content-Type" "text/plain"}, :body "2"}, :io.pedestal.interceptor.chain/leave-queue (), :request {:protocol "HTTP/2.0", :async-supported? true, :remote-addr "127.0.0.1", :params {:a "1", :b "1"}, :servlet-response #object[org.eclipse.jetty.ee10.servlet.ServletApiResponse 0x60e14377 "ServletApiResponse@60e14377{org.eclipse.jetty.ee10.servlet.ServletContextResponse@3412f312,org.eclipse.jetty.ee10.servlet.ServletContextResponse@3412f312}"], :servlet #object[io.pedestal.servlet.FnServlet 0x18594f42 "io.pedestal.servlet.FnServlet@18594f42"], :headers {"user-agent" "h2load nghttp2/1.59.0"}, :server-port 8443, :servlet-request #object[org.eclipse.jetty.ee10.servlet.ServletApiRequest 0x31d56846 "ServletApiRequest@31d56846{ServletContextRequest@662f8a71{SecureRequestWithSslSessionData@c3f8738{GET@2f167fce https://localhost:8443/baseline2?a=1&b=1 HTTP/2.0}}}"], :query-params {:a "1", :b "1"}, :path-info "/baseline2", :url-for #object[clojure.lang.Delay 0x359bb532 {:status :pending, :val nil}], :uri "/baseline2", :server-name "localhost", :query-string "a=1&b=1", :path-params {}, :body #object[org.eclipse.jetty.ee10.servlet.HttpInput 0x2ffdcdf2 "HttpInput@805162482 cs=ServletChannelState@5f8b8972{s=HANDLING rs=BLOCKING os=OPEN is=IDLE awp=false se=false i=true al=0} cp=org.eclipse.jetty.ee10.servlet.BlockingContentProducer@43ff6542 eof=false"], :scheme :https, :request-method :get, :context-path ""}, :io.pedestal.http.route/path-params-decoded? true, :bindings {#'io.pedestal.http.route/*url-for* #object[clojure.lang.Delay 0x359bb532 {:status :pending, :val nil}]}, :io.pedestal.interceptor.chain/terminators (#object[io.pedestal.http.response$terminate_when_response_STAR_ 0x148875fa "io.pedestal.http.response$terminate_when_response_STAR_@148875fa"]), :servlet-response #object[org.eclipse.jetty.ee10.servlet.ServletApiResponse 0x60e14377 "ServletApiResponse@60e14377{org.eclipse.jetty.ee10.servlet.ServletContextResponse@3412f312,org.eclipse.jetty.ee10.servlet.ServletContextResponse@3412f312}"], :route {:path "/baseline2", :method :get, :path-parts ["baseline2"], :interceptors [#Interceptor{:name :httparena.pedestal.core/baseline-handler}], :route-name :httparena.pedestal.core/baseline-h2, :path-params [], :path-re #"/\Qbaseline2\E", :io.pedestal.http.route.internal/satisfies-constraints? #object[io.pedestal.http.route.internal$add_satisfies_constraints_QMARK_$fn__11349 0x4b57ae7 "io.pedestal.http.route.internal$add_satisfies_constraints_QMARK_$fn__11349@4b57ae7"]}, :servlet #object[io.pedestal.servlet.FnServlet 0x18594f42 "io.pedestal.servlet.FnServlet@18594f42"], :servlet-request #object[org.eclipse.jetty.ee10.servlet.ServletApiRequest 0x31d56846 "ServletApiRequest@31d56846{ServletContextRequest@662f8a71{SecureRequestWithSslSessionData@c3f8738{GET@2f167fce https://localhost:8443/baseline2?a=1&b=1 HTTP/2.0}}}"], :websocket-channel-source #object[org.eclipse.jetty.ee10.servlet.ServletApiRequest 0x31d56846 "ServletApiRequest@31d56846{ServletContextRequest@662f8a71{SecureRequestWithSslSessionData@c3f8738{GET@2f167fce https://localhost:8443/baseline2?a=1&b=1 HTTP/2.0}}}"], :io.pedestal.interceptor.chain/enter-async [#object[io.pedestal.http.impl.servlet_interceptor$start_servlet_async 0x4b11d6ea "io.pedestal.http.impl.servlet_interceptor$start_servlet_async@4b11d6ea"]], :url-for #object[clojure.lang.Delay 0x359bb532 {:status :pending, :val nil}], :io.pedestal.interceptor.chain/execution-id 1085715, :servlet-config #object[org.eclipse.jetty.ee10.servlet.ServletHolder$Config 0x550e8ba5 "org.eclipse.jetty.ee10.servlet.ServletHolder$Config@550e8ba5"]}, :line 298}
clojure.lang.ExceptionInfo: java.io.IOException in Interceptor :io.pedestal.http.impl.servlet-interceptor/ring-response - no_error/stop {:execution-id nil, :stage :leave, :interceptor :io.pedestal.http.impl.servlet-interceptor/ring-response, :exception-type :java.io.IOException, :exception #error {
 :cause "no_error/stop"
 :via
 [{:type java.io.IOException
   :message "no_error/stop"
   :at [org.eclipse.jetty.http2.HTTP2Session toFailure "HTTP2Session.java" 763]}]
 :trace
 [[org.eclipse.jetty.http2.HTTP2Session toFailure "HTTP2Session.java" 763]
  [org.eclipse.jetty.http2.HTTP2Session$StreamsState halt "HTTP2Session.java" 1982]
  [org.eclipse.jetty.http2.HTTP2Session doStop "HTTP2Session.java" 175]
  [org.eclipse.jetty.util.component.AbstractLifeCycle stop "AbstractLifeCycle.java" 132]
  [org.eclipse.jetty.util.component.LifeCycle stop "LifeCycle.java" 91]
  [org.eclipse.jetty.http2.SessionContainer onClosed "SessionContainer.java" 79]
  [org.eclipse.jetty.io.AbstractConnection onClosed "AbstractConnection.java" 248]
  [org.eclipse.jetty.io.AbstractConnection onClose "AbstractConnection.java" 240]
  [org.eclipse.jetty.http2.HTTP2Connection onClose "HTTP2Connection.java" 148]
  [org.eclipse.jetty.io.ssl.SslConnection onClose "SslConnection.java" 376]
  [org.eclipse.jetty.io.SelectorManager connectionClosed "SelectorManager.java" 363]
  [org.eclipse.jetty.io.ManagedSelector$DestroyEndPoint run "ManagedSelector.java" 1097]
  [org.eclipse.jetty.util.thread.QueuedThreadPool runJob "QueuedThreadPool.java" 981]
  [org.eclipse.jetty.util.thread.QueuedThreadPool$Runner doRunJob "QueuedThreadPool.java" 1212]
  [org.eclipse.jetty.util.thread.QueuedThreadPool$Runner run "QueuedThreadPool.java" 1166]
  [java.lang.Thread run "Thread.java" 1516]]}}
	at io.pedestal.interceptor.chain$throwable__GT_ex_info.invokeStatic(chain.clj:41)
	at io.pedestal.interceptor.chain$throwable__GT_ex_info.invoke(chain.clj:35)
	at io.pedestal.interceptor.chain$begin_error.invokeStatic(chain.clj:74)
	at io.pedestal.interceptor.chain$begin_error.invoke(chain.clj:62)
	at io.pedestal.interceptor.chain$try_stage.invokeStatic(chain.clj:124)
	at io.pedestal.interceptor.chain$try_stage.invoke(chain.clj:108)
	at io.pedestal.interceptor.chain$execute_leave$fn__11043.invoke(chain.clj:270)
	at clojure.lang.AFn.applyToHelper(AFn.java:152)
	at clojure.lang.AFn.applyTo(AFn.java:144)
	at clojure.core$apply.invokeStatic(core.clj:667)
	at clojure.core$with_bindings_STAR_.invokeStatic(core.clj:1994)
	at clojure.core$with_bindings_STAR_.doInvoke(core.clj:1994)
	at clojure.lang.RestFn.invoke(RestFn.java:428)
	at io.pedestal.interceptor.chain$execute_leave.invokeStatic(chain.clj:250)
	at io.pedestal.interceptor.chain$execute_leave.invoke(chain.clj:243)
	at io.pedestal.interceptor.chain$execute_continue.invokeStatic(chain.clj:362)
	at io.pedestal.interceptor.chain$execute_continue.invoke(chain.clj:359)
	at io.pedestal.interceptor.chain$execute.invokeStatic(chain.clj:424)
	at io.pedestal.interceptor.chain$execute.invoke(chain.clj:373)
	at io.pedestal.interceptor.chain$execute.invokeStatic(chain.clj:429)
	at io.pedestal.interceptor.chain$execute.invoke(chain.clj:373)
	at io.pedestal.http.impl.servlet_interceptor$interceptor_service_fn$fn__16045.invoke(servlet_interceptor.clj:386)
	at io.pedestal.servlet.FnServlet.service(FnServlet.java:57)
	at jakarta.servlet.http.HttpServlet.service(HttpServlet.java:614)
	at org.eclipse.jetty.ee10.servlet.ServletHolder.handle(ServletHolder.java:753)
	at org.eclipse.jetty.ee10.servlet.ServletHandler$ChainEnd.doFilter(ServletHandler.java:1624)
	at org.eclipse.jetty.ee10.websocket.servlet.WebSocketUpgradeFilter.doFilter(WebSocketUpgradeFilter.java:195)
	at org.eclipse.jetty.ee10.servlet.FilterHolder.doFilter(FilterHolder.java:205)
	at org.eclipse.jetty.ee10.servlet.ServletHandler$Chain.doFilter(ServletHandler.java:1596)
	at org.eclipse.jetty.ee10.servlet.ServletHandler$MappedServlet.handle(ServletHandler.java:1557)
	at org.eclipse.jetty.ee10.servlet.ServletChannel.dispatch(ServletChannel.java:828)
	at org.eclipse.jetty.ee10.servlet.ServletChannel.handle(ServletChannel.java:438)
	at org.eclipse.jetty.ee10.servlet.ServletHandler.handle(ServletHandler.java:470)
	at org.eclipse.jetty.ee10.servlet.SessionHandler.handle(SessionHandler.java:717)
	at org.eclipse.jetty.server.handler.gzip.GzipHandler.handle(GzipHandler.java:613)
	at org.eclipse.jetty.server.handler.ContextHandler.handle(ContextHandler.java:1102)
	at org.eclipse.jetty.server.Server.handle(Server.java:182)
	at org.eclipse.jetty.server.internal.HttpChannelState$HandlerInvoker.run(HttpChannelState.java:772)
	at org.eclipse.jetty.util.thread.Invocable$ReadyTask.run(Invocable.java:177)
	at org.eclipse.jetty.http2.server.internal.HttpStreamOverHTTP2$1.run(HttpStreamOverHTTP2.java:144)
	at org.eclipse.jetty.util.thread.QueuedThreadPool.runJob(QueuedThreadPool.java:981)
	at org.eclipse.jetty.util.thread.QueuedThreadPool$Runner.doRunJob(QueuedThreadPool.java:1212)
	at org.eclipse.jetty.util.thread.QueuedThreadPool$Runner.run(QueuedThreadPool.java:1166)
	at java.base/java.lang.Thread.run(Thread.java:1516)
Caused by: java.io.IOException: no_error/stop
	at org.eclipse.jetty.http2.HTTP2Session.toFailure(HTTP2Session.java:763)
	at org.eclipse.jetty.http2.HTTP2Session$StreamsState.halt(HTTP2Session.java:1982)
	at org.eclipse.jetty.http2.HTTP2Session.doStop(HTTP2Session.java:175)
	at org.eclipse.jetty.util.component.AbstractLifeCycle.stop(AbstractLifeCycle.java:132)
	at org.eclipse.jetty.util.component.LifeCycle.stop(LifeCycle.java:91)
	at org.eclipse.jetty.http2.SessionContainer.onClosed(SessionContainer.java:79)
	at org.eclipse.jetty.io.AbstractConnection.onClosed(AbstractConnection.java:248)
	at org.eclipse.jetty.io.AbstractConnection.onClose(AbstractConnection.java:240)
	at org.eclipse.jetty.http2.HTTP2Connection.onClose(HTTP2Connection.java:148)
	at org.eclipse.jetty.io.ssl.SslConnection.onClose(SslConnection.java:376)
	at org.eclipse.jetty.io.SelectorManager.connectionClosed(SelectorManager.java:363)
	at org.eclipse.jetty.io.ManagedSelector$DestroyEndPoint.run(ManagedSelector.java:1097)
	... 4 more
[qtp1395846122-294] ERROR io.pedestal.http.impl.servlet-interceptor - {:msg "error-stylobate triggered", :context {:response {:status 200, :headers {"content-type" "text/plain", "Content-Type" "text/plain"}, :body "2"}, :io.pedestal.interceptor.chain/leave-queue (), :request {:protocol "HTTP/2.0", :async-supported? true, :remote-addr "127.0.0.1", :params {:a "1", :b "1"}, :servlet-response #object[org.eclipse.jetty.ee10.servlet.ServletApiResponse 0x53562253 "ServletApiResponse@53562253{org.eclipse.jetty.ee10.servlet.ServletContextResponse@4e67b4a3,org.eclipse.jetty.ee10.servlet.ServletContextResponse@4e67b4a3}"], :servlet #object[io.pedestal.servlet.FnServlet 0x18594f42 "io.pedestal.servlet.FnServlet@18594f42"], :headers {"user-agent" "h2load nghttp2/1.59.0"}, :server-port 8443, :servlet-request #object[org.eclipse.jetty.ee10.servlet.ServletApiRequest 0x4fa3b808 "ServletApiRequest@4fa3b808{ServletContextRequest@35bee5fa{SecureRequestWithSslSessionData@57181da4{GET@24296948 https://localhost:8443/baseline2?a=1&b=1 HTTP/2.0}}}"], :query-params {:a "1", :b "1"}, :path-info "/baseline2", :url-for #object[clojure.lang.Delay 0x7698f63d {:status :pending, :val nil}], :uri "/baseline2", :server-name "localhost", :query-string "a=1&b=1", :path-params {}, :body #object[org.eclipse.jetty.ee10.servlet.HttpInput 0x34cb4c21 "HttpInput@885738529 cs=ServletChannelState@23298221{s=HANDLING rs=BLOCKING os=OPEN is=IDLE awp=false se=false i=true al=0} cp=org.eclipse.jetty.ee10.servlet.BlockingContentProducer@4c25cc25 eof=false"], :scheme :https, :request-method :get, :context-path ""}, :io.pedestal.http.route/path-params-decoded? true, :bindings {#'io.pedestal.http.route/*url-for* #object[clojure.lang.Delay 0x7698f63d {:status :pending, :val nil}]}, :io.pedestal.interceptor.chain/terminators (#object[io.pedestal.http.response$terminate_when_response_STAR_ 0x148875fa "io.pedestal.http.response$terminate_when_response_STAR_@148875fa"]), :servlet-response #object[org.eclipse.jetty.ee10.servlet.ServletApiResponse 0x53562253 "ServletApiResponse@53562253{org.eclipse.jetty.ee10.servlet.ServletContextResponse@4e67b4a3,org.eclipse.jetty.ee10.servlet.ServletContextResponse@4e67b4a3}"], :route {:path "/baseline2", :method :get, :path-parts ["baseline2"], :interceptors [#Interceptor{:name :httparena.pedestal.core/baseline-handler}], :route-name :httparena.pedestal.core/baseline-h2, :path-params [], :path-re #"/\Qbaseline2\E", :io.pedestal.http.route.internal/satisfies-constraints? #object[io.pedestal.http.route.internal$add_satisfies_constraints_QMARK_$fn__11349 0x4b57ae7 "io.pedestal.http.route.internal$add_satisfies_constraints_QMARK_$fn__11349@4b57ae7"]}, :servlet #object[io.pedestal.servlet.FnServlet 0x18594f42 "io.pedestal.servlet.FnServlet@18594f42"], :servlet-request #object[org.eclipse.jetty.ee10.servlet.ServletApiRequest 0x4fa3b808 "ServletApiRequest@4fa3b808{ServletContextRequest@35bee5fa{SecureRequestWithSslSessionData@57181da4{GET@24296948 https://localhost:8443/baseline2?a=1&b=1 HTTP/2.0}}}"], :websocket-channel-source #object[org.eclipse.jetty.ee10.servlet.ServletApiRequest 0x4fa3b808 "ServletApiRequest@4fa3b808{ServletContextRequest@35bee5fa{SecureRequestWithSslSessionData@57181da4{GET@24296948 https://localhost:8443/baseline2?a=1&b=1 HTTP/2.0}}}"], :io.pedestal.interceptor.chain/enter-async [#object[io.pedestal.http.impl.servlet_interceptor$start_servlet_async 0x4b11d6ea "io.pedestal.http.impl.servlet_interceptor$start_servlet_async@4b11d6ea"]], :url-for #object[clojure.lang.Delay 0x7698f63d {:status :pending, :val nil}], :io.pedestal.interceptor.chain/execution-id 1085727, :servlet-config #object[org.eclipse.jetty.ee10.servlet.ServletHolder$Config 0x550e8ba5 "org.eclipse.jetty.ee10.servlet.ServletHolder$Config@550e8ba5"]}, :line 298}
clojure.lang.ExceptionInfo: java.io.IOException in Interceptor :io.pedestal.http.impl.servlet-interceptor/ring-response - no_error/stop {:execution-id nil, :stage :leave, :interceptor :io.pedestal.http.impl.servlet-interceptor/ring-response, :exception-type :java.io.IOException, :exception #error {
 :cause "no_error/stop"
 :via
 [{:type java.io.IOException
   :message "no_error/stop"
   :at [org.eclipse.jetty.http2.HTTP2Session toFailure "HTTP2Session.java" 763]}]
 :trace
 [[org.eclipse.jetty.http2.HTTP2Session toFailure "HTTP2Session.java" 763]
  [org.eclipse.jetty.http2.HTTP2Session$StreamsState halt "HTTP2Session.java" 1982]
  [org.eclipse.jetty.http2.HTTP2Session doStop "HTTP2Session.java" 175]
  [org.eclipse.jetty.util.component.AbstractLifeCycle stop "AbstractLifeCycle.java" 132]
  [org.eclipse.jetty.util.component.LifeCycle stop "LifeCycle.java" 91]
  [org.eclipse.jetty.http2.SessionContainer onClosed "SessionContainer.java" 79]
  [org.eclipse.jetty.io.AbstractConnection onClosed "AbstractConnection.java" 248]
  [org.eclipse.jetty.io.AbstractConnection onClose "AbstractConnection.java" 240]
  [org.eclipse.jetty.http2.HTTP2Connection onClose "HTTP2Connection.java" 148]
  [org.eclipse.jetty.io.ssl.SslConnection onClose "SslConnection.java" 376]
  [org.eclipse.jetty.io.SelectorManager connectionClosed "SelectorManager.java" 363]
  [org.eclipse.jetty.io.ManagedSelector$DestroyEndPoint run "ManagedSelector.java" 1097]
  [org.eclipse.jetty.util.thread.QueuedThreadPool runJob "QueuedThreadPool.java" 981]
  [org.eclipse.jetty.util.thread.QueuedThreadPool$Runner doRunJob "QueuedThreadPool.java" 1212]
  [org.eclipse.jetty.util.thread.QueuedThreadPool$Runner run "QueuedThreadPool.java" 1166]
  [java.lang.Thread run "Thread.java" 1516]]}}
	at io.pedestal.interceptor.chain$throwable__GT_ex_info.invokeStatic(chain.clj:41)
	at io.pedestal.interceptor.chain$throwable__GT_ex_info.invoke(chain.clj:35)
	at io.pedestal.interceptor.chain$begin_error.invokeStatic(chain.clj:74)
	at io.pedestal.interceptor.chain$begin_error.invoke(chain.clj:62)
	at io.pedestal.interceptor.chain$try_stage.invokeStatic(chain.clj:124)
	at io.pedestal.interceptor.chain$try_stage.invoke(chain.clj:108)
	at io.pedestal.interceptor.chain$execute_leave$fn__11043.invoke(chain.clj:270)
	at clojure.lang.AFn.applyToHelper(AFn.java:152)
	at clojure.lang.AFn.applyTo(AFn.java:144)
	at clojure.core$apply.invokeStatic(core.clj:667)
	at clojure.core$with_bindings_STAR_.invokeStatic(core.clj:1994)
	at clojure.core$with_bindings_STAR_.doInvoke(core.clj:1994)
	at clojure.lang.RestFn.invoke(RestFn.java:428)
	at io.pedestal.interceptor.chain$execute_leave.invokeStatic(chain.clj:250)
	at io.pedestal.interceptor.chain$execute_leave.invoke(chain.clj:243)
	at io.pedestal.interceptor.chain$execute_continue.invokeStatic(chain.clj:362)
	at io.pedestal.interceptor.chain$execute_continue.invoke(chain.clj:359)
	at io.pedestal.interceptor.chain$execute.invokeStatic(chain.clj:424)
	at io.pedestal.interceptor.chain$execute.invoke(chain.clj:373)
	at io.pedestal.interceptor.chain$execute.invokeStatic(chain.clj:429)
	at io.pedestal.interceptor.chain$execute.invoke(chain.clj:373)
	at io.pedestal.http.impl.servlet_interceptor$interceptor_service_fn$fn__16045.invoke(servlet_interceptor.clj:386)
	at io.pedestal.servlet.FnServlet.service(FnServlet.java:57)
	at jakarta.servlet.http.HttpServlet.service(HttpServlet.java:614)
	at org.eclipse.jetty.ee10.servlet.ServletHolder.handle(ServletHolder.java:753)
	at org.eclipse.jetty.ee10.servlet.ServletHandler$ChainEnd.doFilter(ServletHandler.java:1624)
	at org.eclipse.jetty.ee10.websocket.servlet.WebSocketUpgradeFilter.doFilter(WebSocketUpgradeFilter.java:195)
	at org.eclipse.jetty.ee10.servlet.FilterHolder.doFilter(FilterHolder.java:205)
	at org.eclipse.jetty.ee10.servlet.ServletHandler$Chain.doFilter(ServletHandler.java:1596)
	at org.eclipse.jetty.ee10.servlet.ServletHandler$MappedServlet.handle(ServletHandler.java:1557)
	at org.eclipse.jetty.ee10.servlet.ServletChannel.dispatch(ServletChannel.java:828)
	at org.eclipse.jetty.ee10.servlet.ServletChannel.handle(ServletChannel.java:438)
	at org.eclipse.jetty.ee10.servlet.ServletHandler.handle(ServletHandler.java:470)
	at org.eclipse.jetty.ee10.servlet.SessionHandler.handle(SessionHandler.java:717)
	at org.eclipse.jetty.server.handler.gzip.GzipHandler.handle(GzipHandler.java:613)
	at org.eclipse.jetty.server.handler.ContextHandler.handle(ContextHandler.java:1102)
	at org.eclipse.jetty.server.Server.handle(Server.java:182)
	at org.eclipse.jetty.server.internal.HttpChannelState$HandlerInvoker.run(HttpChannelState.java:772)
	at org.eclipse.jetty.util.thread.Invocable$ReadyTask.run(Invocable.java:177)
	at org.eclipse.jetty.http2.server.internal.HttpStreamOverHTTP2$1.run(HttpStreamOverHTTP2.java:144)
	at org.eclipse.jetty.util.thread.QueuedThreadPool.runJob(QueuedThreadPool.java:981)
	at org.eclipse.jetty.util.thread.QueuedThreadPool$Runner.doRunJob(QueuedThreadPool.java:1212)
	at org.eclipse.jetty.util.thread.QueuedThreadPool$Runner.run(QueuedThreadPool.java:1166)
	at java.base/java.lang.Thread.run(Thread.java:1516)
Caused by: java.io.IOException: no_error/stop
	at org.eclipse.jetty.http2.HTTP2Session.toFailure(HTTP2Session.java:763)
	at org.eclipse.jetty.http2.HTTP2Session$StreamsState.halt(HTTP2Session.java:1982)
	at org.eclipse.jetty.http2.HTTP2Session.doStop(HTTP2Session.java:175)
	at org.eclipse.jetty.util.component.AbstractLifeCycle.stop(AbstractLifeCycle.java:132)
	at org.eclipse.jetty.util.component.LifeCycle.stop(LifeCycle.java:91)
	at org.eclipse.jetty.http2.SessionContainer.onClosed(SessionContainer.java:79)
	at org.eclipse.jetty.io.AbstractConnection.onClosed(AbstractConnection.java:248)
	at org.eclipse.jetty.io.AbstractConnection.onClose(AbstractConnection.java:240)
	at org.eclipse.jetty.http2.HTTP2Connection.onClose(HTTP2Connection.java:148)
	at org.eclipse.jetty.io.ssl.SslConnection.onClose(SslConnection.java:376)
	at org.eclipse.jetty.io.SelectorManager.connectionClosed(SelectorManager.java:363)
	at org.eclipse.jetty.io.ManagedSelector$DestroyEndPoint.run(ManagedSelector.java:1097)
	... 4 more
[qtp1395846122-211] ERROR io.pedestal.http.impl.servlet-interceptor - {:msg "error-stylobate triggered", :context {:response {:status 200, :headers {"content-type" "text/plain", "Content-Type" "text/plain"}, :body "2"}, :io.pedestal.interceptor.chain/leave-queue (), :request {:protocol "HTTP/2.0", :async-supported? true, :remote-addr "127.0.0.1", :params {:a "1", :b "1"}, :servlet-response #object[org.eclipse.jetty.ee10.servlet.ServletApiResponse 0x742aa1fd "ServletApiResponse@742aa1fd{org.eclipse.jetty.ee10.servlet.ServletContextResponse@6f3b1321,org.eclipse.jetty.ee10.servlet.ServletContextResponse@6f3b1321}"], :servlet #object[io.pedestal.servlet.FnServlet 0x18594f42 "io.pedestal.servlet.FnServlet@18594f42"], :headers {"user-agent" "h2load nghttp2/1.59.0"}, :server-port 8443, :servlet-request #object[org.eclipse.jetty.ee10.servlet.ServletApiRequest 0x2855f917 "ServletApiRequest@2855f917{ServletContextRequest@5d994fe{SecureRequestWithSslSessionData@245de8f1{GET@13c85540 https://localhost:8443/baseline2?a=1&b=1 HTTP/2.0}}}"], :query-params {:a "1", :b "1"}, :path-info "/baseline2", :url-for #object[clojure.lang.Delay 0x14d28b6f {:status :pending, :val nil}], :uri "/baseline2", :server-name "localhost", :query-string "a=1&b=1", :path-params {}, :body #object[org.eclipse.jetty.ee10.servlet.HttpInput 0x5de5836f "HttpInput@1575322479 cs=ServletChannelState@1634e242{s=HANDLING rs=BLOCKING os=OPEN is=IDLE awp=false se=false i=true al=0} cp=org.eclipse.jetty.ee10.servlet.BlockingContentProducer@4707d791 eof=false"], :scheme :https, :request-method :get, :context-path ""}, :io.pedestal.http.route/path-params-decoded? true, :bindings {#'io.pedestal.http.route/*url-for* #object[clojure.lang.Delay 0x14d28b6f {:status :pending, :val nil}]}, :io.pedestal.interceptor.chain/terminators (#object[io.pedestal.http.response$terminate_when_response_STAR_ 0x148875fa "io.pedestal.http.response$terminate_when_response_STAR_@148875fa"]), :servlet-response #object[org.eclipse.jetty.ee10.servlet.ServletApiResponse 0x742aa1fd "ServletApiResponse@742aa1fd{org.eclipse.jetty.ee10.servlet.ServletContextResponse@6f3b1321,org.eclipse.jetty.ee10.servlet.ServletContextResponse@6f3b1321}"], :route {:path "/baseline2", :method :get, :path-parts ["baseline2"], :interceptors [#Interceptor{:name :httparena.pedestal.core/baseline-handler}], :route-name :httparena.pedestal.core/baseline-h2, :path-params [], :path-re #"/\Qbaseline2\E", :io.pedestal.http.route.internal/satisfies-constraints? #object[io.pedestal.http.route.internal$add_satisfies_constraints_QMARK_$fn__11349 0x4b57ae7 "io.pedestal.http.route.internal$add_satisfies_constraints_QMARK_$fn__11349@4b57ae7"]}, :servlet #object[io.pedestal.servlet.FnServlet 0x18594f42 "io.pedestal.servlet.FnServlet@18594f42"], :servlet-request #object[org.eclipse.jetty.ee10.servlet.ServletApiRequest 0x2855f917 "ServletApiRequest@2855f917{ServletContextRequest@5d994fe{SecureRequestWithSslSessionData@245de8f1{GET@13c85540 https://localhost:8443/baseline2?a=1&b=1 HTTP/2.0}}}"], :websocket-channel-source #object[org.eclipse.jetty.ee10.servlet.ServletApiRequest 0x2855f917 "ServletApiRequest@2855f917{ServletContextRequest@5d994fe{SecureRequestWithSslSessionData@245de8f1{GET@13c85540 https://localhost:8443/baseline2?a=1&b=1 HTTP/2.0}}}"], :io.pedestal.interceptor.chain/enter-async [#object[io.pedestal.http.impl.servlet_interceptor$start_servlet_async 0x4b11d6ea "io.pedestal.http.impl.servlet_interceptor$start_servlet_async@4b11d6ea"]], :url-for #object[clojure.lang.Delay 0x14d28b6f {:status :pending, :val nil}], :io.pedestal.interceptor.chain/execution-id 1085959, :servlet-config #object[org.eclipse.jetty.ee10.servlet.ServletHolder$Config 0x550e8ba5 "org.eclipse.jetty.ee10.servlet.ServletHolder$Config@550e8ba5"]}, :line 298}
clojure.lang.ExceptionInfo: java.io.IOException in Interceptor :io.pedestal.http.impl.servlet-interceptor/ring-response - no_error/stop {:execution-id nil, :stage :leave, :interceptor :io.pedestal.http.impl.servlet-interceptor/ring-response, :exception-type :java.io.IOException, :exception #error {
 :cause "no_error/stop"
 :via
 [{:type java.io.IOException
   :message "no_error/stop"
   :at [org.eclipse.jetty.http2.HTTP2Session toFailure "HTTP2Session.java" 763]}]
 :trace
 [[org.eclipse.jetty.http2.HTTP2Session toFailure "HTTP2Session.java" 763]
  [org.eclipse.jetty.http2.HTTP2Session$StreamsState halt "HTTP2Session.java" 1982]
  [org.eclipse.jetty.http2.HTTP2Session doStop "HTTP2Session.java" 175]
  [org.eclipse.jetty.util.component.AbstractLifeCycle stop "AbstractLifeCycle.java" 132]
  [org.eclipse.jetty.util.component.LifeCycle stop "LifeCycle.java" 91]
  [org.eclipse.jetty.http2.SessionContainer onClosed "SessionContainer.java" 79]
  [org.eclipse.jetty.io.AbstractConnection onClosed "AbstractConnection.java" 248]
  [org.eclipse.jetty.io.AbstractConnection onClose "AbstractConnection.java" 240]
  [org.eclipse.jetty.http2.HTTP2Connection onClose "HTTP2Connection.java" 148]
  [org.eclipse.jetty.io.ssl.SslConnection onClose "SslConnection.java" 376]
  [org.eclipse.jetty.io.SelectorManager connectionClosed "SelectorManager.java" 363]
  [org.eclipse.jetty.io.ManagedSelector$DestroyEndPoint run "ManagedSelector.java" 1097]
  [org.eclipse.jetty.util.thread.QueuedThreadPool runJob "QueuedThreadPool.java" 981]
  [org.eclipse.jetty.util.thread.QueuedThreadPool$Runner doRunJob "QueuedThreadPool.java" 1212]
  [org.eclipse.jetty.util.thread.QueuedThreadPool$Runner run "QueuedThreadPool.java" 1166]
  [java.lang.Thread run "Thread.java" 1516]]}}
	at io.pedestal.interceptor.chain$throwable__GT_ex_info.invokeStatic(chain.clj:41)
	at io.pedestal.interceptor.chain$throwable__GT_ex_info.invoke(chain.clj:35)
	at io.pedestal.interceptor.chain$begin_error.invokeStatic(chain.clj:74)
	at io.pedestal.interceptor.chain$begin_error.invoke(chain.clj:62)
	at io.pedestal.interceptor.chain$try_stage.invokeStatic(chain.clj:124)
	at io.pedestal.interceptor.chain$try_stage.invoke(chain.clj:108)
	at io.pedestal.interceptor.chain$execute_leave$fn__11043.invoke(chain.clj:270)
	at clojure.lang.AFn.applyToHelper(AFn.java:152)
	at clojure.lang.AFn.applyTo(AFn.java:144)
	at clojure.core$apply.invokeStatic(core.clj:667)
	at clojure.core$with_bindings_STAR_.invokeStatic(core.clj:1994)
	at clojure.core$with_bindings_STAR_.doInvoke(core.clj:1994)
	at clojure.lang.RestFn.invoke(RestFn.java:428)
	at io.pedestal.interceptor.chain$execute_leave.invokeStatic(chain.clj:250)
	at io.pedestal.interceptor.chain$execute_leave.invoke(chain.clj:243)
	at io.pedestal.interceptor.chain$execute_continue.invokeStatic(chain.clj:362)
	at io.pedestal.interceptor.chain$execute_continue.invoke(chain.clj:359)
	at io.pedestal.interceptor.chain$execute.invokeStatic(chain.clj:424)
	at io.pedestal.interceptor.chain$execute.invoke(chain.clj:373)
	at io.pedestal.interceptor.chain$execute.invokeStatic(chain.clj:429)
	at io.pedestal.interceptor.chain$execute.invoke(chain.clj:373)
	at io.pedestal.http.impl.servlet_interceptor$interceptor_service_fn$fn__16045.invoke(servlet_interceptor.clj:386)
	at io.pedestal.servlet.FnServlet.service(FnServlet.java:57)
	at jakarta.servlet.http.HttpServlet.service(HttpServlet.java:614)
	at org.eclipse.jetty.ee10.servlet.ServletHolder.handle(ServletHolder.java:753)
	at org.eclipse.jetty.ee10.servlet.ServletHandler$ChainEnd.doFilter(ServletHandler.java:1624)
	at org.eclipse.jetty.ee10.websocket.servlet.WebSocketUpgradeFilter.doFilter(WebSocketUpgradeFilter.java:195)
	at org.eclipse.jetty.ee10.servlet.FilterHolder.doFilter(FilterHolder.java:205)
	at org.eclipse.jetty.ee10.servlet.ServletHandler$Chain.doFilter(ServletHandler.java:1596)
	at org.eclipse.jetty.ee10.servlet.ServletHandler$MappedServlet.handle(ServletHandler.java:1557)
	at org.eclipse.jetty.ee10.servlet.ServletChannel.dispatch(ServletChannel.java:828)
	at org.eclipse.jetty.ee10.servlet.ServletChannel.handle(ServletChannel.java:438)
	at org.eclipse.jetty.ee10.servlet.ServletHandler.handle(ServletHandler.java:470)
	at org.eclipse.jetty.ee10.servlet.SessionHandler.handle(SessionHandler.java:717)
	at org.eclipse.jetty.server.handler.gzip.GzipHandler.handle(GzipHandler.java:613)
	at org.eclipse.jetty.server.handler.ContextHandler.handle(ContextHandler.java:1102)
	at org.eclipse.jetty.server.Server.handle(Server.java:182)
	at org.eclipse.jetty.server.internal.HttpChannelState$HandlerInvoker.run(HttpChannelState.java:772)
	at org.eclipse.jetty.util.thread.Invocable$ReadyTask.run(Invocable.java:177)
	at org.eclipse.jetty.http2.server.internal.HttpStreamOverHTTP2$1.run(HttpStreamOverHTTP2.java:144)
	at org.eclipse.jetty.util.thread.QueuedThreadPool.runJob(QueuedThreadPool.java:981)
	at org.eclipse.jetty.util.thread.QueuedThreadPool$Runner.doRunJob(QueuedThreadPool.java:1212)
	at org.eclipse.jetty.util.thread.QueuedThreadPool$Runner.run(QueuedThreadPool.java:1166)
	at java.base/java.lang.Thread.run(Thread.java:1516)
Caused by: java.io.IOException: no_error/stop
	at org.eclipse.jetty.http2.HTTP2Session.toFailure(HTTP2Session.java:763)
	at org.eclipse.jetty.http2.HTTP2Session$StreamsState.halt(HTTP2Session.java:1982)
	at org.eclipse.jetty.http2.HTTP2Session.doStop(HTTP2Session.java:175)
	at org.eclipse.jetty.util.component.AbstractLifeCycle.stop(AbstractLifeCycle.java:132)
	at org.eclipse.jetty.util.component.LifeCycle.stop(LifeCycle.java:91)
	at org.eclipse.jetty.http2.SessionContainer.onClosed(SessionContainer.java:79)
	at org.eclipse.jetty.io.AbstractConnection.onClosed(AbstractConnection.java:248)
	at org.eclipse.jetty.io.AbstractConnection.onClose(AbstractConnection.java:240)
	at org.eclipse.jetty.http2.HTTP2Connection.onClose(HTTP2Connection.java:148)
	at org.eclipse.jetty.io.ssl.SslConnection.onClose(SslConnection.java:376)
	at org.eclipse.jetty.io.SelectorManager.connectionClosed(SelectorManager.java:363)
	at org.eclipse.jetty.io.ManagedSelector$DestroyEndPoint.run(ManagedSelector.java:1097)
	... 4 more
[qtp1395846122-304] ERROR io.pedestal.http.impl.servlet-interceptor - {:msg "error-stylobate triggered", :context {:response {:status 200, :headers {"content-type" "text/plain", "Content-Type" "text/plain"}, :body "2"}, :io.pedestal.interceptor.chain/leave-queue (), :request {:protocol "HTTP/2.0", :async-supported? true, :remote-addr "127.0.0.1", :params {:a "1", :b "1"}, :servlet-response #object[org.eclipse.jetty.ee10.servlet.ServletApiResponse 0x69acfd6b "ServletApiResponse@69acfd6b{org.eclipse.jetty.ee10.servlet.ServletContextResponse@13257ad7,org.eclipse.jetty.ee10.servlet.ServletContextResponse@13257ad7}"], :servlet #object[io.pedestal.servlet.FnServlet 0x18594f42 "io.pedestal.servlet.FnServlet@18594f42"], :headers {"user-agent" "h2load nghttp2/1.59.0"}, :server-port 8443, :servlet-request #object[org.eclipse.jetty.ee10.servlet.ServletApiRequest 0x38119b7c "ServletApiRequest@38119b7c{ServletContextRequest@3ea3a5d5{SecureRequestWithSslSessionData@30ea40cf{GET@82177c7 https://localhost:8443/baseline2?a=1&b=1 HTTP/2.0}}}"], :query-params {:a "1", :b "1"}, :path-info "/baseline2", :url-for #object[clojure.lang.Delay 0x3c5fc7c4 {:status :pending, :val nil}], :uri "/baseline2", :server-name "localhost", :query-string "a=1&b=1", :path-params {}, :body #object[org.eclipse.jetty.ee10.servlet.HttpInput 0x1ff15097 "HttpInput@535908503 cs=ServletChannelState@7d7f979e{s=HANDLING rs=BLOCKING os=OPEN is=IDLE awp=false se=false i=true al=0} cp=org.eclipse.jetty.ee10.servlet.BlockingContentProducer@7ee358b9 eof=false"], :scheme :https, :request-method :get, :context-path ""}, :io.pedestal.http.route/path-params-decoded? true, :bindings {#'io.pedestal.http.route/*url-for* #object[clojure.lang.Delay 0x3c5fc7c4 {:status :pending, :val nil}]}, :io.pedestal.interceptor.chain/terminators (#object[io.pedestal.http.response$terminate_when_response_STAR_ 0x148875fa "io.pedestal.http.response$terminate_when_response_STAR_@148875fa"]), :servlet-response #object[org.eclipse.jetty.ee10.servlet.ServletApiResponse 0x69acfd6b "ServletApiResponse@69acfd6b{org.eclipse.jetty.ee10.servlet.ServletContextResponse@13257ad7,org.eclipse.jetty.ee10.servlet.ServletContextResponse@13257ad7}"], :route {:path "/baseline2", :method :get, :path-parts ["baseline2"], :interceptors [#Interceptor{:name :httparena.pedestal.core/baseline-handler}], :route-name :httparena.pedestal.core/baseline-h2, :path-params [], :path-re #"/\Qbaseline2\E", :io.pedestal.http.route.internal/satisfies-constraints? #object[io.pedestal.http.route.internal$add_satisfies_constraints_QMARK_$fn__11349 0x4b57ae7 "io.pedestal.http.route.internal$add_satisfies_constraints_QMARK_$fn__11349@4b57ae7"]}, :servlet #object[io.pedestal.servlet.FnServlet 0x18594f42 "io.pedestal.servlet.FnServlet@18594f42"], :servlet-request #object[org.eclipse.jetty.ee10.servlet.ServletApiRequest 0x38119b7c "ServletApiRequest@38119b7c{ServletContextRequest@3ea3a5d5{SecureRequestWithSslSessionData@30ea40cf{GET@82177c7 https://localhost:8443/baseline2?a=1&b=1 HTTP/2.0}}}"], :websocket-channel-source #object[org.eclipse.jetty.ee10.servlet.ServletApiRequest 0x38119b7c "ServletApiRequest@38119b7c{ServletContextRequest@3ea3a5d5{SecureRequestWithSslSessionData@30ea40cf{GET@82177c7 https://localhost:8443/baseline2?a=1&b=1 HTTP/2.0}}}"], :io.pedestal.interceptor.chain/enter-async [#object[io.pedestal.http.impl.servlet_interceptor$start_servlet_async 0x4b11d6ea "io.pedestal.http.impl.servlet_interceptor$start_servlet_async@4b11d6ea"]], :url-for #object[clojure.lang.Delay 0x3c5fc7c4 {:status :pending, :val nil}], :io.pedestal.interceptor.chain/execution-id 1086123, :servlet-config #object[org.eclipse.jetty.ee10.servlet.ServletHolder$Config 0x550e8ba5 "org.eclipse.jetty.ee10.servlet.ServletHolder$Config@550e8ba5"]}, :line 298}
clojure.lang.ExceptionInfo: java.io.EOFException in Interceptor :io.pedestal.http.impl.servlet-interceptor/ring-response - reset {:execution-id nil, :stage :leave, :interceptor :io.pedestal.http.impl.servlet-interceptor/ring-response, :exception-type :java.io.EOFException, :exception #error {
 :cause "reset"
 :via
 [{:type java.io.EOFException
   :message "reset"
   :at [org.eclipse.jetty.http2.HTTP2Stream reset "HTTP2Stream.java" 181]}]
 :trace
 [[org.eclipse.jetty.http2.HTTP2Stream reset "HTTP2Stream.java" 181]
  [org.eclipse.jetty.http2.HTTP2Session lambda$failStreams$0 "HTTP2Session.java" 747]
  [org.eclipse.jetty.util.Callback$4 completed "Callback.java" 227]
  [org.eclipse.jetty.util.Callback$Completing succeeded "Callback.java" 416]
  [org.eclipse.jetty.util.Callback$Nested succeeded "Callback.java" 467]
  [org.eclipse.jetty.http2.server.internal.HttpStreamOverHTTP2$FailureTask run "HttpStreamOverHTTP2.java" 711]
  [org.eclipse.jetty.util.thread.ReservedThreadExecutor$ReservedThread run "ReservedThreadExecutor.java" 311]
  [org.eclipse.jetty.util.thread.QueuedThreadPool runJob "QueuedThreadPool.java" 981]
  [org.eclipse.jetty.util.thread.QueuedThreadPool$Runner doRunJob "QueuedThreadPool.java" 1212]
  [org.eclipse.jetty.util.thread.QueuedThreadPool$Runner run "QueuedThreadPool.java" 1166]
  [java.lang.Thread run "Thread.java" 1516]]}}
	at io.pedestal.interceptor.chain$throwable__GT_ex_info.invokeStatic(chain.clj:41)
	at io.pedestal.interceptor.chain$throwable__GT_ex_info.invoke(chain.clj:35)
	at io.pedestal.interceptor.chain$begin_error.invokeStatic(chain.clj:74)
	at io.pedestal.interceptor.chain$begin_error.invoke(chain.clj:62)
	at io.pedestal.interceptor.chain$try_stage.invokeStatic(chain.clj:124)
	at io.pedestal.interceptor.chain$try_stage.invoke(chain.clj:108)
	at io.pedestal.interceptor.chain$execute_leave$fn__11043.invoke(chain.clj:270)
	at clojure.lang.AFn.applyToHelper(AFn.java:152)
	at clojure.lang.AFn.applyTo(AFn.java:144)
	at clojure.core$apply.invokeStatic(core.clj:667)
	at clojure.core$with_bindings_STAR_.invokeStatic(core.clj:1994)
	at clojure.core$with_bindings_STAR_.doInvoke(core.clj:1994)
	at clojure.lang.RestFn.invoke(RestFn.java:428)
	at io.pedestal.interceptor.chain$execute_leave.invokeStatic(chain.clj:250)
	at io.pedestal.interceptor.chain$execute_leave.invoke(chain.clj:243)
	at io.pedestal.interceptor.chain$execute_continue.invokeStatic(chain.clj:362)
	at io.pedestal.interceptor.chain$execute_continue.invoke(chain.clj:359)
	at io.pedestal.interceptor.chain$execute.invokeStatic(chain.clj:424)
	at io.pedestal.interceptor.chain$execute.invoke(chain.clj:373)
	at io.pedestal.interceptor.chain$execute.invokeStatic(chain.clj:429)
	at io.pedestal.interceptor.chain$execute.invoke(chain.clj:373)
	at io.pedestal.http.impl.servlet_interceptor$interceptor_service_fn$fn__16045.invoke(servlet_interceptor.clj:386)
	at io.pedestal.servlet.FnServlet.service(FnServlet.java:57)
	at jakarta.servlet.http.HttpServlet.service(HttpServlet.java:614)
	at org.eclipse.jetty.ee10.servlet.ServletHolder.handle(ServletHolder.java:753)
	at org.eclipse.jetty.ee10.servlet.ServletHandler$ChainEnd.doFilter(ServletHandler.java:1624)
	at org.eclipse.jetty.ee10.websocket.servlet.WebSocketUpgradeFilter.doFilter(WebSocketUpgradeFilter.java:195)
	at org.eclipse.jetty.ee10.servlet.FilterHolder.doFilter(FilterHolder.java:205)
	at org.eclipse.jetty.ee10.servlet.ServletHandler$Chain.doFilter(ServletHandler.java:1596)
	at org.eclipse.jetty.ee10.servlet.ServletHandler$MappedServlet.handle(ServletHandler.java:1557)
	at org.eclipse.jetty.ee10.servlet.ServletChannel.dispatch(ServletChannel.java:828)
	at org.eclipse.jetty.ee10.servlet.ServletChannel.handle(ServletChannel.java:438)
	at org.eclipse.jetty.ee10.servlet.ServletHandler.handle(ServletHandler.java:470)
	at org.eclipse.jetty.ee10.servlet.SessionHandler.handle(SessionHandler.java:717)
	at org.eclipse.jetty.server.handler.gzip.GzipHandler.handle(GzipHandler.java:613)
	at org.eclipse.jetty.server.handler.ContextHandler.handle(ContextHandler.java:1102)
	at org.eclipse.jetty.server.Server.handle(Server.java:182)
	at org.eclipse.jetty.server.internal.HttpChannelState$HandlerInvoker.run(HttpChannelState.java:772)
	at org.eclipse.jetty.util.thread.Invocable$ReadyTask.run(Invocable.java:177)
	at org.eclipse.jetty.http2.server.internal.HttpStreamOverHTTP2$1.run(HttpStreamOverHTTP2.java:144)
	at org.eclipse.jetty.util.thread.QueuedThreadPool.runJob(QueuedThreadPool.java:981)
	at org.eclipse.jetty.util.thread.QueuedThreadPool$Runner.doRunJob(QueuedThreadPool.java:1212)
	at org.eclipse.jetty.util.thread.QueuedThreadPool$Runner.run(QueuedThreadPool.java:1166)
	at java.base/java.lang.Thread.run(Thread.java:1516)
Caused by: java.io.EOFException: reset
	at org.eclipse.jetty.http2.HTTP2Stream.reset(HTTP2Stream.java:181)
	at org.eclipse.jetty.http2.HTTP2Session.lambda$failStreams$0(HTTP2Session.java:747)
	at org.eclipse.jetty.util.Callback$4.completed(Callback.java:227)
	at org.eclipse.jetty.util.Callback$Completing.succeeded(Callback.java:416)
	at org.eclipse.jetty.util.Callback$Nested.succeeded(Callback.java:467)
	at org.eclipse.jetty.http2.server.internal.HttpStreamOverHTTP2$FailureTask.run(HttpStreamOverHTTP2.java:711)
	at org.eclipse.jetty.util.thread.ReservedThreadExecutor$ReservedThread.run(ReservedThreadExecutor.java:311)
	... 4 more
[qtp1395846122-191] ERROR io.pedestal.http.impl.servlet-interceptor - {:msg "error-stylobate triggered", :context {:response {:status 200, :headers {"content-type" "text/plain", "Content-Type" "text/plain"}, :body "2"}, :io.pedestal.interceptor.chain/leave-queue (), :request {:protocol "HTTP/2.0", :async-supported? true, :remote-addr "127.0.0.1", :params {:a "1", :b "1"}, :servlet-response #object[org.eclipse.jetty.ee10.servlet.ServletApiResponse 0x3fe13d0e "ServletApiResponse@3fe13d0e{org.eclipse.jetty.ee10.servlet.ServletContextResponse@5b6fb896,org.eclipse.jetty.ee10.servlet.ServletContextResponse@5b6fb896}"], :servlet #object[io.pedestal.servlet.FnServlet 0x18594f42 "io.pedestal.servlet.FnServlet@18594f42"], :headers {"user-agent" "h2load nghttp2/1.59.0"}, :server-port 8443, :servlet-request #object[org.eclipse.jetty.ee10.servlet.ServletApiRequest 0x4712ba8d "ServletApiRequest@4712ba8d{ServletContextRequest@1391d6d5{SecureRequestWithSslSessionData@25ae80e4{GET@32337cf https://localhost:8443/baseline2?a=1&b=1 HTTP/2.0}}}"], :query-params {:a "1", :b "1"}, :path-info "/baseline2", :url-for #object[clojure.lang.Delay 0x51b733f4 {:status :pending, :val nil}], :uri "/baseline2", :server-name "localhost", :query-string "a=1&b=1", :path-params {}, :body #object[org.eclipse.jetty.ee10.servlet.HttpInput 0x4c8d7069 "HttpInput@1284337769 cs=ServletChannelState@1df560bc{s=HANDLING rs=BLOCKING os=OPEN is=IDLE awp=false se=false i=true al=0} cp=org.eclipse.jetty.ee10.servlet.BlockingContentProducer@7f2b182 eof=false"], :scheme :https, :request-method :get, :context-path ""}, :io.pedestal.http.route/path-params-decoded? true, :bindings {#'io.pedestal.http.route/*url-for* #object[clojure.lang.Delay 0x51b733f4 {:status :pending, :val nil}]}, :io.pedestal.interceptor.chain/terminators (#object[io.pedestal.http.response$terminate_when_response_STAR_ 0x148875fa "io.pedestal.http.response$terminate_when_response_STAR_@148875fa"]), :servlet-response #object[org.eclipse.jetty.ee10.servlet.ServletApiResponse 0x3fe13d0e "ServletApiResponse@3fe13d0e{org.eclipse.jetty.ee10.servlet.ServletContextResponse@5b6fb896,org.eclipse.jetty.ee10.servlet.ServletContextResponse@5b6fb896}"], :route {:path "/baseline2", :method :get, :path-parts ["baseline2"], :interceptors [#Interceptor{:name :httparena.pedestal.core/baseline-handler}], :route-name :httparena.pedestal.core/baseline-h2, :path-params [], :path-re #"/\Qbaseline2\E", :io.pedestal.http.route.internal/satisfies-constraints? #object[io.pedestal.http.route.internal$add_satisfies_constraints_QMARK_$fn__11349 0x4b57ae7 "io.pedestal.http.route.internal$add_satisfies_constraints_QMARK_$fn__11349@4b57ae7"]}, :servlet #object[io.pedestal.servlet.FnServlet 0x18594f42 "io.pedestal.servlet.FnServlet@18594f42"], :servlet-request #object[org.eclipse.jetty.ee10.servlet.ServletApiRequest 0x4712ba8d "ServletApiRequest@4712ba8d{ServletContextRequest@1391d6d5{SecureRequestWithSslSessionData@25ae80e4{GET@32337cf https://localhost:8443/baseline2?a=1&b=1 HTTP/2.0}}}"], :websocket-channel-source #object[org.eclipse.jetty.ee10.servlet.ServletApiRequest 0x4712ba8d "ServletApiRequest@4712ba8d{ServletContextRequest@1391d6d5{SecureRequestWithSslSessionData@25ae80e4{GET@32337cf https://localhost:8443/baseline2?a=1&b=1 HTTP/2.0}}}"], :io.pedestal.interceptor.chain/enter-async [#object[io.pedestal.http.impl.servlet_interceptor$start_servlet_async 0x4b11d6ea "io.pedestal.http.impl.servlet_interceptor$start_servlet_async@4b11d6ea"]], :url-for #object[clojure.lang.Delay 0x51b733f4 {:status :pending, :val nil}], :io.pedestal.interceptor.chain/execution-id 1086126, :servlet-config #object[org.eclipse.jetty.ee10.servlet.ServletHolder$Config 0x550e8ba5 "org.eclipse.jetty.ee10.servlet.ServletHolder$Config@550e8ba5"]}, :line 298}
clojure.lang.ExceptionInfo: java.io.IOException in Interceptor :io.pedestal.http.impl.servlet-interceptor/ring-response - no_error/stop {:execution-id nil, :stage :leave, :interceptor :io.pedestal.http.impl.servlet-interceptor/ring-response, :exception-type :java.io.IOException, :exception #error {
 :cause "no_error/stop"
 :via
 [{:type java.io.IOException
   :message "no_error/stop"
   :at [org.eclipse.jetty.http2.HTTP2Session toFailure "HTTP2Session.java" 763]}]
 :trace
 [[org.eclipse.jetty.http2.HTTP2Session toFailure "HTTP2Session.java" 763]
  [org.eclipse.jetty.http2.HTTP2Session$StreamsState halt "HTTP2Session.java" 1982]
  [org.eclipse.jetty.http2.HTTP2Session doStop "HTTP2Session.java" 175]
  [org.eclipse.jetty.util.component.AbstractLifeCycle stop "AbstractLifeCycle.java" 132]
  [org.eclipse.jetty.util.component.LifeCycle stop "LifeCycle.java" 91]
  [org.eclipse.jetty.http2.SessionContainer onClosed "SessionContainer.java" 79]
  [org.eclipse.jetty.io.AbstractConnection onClosed "AbstractConnection.java" 248]
  [org.eclipse.jetty.io.AbstractConnection onClose "AbstractConnection.java" 240]
  [org.eclipse.jetty.http2.HTTP2Connection onClose "HTTP2Connection.java" 148]
  [org.eclipse.jetty.io.ssl.SslConnection onClose "SslConnection.java" 376]
  [org.eclipse.jetty.io.SelectorManager connectionClosed "SelectorManager.java" 363]
  [org.eclipse.jetty.io.ManagedSelector$DestroyEndPoint run "ManagedSelector.java" 1097]
  [org.eclipse.jetty.util.thread.QueuedThreadPool runJob "QueuedThreadPool.java" 981]
  [org.eclipse.jetty.util.thread.QueuedThreadPool$Runner doRunJob "QueuedThreadPool.java" 1212]
  [org.eclipse.jetty.util.thread.QueuedThreadPool$Runner run "QueuedThreadPool.java" 1166]
  [java.lang.Thread run "Thread.java" 1516]]}}
	at io.pedestal.interceptor.chain$throwable__GT_ex_info.invokeStatic(chain.clj:41)
	at io.pedestal.interceptor.chain$throwable__GT_ex_info.invoke(chain.clj:35)
	at io.pedestal.interceptor.chain$begin_error.invokeStatic(chain.clj:74)
	at io.pedestal.interceptor.chain$begin_error.invoke(chain.clj:62)
	at io.pedestal.interceptor.chain$try_stage.invokeStatic(chain.clj:124)
	at io.pedestal.interceptor.chain$try_stage.invoke(chain.clj:108)
	at io.pedestal.interceptor.chain$execute_leave$fn__11043.invoke(chain.clj:270)
	at clojure.lang.AFn.applyToHelper(AFn.java:152)
	at clojure.lang.AFn.applyTo(AFn.java:144)
	at clojure.core$apply.invokeStatic(core.clj:667)
	at clojure.core$with_bindings_STAR_.invokeStatic(core.clj:1994)
	at clojure.core$with_bindings_STAR_.doInvoke(core.clj:1994)
	at clojure.lang.RestFn.invoke(RestFn.java:428)
	at io.pedestal.interceptor.chain$execute_leave.invokeStatic(chain.clj:250)
	at io.pedestal.interceptor.chain$execute_leave.invoke(chain.clj:243)
	at io.pedestal.interceptor.chain$execute_continue.invokeStatic(chain.clj:362)
	at io.pedestal.interceptor.chain$execute_continue.invoke(chain.clj:359)
	at io.pedestal.interceptor.chain$execute.invokeStatic(chain.clj:424)
	at io.pedestal.interceptor.chain$execute.invoke(chain.clj:373)
	at io.pedestal.interceptor.chain$execute.invokeStatic(chain.clj:429)
	at io.pedestal.interceptor.chain$execute.invoke(chain.clj:373)
	at io.pedestal.http.impl.servlet_interceptor$interceptor_service_fn$fn__16045.invoke(servlet_interceptor.clj:386)
	at io.pedestal.servlet.FnServlet.service(FnServlet.java:57)
	at jakarta.servlet.http.HttpServlet.service(HttpServlet.java:614)
	at org.eclipse.jetty.ee10.servlet.ServletHolder.handle(ServletHolder.java:753)
	at org.eclipse.jetty.ee10.servlet.ServletHandler$ChainEnd.doFilter(ServletHandler.java:1624)
	at org.eclipse.jetty.ee10.websocket.servlet.WebSocketUpgradeFilter.doFilter(WebSocketUpgradeFilter.java:195)
	at org.eclipse.jetty.ee10.servlet.FilterHolder.doFilter(FilterHolder.java:205)
	at org.eclipse.jetty.ee10.servlet.ServletHandler$Chain.doFilter(ServletHandler.java:1596)
	at org.eclipse.jetty.ee10.servlet.ServletHandler$MappedServlet.handle(ServletHandler.java:1557)
	at org.eclipse.jetty.ee10.servlet.ServletChannel.dispatch(ServletChannel.java:828)
	at org.eclipse.jetty.ee10.servlet.ServletChannel.handle(ServletChannel.java:438)
	at org.eclipse.jetty.ee10.servlet.ServletHandler.handle(ServletHandler.java:470)
	at org.eclipse.jetty.ee10.servlet.SessionHandler.handle(SessionHandler.java:717)
	at org.eclipse.jetty.server.handler.gzip.GzipHandler.handle(GzipHandler.java:613)
	at org.eclipse.jetty.server.handler.ContextHandler.handle(ContextHandler.java:1102)
	at org.eclipse.jetty.server.Server.handle(Server.java:182)
	at org.eclipse.jetty.server.internal.HttpChannelState$HandlerInvoker.run(HttpChannelState.java:772)
	at org.eclipse.jetty.util.thread.Invocable$ReadyTask.run(Invocable.java:177)
	at org.eclipse.jetty.http2.server.internal.HttpStreamOverHTTP2$1.run(HttpStreamOverHTTP2.java:144)
	at org.eclipse.jetty.util.thread.QueuedThreadPool.runJob(QueuedThreadPool.java:981)
	at org.eclipse.jetty.util.thread.QueuedThreadPool$Runner.doRunJob(QueuedThreadPool.java:1212)
	at org.eclipse.jetty.util.thread.QueuedThreadPool$Runner.run(QueuedThreadPool.java:1166)
	at java.base/java.lang.Thread.run(Thread.java:1516)
Caused by: java.io.IOException: no_error/stop
	at org.eclipse.jetty.http2.HTTP2Session.toFailure(HTTP2Session.java:763)
	at org.eclipse.jetty.http2.HTTP2Session$StreamsState.halt(HTTP2Session.java:1982)
	at org.eclipse.jetty.http2.HTTP2Session.doStop(HTTP2Session.java:175)
	at org.eclipse.jetty.util.component.AbstractLifeCycle.stop(AbstractLifeCycle.java:132)
	at org.eclipse.jetty.util.component.LifeCycle.stop(LifeCycle.java:91)
	at org.eclipse.jetty.http2.SessionContainer.onClosed(SessionContainer.java:79)
	at org.eclipse.jetty.io.AbstractConnection.onClosed(AbstractConnection.java:248)
	at org.eclipse.jetty.io.AbstractConnection.onClose(AbstractConnection.java:240)
	at org.eclipse.jetty.http2.HTTP2Connection.onClose(HTTP2Connection.java:148)
	at org.eclipse.jetty.io.ssl.SslConnection.onClose(SslConnection.java:376)
	at org.eclipse.jetty.io.SelectorManager.connectionClosed(SelectorManager.java:363)
	at org.eclipse.jetty.io.ManagedSelector$DestroyEndPoint.run(ManagedSelector.java:1097)
	... 4 more
[qtp1395846122-353] ERROR io.pedestal.http.impl.servlet-interceptor - {:msg "error-stylobate triggered", :context {:response {:status 200, :headers {"content-type" "text/plain", "Content-Type" "text/plain"}, :body "2"}, :io.pedestal.interceptor.chain/leave-queue (), :request {:protocol "HTTP/2.0", :async-supported? true, :remote-addr "127.0.0.1", :params {:a "1", :b "1"}, :servlet-response #object[org.eclipse.jetty.ee10.servlet.ServletApiResponse 0x609d882b "ServletApiResponse@609d882b{org.eclipse.jetty.ee10.servlet.ServletContextResponse@25ba773c,org.eclipse.jetty.ee10.servlet.ServletContextResponse@25ba773c}"], :servlet #object[io.pedestal.servlet.FnServlet 0x18594f42 "io.pedestal.servlet.FnServlet@18594f42"], :headers {"user-agent" "h2load nghttp2/1.59.0"}, :server-port 8443, :servlet-request #object[org.eclipse.jetty.ee10.servlet.ServletApiRequest 0x61030226 "ServletApiRequest@61030226{ServletContextRequest@f985a49{SecureRequestWithSslSessionData@3c85741{GET@75bdd393 https://localhost:8443/baseline2?a=1&b=1 HTTP/2.0}}}"], :query-params {:a "1", :b "1"}, :path-info "/baseline2", :url-for #object[clojure.lang.Delay 0xcd6ed30 {:status :pending, :val nil}], :uri "/baseline2", :server-name "localhost", :query-string "a=1&b=1", :path-params {}, :body #object[org.eclipse.jetty.ee10.servlet.HttpInput 0x4151a4f1 "HttpInput@1095869681 cs=ServletChannelState@e281c5{s=HANDLING rs=BLOCKING os=OPEN is=IDLE awp=false se=false i=true al=0} cp=org.eclipse.jetty.ee10.servlet.BlockingContentProducer@1bd8fb01 eof=false"], :scheme :https, :request-method :get, :context-path ""}, :io.pedestal.http.route/path-params-decoded? true, :bindings {#'io.pedestal.http.route/*url-for* #object[clojure.lang.Delay 0xcd6ed30 {:status :pending, :val nil}]}, :io.pedestal.interceptor.chain/terminators (#object[io.pedestal.http.response$terminate_when_response_STAR_ 0x148875fa "io.pedestal.http.response$terminate_when_response_STAR_@148875fa"]), :servlet-response #object[org.eclipse.jetty.ee10.servlet.ServletApiResponse 0x609d882b "ServletApiResponse@609d882b{org.eclipse.jetty.ee10.servlet.ServletContextResponse@25ba773c,org.eclipse.jetty.ee10.servlet.ServletContextResponse@25ba773c}"], :route {:path "/baseline2", :method :get, :path-parts ["baseline2"], :interceptors [#Interceptor{:name :httparena.pedestal.core/baseline-handler}], :route-name :httparena.pedestal.core/baseline-h2, :path-params [], :path-re #"/\Qbaseline2\E", :io.pedestal.http.route.internal/satisfies-constraints? #object[io.pedestal.http.route.internal$add_satisfies_constraints_QMARK_$fn__11349 0x4b57ae7 "io.pedestal.http.route.internal$add_satisfies_constraints_QMARK_$fn__11349@4b57ae7"]}, :servlet #object[io.pedestal.servlet.FnServlet 0x18594f42 "io.pedestal.servlet.FnServlet@18594f42"], :servlet-request #object[org.eclipse.jetty.ee10.servlet.ServletApiRequest 0x61030226 "ServletApiRequest@61030226{ServletContextRequest@f985a49{SecureRequestWithSslSessionData@3c85741{GET@75bdd393 https://localhost:8443/baseline2?a=1&b=1 HTTP/2.0}}}"], :websocket-channel-source #object[org.eclipse.jetty.ee10.servlet.ServletApiRequest 0x61030226 "ServletApiRequest@61030226{ServletContextRequest@f985a49{SecureRequestWithSslSessionData@3c85741{GET@75bdd393 https://localhost:8443/baseline2?a=1&b=1 HTTP/2.0}}}"], :io.pedestal.interceptor.chain/enter-async [#object[io.pedestal.http.impl.servlet_interceptor$start_servlet_async 0x4b11d6ea "io.pedestal.http.impl.servlet_interceptor$start_servlet_async@4b11d6ea"]], :url-for #object[clojure.lang.Delay 0xcd6ed30 {:status :pending, :val nil}], :io.pedestal.interceptor.chain/execution-id 1086377, :servlet-config #object[org.eclipse.jetty.ee10.servlet.ServletHolder$Config 0x550e8ba5 "org.eclipse.jetty.ee10.servlet.ServletHolder$Config@550e8ba5"]}, :line 298}
clojure.lang.ExceptionInfo: java.io.EOFException in Interceptor :io.pedestal.http.impl.servlet-interceptor/ring-response - reset {:execution-id nil, :stage :leave, :interceptor :io.pedestal.http.impl.servlet-interceptor/ring-response, :exception-type :java.io.EOFException, :exception #error {
 :cause "reset"
 :via
 [{:type java.io.EOFException
   :message "reset"
   :at [org.eclipse.jetty.http2.HTTP2Stream reset "HTTP2Stream.java" 181]}]
 :trace
 [[org.eclipse.jetty.http2.HTTP2Stream reset "HTTP2Stream.java" 181]
  [org.eclipse.jetty.http2.HTTP2Session lambda$failStreams$0 "HTTP2Session.java" 747]
  [org.eclipse.jetty.util.Callback$4 completed "Callback.java" 227]
  [org.eclipse.jetty.util.Callback$Completing succeeded "Callback.java" 416]
  [org.eclipse.jetty.util.Callback$Nested succeeded "Callback.java" 467]
  [org.eclipse.jetty.http2.server.internal.HttpStreamOverHTTP2$FailureTask run "HttpStreamOverHTTP2.java" 711]
  [org.eclipse.jetty.util.thread.ReservedThreadExecutor$ReservedThread run "ReservedThreadExecutor.java" 311]
  [org.eclipse.jetty.util.thread.QueuedThreadPool runJob "QueuedThreadPool.java" 981]
  [org.eclipse.jetty.util.thread.QueuedThreadPool$Runner doRunJob "QueuedThreadPool.java" 1212]
  [org.eclipse.jetty.util.thread.QueuedThreadPool$Runner run "QueuedThreadPool.java" 1166]
  [java.lang.Thread run "Thread.java" 1516]]}}
	at io.pedestal.interceptor.chain$throwable__GT_ex_info.invokeStatic(chain.clj:41)
	at io.pedestal.interceptor.chain$throwable__GT_ex_info.invoke(chain.clj:35)
	at io.pedestal.interceptor.chain$begin_error.invokeStatic(chain.clj:74)
	at io.pedestal.interceptor.chain$begin_error.invoke(chain.clj:62)
	at io.pedestal.interceptor.chain$try_stage.invokeStatic(chain.clj:124)
	at io.pedestal.interceptor.chain$try_stage.invoke(chain.clj:108)
	at io.pedestal.interceptor.chain$execute_leave$fn__11043.invoke(chain.clj:270)
	at clojure.lang.AFn.applyToHelper(AFn.java:152)
	at clojure.lang.AFn.applyTo(AFn.java:144)
	at clojure.core$apply.invokeStatic(core.clj:667)
	at clojure.core$with_bindings_STAR_.invokeStatic(core.clj:1994)
	at clojure.core$with_bindings_STAR_.doInvoke(core.clj:1994)
	at clojure.lang.RestFn.invoke(RestFn.java:428)
	at io.pedestal.interceptor.chain$execute_leave.invokeStatic(chain.clj:250)
	at io.pedestal.interceptor.chain$execute_leave.invoke(chain.clj:243)
	at io.pedestal.interceptor.chain$execute_continue.invokeStatic(chain.clj:362)
	at io.pedestal.interceptor.chain$execute_continue.invoke(chain.clj:359)
	at io.pedestal.interceptor.chain$execute.invokeStatic(chain.clj:424)
	at io.pedestal.interceptor.chain$execute.invoke(chain.clj:373)
	at io.pedestal.interceptor.chain$execute.invokeStatic(chain.clj:429)
	at io.pedestal.interceptor.chain$execute.invoke(chain.clj:373)
	at io.pedestal.http.impl.servlet_interceptor$interceptor_service_fn$fn__16045.invoke(servlet_interceptor.clj:386)
	at io.pedestal.servlet.FnServlet.service(FnServlet.java:57)
	at jakarta.servlet.http.HttpServlet.service(HttpServlet.java:614)
	at org.eclipse.jetty.ee10.servlet.ServletHolder.handle(ServletHolder.java:753)
	at org.eclipse.jetty.ee10.servlet.ServletHandler$ChainEnd.doFilter(ServletHandler.java:1624)
	at org.eclipse.jetty.ee10.websocket.servlet.WebSocketUpgradeFilter.doFilter(WebSocketUpgradeFilter.java:195)
	at org.eclipse.jetty.ee10.servlet.FilterHolder.doFilter(FilterHolder.java:205)
	at org.eclipse.jetty.ee10.servlet.ServletHandler$Chain.doFilter(ServletHandler.java:1596)
	at org.eclipse.jetty.ee10.servlet.ServletHandler$MappedServlet.handle(ServletHandler.java:1557)
	at org.eclipse.jetty.ee10.servlet.ServletChannel.dispatch(ServletChannel.java:828)
	at org.eclipse.jetty.ee10.servlet.ServletChannel.handle(ServletChannel.java:438)
	at org.eclipse.jetty.ee10.servlet.ServletHandler.handle(ServletHandler.java:470)
	at org.eclipse.jetty.ee10.servlet.SessionHandler.handle(SessionHandler.java:717)
	at org.eclipse.jetty.server.handler.gzip.GzipHandler.handle(GzipHandler.java:613)
	at org.eclipse.jetty.server.handler.ContextHandler.handle(ContextHandler.java:1102)
	at org.eclipse.jetty.server.Server.handle(Server.java:182)
	at org.eclipse.jetty.server.internal.HttpChannelState$HandlerInvoker.run(HttpChannelState.java:772)
	at org.eclipse.jetty.util.thread.Invocable$ReadyTask.run(Invocable.java:177)
	at org.eclipse.jetty.http2.server.internal.HttpStreamOverHTTP2$1.run(HttpStreamOverHTTP2.java:144)
	at org.eclipse.jetty.util.thread.QueuedThreadPool.runJob(QueuedThreadPool.java:981)
	at org.eclipse.jetty.util.thread.QueuedThreadPool$Runner.doRunJob(QueuedThreadPool.java:1212)
	at org.eclipse.jetty.util.thread.QueuedThreadPool$Runner.run(QueuedThreadPool.java:1166)
	at java.base/java.lang.Thread.run(Thread.java:1516)
Caused by: java.io.EOFException: reset
	at org.eclipse.jetty.http2.HTTP2Stream.reset(HTTP2Stream.java:181)
	at org.eclipse.jetty.http2.HTTP2Session.lambda$failStreams$0(HTTP2Session.java:747)
	at org.eclipse.jetty.util.Callback$4.completed(Callback.java:227)
	at org.eclipse.jetty.util.Callback$Completing.succeeded(Callback.java:416)
	at org.eclipse.jetty.util.Callback$Nested.succeeded(Callback.java:467)
	at org.eclipse.jetty.http2.server.internal.HttpStreamOverHTTP2$FailureTask.run(HttpStreamOverHTTP2.java:711)
	at org.eclipse.jetty.util.thread.ReservedThreadExecutor$ReservedThread.run(ReservedThreadExecutor.java:311)
	... 4 more
[qtp1395846122-179] ERROR io.pedestal.http.impl.servlet-interceptor - {:msg "error-stylobate triggered", :context {:response {:status 200, :headers {"content-type" "text/plain", "Content-Type" "text/plain"}, :body "2"}, :io.pedestal.interceptor.chain/leave-queue (), :request {:protocol "HTTP/2.0", :async-supported? true, :remote-addr "127.0.0.1", :params {:a "1", :b "1"}, :servlet-response #object[org.eclipse.jetty.ee10.servlet.ServletApiResponse 0x179f6f98 "ServletApiResponse@179f6f98{org.eclipse.jetty.ee10.servlet.ServletContextResponse@431113d6,org.eclipse.jetty.ee10.servlet.ServletContextResponse@431113d6}"], :servlet #object[io.pedestal.servlet.FnServlet 0x18594f42 "io.pedestal.servlet.FnServlet@18594f42"], :headers {"user-agent" "h2load nghttp2/1.59.0"}, :server-port 8443, :servlet-request #object[org.eclipse.jetty.ee10.servlet.ServletApiRequest 0x4e9fd30e "ServletApiRequest@4e9fd30e{ServletContextRequest@6094d1b5{SecureRequestWithSslSessionData@c9b8190{GET@475fac76 https://localhost:8443/baseline2?a=1&b=1 HTTP/2.0}}}"], :query-params {:a "1", :b "1"}, :path-info "/baseline2", :url-for #object[clojure.lang.Delay 0x77680030 {:status :pending, :val nil}], :uri "/baseline2", :server-name "localhost", :query-string "a=1&b=1", :path-params {}, :body #object[org.eclipse.jetty.ee10.servlet.HttpInput 0x31376e11 "HttpInput@825716241 cs=ServletChannelState@6170fea6{s=HANDLING rs=BLOCKING os=OPEN is=IDLE awp=false se=false i=true al=0} cp=org.eclipse.jetty.ee10.servlet.BlockingContentProducer@5bf6c2e2 eof=false"], :scheme :https, :request-method :get, :context-path ""}, :io.pedestal.http.route/path-params-decoded? true, :bindings {#'io.pedestal.http.route/*url-for* #object[clojure.lang.Delay 0x77680030 {:status :pending, :val nil}]}, :io.pedestal.interceptor.chain/terminators (#object[io.pedestal.http.response$terminate_when_response_STAR_ 0x148875fa "io.pedestal.http.response$terminate_when_response_STAR_@148875fa"]), :servlet-response #object[org.eclipse.jetty.ee10.servlet.ServletApiResponse 0x179f6f98 "ServletApiResponse@179f6f98{org.eclipse.jetty.ee10.servlet.ServletContextResponse@431113d6,org.eclipse.jetty.ee10.servlet.ServletContextResponse@431113d6}"], :route {:path "/baseline2", :method :get, :path-parts ["baseline2"], :interceptors [#Interceptor{:name :httparena.pedestal.core/baseline-handler}], :route-name :httparena.pedestal.core/baseline-h2, :path-params [], :path-re #"/\Qbaseline2\E", :io.pedestal.http.route.internal/satisfies-constraints? #object[io.pedestal.http.route.internal$add_satisfies_constraints_QMARK_$fn__11349 0x4b57ae7 "io.pedestal.http.route.internal$add_satisfies_constraints_QMARK_$fn__11349@4b57ae7"]}, :servlet #object[io.pedestal.servlet.FnServlet 0x18594f42 "io.pedestal.servlet.FnServlet@18594f42"], :servlet-request #object[org.eclipse.jetty.ee10.servlet.ServletApiRequest 0x4e9fd30e "ServletApiRequest@4e9fd30e{ServletContextRequest@6094d1b5{SecureRequestWithSslSessionData@c9b8190{GET@475fac76 https://localhost:8443/baseline2?a=1&b=1 HTTP/2.0}}}"], :websocket-channel-source #object[org.eclipse.jetty.ee10.servlet.ServletApiRequest 0x4e9fd30e "ServletApiRequest@4e9fd30e{ServletContextRequest@6094d1b5{SecureRequestWithSslSessionData@c9b8190{GET@475fac76 https://localhost:8443/baseline2?a=1&b=1 HTTP/2.0}}}"], :io.pedestal.interceptor.chain/enter-async [#object[io.pedestal.http.impl.servlet_interceptor$start_servlet_async 0x4b11d6ea "io.pedestal.http.impl.servlet_interceptor$start_servlet_async@4b11d6ea"]], :url-for #object[clojure.lang.Delay 0x77680030 {:status :pending, :val nil}], :io.pedestal.interceptor.chain/execution-id 1086223, :servlet-config #object[org.eclipse.jetty.ee10.servlet.ServletHolder$Config 0x550e8ba5 "org.eclipse.jetty.ee10.servlet.ServletHolder$Config@550e8ba5"]}, :line 298}
clojure.lang.ExceptionInfo: java.io.EOFException in Interceptor :io.pedestal.http.impl.servlet-interceptor/ring-response - reset {:execution-id nil, :stage :leave, :interceptor :io.pedestal.http.impl.servlet-interceptor/ring-response, :exception-type :java.io.EOFException, :exception #error {
 :cause "reset"
 :via
 [{:type java.io.EOFException
   :message "reset"
   :at [org.eclipse.jetty.http2.HTTP2Stream reset "HTTP2Stream.java" 181]}]
 :trace
 [[org.eclipse.jetty.http2.HTTP2Stream reset "HTTP2Stream.java" 181]
  [org.eclipse.jetty.http2.HTTP2Session lambda$failStreams$0 "HTTP2Session.java" 747]
  [org.eclipse.jetty.util.Callback$4 completed "Callback.java" 227]
  [org.eclipse.jetty.util.Callback$Completing succeeded "Callback.java" 416]
  [org.eclipse.jetty.util.Callback$Nested succeeded "Callback.java" 467]
  [org.eclipse.jetty.http2.server.internal.HttpStreamOverHTTP2$FailureTask run "HttpStreamOverHTTP2.java" 711]
  [org.eclipse.jetty.util.thread.ReservedThreadExecutor$ReservedThread run "ReservedThreadExecutor.java" 311]
  [org.eclipse.jetty.util.thread.QueuedThreadPool runJob "QueuedThreadPool.java" 981]
  [org.eclipse.jetty.util.thread.QueuedThreadPool$Runner doRunJob "QueuedThreadPool.java" 1212]
  [org.eclipse.jetty.util.thread.QueuedThreadPool$Runner run "QueuedThreadPool.java" 1166]
  [java.lang.Thread run "Thread.java" 1516]]}}
	at io.pedestal.interceptor.chain$throwable__GT_ex_info.invokeStatic(chain.clj:41)
	at io.pedestal.interceptor.chain$throwable__GT_ex_info.invoke(chain.clj:35)
	at io.pedestal.interceptor.chain$begin_error.invokeStatic(chain.clj:74)
	at io.pedestal.interceptor.chain$begin_error.invoke(chain.clj:62)
	at io.pedestal.interceptor.chain$try_stage.invokeStatic(chain.clj:124)
	at io.pedestal.interceptor.chain$try_stage.invoke(chain.clj:108)
	at io.pedestal.interceptor.chain$execute_leave$fn__11043.invoke(chain.clj:270)
	at clojure.lang.AFn.applyToHelper(AFn.java:152)
	at clojure.lang.AFn.applyTo(AFn.java:144)
	at clojure.core$apply.invokeStatic(core.clj:667)
	at clojure.core$with_bindings_STAR_.invokeStatic(core.clj:1994)
	at clojure.core$with_bindings_STAR_.doInvoke(core.clj:1994)
	at clojure.lang.RestFn.invoke(RestFn.java:428)
	at io.pedestal.interceptor.chain$execute_leave.invokeStatic(chain.clj:250)
	at io.pedestal.interceptor.chain$execute_leave.invoke(chain.clj:243)
	at io.pedestal.interceptor.chain$execute_continue.invokeStatic(chain.clj:362)
	at io.pedestal.interceptor.chain$execute_continue.invoke(chain.clj:359)
	at io.pedestal.interceptor.chain$execute.invokeStatic(chain.clj:424)
	at io.pedestal.interceptor.chain$execute.invoke(chain.clj:373)
	at io.pedestal.interceptor.chain$execute.invokeStatic(chain.clj:429)
	at io.pedestal.interceptor.chain$execute.invoke(chain.clj:373)
	at io.pedestal.http.impl.servlet_interceptor$interceptor_service_fn$fn__16045.invoke(servlet_interceptor.clj:386)
	at io.pedestal.servlet.FnServlet.service(FnServlet.java:57)
	at jakarta.servlet.http.HttpServlet.service(HttpServlet.java:614)
	at org.eclipse.jetty.ee10.servlet.ServletHolder.handle(ServletHolder.java:753)
	at org.eclipse.jetty.ee10.servlet.ServletHandler$ChainEnd.doFilter(ServletHandler.java:1624)
	at org.eclipse.jetty.ee10.websocket.servlet.WebSocketUpgradeFilter.doFilter(WebSocketUpgradeFilter.java:195)
	at org.eclipse.jetty.ee10.servlet.FilterHolder.doFilter(FilterHolder.java:205)
	at org.eclipse.jetty.ee10.servlet.ServletHandler$Chain.doFilter(ServletHandler.java:1596)
	at org.eclipse.jetty.ee10.servlet.ServletHandler$MappedServlet.handle(ServletHandler.java:1557)
	at org.eclipse.jetty.ee10.servlet.ServletChannel.dispatch(ServletChannel.java:828)
	at org.eclipse.jetty.ee10.servlet.ServletChannel.handle(ServletChannel.java:438)
	at org.eclipse.jetty.ee10.servlet.ServletHandler.handle(ServletHandler.java:470)
	at org.eclipse.jetty.ee10.servlet.SessionHandler.handle(SessionHandler.java:717)
	at org.eclipse.jetty.server.handler.gzip.GzipHandler.handle(GzipHandler.java:613)
	at org.eclipse.jetty.server.handler.ContextHandler.handle(ContextHandler.java:1102)
	at org.eclipse.jetty.server.Server.handle(Server.java:182)
	at org.eclipse.jetty.server.internal.HttpChannelState$HandlerInvoker.run(HttpChannelState.java:772)
	at org.eclipse.jetty.util.thread.Invocable$ReadyTask.run(Invocable.java:177)
	at org.eclipse.jetty.http2.server.internal.HttpStreamOverHTTP2$1.run(HttpStreamOverHTTP2.java:144)
	at org.eclipse.jetty.util.thread.QueuedThreadPool.runJob(QueuedThreadPool.java:981)
	at org.eclipse.jetty.util.thread.QueuedThreadPool$Runner.doRunJob(QueuedThreadPool.java:1212)
	at org.eclipse.jetty.util.thread.QueuedThreadPool$Runner.run(QueuedThreadPool.java:1166)
	at java.base/java.lang.Thread.run(Thread.java:1516)
Caused by: java.io.EOFException: reset
	at org.eclipse.jetty.http2.HTTP2Stream.reset(HTTP2Stream.java:181)
	at org.eclipse.jetty.http2.HTTP2Session.lambda$failStreams$0(HTTP2Session.java:747)
	at org.eclipse.jetty.util.Callback$4.completed(Callback.java:227)
	at org.eclipse.jetty.util.Callback$Completing.succeeded(Callback.java:416)
	at org.eclipse.jetty.util.Callback$Nested.succeeded(Callback.java:467)
	at org.eclipse.jetty.http2.server.internal.HttpStreamOverHTTP2$FailureTask.run(HttpStreamOverHTTP2.java:711)
	at org.eclipse.jetty.util.thread.ReservedThreadExecutor$ReservedThread.run(ReservedThreadExecutor.java:311)
	... 4 more
[qtp1395846122-206] ERROR io.pedestal.http.impl.servlet-interceptor - {:msg "error-stylobate triggered", :context {:response {:status 200, :headers {"content-type" "text/plain", "Content-Type" "text/plain"}, :body "2"}, :io.pedestal.interceptor.chain/leave-queue (), :request {:protocol "HTTP/2.0", :async-supported? true, :remote-addr "127.0.0.1", :params {:a "1", :b "1"}, :servlet-response #object[org.eclipse.jetty.ee10.servlet.ServletApiResponse 0x1020d1e3 "ServletApiResponse@1020d1e3{org.eclipse.jetty.ee10.servlet.ServletContextResponse@5c159750,org.eclipse.jetty.ee10.servlet.ServletContextResponse@5c159750}"], :servlet #object[io.pedestal.servlet.FnServlet 0x18594f42 "io.pedestal.servlet.FnServlet@18594f42"], :headers {"user-agent" "h2load nghttp2/1.59.0"}, :server-port 8443, :servlet-request #object[org.eclipse.jetty.ee10.servlet.ServletApiRequest 0x4315b365 "ServletApiRequest@4315b365{ServletContextRequest@50b964e6{SecureRequestWithSslSessionData@468008db{GET@36dfa84c https://localhost:8443/baseline2?a=1&b=1 HTTP/2.0}}}"], :query-params {:a "1", :b "1"}, :path-info "/baseline2", :url-for #object[clojure.lang.Delay 0x58bfbb69 {:status :pending, :val nil}], :uri "/baseline2", :server-name "localhost", :query-string "a=1&b=1", :path-params {}, :body #object[org.eclipse.jetty.ee10.servlet.HttpInput 0x43ba6acc "HttpInput@1136290508 cs=ServletChannelState@5ba74b0{s=HANDLING rs=BLOCKING os=OPEN is=IDLE awp=false se=false i=true al=0} cp=org.eclipse.jetty.ee10.servlet.BlockingContentProducer@4eec3183 eof=false"], :scheme :https, :request-method :get, :context-path ""}, :io.pedestal.http.route/path-params-decoded? true, :bindings {#'io.pedestal.http.route/*url-for* #object[clojure.lang.Delay 0x58bfbb69 {:status :pending, :val nil}]}, :io.pedestal.interceptor.chain/terminators (#object[io.pedestal.http.response$terminate_when_response_STAR_ 0x148875fa "io.pedestal.http.response$terminate_when_response_STAR_@148875fa"]), :servlet-response #object[org.eclipse.jetty.ee10.servlet.ServletApiResponse 0x1020d1e3 "ServletApiResponse@1020d1e3{org.eclipse.jetty.ee10.servlet.ServletContextResponse@5c159750,org.eclipse.jetty.ee10.servlet.ServletContextResponse@5c159750}"], :route {:path "/baseline2", :method :get, :path-parts ["baseline2"], :interceptors [#Interceptor{:name :httparena.pedestal.core/baseline-handler}], :route-name :httparena.pedestal.core/baseline-h2, :path-params [], :path-re #"/\Qbaseline2\E", :io.pedestal.http.route.internal/satisfies-constraints? #object[io.pedestal.http.route.internal$add_satisfies_constraints_QMARK_$fn__11349 0x4b57ae7 "io.pedestal.http.route.internal$add_satisfies_constraints_QMARK_$fn__11349@4b57ae7"]}, :servlet #object[io.pedestal.servlet.FnServlet 0x18594f42 "io.pedestal.servlet.FnServlet@18594f42"], :servlet-request #object[org.eclipse.jetty.ee10.servlet.ServletApiRequest 0x4315b365 "ServletApiRequest@4315b365{ServletContextRequest@50b964e6{SecureRequestWithSslSessionData@468008db{GET@36dfa84c https://localhost:8443/baseline2?a=1&b=1 HTTP/2.0}}}"], :websocket-channel-source #object[org.eclipse.jetty.ee10.servlet.ServletApiRequest 0x4315b365 "ServletApiRequest@4315b365{ServletContextRequest@50b964e6{SecureRequestWithSslSessionData@468008db{GET@36dfa84c https://localhost:8443/baseline2?a=1&b=1 HTTP/2.0}}}"], :io.pedestal.interceptor.chain/enter-async [#object[io.pedestal.http.impl.servlet_interceptor$start_servlet_async 0x4b11d6ea "io.pedestal.http.impl.servlet_interceptor$start_servlet_async@4b11d6ea"]], :url-for #object[clojure.lang.Delay 0x58bfbb69 {:status :pending, :val nil}], :io.pedestal.interceptor.chain/execution-id 1086125, :servlet-config #object[org.eclipse.jetty.ee10.servlet.ServletHolder$Config 0x550e8ba5 "org.eclipse.jetty.ee10.servlet.ServletHolder$Config@550e8ba5"]}, :line 298}
clojure.lang.ExceptionInfo: java.io.EOFException in Interceptor :io.pedestal.http.impl.servlet-interceptor/ring-response - reset {:execution-id nil, :stage :leave, :interceptor :io.pedestal.http.impl.servlet-interceptor/ring-response, :exception-type :java.io.EOFException, :exception #error {
 :cause "reset"
 :via
 [{:type java.io.EOFException
   :message "reset"
   :at [org.eclipse.jetty.http2.HTTP2Stream reset "HTTP2Stream.java" 181]}]
 :trace
 [[org.eclipse.jetty.http2.HTTP2Stream reset "HTTP2Stream.java" 181]
  [org.eclipse.jetty.http2.HTTP2Session lambda$failStreams$0 "HTTP2Session.java" 747]
  [org.eclipse.jetty.util.Callback$4 completed "Callback.java" 227]
  [org.eclipse.jetty.util.Callback$Completing succeeded "Callback.java" 416]
  [org.eclipse.jetty.util.Callback$Nested succeeded "Callback.java" 467]
  [org.eclipse.jetty.http2.server.internal.HttpStreamOverHTTP2$FailureTask run "HttpStreamOverHTTP2.java" 711]
  [org.eclipse.jetty.util.thread.ReservedThreadExecutor$ReservedThread run "ReservedThreadExecutor.java" 311]
  [org.eclipse.jetty.util.thread.QueuedThreadPool runJob "QueuedThreadPool.java" 981]
  [org.eclipse.jetty.util.thread.QueuedThreadPool$Runner doRunJob "QueuedThreadPool.java" 1212]
  [org.eclipse.jetty.util.thread.QueuedThreadPool$Runner run "QueuedThreadPool.java" 1166]
  [java.lang.Thread run "Thread.java" 1516]]}}
	at io.pedestal.interceptor.chain$throwable__GT_ex_info.invokeStatic(chain.clj:41)
	at io.pedestal.interceptor.chain$throwable__GT_ex_info.invoke(chain.clj:35)
	at io.pedestal.interceptor.chain$begin_error.invokeStatic(chain.clj:74)
	at io.pedestal.interceptor.chain$begin_error.invoke(chain.clj:62)
	at io.pedestal.interceptor.chain$try_stage.invokeStatic(chain.clj:124)
	at io.pedestal.interceptor.chain$try_stage.invoke(chain.clj:108)
	at io.pedestal.interceptor.chain$execute_leave$fn__11043.invoke(chain.clj:270)
	at clojure.lang.AFn.applyToHelper(AFn.java:152)
	at clojure.lang.AFn.applyTo(AFn.java:144)
	at clojure.core$apply.invokeStatic(core.clj:667)
	at clojure.core$with_bindings_STAR_.invokeStatic(core.clj:1994)
	at clojure.core$with_bindings_STAR_.doInvoke(core.clj:1994)
	at clojure.lang.RestFn.invoke(RestFn.java:428)
	at io.pedestal.interceptor.chain$execute_leave.invokeStatic(chain.clj:250)
	at io.pedestal.interceptor.chain$execute_leave.invoke(chain.clj:243)
	at io.pedestal.interceptor.chain$execute_continue.invokeStatic(chain.clj:362)
	at io.pedestal.interceptor.chain$execute_continue.invoke(chain.clj:359)
	at io.pedestal.interceptor.chain$execute.invokeStatic(chain.clj:424)
	at io.pedestal.interceptor.chain$execute.invoke(chain.clj:373)
	at io.pedestal.interceptor.chain$execute.invokeStatic(chain.clj:429)
	at io.pedestal.interceptor.chain$execute.invoke(chain.clj:373)
	at io.pedestal.http.impl.servlet_interceptor$interceptor_service_fn$fn__16045.invoke(servlet_interceptor.clj:386)
	at io.pedestal.servlet.FnServlet.service(FnServlet.java:57)
	at jakarta.servlet.http.HttpServlet.service(HttpServlet.java:614)
	at org.eclipse.jetty.ee10.servlet.ServletHolder.handle(ServletHolder.java:753)
	at org.eclipse.jetty.ee10.servlet.ServletHandler$ChainEnd.doFilter(ServletHandler.java:1624)
	at org.eclipse.jetty.ee10.websocket.servlet.WebSocketUpgradeFilter.doFilter(WebSocketUpgradeFilter.java:195)
	at org.eclipse.jetty.ee10.servlet.FilterHolder.doFilter(FilterHolder.java:205)
	at org.eclipse.jetty.ee10.servlet.ServletHandler$Chain.doFilter(ServletHandler.java:1596)
	at org.eclipse.jetty.ee10.servlet.ServletHandler$MappedServlet.handle(ServletHandler.java:1557)
	at org.eclipse.jetty.ee10.servlet.ServletChannel.dispatch(ServletChannel.java:828)
	at org.eclipse.jetty.ee10.servlet.ServletChannel.handle(ServletChannel.java:438)
	at org.eclipse.jetty.ee10.servlet.ServletHandler.handle(ServletHandler.java:470)
	at org.eclipse.jetty.ee10.servlet.SessionHandler.handle(SessionHandler.java:717)
	at org.eclipse.jetty.server.handler.gzip.GzipHandler.handle(GzipHandler.java:613)
	at org.eclipse.jetty.server.handler.ContextHandler.handle(ContextHandler.java:1102)
	at org.eclipse.jetty.server.Server.handle(Server.java:182)
	at org.eclipse.jetty.server.internal.HttpChannelState$HandlerInvoker.run(HttpChannelState.java:772)
	at org.eclipse.jetty.util.thread.Invocable$ReadyTask.run(Invocable.java:177)
	at org.eclipse.jetty.http2.server.internal.HttpStreamOverHTTP2$1.run(HttpStreamOverHTTP2.java:144)
	at org.eclipse.jetty.util.thread.QueuedThreadPool.runJob(QueuedThreadPool.java:981)
	at org.eclipse.jetty.util.thread.QueuedThreadPool$Runner.doRunJob(QueuedThreadPool.java:1212)
	at org.eclipse.jetty.util.thread.QueuedThreadPool$Runner.run(QueuedThreadPool.java:1166)
	at java.base/java.lang.Thread.run(Thread.java:1516)
Caused by: java.io.EOFException: reset
	at org.eclipse.jetty.http2.HTTP2Stream.reset(HTTP2Stream.java:181)
	at org.eclipse.jetty.http2.HTTP2Session.lambda$failStreams$0(HTTP2Session.java:747)
	at org.eclipse.jetty.util.Callback$4.completed(Callback.java:227)
	at org.eclipse.jetty.util.Callback$Completing.succeeded(Callback.java:416)
	at org.eclipse.jetty.util.Callback$Nested.succeeded(Callback.java:467)
	at org.eclipse.jetty.http2.server.internal.HttpStreamOverHTTP2$FailureTask.run(HttpStreamOverHTTP2.java:711)
	at org.eclipse.jetty.util.thread.ReservedThreadExecutor$ReservedThread.run(ReservedThreadExecutor.java:311)
	... 4 more
[qtp1395846122-152] ERROR io.pedestal.http.impl.servlet-interceptor - {:msg "error-stylobate triggered", :context {:response {:status 200, :headers {"content-type" "text/plain", "Content-Type" "text/plain"}, :body "2"}, :io.pedestal.interceptor.chain/leave-queue (), :request {:protocol "HTTP/2.0", :async-supported? true, :remote-addr "127.0.0.1", :params {:a "1", :b "1"}, :servlet-response #object[org.eclipse.jetty.ee10.servlet.ServletApiResponse 0x65e10309 "ServletApiResponse@65e10309{org.eclipse.jetty.ee10.servlet.ServletContextResponse@692ccb03,org.eclipse.jetty.ee10.servlet.ServletContextResponse@692ccb03}"], :servlet #object[io.pedestal.servlet.FnServlet 0x18594f42 "io.pedestal.servlet.FnServlet@18594f42"], :headers {"user-agent" "h2load nghttp2/1.59.0"}, :server-port 8443, :servlet-request #object[org.eclipse.jetty.ee10.servlet.ServletApiRequest 0x7aa5b15a "ServletApiRequest@7aa5b15a{ServletContextRequest@3fe8b37f{SecureRequestWithSslSessionData@52fc16c0{GET@5d07bb4f https://localhost:8443/baseline2?a=1&b=1 HTTP/2.0}}}"], :query-params {:a "1", :b "1"}, :path-info "/baseline2", :url-for #object[clojure.lang.Delay 0xa7feed4 {:status :pending, :val nil}], :uri "/baseline2", :server-name "localhost", :query-string "a=1&b=1", :path-params {}, :body #object[org.eclipse.jetty.ee10.servlet.HttpInput 0x70f6c7af "HttpInput@1895221167 cs=ServletChannelState@420e9567{s=HANDLING rs=BLOCKING os=OPEN is=IDLE awp=false se=false i=true al=0} cp=org.eclipse.jetty.ee10.servlet.BlockingContentProducer@223393aa eof=false"], :scheme :https, :request-method :get, :context-path ""}, :io.pedestal.http.route/path-params-decoded? true, :bindings {#'io.pedestal.http.route/*url-for* #object[clojure.lang.Delay 0xa7feed4 {:status :pending, :val nil}]}, :io.pedestal.interceptor.chain/terminators (#object[io.pedestal.http.response$terminate_when_response_STAR_ 0x148875fa "io.pedestal.http.response$terminate_when_response_STAR_@148875fa"]), :servlet-response #object[org.eclipse.jetty.ee10.servlet.ServletApiResponse 0x65e10309 "ServletApiResponse@65e10309{org.eclipse.jetty.ee10.servlet.ServletContextResponse@692ccb03,org.eclipse.jetty.ee10.servlet.ServletContextResponse@692ccb03}"], :route {:path "/baseline2", :method :get, :path-parts ["baseline2"], :interceptors [#Interceptor{:name :httparena.pedestal.core/baseline-handler}], :route-name :httparena.pedestal.core/baseline-h2, :path-params [], :path-re #"/\Qbaseline2\E", :io.pedestal.http.route.internal/satisfies-constraints? #object[io.pedestal.http.route.internal$add_satisfies_constraints_QMARK_$fn__11349 0x4b57ae7 "io.pedestal.http.route.internal$add_satisfies_constraints_QMARK_$fn__11349@4b57ae7"]}, :servlet #object[io.pedestal.servlet.FnServlet 0x18594f42 "io.pedestal.servlet.FnServlet@18594f42"], :servlet-request #object[org.eclipse.jetty.ee10.servlet.ServletApiRequest 0x7aa5b15a "ServletApiRequest@7aa5b15a{ServletContextRequest@3fe8b37f{SecureRequestWithSslSessionData@52fc16c0{GET@5d07bb4f https://localhost:8443/baseline2?a=1&b=1 HTTP/2.0}}}"], :websocket-channel-source #object[org.eclipse.jetty.ee10.servlet.ServletApiRequest 0x7aa5b15a "ServletApiRequest@7aa5b15a{ServletContextRequest@3fe8b37f{SecureRequestWithSslSessionData@52fc16c0{GET@5d07bb4f https://localhost:8443/baseline2?a=1&b=1 HTTP/2.0}}}"], :io.pedestal.interceptor.chain/enter-async [#object[io.pedestal.http.impl.servlet_interceptor$start_servlet_async 0x4b11d6ea "io.pedestal.http.impl.servlet_interceptor$start_servlet_async@4b11d6ea"]], :url-for #object[clojure.lang.Delay 0xa7feed4 {:status :pending, :val nil}], :io.pedestal.interceptor.chain/execution-id 1086511, :servlet-config #object[org.eclipse.jetty.ee10.servlet.ServletHolder$Config 0x550e8ba5 "org.eclipse.jetty.ee10.servlet.ServletHolder$Config@550e8ba5"]}, :line 298}
clojure.lang.ExceptionInfo: java.io.EOFException in Interceptor :io.pedestal.http.impl.servlet-interceptor/ring-response - reset {:execution-id nil, :stage :leave, :interceptor :io.pedestal.http.impl.servlet-interceptor/ring-response, :exception-type :java.io.EOFException, :exception #error {
 :cause "reset"
 :via
 [{:type java.io.EOFException
   :message "reset"
   :at [org.eclipse.jetty.http2.HTTP2Stream reset "HTTP2Stream.java" 181]}]
 :trace
 [[org.eclipse.jetty.http2.HTTP2Stream reset "HTTP2Stream.java" 181]
  [org.eclipse.jetty.http2.HTTP2Session lambda$failStreams$0 "HTTP2Session.java" 747]
  [org.eclipse.jetty.util.Callback$4 completed "Callback.java" 227]
  [org.eclipse.jetty.util.Callback$Completing succeeded "Callback.java" 416]
  [org.eclipse.jetty.util.Callback$Nested succeeded "Callback.java" 467]
  [org.eclipse.jetty.http2.server.internal.HttpStreamOverHTTP2$FailureTask run "HttpStreamOverHTTP2.java" 711]
  [org.eclipse.jetty.util.thread.ReservedThreadExecutor$ReservedThread run "ReservedThreadExecutor.java" 311]
  [org.eclipse.jetty.util.thread.QueuedThreadPool runJob "QueuedThreadPool.java" 981]
  [org.eclipse.jetty.util.thread.QueuedThreadPool$Runner doRunJob "QueuedThreadPool.java" 1212]
  [org.eclipse.jetty.util.thread.QueuedThreadPool$Runner run "QueuedThreadPool.java" 1166]
  [java.lang.Thread run "Thread.java" 1516]]}}
	at io.pedestal.interceptor.chain$throwable__GT_ex_info.invokeStatic(chain.clj:41)
	at io.pedestal.interceptor.chain$throwable__GT_ex_info.invoke(chain.clj:35)
	at io.pedestal.interceptor.chain$begin_error.invokeStatic(chain.clj:74)
	at io.pedestal.interceptor.chain$begin_error.invoke(chain.clj:62)
	at io.pedestal.interceptor.chain$try_stage.invokeStatic(chain.clj:124)
	at io.pedestal.interceptor.chain$try_stage.invoke(chain.clj:108)
	at io.pedestal.interceptor.chain$execute_leave$fn__11043.invoke(chain.clj:270)
	at clojure.lang.AFn.applyToHelper(AFn.java:152)
	at clojure.lang.AFn.applyTo(AFn.java:144)
	at clojure.core$apply.invokeStatic(core.clj:667)
	at clojure.core$with_bindings_STAR_.invokeStatic(core.clj:1994)
	at clojure.core$with_bindings_STAR_.doInvoke(core.clj:1994)
	at clojure.lang.RestFn.invoke(RestFn.java:428)
	at io.pedestal.interceptor.chain$execute_leave.invokeStatic(chain.clj:250)
	at io.pedestal.interceptor.chain$execute_leave.invoke(chain.clj:243)
	at io.pedestal.interceptor.chain$execute_continue.invokeStatic(chain.clj:362)
	at io.pedestal.interceptor.chain$execute_continue.invoke(chain.clj:359)
	at io.pedestal.interceptor.chain$execute.invokeStatic(chain.clj:424)
	at io.pedestal.interceptor.chain$execute.invoke(chain.clj:373)
	at io.pedestal.interceptor.chain$execute.invokeStatic(chain.clj:429)
	at io.pedestal.interceptor.chain$execute.invoke(chain.clj:373)
	at io.pedestal.http.impl.servlet_interceptor$interceptor_service_fn$fn__16045.invoke(servlet_interceptor.clj:386)
	at io.pedestal.servlet.FnServlet.service(FnServlet.java:57)
	at jakarta.servlet.http.HttpServlet.service(HttpServlet.java:614)
	at org.eclipse.jetty.ee10.servlet.ServletHolder.handle(ServletHolder.java:753)
	at org.eclipse.jetty.ee10.servlet.ServletHandler$ChainEnd.doFilter(ServletHandler.java:1624)
	at org.eclipse.jetty.ee10.websocket.servlet.WebSocketUpgradeFilter.doFilter(WebSocketUpgradeFilter.java:195)
	at org.eclipse.jetty.ee10.servlet.FilterHolder.doFilter(FilterHolder.java:205)
	at org.eclipse.jetty.ee10.servlet.ServletHandler$Chain.doFilter(ServletHandler.java:1596)
	at org.eclipse.jetty.ee10.servlet.ServletHandler$MappedServlet.handle(ServletHandler.java:1557)
	at org.eclipse.jetty.ee10.servlet.ServletChannel.dispatch(ServletChannel.java:828)
	at org.eclipse.jetty.ee10.servlet.ServletChannel.handle(ServletChannel.java:438)
	at org.eclipse.jetty.ee10.servlet.ServletHandler.handle(ServletHandler.java:470)
	at org.eclipse.jetty.ee10.servlet.SessionHandler.handle(SessionHandler.java:717)
	at org.eclipse.jetty.server.handler.gzip.GzipHandler.handle(GzipHandler.java:613)
	at org.eclipse.jetty.server.handler.ContextHandler.handle(ContextHandler.java:1102)
	at org.eclipse.jetty.server.Server.handle(Server.java:182)
	at org.eclipse.jetty.server.internal.HttpChannelState$HandlerInvoker.run(HttpChannelState.java:772)
	at org.eclipse.jetty.util.thread.Invocable$ReadyTask.run(Invocable.java:177)
	at org.eclipse.jetty.http2.server.internal.HttpStreamOverHTTP2$1.run(HttpStreamOverHTTP2.java:144)
	at org.eclipse.jetty.util.thread.QueuedThreadPool.runJob(QueuedThreadPool.java:981)
	at org.eclipse.jetty.util.thread.QueuedThreadPool$Runner.doRunJob(QueuedThreadPool.java:1212)
	at org.eclipse.jetty.util.thread.QueuedThreadPool$Runner.run(QueuedThreadPool.java:1166)
	at java.base/java.lang.Thread.run(Thread.java:1516)
Caused by: java.io.EOFException: reset
	at org.eclipse.jetty.http2.HTTP2Stream.reset(HTTP2Stream.java:181)
	at org.eclipse.jetty.http2.HTTP2Session.lambda$failStreams$0(HTTP2Session.java:747)
	at org.eclipse.jetty.util.Callback$4.completed(Callback.java:227)
	at org.eclipse.jetty.util.Callback$Completing.succeeded(Callback.java:416)
	at org.eclipse.jetty.util.Callback$Nested.succeeded(Callback.java:467)
	at org.eclipse.jetty.http2.server.internal.HttpStreamOverHTTP2$FailureTask.run(HttpStreamOverHTTP2.java:711)
	at org.eclipse.jetty.util.thread.ReservedThreadExecutor$ReservedThread.run(ReservedThreadExecutor.java:311)
	... 4 more
[qtp1395846122-187] ERROR io.pedestal.http.impl.servlet-interceptor - {:msg "error-stylobate triggered", :context {:response {:status 200, :headers {"content-type" "text/plain", "Content-Type" "text/plain"}, :body "2"}, :io.pedestal.interceptor.chain/leave-queue (), :request {:protocol "HTTP/2.0", :async-supported? true, :remote-addr "127.0.0.1", :params {:a "1", :b "1"}, :servlet-response #object[org.eclipse.jetty.ee10.servlet.ServletApiResponse 0x522f2479 "ServletApiResponse@522f2479{org.eclipse.jetty.ee10.servlet.ServletContextResponse@d4082f1,org.eclipse.jetty.ee10.servlet.ServletContextResponse@d4082f1}"], :servlet #object[io.pedestal.servlet.FnServlet 0x18594f42 "io.pedestal.servlet.FnServlet@18594f42"], :headers {"user-agent" "h2load nghttp2/1.59.0"}, :server-port 8443, :servlet-request #object[org.eclipse.jetty.ee10.servlet.ServletApiRequest 0x6d4e23b4 "ServletApiRequest@6d4e23b4{ServletContextRequest@15e5a0b2{SecureRequestWithSslSessionData@3ec2529b{GET@379c18b8 https://localhost:8443/baseline2?a=1&b=1 HTTP/2.0}}}"], :query-params {:a "1", :b "1"}, :path-info "/baseline2", :url-for #object[clojure.lang.Delay 0x2bd3de7c {:status :pending, :val nil}], :uri "/baseline2", :server-name "localhost", :query-string "a=1&b=1", :path-params {}, :body #object[org.eclipse.jetty.ee10.servlet.HttpInput 0x138b1b84 "HttpInput@327883652 cs=ServletChannelState@3f71c5e4{s=HANDLING rs=BLOCKING os=OPEN is=IDLE awp=false se=false i=true al=0} cp=org.eclipse.jetty.ee10.servlet.BlockingContentProducer@687f536a eof=false"], :scheme :https, :request-method :get, :context-path ""}, :io.pedestal.http.route/path-params-decoded? true, :bindings {#'io.pedestal.http.route/*url-for* #object[clojure.lang.Delay 0x2bd3de7c {:status :pending, :val nil}]}, :io.pedestal.interceptor.chain/terminators (#object[io.pedestal.http.response$terminate_when_response_STAR_ 0x148875fa "io.pedestal.http.response$terminate_when_response_STAR_@148875fa"]), :servlet-response #object[org.eclipse.jetty.ee10.servlet.ServletApiResponse 0x522f2479 "ServletApiResponse@522f2479{org.eclipse.jetty.ee10.servlet.ServletContextResponse@d4082f1,org.eclipse.jetty.ee10.servlet.ServletContextResponse@d4082f1}"], :route {:path "/baseline2", :method :get, :path-parts ["baseline2"], :interceptors [#Interceptor{:name :httparena.pedestal.core/baseline-handler}], :route-name :httparena.pedestal.core/baseline-h2, :path-params [], :path-re #"/\Qbaseline2\E", :io.pedestal.http.route.internal/satisfies-constraints? #object[io.pedestal.http.route.internal$add_satisfies_constraints_QMARK_$fn__11349 0x4b57ae7 "io.pedestal.http.route.internal$add_satisfies_constraints_QMARK_$fn__11349@4b57ae7"]}, :servlet #object[io.pedestal.servlet.FnServlet 0x18594f42 "io.pedestal.servlet.FnServlet@18594f42"], :servlet-request #object[org.eclipse.jetty.ee10.servlet.ServletApiRequest 0x6d4e23b4 "ServletApiRequest@6d4e23b4{ServletContextRequest@15e5a0b2{SecureRequestWithSslSessionData@3ec2529b{GET@379c18b8 https://localhost:8443/baseline2?a=1&b=1 HTTP/2.0}}}"], :websocket-channel-source #object[org.eclipse.jetty.ee10.servlet.ServletApiRequest 0x6d4e23b4 "ServletApiRequest@6d4e23b4{ServletContextRequest@15e5a0b2{SecureRequestWithSslSessionData@3ec2529b{GET@379c18b8 https://localhost:8443/baseline2?a=1&b=1 HTTP/2.0}}}"], :io.pedestal.interceptor.chain/enter-async [#object[io.pedestal.http.impl.servlet_interceptor$start_servlet_async 0x4b11d6ea "io.pedestal.http.impl.servlet_interceptor$start_servlet_async@4b11d6ea"]], :url-for #object[clojure.lang.Delay 0x2bd3de7c {:status :pending, :val nil}], :io.pedestal.interceptor.chain/execution-id 1086271, :servlet-config #object[org.eclipse.jetty.ee10.servlet.ServletHolder$Config 0x550e8ba5 "org.eclipse.jetty.ee10.servlet.ServletHolder$Config@550e8ba5"]}, :line 298}
clojure.lang.ExceptionInfo: java.io.EOFException in Interceptor :io.pedestal.http.impl.servlet-interceptor/ring-response - reset {:execution-id nil, :stage :leave, :interceptor :io.pedestal.http.impl.servlet-interceptor/ring-response, :exception-type :java.io.EOFException, :exception #error {
 :cause "reset"
 :via
 [{:type java.io.EOFException
   :message "reset"
   :at [org.eclipse.jetty.http2.HTTP2Stream reset "HTTP2Stream.java" 181]}]
 :trace
 [[org.eclipse.jetty.http2.HTTP2Stream reset "HTTP2Stream.java" 181]
  [org.eclipse.jetty.http2.HTTP2Session lambda$failStreams$0 "HTTP2Session.java" 747]
  [org.eclipse.jetty.util.Callback$4 completed "Callback.java" 227]
  [org.eclipse.jetty.util.Callback$Completing succeeded "Callback.java" 416]
  [org.eclipse.jetty.util.Callback$Nested succeeded "Callback.java" 467]
  [org.eclipse.jetty.http2.server.internal.HttpStreamOverHTTP2$FailureTask run "HttpStreamOverHTTP2.java" 711]
  [org.eclipse.jetty.util.thread.ReservedThreadExecutor$ReservedThread run "ReservedThreadExecutor.java" 311]
  [org.eclipse.jetty.util.thread.QueuedThreadPool runJob "QueuedThreadPool.java" 981]
  [org.eclipse.jetty.util.thread.QueuedThreadPool$Runner doRunJob "QueuedThreadPool.java" 1212]
  [org.eclipse.jetty.util.thread.QueuedThreadPool$Runner run "QueuedThreadPool.java" 1166]
  [java.lang.Thread run "Thread.java" 1516]]}}
	at io.pedestal.interceptor.chain$throwable__GT_ex_info.invokeStatic(chain.clj:41)
	at io.pedestal.interceptor.chain$throwable__GT_ex_info.invoke(chain.clj:35)
	at io.pedestal.interceptor.chain$begin_error.invokeStatic(chain.clj:74)
	at io.pedestal.interceptor.chain$begin_error.invoke(chain.clj:62)
	at io.pedestal.interceptor.chain$try_stage.invokeStatic(chain.clj:124)
	at io.pedestal.interceptor.chain$try_stage.invoke(chain.clj:108)
	at io.pedestal.interceptor.chain$execute_leave$fn__11043.invoke(chain.clj:270)
	at clojure.lang.AFn.applyToHelper(AFn.java:152)
	at clojure.lang.AFn.applyTo(AFn.java:144)
	at clojure.core$apply.invokeStatic(core.clj:667)
	at clojure.core$with_bindings_STAR_.invokeStatic(core.clj:1994)
	at clojure.core$with_bindings_STAR_.doInvoke(core.clj:1994)
	at clojure.lang.RestFn.invoke(RestFn.java:428)
	at io.pedestal.interceptor.chain$execute_leave.invokeStatic(chain.clj:250)
	at io.pedestal.interceptor.chain$execute_leave.invoke(chain.clj:243)
	at io.pedestal.interceptor.chain$execute_continue.invokeStatic(chain.clj:362)
	at io.pedestal.interceptor.chain$execute_continue.invoke(chain.clj:359)
	at io.pedestal.interceptor.chain$execute.invokeStatic(chain.clj:424)
	at io.pedestal.interceptor.chain$execute.invoke(chain.clj:373)
	at io.pedestal.interceptor.chain$execute.invokeStatic(chain.clj:429)
	at io.pedestal.interceptor.chain$execute.invoke(chain.clj:373)
	at io.pedestal.http.impl.servlet_interceptor$interceptor_service_fn$fn__16045.invoke(servlet_interceptor.clj:386)
	at io.pedestal.servlet.FnServlet.service(FnServlet.java:57)
	at jakarta.servlet.http.HttpServlet.service(HttpServlet.java:614)
	at org.eclipse.jetty.ee10.servlet.ServletHolder.handle(ServletHolder.java:753)
	at org.eclipse.jetty.ee10.servlet.ServletHandler$ChainEnd.doFilter(ServletHandler.java:1624)
	at org.eclipse.jetty.ee10.websocket.servlet.WebSocketUpgradeFilter.doFilter(WebSocketUpgradeFilter.java:195)
	at org.eclipse.jetty.ee10.servlet.FilterHolder.doFilter(FilterHolder.java:205)
	at org.eclipse.jetty.ee10.servlet.ServletHandler$Chain.doFilter(ServletHandler.java:1596)
	at org.eclipse.jetty.ee10.servlet.ServletHandler$MappedServlet.handle(ServletHandler.java:1557)
	at org.eclipse.jetty.ee10.servlet.ServletChannel.dispatch(ServletChannel.java:828)
	at org.eclipse.jetty.ee10.servlet.ServletChannel.handle(ServletChannel.java:438)
	at org.eclipse.jetty.ee10.servlet.ServletHandler.handle(ServletHandler.java:470)
	at org.eclipse.jetty.ee10.servlet.SessionHandler.handle(SessionHandler.java:717)
	at org.eclipse.jetty.server.handler.gzip.GzipHandler.handle(GzipHandler.java:613)
	at org.eclipse.jetty.server.handler.ContextHandler.handle(ContextHandler.java:1102)
	at org.eclipse.jetty.server.Server.handle(Server.java:182)
	at org.eclipse.jetty.server.internal.HttpChannelState$HandlerInvoker.run(HttpChannelState.java:772)
	at org.eclipse.jetty.util.thread.Invocable$ReadyTask.run(Invocable.java:177)
	at org.eclipse.jetty.http2.server.internal.HttpStreamOverHTTP2$1.run(HttpStreamOverHTTP2.java:144)
	at org.eclipse.jetty.util.thread.QueuedThreadPool.runJob(QueuedThreadPool.java:981)
	at org.eclipse.jetty.util.thread.QueuedThreadPool$Runner.doRunJob(QueuedThreadPool.java:1212)
	at org.eclipse.jetty.util.thread.QueuedThreadPool$Runner.run(QueuedThreadPool.java:1166)
	at java.base/java.lang.Thread.run(Thread.java:1516)
Caused by: java.io.EOFException: reset
	at org.eclipse.jetty.http2.HTTP2Stream.reset(HTTP2Stream.java:181)
	at org.eclipse.jetty.http2.HTTP2Session.lambda$failStreams$0(HTTP2Session.java:747)
	at org.eclipse.jetty.util.Callback$4.completed(Callback.java:227)
	at org.eclipse.jetty.util.Callback$Completing.succeeded(Callback.java:416)
	at org.eclipse.jetty.util.Callback$Nested.succeeded(Callback.java:467)
	at org.eclipse.jetty.http2.server.internal.HttpStreamOverHTTP2$FailureTask.run(HttpStreamOverHTTP2.java:711)
	at org.eclipse.jetty.util.thread.ReservedThreadExecutor$ReservedThread.run(ReservedThreadExecutor.java:311)
	... 4 more
[qtp1395846122-264] ERROR io.pedestal.http.impl.servlet-interceptor - {:msg "error-stylobate triggered", :context {:response {:status 200, :headers {"content-type" "text/plain", "Content-Type" "text/plain"}, :body "2"}, :io.pedestal.interceptor.chain/leave-queue (), :request {:protocol "HTTP/2.0", :async-supported? true, :remote-addr "127.0.0.1", :params {:a "1", :b "1"}, :servlet-response #object[org.eclipse.jetty.ee10.servlet.ServletApiResponse 0x5b9bea42 "ServletApiResponse@5b9bea42{org.eclipse.jetty.ee10.servlet.ServletContextResponse@46ae416f,org.eclipse.jetty.ee10.servlet.ServletContextResponse@46ae416f}"], :servlet #object[io.pedestal.servlet.FnServlet 0x18594f42 "io.pedestal.servlet.FnServlet@18594f42"], :headers {"user-agent" "h2load nghttp2/1.59.0"}, :server-port 8443, :servlet-request #object[org.eclipse.jetty.ee10.servlet.ServletApiRequest 0x3f898f49 "ServletApiRequest@3f898f49{ServletContextRequest@36471be9{SecureRequestWithSslSessionData@320a2e99{GET@69ba48e https://localhost:8443/baseline2?a=1&b=1 HTTP/2.0}}}"], :query-params {:a "1", :b "1"}, :path-info "/baseline2", :url-for #object[clojure.lang.Delay 0x751b80d3 {:status :pending, :val nil}], :uri "/baseline2", :server-name "localhost", :query-string "a=1&b=1", :path-params {}, :body #object[org.eclipse.jetty.ee10.servlet.HttpInput 0x7b8d55ca "HttpInput@2072860106 cs=ServletChannelState@1810d2c4{s=HANDLING rs=BLOCKING os=OPEN is=IDLE awp=false se=false i=true al=0} cp=org.eclipse.jetty.ee10.servlet.BlockingContentProducer@43f4ba9c eof=false"], :scheme :https, :request-method :get, :context-path ""}, :io.pedestal.http.route/path-params-decoded? true, :bindings {#'io.pedestal.http.route/*url-for* #object[clojure.lang.Delay 0x751b80d3 {:status :pending, :val nil}]}, :io.pedestal.interceptor.chain/terminators (#object[io.pedestal.http.response$terminate_when_response_STAR_ 0x148875fa "io.pedestal.http.response$terminate_when_response_STAR_@148875fa"]), :servlet-response #object[org.eclipse.jetty.ee10.servlet.ServletApiResponse 0x5b9bea42 "ServletApiResponse@5b9bea42{org.eclipse.jetty.ee10.servlet.ServletContextResponse@46ae416f,org.eclipse.jetty.ee10.servlet.ServletContextResponse@46ae416f}"], :route {:path "/baseline2", :method :get, :path-parts ["baseline2"], :interceptors [#Interceptor{:name :httparena.pedestal.core/baseline-handler}], :route-name :httparena.pedestal.core/baseline-h2, :path-params [], :path-re #"/\Qbaseline2\E", :io.pedestal.http.route.internal/satisfies-constraints? #object[io.pedestal.http.route.internal$add_satisfies_constraints_QMARK_$fn__11349 0x4b57ae7 "io.pedestal.http.route.internal$add_satisfies_constraints_QMARK_$fn__11349@4b57ae7"]}, :servlet #object[io.pedestal.servlet.FnServlet 0x18594f42 "io.pedestal.servlet.FnServlet@18594f42"], :servlet-request #object[org.eclipse.jetty.ee10.servlet.ServletApiRequest 0x3f898f49 "ServletApiRequest@3f898f49{ServletContextRequest@36471be9{SecureRequestWithSslSessionData@320a2e99{GET@69ba48e https://localhost:8443/baseline2?a=1&b=1 HTTP/2.0}}}"], :websocket-channel-source #object[org.eclipse.jetty.ee10.servlet.ServletApiRequest 0x3f898f49 "ServletApiRequest@3f898f49{ServletContextRequest@36471be9{SecureRequestWithSslSessionData@320a2e99{GET@69ba48e https://localhost:8443/baseline2?a=1&b=1 HTTP/2.0}}}"], :io.pedestal.interceptor.chain/enter-async [#object[io.pedestal.http.impl.servlet_interceptor$start_servlet_async 0x4b11d6ea "io.pedestal.http.impl.servlet_interceptor$start_servlet_async@4b11d6ea"]], :url-for #object[clojure.lang.Delay 0x751b80d3 {:status :pending, :val nil}], :io.pedestal.interceptor.chain/execution-id 1086105, :servlet-config #object[org.eclipse.jetty.ee10.servlet.ServletHolder$Config 0x550e8ba5 "org.eclipse.jetty.ee10.servlet.ServletHolder$Config@550e8ba5"]}, :line 298}
clojure.lang.ExceptionInfo: java.io.EOFException in Interceptor :io.pedestal.http.impl.servlet-interceptor/ring-response - reset {:execution-id nil, :stage :leave, :interceptor :io.pedestal.http.impl.servlet-interceptor/ring-response, :exception-type :java.io.EOFException, :exception #error {
 :cause "reset"
 :via
 [{:type java.io.EOFException
   :message "reset"
   :at [org.eclipse.jetty.http2.HTTP2Stream reset "HTTP2Stream.java" 181]}]
 :trace
 [[org.eclipse.jetty.http2.HTTP2Stream reset "HTTP2Stream.java" 181]
  [org.eclipse.jetty.http2.HTTP2Session lambda$failStreams$0 "HTTP2Session.java" 747]
  [org.eclipse.jetty.util.Callback$4 completed "Callback.java" 227]
  [org.eclipse.jetty.util.Callback$Completing succeeded "Callback.java" 416]
  [org.eclipse.jetty.util.Callback$Nested succeeded "Callback.java" 467]
  [org.eclipse.jetty.http2.server.internal.HttpStreamOverHTTP2$FailureTask run "HttpStreamOverHTTP2.java" 711]
  [org.eclipse.jetty.util.thread.ReservedThreadExecutor$ReservedThread run "ReservedThreadExecutor.java" 311]
  [org.eclipse.jetty.util.thread.QueuedThreadPool runJob "QueuedThreadPool.java" 981]
  [org.eclipse.jetty.util.thread.QueuedThreadPool$Runner doRunJob "QueuedThreadPool.java" 1212]
  [org.eclipse.jetty.util.thread.QueuedThreadPool$Runner run "QueuedThreadPool.java" 1166]
  [java.lang.Thread run "Thread.java" 1516]]}}
	at io.pedestal.interceptor.chain$throwable__GT_ex_info.invokeStatic(chain.clj:41)
	at io.pedestal.interceptor.chain$throwable__GT_ex_info.invoke(chain.clj:35)
	at io.pedestal.interceptor.chain$begin_error.invokeStatic(chain.clj:74)
	at io.pedestal.interceptor.chain$begin_error.invoke(chain.clj:62)
	at io.pedestal.interceptor.chain$try_stage.invokeStatic(chain.clj:124)
	at io.pedestal.interceptor.chain$try_stage.invoke(chain.clj:108)
	at io.pedestal.interceptor.chain$execute_leave$fn__11043.invoke(chain.clj:270)
	at clojure.lang.AFn.applyToHelper(AFn.java:152)
	at clojure.lang.AFn.applyTo(AFn.java:144)
	at clojure.core$apply.invokeStatic(core.clj:667)
	at clojure.core$with_bindings_STAR_.invokeStatic(core.clj:1994)
	at clojure.core$with_bindings_STAR_.doInvoke(core.clj:1994)
	at clojure.lang.RestFn.invoke(RestFn.java:428)
	at io.pedestal.interceptor.chain$execute_leave.invokeStatic(chain.clj:250)
	at io.pedestal.interceptor.chain$execute_leave.invoke(chain.clj:243)
	at io.pedestal.interceptor.chain$execute_continue.invokeStatic(chain.clj:362)
	at io.pedestal.interceptor.chain$execute_continue.invoke(chain.clj:359)
	at io.pedestal.interceptor.chain$execute.invokeStatic(chain.clj:424)
	at io.pedestal.interceptor.chain$execute.invoke(chain.clj:373)
	at io.pedestal.interceptor.chain$execute.invokeStatic(chain.clj:429)
	at io.pedestal.interceptor.chain$execute.invoke(chain.clj:373)
	at io.pedestal.http.impl.servlet_interceptor$interceptor_service_fn$fn__16045.invoke(servlet_interceptor.clj:386)
	at io.pedestal.servlet.FnServlet.service(FnServlet.java:57)
	at jakarta.servlet.http.HttpServlet.service(HttpServlet.java:614)
	at org.eclipse.jetty.ee10.servlet.ServletHolder.handle(ServletHolder.java:753)
	at org.eclipse.jetty.ee10.servlet.ServletHandler$ChainEnd.doFilter(ServletHandler.java:1624)
	at org.eclipse.jetty.ee10.websocket.servlet.WebSocketUpgradeFilter.doFilter(WebSocketUpgradeFilter.java:195)
	at org.eclipse.jetty.ee10.servlet.FilterHolder.doFilter(FilterHolder.java:205)
	at org.eclipse.jetty.ee10.servlet.ServletHandler$Chain.doFilter(ServletHandler.java:1596)
	at org.eclipse.jetty.ee10.servlet.ServletHandler$MappedServlet.handle(ServletHandler.java:1557)
	at org.eclipse.jetty.ee10.servlet.ServletChannel.dispatch(ServletChannel.java:828)
	at org.eclipse.jetty.ee10.servlet.ServletChannel.handle(ServletChannel.java:438)
	at org.eclipse.jetty.ee10.servlet.ServletHandler.handle(ServletHandler.java:470)
	at org.eclipse.jetty.ee10.servlet.SessionHandler.handle(SessionHandler.java:717)
	at org.eclipse.jetty.server.handler.gzip.GzipHandler.handle(GzipHandler.java:613)
	at org.eclipse.jetty.server.handler.ContextHandler.handle(ContextHandler.java:1102)
	at org.eclipse.jetty.server.Server.handle(Server.java:182)
	at org.eclipse.jetty.server.internal.HttpChannelState$HandlerInvoker.run(HttpChannelState.java:772)
	at org.eclipse.jetty.util.thread.Invocable$ReadyTask.run(Invocable.java:177)
	at org.eclipse.jetty.http2.server.internal.HttpStreamOverHTTP2$1.run(HttpStreamOverHTTP2.java:144)
	at org.eclipse.jetty.util.thread.QueuedThreadPool.runJob(QueuedThreadPool.java:981)
	at org.eclipse.jetty.util.thread.QueuedThreadPool$Runner.doRunJob(QueuedThreadPool.java:1212)
	at org.eclipse.jetty.util.thread.QueuedThreadPool$Runner.run(QueuedThreadPool.java:1166)
	at java.base/java.lang.Thread.run(Thread.java:1516)
Caused by: java.io.EOFException: reset
	at org.eclipse.jetty.http2.HTTP2Stream.reset(HTTP2Stream.java:181)
	at org.eclipse.jetty.http2.HTTP2Session.lambda$failStreams$0(HTTP2Session.java:747)
	at org.eclipse.jetty.util.Callback$4.completed(Callback.java:227)
	at org.eclipse.jetty.util.Callback$Completing.succeeded(Callback.java:416)
	at org.eclipse.jetty.util.Callback$Nested.succeeded(Callback.java:467)
	at org.eclipse.jetty.http2.server.internal.HttpStreamOverHTTP2$FailureTask.run(HttpStreamOverHTTP2.java:711)
	at org.eclipse.jetty.util.thread.ReservedThreadExecutor$ReservedThread.run(ReservedThreadExecutor.java:311)
	... 4 more
[qtp1395846122-290] ERROR io.pedestal.http.impl.servlet-interceptor - {:msg "error-stylobate triggered", :context {:response {:status 200, :headers {"content-type" "text/plain", "Content-Type" "text/plain"}, :body "2"}, :io.pedestal.interceptor.chain/leave-queue (), :request {:protocol "HTTP/2.0", :async-supported? true, :remote-addr "127.0.0.1", :params {:a "1", :b "1"}, :servlet-response #object[org.eclipse.jetty.ee10.servlet.ServletApiResponse 0x37accb92 "ServletApiResponse@37accb92{org.eclipse.jetty.ee10.servlet.ServletContextResponse@1d54816a,org.eclipse.jetty.ee10.servlet.ServletContextResponse@1d54816a}"], :servlet #object[io.pedestal.servlet.FnServlet 0x18594f42 "io.pedestal.servlet.FnServlet@18594f42"], :headers {"user-agent" "h2load nghttp2/1.59.0"}, :server-port 8443, :servlet-request #object[org.eclipse.jetty.ee10.servlet.ServletApiRequest 0x6574afb1 "ServletApiRequest@6574afb1{ServletContextRequest@4be2198b{SecureRequestWithSslSessionData@1ac3ab3e{GET@23a526dd https://localhost:8443/baseline2?a=1&b=1 HTTP/2.0}}}"], :query-params {:a "1", :b "1"}, :path-info "/baseline2", :url-for #object[clojure.lang.Delay 0x63ec0c3f {:status :pending, :val nil}], :uri "/baseline2", :server-name "localhost", :query-string "a=1&b=1", :path-params {}, :body #object[org.eclipse.jetty.ee10.servlet.HttpInput 0x38196f88 "HttpInput@941191048 cs=ServletChannelState@3f84b9ee{s=HANDLING rs=BLOCKING os=OPEN is=IDLE awp=false se=false i=true al=0} cp=org.eclipse.jetty.ee10.servlet.BlockingContentProducer@351df30d eof=false"], :scheme :https, :request-method :get, :context-path ""}, :io.pedestal.http.route/path-params-decoded? true, :bindings {#'io.pedestal.http.route/*url-for* #object[clojure.lang.Delay 0x63ec0c3f {:status :pending, :val nil}]}, :io.pedestal.interceptor.chain/terminators (#object[io.pedestal.http.response$terminate_when_response_STAR_ 0x148875fa "io.pedestal.http.response$terminate_when_response_STAR_@148875fa"]), :servlet-response #object[org.eclipse.jetty.ee10.servlet.ServletApiResponse 0x37accb92 "ServletApiResponse@37accb92{org.eclipse.jetty.ee10.servlet.ServletContextResponse@1d54816a,org.eclipse.jetty.ee10.servlet.ServletContextResponse@1d54816a}"], :route {:path "/baseline2", :method :get, :path-parts ["baseline2"], :interceptors [#Interceptor{:name :httparena.pedestal.core/baseline-handler}], :route-name :httparena.pedestal.core/baseline-h2, :path-params [], :path-re #"/\Qbaseline2\E", :io.pedestal.http.route.internal/satisfies-constraints? #object[io.pedestal.http.route.internal$add_satisfies_constraints_QMARK_$fn__11349 0x4b57ae7 "io.pedestal.http.route.internal$add_satisfies_constraints_QMARK_$fn__11349@4b57ae7"]}, :servlet #object[io.pedestal.servlet.FnServlet 0x18594f42 "io.pedestal.servlet.FnServlet@18594f42"], :servlet-request #object[org.eclipse.jetty.ee10.servlet.ServletApiRequest 0x6574afb1 "ServletApiRequest@6574afb1{ServletContextRequest@4be2198b{SecureRequestWithSslSessionData@1ac3ab3e{GET@23a526dd https://localhost:8443/baseline2?a=1&b=1 HTTP/2.0}}}"], :websocket-channel-source #object[org.eclipse.jetty.ee10.servlet.ServletApiRequest 0x6574afb1 "ServletApiRequest@6574afb1{ServletContextRequest@4be2198b{SecureRequestWithSslSessionData@1ac3ab3e{GET@23a526dd https://localhost:8443/baseline2?a=1&b=1 HTTP/2.0}}}"], :io.pedestal.interceptor.chain/enter-async [#object[io.pedestal.http.impl.servlet_interceptor$start_servlet_async 0x4b11d6ea "io.pedestal.http.impl.servlet_interceptor$start_servlet_async@4b11d6ea"]], :url-for #object[clojure.lang.Delay 0x63ec0c3f {:status :pending, :val nil}], :io.pedestal.interceptor.chain/execution-id 1086124, :servlet-config #object[org.eclipse.jetty.ee10.servlet.ServletHolder$Config 0x550e8ba5 "org.eclipse.jetty.ee10.servlet.ServletHolder$Config@550e8ba5"]}, :line 298}
clojure.lang.ExceptionInfo: java.io.IOException in Interceptor :io.pedestal.http.impl.servlet-interceptor/ring-response - no_error/stop {:execution-id nil, :stage :leave, :interceptor :io.pedestal.http.impl.servlet-interceptor/ring-response, :exception-type :java.io.IOException, :exception #error {
 :cause "no_error/stop"
 :via
 [{:type java.io.IOException
   :message "no_error/stop"
   :at [org.eclipse.jetty.http2.HTTP2Session toFailure "HTTP2Session.java" 763]}]
 :trace
 [[org.eclipse.jetty.http2.HTTP2Session toFailure "HTTP2Session.java" 763]
  [org.eclipse.jetty.http2.HTTP2Session$StreamsState halt "HTTP2Session.java" 1982]
  [org.eclipse.jetty.http2.HTTP2Session doStop "HTTP2Session.java" 175]
  [org.eclipse.jetty.util.component.AbstractLifeCycle stop "AbstractLifeCycle.java" 132]
  [org.eclipse.jetty.util.component.LifeCycle stop "LifeCycle.java" 91]
  [org.eclipse.jetty.http2.SessionContainer onClosed "SessionContainer.java" 79]
  [org.eclipse.jetty.io.AbstractConnection onClosed "AbstractConnection.java" 248]
  [org.eclipse.jetty.io.AbstractConnection onClose "AbstractConnection.java" 240]
  [org.eclipse.jetty.http2.HTTP2Connection onClose "HTTP2Connection.java" 148]
  [org.eclipse.jetty.io.ssl.SslConnection onClose "SslConnection.java" 376]
  [org.eclipse.jetty.io.SelectorManager connectionClosed "SelectorManager.java" 363]
  [org.eclipse.jetty.io.ManagedSelector$DestroyEndPoint run "ManagedSelector.java" 1097]
  [org.eclipse.jetty.util.thread.QueuedThreadPool runJob "QueuedThreadPool.java" 981]
  [org.eclipse.jetty.util.thread.QueuedThreadPool$Runner doRunJob "QueuedThreadPool.java" 1212]
  [org.eclipse.jetty.util.thread.QueuedThreadPool$Runner run "QueuedThreadPool.java" 1166]
  [java.lang.Thread run "Thread.java" 1516]]}}
	at io.pedestal.interceptor.chain$throwable__GT_ex_info.invokeStatic(chain.clj:41)
	at io.pedestal.interceptor.chain$throwable__GT_ex_info.invoke(chain.clj:35)
	at io.pedestal.interceptor.chain$begin_error.invokeStatic(chain.clj:74)
	at io.pedestal.interceptor.chain$begin_error.invoke(chain.clj:62)
	at io.pedestal.interceptor.chain$try_stage.invokeStatic(chain.clj:124)
	at io.pedestal.interceptor.chain$try_stage.invoke(chain.clj:108)
	at io.pedestal.interceptor.chain$execute_leave$fn__11043.invoke(chain.clj:270)
	at clojure.lang.AFn.applyToHelper(AFn.java:152)
	at clojure.lang.AFn.applyTo(AFn.java:144)
	at clojure.core$apply.invokeStatic(core.clj:667)
	at clojure.core$with_bindings_STAR_.invokeStatic(core.clj:1994)
	at clojure.core$with_bindings_STAR_.doInvoke(core.clj:1994)
	at clojure.lang.RestFn.invoke(RestFn.java:428)
	at io.pedestal.interceptor.chain$execute_leave.invokeStatic(chain.clj:250)
	at io.pedestal.interceptor.chain$execute_leave.invoke(chain.clj:243)
	at io.pedestal.interceptor.chain$execute_continue.invokeStatic(chain.clj:362)
	at io.pedestal.interceptor.chain$execute_continue.invoke(chain.clj:359)
	at io.pedestal.interceptor.chain$execute.invokeStatic(chain.clj:424)
	at io.pedestal.interceptor.chain$execute.invoke(chain.clj:373)
	at io.pedestal.interceptor.chain$execute.invokeStatic(chain.clj:429)
	at io.pedestal.interceptor.chain$execute.invoke(chain.clj:373)
	at io.pedestal.http.impl.servlet_interceptor$interceptor_service_fn$fn__16045.invoke(servlet_interceptor.clj:386)
	at io.pedestal.servlet.FnServlet.service(FnServlet.java:57)
	at jakarta.servlet.http.HttpServlet.service(HttpServlet.java:614)
	at org.eclipse.jetty.ee10.servlet.ServletHolder.handle(ServletHolder.java:753)
	at org.eclipse.jetty.ee10.servlet.ServletHandler$ChainEnd.doFilter(ServletHandler.java:1624)
	at org.eclipse.jetty.ee10.websocket.servlet.WebSocketUpgradeFilter.doFilter(WebSocketUpgradeFilter.java:195)
	at org.eclipse.jetty.ee10.servlet.FilterHolder.doFilter(FilterHolder.java:205)
	at org.eclipse.jetty.ee10.servlet.ServletHandler$Chain.doFilter(ServletHandler.java:1596)
	at org.eclipse.jetty.ee10.servlet.ServletHandler$MappedServlet.handle(ServletHandler.java:1557)
	at org.eclipse.jetty.ee10.servlet.ServletChannel.dispatch(ServletChannel.java:828)
	at org.eclipse.jetty.ee10.servlet.ServletChannel.handle(ServletChannel.java:438)
	at org.eclipse.jetty.ee10.servlet.ServletHandler.handle(ServletHandler.java:470)
	at org.eclipse.jetty.ee10.servlet.SessionHandler.handle(SessionHandler.java:717)
	at org.eclipse.jetty.server.handler.gzip.GzipHandler.handle(GzipHandler.java:613)
	at org.eclipse.jetty.server.handler.ContextHandler.handle(ContextHandler.java:1102)
	at org.eclipse.jetty.server.Server.handle(Server.java:182)
	at org.eclipse.jetty.server.internal.HttpChannelState$HandlerInvoker.run(HttpChannelState.java:772)
	at org.eclipse.jetty.util.thread.Invocable$ReadyTask.run(Invocable.java:177)
	at org.eclipse.jetty.http2.server.internal.HttpStreamOverHTTP2$1.run(HttpStreamOverHTTP2.java:144)
	at org.eclipse.jetty.util.thread.QueuedThreadPool.runJob(QueuedThreadPool.java:981)
	at org.eclipse.jetty.util.thread.QueuedThreadPool$Runner.doRunJob(QueuedThreadPool.java:1212)
	at org.eclipse.jetty.util.thread.QueuedThreadPool$Runner.run(QueuedThreadPool.java:1166)
	at java.base/java.lang.Thread.run(Thread.java:1516)
Caused by: java.io.IOException: no_error/stop
	at org.eclipse.jetty.http2.HTTP2Session.toFailure(HTTP2Session.java:763)
	at org.eclipse.jetty.http2.HTTP2Session$StreamsState.halt(HTTP2Session.java:1982)
	at org.eclipse.jetty.http2.HTTP2Session.doStop(HTTP2Session.java:175)
	at org.eclipse.jetty.util.component.AbstractLifeCycle.stop(AbstractLifeCycle.java:132)
	at org.eclipse.jetty.util.component.LifeCycle.stop(LifeCycle.java:91)
	at org.eclipse.jetty.http2.SessionContainer.onClosed(SessionContainer.java:79)
	at org.eclipse.jetty.io.AbstractConnection.onClosed(AbstractConnection.java:248)
	at org.eclipse.jetty.io.AbstractConnection.onClose(AbstractConnection.java:240)
	at org.eclipse.jetty.http2.HTTP2Connection.onClose(HTTP2Connection.java:148)
	at org.eclipse.jetty.io.ssl.SslConnection.onClose(SslConnection.java:376)
	at org.eclipse.jetty.io.SelectorManager.connectionClosed(SelectorManager.java:363)
	at org.eclipse.jetty.io.ManagedSelector$DestroyEndPoint.run(ManagedSelector.java:1097)
	... 4 more
[qtp1395846122-347] ERROR io.pedestal.http.impl.servlet-interceptor - {:msg "error-stylobate triggered", :context {:response {:status 200, :headers {"content-type" "text/plain", "Content-Type" "text/plain"}, :body "2"}, :io.pedestal.interceptor.chain/leave-queue (), :request {:protocol "HTTP/2.0", :async-supported? true, :remote-addr "127.0.0.1", :params {:a "1", :b "1"}, :servlet-response #object[org.eclipse.jetty.ee10.servlet.ServletApiResponse 0x7716e908 "ServletApiResponse@7716e908{org.eclipse.jetty.ee10.servlet.ServletContextResponse@dae1b29,org.eclipse.jetty.ee10.servlet.ServletContextResponse@dae1b29}"], :servlet #object[io.pedestal.servlet.FnServlet 0x18594f42 "io.pedestal.servlet.FnServlet@18594f42"], :headers {"user-agent" "h2load nghttp2/1.59.0"}, :server-port 8443, :servlet-request #object[org.eclipse.jetty.ee10.servlet.ServletApiRequest 0x9758a30 "ServletApiRequest@9758a30{ServletContextRequest@33468376{SecureRequestWithSslSessionData@735872bf{GET@ed258ae https://localhost:8443/baseline2?a=1&b=1 HTTP/2.0}}}"], :query-params {:a "1", :b "1"}, :path-info "/baseline2", :url-for #object[clojure.lang.Delay 0x2b53674e {:status :pending, :val nil}], :uri "/baseline2", :server-name "localhost", :query-string "a=1&b=1", :path-params {}, :body #object[org.eclipse.jetty.ee10.servlet.HttpInput 0x2c090c61 "HttpInput@738790497 cs=ServletChannelState@1c744ed5{s=HANDLING rs=BLOCKING os=OPEN is=IDLE awp=false se=false i=true al=0} cp=org.eclipse.jetty.ee10.servlet.BlockingContentProducer@7f62dd eof=false"], :scheme :https, :request-method :get, :context-path ""}, :io.pedestal.http.route/path-params-decoded? true, :bindings {#'io.pedestal.http.route/*url-for* #object[clojure.lang.Delay 0x2b53674e {:status :pending, :val nil}]}, :io.pedestal.interceptor.chain/terminators (#object[io.pedestal.http.response$terminate_when_response_STAR_ 0x148875fa "io.pedestal.http.response$terminate_when_response_STAR_@148875fa"]), :servlet-response #object[org.eclipse.jetty.ee10.servlet.ServletApiResponse 0x7716e908 "ServletApiResponse@7716e908{org.eclipse.jetty.ee10.servlet.ServletContextResponse@dae1b29,org.eclipse.jetty.ee10.servlet.ServletContextResponse@dae1b29}"], :route {:path "/baseline2", :method :get, :path-parts ["baseline2"], :interceptors [#Interceptor{:name :httparena.pedestal.core/baseline-handler}], :route-name :httparena.pedestal.core/baseline-h2, :path-params [], :path-re #"/\Qbaseline2\E", :io.pedestal.http.route.internal/satisfies-constraints? #object[io.pedestal.http.route.internal$add_satisfies_constraints_QMARK_$fn__11349 0x4b57ae7 "io.pedestal.http.route.internal$add_satisfies_constraints_QMARK_$fn__11349@4b57ae7"]}, :servlet #object[io.pedestal.servlet.FnServlet 0x18594f42 "io.pedestal.servlet.FnServlet@18594f42"], :servlet-request #object[org.eclipse.jetty.ee10.servlet.ServletApiRequest 0x9758a30 "ServletApiRequest@9758a30{ServletContextRequest@33468376{SecureRequestWithSslSessionData@735872bf{GET@ed258ae https://localhost:8443/baseline2?a=1&b=1 HTTP/2.0}}}"], :websocket-channel-source #object[org.eclipse.jetty.ee10.servlet.ServletApiRequest 0x9758a30 "ServletApiRequest@9758a30{ServletContextRequest@33468376{SecureRequestWithSslSessionData@735872bf{GET@ed258ae https://localhost:8443/baseline2?a=1&b=1 HTTP/2.0}}}"], :io.pedestal.interceptor.chain/enter-async [#object[io.pedestal.http.impl.servlet_interceptor$start_servlet_async 0x4b11d6ea "io.pedestal.http.impl.servlet_interceptor$start_servlet_async@4b11d6ea"]], :url-for #object[clojure.lang.Delay 0x2b53674e {:status :pending, :val nil}], :io.pedestal.interceptor.chain/execution-id 1086172, :servlet-config #object[org.eclipse.jetty.ee10.servlet.ServletHolder$Config 0x550e8ba5 "org.eclipse.jetty.ee10.servlet.ServletHolder$Config@550e8ba5"]}, :line 298}
clojure.lang.ExceptionInfo: java.io.EOFException in Interceptor :io.pedestal.http.impl.servlet-interceptor/ring-response - reset {:execution-id nil, :stage :leave, :interceptor :io.pedestal.http.impl.servlet-interceptor/ring-response, :exception-type :java.io.EOFException, :exception #error {
 :cause "reset"
 :via
 [{:type java.io.EOFException
   :message "reset"
   :at [org.eclipse.jetty.http2.HTTP2Stream reset "HTTP2Stream.java" 181]}]
 :trace
 [[org.eclipse.jetty.http2.HTTP2Stream reset "HTTP2Stream.java" 181]
  [org.eclipse.jetty.http2.HTTP2Session lambda$failStreams$0 "HTTP2Session.java" 747]
  [org.eclipse.jetty.util.Callback$4 completed "Callback.java" 227]
  [org.eclipse.jetty.util.Callback$Completing succeeded "Callback.java" 416]
  [org.eclipse.jetty.util.Callback$Nested succeeded "Callback.java" 467]
  [org.eclipse.jetty.http2.server.internal.HttpStreamOverHTTP2$FailureTask run "HttpStreamOverHTTP2.java" 711]
  [org.eclipse.jetty.util.thread.ReservedThreadExecutor$ReservedThread run "ReservedThreadExecutor.java" 311]
  [org.eclipse.jetty.util.thread.QueuedThreadPool runJob "QueuedThreadPool.java" 981]
  [org.eclipse.jetty.util.thread.QueuedThreadPool$Runner doRunJob "QueuedThreadPool.java" 1212]
  [org.eclipse.jetty.util.thread.QueuedThreadPool$Runner run "QueuedThreadPool.java" 1166]
  [java.lang.Thread run "Thread.java" 1516]]}}
	at io.pedestal.interceptor.chain$throwable__GT_ex_info.invokeStatic(chain.clj:41)
	at io.pedestal.interceptor.chain$throwable__GT_ex_info.invoke(chain.clj:35)
	at io.pedestal.interceptor.chain$begin_error.invokeStatic(chain.clj:74)
	at io.pedestal.interceptor.chain$begin_error.invoke(chain.clj:62)
	at io.pedestal.interceptor.chain$try_stage.invokeStatic(chain.clj:124)
	at io.pedestal.interceptor.chain$try_stage.invoke(chain.clj:108)
	at io.pedestal.interceptor.chain$execute_leave$fn__11043.invoke(chain.clj:270)
	at clojure.lang.AFn.applyToHelper(AFn.java:152)
	at clojure.lang.AFn.applyTo(AFn.java:144)
	at clojure.core$apply.invokeStatic(core.clj:667)
	at clojure.core$with_bindings_STAR_.invokeStatic(core.clj:1994)
	at clojure.core$with_bindings_STAR_.doInvoke(core.clj:1994)
	at clojure.lang.RestFn.invoke(RestFn.java:428)
	at io.pedestal.interceptor.chain$execute_leave.invokeStatic(chain.clj:250)
	at io.pedestal.interceptor.chain$execute_leave.invoke(chain.clj:243)
	at io.pedestal.interceptor.chain$execute_continue.invokeStatic(chain.clj:362)
	at io.pedestal.interceptor.chain$execute_continue.invoke(chain.clj:359)
	at io.pedestal.interceptor.chain$execute.invokeStatic(chain.clj:424)
	at io.pedestal.interceptor.chain$execute.invoke(chain.clj:373)
	at io.pedestal.interceptor.chain$execute.invokeStatic(chain.clj:429)
	at io.pedestal.interceptor.chain$execute.invoke(chain.clj:373)
	at io.pedestal.http.impl.servlet_interceptor$interceptor_service_fn$fn__16045.invoke(servlet_interceptor.clj:386)
	at io.pedestal.servlet.FnServlet.service(FnServlet.java:57)
	at jakarta.servlet.http.HttpServlet.service(HttpServlet.java:614)
	at org.eclipse.jetty.ee10.servlet.ServletHolder.handle(ServletHolder.java:753)
	at org.eclipse.jetty.ee10.servlet.ServletHandler$ChainEnd.doFilter(ServletHandler.java:1624)
	at org.eclipse.jetty.ee10.websocket.servlet.WebSocketUpgradeFilter.doFilter(WebSocketUpgradeFilter.java:195)
	at org.eclipse.jetty.ee10.servlet.FilterHolder.doFilter(FilterHolder.java:205)
	at org.eclipse.jetty.ee10.servlet.ServletHandler$Chain.doFilter(ServletHandler.java:1596)
	at org.eclipse.jetty.ee10.servlet.ServletHandler$MappedServlet.handle(ServletHandler.java:1557)
	at org.eclipse.jetty.ee10.servlet.ServletChannel.dispatch(ServletChannel.java:828)
	at org.eclipse.jetty.ee10.servlet.ServletChannel.handle(ServletChannel.java:438)
	at org.eclipse.jetty.ee10.servlet.ServletHandler.handle(ServletHandler.java:470)
	at org.eclipse.jetty.ee10.servlet.SessionHandler.handle(SessionHandler.java:717)
	at org.eclipse.jetty.server.handler.gzip.GzipHandler.handle(GzipHandler.java:613)
	at org.eclipse.jetty.server.handler.ContextHandler.handle(ContextHandler.java:1102)
	at org.eclipse.jetty.server.Server.handle(Server.java:182)
	at org.eclipse.jetty.server.internal.HttpChannelState$HandlerInvoker.run(HttpChannelState.java:772)
	at org.eclipse.jetty.util.thread.Invocable$ReadyTask.run(Invocable.java:177)
	at org.eclipse.jetty.http2.server.internal.HttpStreamOverHTTP2$1.run(HttpStreamOverHTTP2.java:144)
	at org.eclipse.jetty.util.thread.QueuedThreadPool.runJob(QueuedThreadPool.java:981)
	at org.eclipse.jetty.util.thread.QueuedThreadPool$Runner.doRunJob(QueuedThreadPool.java:1212)
	at org.eclipse.jetty.util.thread.QueuedThreadPool$Runner.run(QueuedThreadPool.java:1166)
	at java.base/java.lang.Thread.run(Thread.java:1516)
Caused by: java.io.EOFException: reset
	at org.eclipse.jetty.http2.HTTP2Stream.reset(HTTP2Stream.java:181)
	at org.eclipse.jetty.http2.HTTP2Session.lambda$failStreams$0(HTTP2Session.java:747)
	at org.eclipse.jetty.util.Callback$4.completed(Callback.java:227)
	at org.eclipse.jetty.util.Callback$Completing.succeeded(Callback.java:416)
	at org.eclipse.jetty.util.Callback$Nested.succeeded(Callback.java:467)
	at org.eclipse.jetty.http2.server.internal.HttpStreamOverHTTP2$FailureTask.run(HttpStreamOverHTTP2.java:711)
	at org.eclipse.jetty.util.thread.ReservedThreadExecutor$ReservedThread.run(ReservedThreadExecutor.java:311)
	... 4 more
[qtp1395846122-383] ERROR io.pedestal.http.impl.servlet-interceptor - {:msg "error-stylobate triggered", :context {:response {:status 200, :headers {"content-type" "text/plain", "Content-Type" "text/plain"}, :body "2"}, :io.pedestal.interceptor.chain/leave-queue (), :request {:protocol "HTTP/2.0", :async-supported? true, :remote-addr "127.0.0.1", :params {:a "1", :b "1"}, :servlet-response #object[org.eclipse.jetty.ee10.servlet.ServletApiResponse 0x7ed266a6 "ServletApiResponse@7ed266a6{org.eclipse.jetty.ee10.servlet.ServletContextResponse@6cda2d61,org.eclipse.jetty.ee10.servlet.ServletContextResponse@6cda2d61}"], :servlet #object[io.pedestal.servlet.FnServlet 0x18594f42 "io.pedestal.servlet.FnServlet@18594f42"], :headers {"user-agent" "h2load nghttp2/1.59.0"}, :server-port 8443, :servlet-request #object[org.eclipse.jetty.ee10.servlet.ServletApiRequest 0xfbc88c0 "ServletApiRequest@fbc88c0{ServletContextRequest@1796cfdf{SecureRequestWithSslSessionData@7a9c7cdd{GET@4710f7ca https://localhost:8443/baseline2?a=1&b=1 HTTP/2.0}}}"], :query-params {:a "1", :b "1"}, :path-info "/baseline2", :url-for #object[clojure.lang.Delay 0x2c819d60 {:status :pending, :val nil}], :uri "/baseline2", :server-name "localhost", :query-string "a=1&b=1", :path-params {}, :body #object[org.eclipse.jetty.ee10.servlet.HttpInput 0xdc85718 "HttpInput@231233304 cs=ServletChannelState@14abb8e8{s=HANDLING rs=BLOCKING os=OPEN is=IDLE awp=false se=false i=true al=0} cp=org.eclipse.jetty.ee10.servlet.BlockingContentProducer@5445b310 eof=false"], :scheme :https, :request-method :get, :context-path ""}, :io.pedestal.http.route/path-params-decoded? true, :bindings {#'io.pedestal.http.route/*url-for* #object[clojure.lang.Delay 0x2c819d60 {:status :pending, :val nil}]}, :io.pedestal.interceptor.chain/terminators (#object[io.pedestal.http.response$terminate_when_response_STAR_ 0x148875fa "io.pedestal.http.response$terminate_when_response_STAR_@148875fa"]), :servlet-response #object[org.eclipse.jetty.ee10.servlet.ServletApiResponse 0x7ed266a6 "ServletApiResponse@7ed266a6{org.eclipse.jetty.ee10.servlet.ServletContextResponse@6cda2d61,org.eclipse.jetty.ee10.servlet.ServletContextResponse@6cda2d61}"], :route {:path "/baseline2", :method :get, :path-parts ["baseline2"], :interceptors [#Interceptor{:name :httparena.pedestal.core/baseline-handler}], :route-name :httparena.pedestal.core/baseline-h2, :path-params [], :path-re #"/\Qbaseline2\E", :io.pedestal.http.route.internal/satisfies-constraints? #object[io.pedestal.http.route.internal$add_satisfies_constraints_QMARK_$fn__11349 0x4b57ae7 "io.pedestal.http.route.internal$add_satisfies_constraints_QMARK_$fn__11349@4b57ae7"]}, :servlet #object[io.pedestal.servlet.FnServlet 0x18594f42 "io.pedestal.servlet.FnServlet@18594f42"], :servlet-request #object[org.eclipse.jetty.ee10.servlet.ServletApiRequest 0xfbc88c0 "ServletApiRequest@fbc88c0{ServletContextRequest@1796cfdf{SecureRequestWithSslSessionData@7a9c7cdd{GET@4710f7ca https://localhost:8443/baseline2?a=1&b=1 HTTP/2.0}}}"], :websocket-channel-source #object[org.eclipse.jetty.ee10.servlet.ServletApiRequest 0xfbc88c0 "ServletApiRequest@fbc88c0{ServletContextRequest@1796cfdf{SecureRequestWithSslSessionData@7a9c7cdd{GET@4710f7ca https://localhost:8443/baseline2?a=1&b=1 HTTP/2.0}}}"], :io.pedestal.interceptor.chain/enter-async [#object[io.pedestal.http.impl.servlet_interceptor$start_servlet_async 0x4b11d6ea "io.pedestal.http.impl.servlet_interceptor$start_servlet_async@4b11d6ea"]], :url-for #object[clojure.lang.Delay 0x2c819d60 {:status :pending, :val nil}], :io.pedestal.interceptor.chain/execution-id 1085743, :servlet-config #object[org.eclipse.jetty.ee10.servlet.ServletHolder$Config 0x550e8ba5 "org.eclipse.jetty.ee10.servlet.ServletHolder$Config@550e8ba5"]}, :line 298}
clojure.lang.ExceptionInfo: java.io.IOException in Interceptor :io.pedestal.http.impl.servlet-interceptor/ring-response - no_error/stop {:execution-id nil, :stage :leave, :interceptor :io.pedestal.http.impl.servlet-interceptor/ring-response, :exception-type :java.io.IOException, :exception #error {
 :cause "no_error/stop"
 :via
 [{:type java.io.IOException
   :message "no_error/stop"
   :at [org.eclipse.jetty.http2.HTTP2Session toFailure "HTTP2Session.java" 763]}]
 :trace
 [[org.eclipse.jetty.http2.HTTP2Session toFailure "HTTP2Session.java" 763]
  [org.eclipse.jetty.http2.HTTP2Session$StreamsState halt "HTTP2Session.java" 1982]
  [org.eclipse.jetty.http2.HTTP2Session doStop "HTTP2Session.java" 175]
  [org.eclipse.jetty.util.component.AbstractLifeCycle stop "AbstractLifeCycle.java" 132]
  [org.eclipse.jetty.util.component.LifeCycle stop "LifeCycle.java" 91]
  [org.eclipse.jetty.http2.SessionContainer onClosed "SessionContainer.java" 79]
  [org.eclipse.jetty.io.AbstractConnection onClosed "AbstractConnection.java" 248]
  [org.eclipse.jetty.io.AbstractConnection onClose "AbstractConnection.java" 240]
  [org.eclipse.jetty.http2.HTTP2Connection onClose "HTTP2Connection.java" 148]
  [org.eclipse.jetty.io.ssl.SslConnection onClose "SslConnection.java" 376]
  [org.eclipse.jetty.io.SelectorManager connectionClosed "SelectorManager.java" 363]
  [org.eclipse.jetty.io.ManagedSelector$DestroyEndPoint run "ManagedSelector.java" 1097]
  [org.eclipse.jetty.util.thread.QueuedThreadPool runJob "QueuedThreadPool.java" 981]
  [org.eclipse.jetty.util.thread.QueuedThreadPool$Runner doRunJob "QueuedThreadPool.java" 1212]
  [org.eclipse.jetty.util.thread.QueuedThreadPool$Runner run "QueuedThreadPool.java" 1166]
  [java.lang.Thread run "Thread.java" 1516]]}}
	at io.pedestal.interceptor.chain$throwable__GT_ex_info.invokeStatic(chain.clj:41)
	at io.pedestal.interceptor.chain$throwable__GT_ex_info.invoke(chain.clj:35)
	at io.pedestal.interceptor.chain$begin_error.invokeStatic(chain.clj:74)
	at io.pedestal.interceptor.chain$begin_error.invoke(chain.clj:62)
	at io.pedestal.interceptor.chain$try_stage.invokeStatic(chain.clj:124)
	at io.pedestal.interceptor.chain$try_stage.invoke(chain.clj:108)
	at io.pedestal.interceptor.chain$execute_leave$fn__11043.invoke(chain.clj:270)
	at clojure.lang.AFn.applyToHelper(AFn.java:152)
	at clojure.lang.AFn.applyTo(AFn.java:144)
	at clojure.core$apply.invokeStatic(core.clj:667)
	at clojure.core$with_bindings_STAR_.invokeStatic(core.clj:1994)
	at clojure.core$with_bindings_STAR_.doInvoke(core.clj:1994)
	at clojure.lang.RestFn.invoke(RestFn.java:428)
	at io.pedestal.interceptor.chain$execute_leave.invokeStatic(chain.clj:250)
	at io.pedestal.interceptor.chain$execute_leave.invoke(chain.clj:243)
	at io.pedestal.interceptor.chain$execute_continue.invokeStatic(chain.clj:362)
	at io.pedestal.interceptor.chain$execute_continue.invoke(chain.clj:359)
	at io.pedestal.interceptor.chain$execute.invokeStatic(chain.clj:424)
	at io.pedestal.interceptor.chain$execute.invoke(chain.clj:373)
	at io.pedestal.interceptor.chain$execute.invokeStatic(chain.clj:429)
	at io.pedestal.interceptor.chain$execute.invoke(chain.clj:373)
	at io.pedestal.http.impl.servlet_interceptor$interceptor_service_fn$fn__16045.invoke(servlet_interceptor.clj:386)
	at io.pedestal.servlet.FnServlet.service(FnServlet.java:57)
	at jakarta.servlet.http.HttpServlet.service(HttpServlet.java:614)
	at org.eclipse.jetty.ee10.servlet.ServletHolder.handle(ServletHolder.java:753)
	at org.eclipse.jetty.ee10.servlet.ServletHandler$ChainEnd.doFilter(ServletHandler.java:1624)
	at org.eclipse.jetty.ee10.websocket.servlet.WebSocketUpgradeFilter.doFilter(WebSocketUpgradeFilter.java:195)
	at org.eclipse.jetty.ee10.servlet.FilterHolder.doFilter(FilterHolder.java:205)
	at org.eclipse.jetty.ee10.servlet.ServletHandler$Chain.doFilter(ServletHandler.java:1596)
	at org.eclipse.jetty.ee10.servlet.ServletHandler$MappedServlet.handle(ServletHandler.java:1557)
	at org.eclipse.jetty.ee10.servlet.ServletChannel.dispatch(ServletChannel.java:828)
	at org.eclipse.jetty.ee10.servlet.ServletChannel.handle(ServletChannel.java:438)
	at org.eclipse.jetty.ee10.servlet.ServletHandler.handle(ServletHandler.java:470)
	at org.eclipse.jetty.ee10.servlet.SessionHandler.handle(SessionHandler.java:717)
	at org.eclipse.jetty.server.handler.gzip.GzipHandler.handle(GzipHandler.java:613)
	at org.eclipse.jetty.server.handler.ContextHandler.handle(ContextHandler.java:1102)
	at org.eclipse.jetty.server.Server.handle(Server.java:182)
	at org.eclipse.jetty.server.internal.HttpChannelState$HandlerInvoker.run(HttpChannelState.java:772)
	at org.eclipse.jetty.util.thread.Invocable$ReadyTask.run(Invocable.java:177)
	at org.eclipse.jetty.http2.server.internal.HttpStreamOverHTTP2$1.run(HttpStreamOverHTTP2.java:144)
	at org.eclipse.jetty.util.thread.QueuedThreadPool.runJob(QueuedThreadPool.java:981)
	at org.eclipse.jetty.util.thread.QueuedThreadPool$Runner.doRunJob(QueuedThreadPool.java:1212)
	at org.eclipse.jetty.util.thread.QueuedThreadPool$Runner.run(QueuedThreadPool.java:1166)
	at java.base/java.lang.Thread.run(Thread.java:1516)
Caused by: java.io.IOException: no_error/stop
	at org.eclipse.jetty.http2.HTTP2Session.toFailure(HTTP2Session.java:763)
	at org.eclipse.jetty.http2.HTTP2Session$StreamsState.halt(HTTP2Session.java:1982)
	at org.eclipse.jetty.http2.HTTP2Session.doStop(HTTP2Session.java:175)
	at org.eclipse.jetty.util.component.AbstractLifeCycle.stop(AbstractLifeCycle.java:132)
	at org.eclipse.jetty.util.component.LifeCycle.stop(LifeCycle.java:91)
	at org.eclipse.jetty.http2.SessionContainer.onClosed(SessionContainer.java:79)
	at org.eclipse.jetty.io.AbstractConnection.onClosed(AbstractConnection.java:248)
	at org.eclipse.jetty.io.AbstractConnection.onClose(AbstractConnection.java:240)
	at org.eclipse.jetty.http2.HTTP2Connection.onClose(HTTP2Connection.java:148)
	at org.eclipse.jetty.io.ssl.SslConnection.onClose(SslConnection.java:376)
	at org.eclipse.jetty.io.SelectorManager.connectionClosed(SelectorManager.java:363)
	at org.eclipse.jetty.io.ManagedSelector$DestroyEndPoint.run(ManagedSelector.java:1097)
	... 4 more
[qtp1395846122-279] ERROR io.pedestal.http.impl.servlet-interceptor - {:msg "error-stylobate triggered", :context {:response {:status 200, :headers {"content-type" "text/plain", "Content-Type" "text/plain"}, :body "2"}, :io.pedestal.interceptor.chain/leave-queue (), :request {:protocol "HTTP/2.0", :async-supported? true, :remote-addr "127.0.0.1", :params {:a "1", :b "1"}, :servlet-response #object[org.eclipse.jetty.ee10.servlet.ServletApiResponse 0x58150f7b "ServletApiResponse@58150f7b{org.eclipse.jetty.ee10.servlet.ServletContextResponse@1688f1c8,org.eclipse.jetty.ee10.servlet.ServletContextResponse@1688f1c8}"], :servlet #object[io.pedestal.servlet.FnServlet 0x18594f42 "io.pedestal.servlet.FnServlet@18594f42"], :headers {"user-agent" "h2load nghttp2/1.59.0"}, :server-port 8443, :servlet-request #object[org.eclipse.jetty.ee10.servlet.ServletApiRequest 0x294ff497 "ServletApiRequest@294ff497{ServletContextRequest@330f0b2f{SecureRequestWithSslSessionData@4311a4e2{GET@12c60bf9 https://localhost:8443/baseline2?a=1&b=1 HTTP/2.0}}}"], :query-params {:a "1", :b "1"}, :path-info "/baseline2", :url-for #object[clojure.lang.Delay 0x44fbae7a {:status :pending, :val nil}], :uri "/baseline2", :server-name "localhost", :query-string "a=1&b=1", :path-params {}, :body #object[org.eclipse.jetty.ee10.servlet.HttpInput 0xf6693b9 "HttpInput@258380729 cs=ServletChannelState@411e1003{s=HANDLING rs=BLOCKING os=OPEN is=IDLE awp=false se=false i=true al=0} cp=org.eclipse.jetty.ee10.servlet.BlockingContentProducer@63a5421a eof=false"], :scheme :https, :request-method :get, :context-path ""}, :io.pedestal.http.route/path-params-decoded? true, :bindings {#'io.pedestal.http.route/*url-for* #object[clojure.lang.Delay 0x44fbae7a {:status :pending, :val nil}]}, :io.pedestal.interceptor.chain/terminators (#object[io.pedestal.http.response$terminate_when_response_STAR_ 0x148875fa "io.pedestal.http.response$terminate_when_response_STAR_@148875fa"]), :servlet-response #object[org.eclipse.jetty.ee10.servlet.ServletApiResponse 0x58150f7b "ServletApiResponse@58150f7b{org.eclipse.jetty.ee10.servlet.ServletContextResponse@1688f1c8,org.eclipse.jetty.ee10.servlet.ServletContextResponse@1688f1c8}"], :route {:path "/baseline2", :method :get, :path-parts ["baseline2"], :interceptors [#Interceptor{:name :httparena.pedestal.core/baseline-handler}], :route-name :httparena.pedestal.core/baseline-h2, :path-params [], :path-re #"/\Qbaseline2\E", :io.pedestal.http.route.internal/satisfies-constraints? #object[io.pedestal.http.route.internal$add_satisfies_constraints_QMARK_$fn__11349 0x4b57ae7 "io.pedestal.http.route.internal$add_satisfies_constraints_QMARK_$fn__11349@4b57ae7"]}, :servlet #object[io.pedestal.servlet.FnServlet 0x18594f42 "io.pedestal.servlet.FnServlet@18594f42"], :servlet-request #object[org.eclipse.jetty.ee10.servlet.ServletApiRequest 0x294ff497 "ServletApiRequest@294ff497{ServletContextRequest@330f0b2f{SecureRequestWithSslSessionData@4311a4e2{GET@12c60bf9 https://localhost:8443/baseline2?a=1&b=1 HTTP/2.0}}}"], :websocket-channel-source #object[org.eclipse.jetty.ee10.servlet.ServletApiRequest 0x294ff497 "ServletApiRequest@294ff497{ServletContextRequest@330f0b2f{SecureRequestWithSslSessionData@4311a4e2{GET@12c60bf9 https://localhost:8443/baseline2?a=1&b=1 HTTP/2.0}}}"], :io.pedestal.interceptor.chain/enter-async [#object[io.pedestal.http.impl.servlet_interceptor$start_servlet_async 0x4b11d6ea "io.pedestal.http.impl.servlet_interceptor$start_servlet_async@4b11d6ea"]], :url-for #object[clojure.lang.Delay 0x44fbae7a {:status :pending, :val nil}], :io.pedestal.interceptor.chain/execution-id 1086547, :servlet-config #object[org.eclipse.jetty.ee10.servlet.ServletHolder$Config 0x550e8ba5 "org.eclipse.jetty.ee10.servlet.ServletHolder$Config@550e8ba5"]}, :line 298}
clojure.lang.ExceptionInfo: java.io.EOFException in Interceptor :io.pedestal.http.impl.servlet-interceptor/ring-response - reset {:execution-id nil, :stage :leave, :interceptor :io.pedestal.http.impl.servlet-interceptor/ring-response, :exception-type :java.io.EOFException, :exception #error {
 :cause "reset"
 :via
 [{:type java.io.EOFException
   :message "reset"
   :at [org.eclipse.jetty.http2.HTTP2Stream reset "HTTP2Stream.java" 181]}]
 :trace
 [[org.eclipse.jetty.http2.HTTP2Stream reset "HTTP2Stream.java" 181]
  [org.eclipse.jetty.http2.HTTP2Session lambda$failStreams$0 "HTTP2Session.java" 747]
  [org.eclipse.jetty.util.Callback$4 completed "Callback.java" 227]
  [org.eclipse.jetty.util.Callback$Completing succeeded "Callback.java" 416]
  [org.eclipse.jetty.util.Callback$Nested succeeded "Callback.java" 467]
  [org.eclipse.jetty.http2.server.internal.HttpStreamOverHTTP2$FailureTask run "HttpStreamOverHTTP2.java" 711]
  [org.eclipse.jetty.util.thread.ReservedThreadExecutor$ReservedThread run "ReservedThreadExecutor.java" 311]
  [org.eclipse.jetty.util.thread.QueuedThreadPool runJob "QueuedThreadPool.java" 981]
  [org.eclipse.jetty.util.thread.QueuedThreadPool$Runner doRunJob "QueuedThreadPool.java" 1212]
  [org.eclipse.jetty.util.thread.QueuedThreadPool$Runner run "QueuedThreadPool.java" 1166]
  [java.lang.Thread run "Thread.java" 1516]]}}
	at io.pedestal.interceptor.chain$throwable__GT_ex_info.invokeStatic(chain.clj:41)
	at io.pedestal.interceptor.chain$throwable__GT_ex_info.invoke(chain.clj:35)
	at io.pedestal.interceptor.chain$begin_error.invokeStatic(chain.clj:74)
	at io.pedestal.interceptor.chain$begin_error.invoke(chain.clj:62)
	at io.pedestal.interceptor.chain$try_stage.invokeStatic(chain.clj:124)
	at io.pedestal.interceptor.chain$try_stage.invoke(chain.clj:108)
	at io.pedestal.interceptor.chain$execute_leave$fn__11043.invoke(chain.clj:270)
	at clojure.lang.AFn.applyToHelper(AFn.java:152)
	at clojure.lang.AFn.applyTo(AFn.java:144)
	at clojure.core$apply.invokeStatic(core.clj:667)
	at clojure.core$with_bindings_STAR_.invokeStatic(core.clj:1994)
	at clojure.core$with_bindings_STAR_.doInvoke(core.clj:1994)
	at clojure.lang.RestFn.invoke(RestFn.java:428)
	at io.pedestal.interceptor.chain$execute_leave.invokeStatic(chain.clj:250)
	at io.pedestal.interceptor.chain$execute_leave.invoke(chain.clj:243)
	at io.pedestal.interceptor.chain$execute_continue.invokeStatic(chain.clj:362)
	at io.pedestal.interceptor.chain$execute_continue.invoke(chain.clj:359)
	at io.pedestal.interceptor.chain$execute.invokeStatic(chain.clj:424)
	at io.pedestal.interceptor.chain$execute.invoke(chain.clj:373)
	at io.pedestal.interceptor.chain$execute.invokeStatic(chain.clj:429)
	at io.pedestal.interceptor.chain$execute.invoke(chain.clj:373)
	at io.pedestal.http.impl.servlet_interceptor$interceptor_service_fn$fn__16045.invoke(servlet_interceptor.clj:386)
	at io.pedestal.servlet.FnServlet.service(FnServlet.java:57)
	at jakarta.servlet.http.HttpServlet.service(HttpServlet.java:614)
	at org.eclipse.jetty.ee10.servlet.ServletHolder.handle(ServletHolder.java:753)
	at org.eclipse.jetty.ee10.servlet.ServletHandler$ChainEnd.doFilter(ServletHandler.java:1624)
	at org.eclipse.jetty.ee10.websocket.servlet.WebSocketUpgradeFilter.doFilter(WebSocketUpgradeFilter.java:195)
	at org.eclipse.jetty.ee10.servlet.FilterHolder.doFilter(FilterHolder.java:205)
	at org.eclipse.jetty.ee10.servlet.ServletHandler$Chain.doFilter(ServletHandler.java:1596)
	at org.eclipse.jetty.ee10.servlet.ServletHandler$MappedServlet.handle(ServletHandler.java:1557)
	at org.eclipse.jetty.ee10.servlet.ServletChannel.dispatch(ServletChannel.java:828)
	at org.eclipse.jetty.ee10.servlet.ServletChannel.handle(ServletChannel.java:438)
	at org.eclipse.jetty.ee10.servlet.ServletHandler.handle(ServletHandler.java:470)
	at org.eclipse.jetty.ee10.servlet.SessionHandler.handle(SessionHandler.java:717)
	at org.eclipse.jetty.server.handler.gzip.GzipHandler.handle(GzipHandler.java:613)
	at org.eclipse.jetty.server.handler.ContextHandler.handle(ContextHandler.java:1102)
	at org.eclipse.jetty.server.Server.handle(Server.java:182)
	at org.eclipse.jetty.server.internal.HttpChannelState$HandlerInvoker.run(HttpChannelState.java:772)
	at org.eclipse.jetty.util.thread.Invocable$ReadyTask.run(Invocable.java:177)
	at org.eclipse.jetty.http2.server.internal.HttpStreamOverHTTP2$1.run(HttpStreamOverHTTP2.java:144)
	at org.eclipse.jetty.util.thread.QueuedThreadPool.runJob(QueuedThreadPool.java:981)
	at org.eclipse.jetty.util.thread.QueuedThreadPool$Runner.doRunJob(QueuedThreadPool.java:1212)
	at org.eclipse.jetty.util.thread.QueuedThreadPool$Runner.run(QueuedThreadPool.java:1166)
	at java.base/java.lang.Thread.run(Thread.java:1516)
Caused by: java.io.EOFException: reset
	at org.eclipse.jetty.http2.HTTP2Stream.reset(HTTP2Stream.java:181)
	at org.eclipse.jetty.http2.HTTP2Session.lambda$failStreams$0(HTTP2Session.java:747)
	at org.eclipse.jetty.util.Callback$4.completed(Callback.java:227)
	at org.eclipse.jetty.util.Callback$Completing.succeeded(Callback.java:416)
	at org.eclipse.jetty.util.Callback$Nested.succeeded(Callback.java:467)
	at org.eclipse.jetty.http2.server.internal.HttpStreamOverHTTP2$FailureTask.run(HttpStreamOverHTTP2.java:711)
	at org.eclipse.jetty.util.thread.ReservedThreadExecutor$ReservedThread.run(ReservedThreadExecutor.java:311)
	... 4 more
[qtp1395846122-219] ERROR io.pedestal.http.impl.servlet-interceptor - {:msg "error-stylobate triggered", :context {:response {:status 200, :headers {"content-type" "text/plain", "Content-Type" "text/plain"}, :body "2"}, :io.pedestal.interceptor.chain/leave-queue (), :request {:protocol "HTTP/2.0", :async-supported? true, :remote-addr "127.0.0.1", :params {:a "1", :b "1"}, :servlet-response #object[org.eclipse.jetty.ee10.servlet.ServletApiResponse 0x7d5f2b9c "ServletApiResponse@7d5f2b9c{org.eclipse.jetty.ee10.servlet.ServletContextResponse@1cdf9c38,org.eclipse.jetty.ee10.servlet.ServletContextResponse@1cdf9c38}"], :servlet #object[io.pedestal.servlet.FnServlet 0x18594f42 "io.pedestal.servlet.FnServlet@18594f42"], :headers {"user-agent" "h2load nghttp2/1.59.0"}, :server-port 8443, :servlet-request #object[org.eclipse.jetty.ee10.servlet.ServletApiRequest 0xe192d20 "ServletApiRequest@e192d20{ServletContextRequest@7d167597{SecureRequestWithSslSessionData@7911b262{GET@19cfdf24 https://localhost:8443/baseline2?a=1&b=1 HTTP/2.0}}}"], :query-params {:a "1", :b "1"}, :path-info "/baseline2", :url-for #object[clojure.lang.Delay 0x5ef89110 {:status :pending, :val nil}], :uri "/baseline2", :server-name "localhost", :query-string "a=1&b=1", :path-params {}, :body #object[org.eclipse.jetty.ee10.servlet.HttpInput 0x108cfd95 "HttpInput@277675413 cs=ServletChannelState@64fadf44{s=HANDLING rs=BLOCKING os=OPEN is=IDLE awp=false se=false i=true al=0} cp=org.eclipse.jetty.ee10.servlet.BlockingContentProducer@32b0a00 eof=false"], :scheme :https, :request-method :get, :context-path ""}, :io.pedestal.http.route/path-params-decoded? true, :bindings {#'io.pedestal.http.route/*url-for* #object[clojure.lang.Delay 0x5ef89110 {:status :pending, :val nil}]}, :io.pedestal.interceptor.chain/terminators (#object[io.pedestal.http.response$terminate_when_response_STAR_ 0x148875fa "io.pedestal.http.response$terminate_when_response_STAR_@148875fa"]), :servlet-response #object[org.eclipse.jetty.ee10.servlet.ServletApiResponse 0x7d5f2b9c "ServletApiResponse@7d5f2b9c{org.eclipse.jetty.ee10.servlet.ServletContextResponse@1cdf9c38,org.eclipse.jetty.ee10.servlet.ServletContextResponse@1cdf9c38}"], :route {:path "/baseline2", :method :get, :path-parts ["baseline2"], :interceptors [#Interceptor{:name :httparena.pedestal.core/baseline-handler}], :route-name :httparena.pedestal.core/baseline-h2, :path-params [], :path-re #"/\Qbaseline2\E", :io.pedestal.http.route.internal/satisfies-constraints? #object[io.pedestal.http.route.internal$add_satisfies_constraints_QMARK_$fn__11349 0x4b57ae7 "io.pedestal.http.route.internal$add_satisfies_constraints_QMARK_$fn__11349@4b57ae7"]}, :servlet #object[io.pedestal.servlet.FnServlet 0x18594f42 "io.pedestal.servlet.FnServlet@18594f42"], :servlet-request #object[org.eclipse.jetty.ee10.servlet.ServletApiRequest 0xe192d20 "ServletApiRequest@e192d20{ServletContextRequest@7d167597{SecureRequestWithSslSessionData@7911b262{GET@19cfdf24 https://localhost:8443/baseline2?a=1&b=1 HTTP/2.0}}}"], :websocket-channel-source #object[org.eclipse.jetty.ee10.servlet.ServletApiRequest 0xe192d20 "ServletApiRequest@e192d20{ServletContextRequest@7d167597{SecureRequestWithSslSessionData@7911b262{GET@19cfdf24 https://localhost:8443/baseline2?a=1&b=1 HTTP/2.0}}}"], :io.pedestal.interceptor.chain/enter-async [#object[io.pedestal.http.impl.servlet_interceptor$start_servlet_async 0x4b11d6ea "io.pedestal.http.impl.servlet_interceptor$start_servlet_async@4b11d6ea"]], :url-for #object[clojure.lang.Delay 0x5ef89110 {:status :pending, :val nil}], :io.pedestal.interceptor.chain/execution-id 1086247, :servlet-config #object[org.eclipse.jetty.ee10.servlet.ServletHolder$Config 0x550e8ba5 "org.eclipse.jetty.ee10.servlet.ServletHolder$Config@550e8ba5"]}, :line 298}
clojure.lang.ExceptionInfo: java.io.EOFException in Interceptor :io.pedestal.http.impl.servlet-interceptor/ring-response - reset {:execution-id nil, :stage :leave, :interceptor :io.pedestal.http.impl.servlet-interceptor/ring-response, :exception-type :java.io.EOFException, :exception #error {
 :cause "reset"
 :via
 [{:type java.io.EOFException
   :message "reset"
   :at [org.eclipse.jetty.http2.HTTP2Stream reset "HTTP2Stream.java" 181]}]
 :trace
 [[org.eclipse.jetty.http2.HTTP2Stream reset "HTTP2Stream.java" 181]
  [org.eclipse.jetty.http2.HTTP2Session lambda$failStreams$0 "HTTP2Session.java" 747]
  [org.eclipse.jetty.util.Callback$4 completed "Callback.java" 227]
  [org.eclipse.jetty.util.Callback$Completing succeeded "Callback.java" 416]
  [org.eclipse.jetty.util.Callback$Nested succeeded "Callback.java" 467]
  [org.eclipse.jetty.http2.server.internal.HttpStreamOverHTTP2$FailureTask run "HttpStreamOverHTTP2.java" 711]
  [org.eclipse.jetty.util.thread.ReservedThreadExecutor$ReservedThread run "ReservedThreadExecutor.java" 311]
  [org.eclipse.jetty.util.thread.QueuedThreadPool runJob "QueuedThreadPool.java" 981]
  [org.eclipse.jetty.util.thread.QueuedThreadPool$Runner doRunJob "QueuedThreadPool.java" 1212]
  [org.eclipse.jetty.util.thread.QueuedThreadPool$Runner run "QueuedThreadPool.java" 1166]
  [java.lang.Thread run "Thread.java" 1516]]}}
	at io.pedestal.interceptor.chain$throwable__GT_ex_info.invokeStatic(chain.clj:41)
	at io.pedestal.interceptor.chain$throwable__GT_ex_info.invoke(chain.clj:35)
	at io.pedestal.interceptor.chain$begin_error.invokeStatic(chain.clj:74)
	at io.pedestal.interceptor.chain$begin_error.invoke(chain.clj:62)
	at io.pedestal.interceptor.chain$try_stage.invokeStatic(chain.clj:124)
	at io.pedestal.interceptor.chain$try_stage.invoke(chain.clj:108)
	at io.pedestal.interceptor.chain$execute_leave$fn__11043.invoke(chain.clj:270)
	at clojure.lang.AFn.applyToHelper(AFn.java:152)
	at clojure.lang.AFn.applyTo(AFn.java:144)
	at clojure.core$apply.invokeStatic(core.clj:667)
	at clojure.core$with_bindings_STAR_.invokeStatic(core.clj:1994)
	at clojure.core$with_bindings_STAR_.doInvoke(core.clj:1994)
	at clojure.lang.RestFn.invoke(RestFn.java:428)
	at io.pedestal.interceptor.chain$execute_leave.invokeStatic(chain.clj:250)
	at io.pedestal.interceptor.chain$execute_leave.invoke(chain.clj:243)
	at io.pedestal.interceptor.chain$execute_continue.invokeStatic(chain.clj:362)
	at io.pedestal.interceptor.chain$execute_continue.invoke(chain.clj:359)
	at io.pedestal.interceptor.chain$execute.invokeStatic(chain.clj:424)
	at io.pedestal.interceptor.chain$execute.invoke(chain.clj:373)
	at io.pedestal.interceptor.chain$execute.invokeStatic(chain.clj:429)
	at io.pedestal.interceptor.chain$execute.invoke(chain.clj:373)
	at io.pedestal.http.impl.servlet_interceptor$interceptor_service_fn$fn__16045.invoke(servlet_interceptor.clj:386)
	at io.pedestal.servlet.FnServlet.service(FnServlet.java:57)
	at jakarta.servlet.http.HttpServlet.service(HttpServlet.java:614)
	at org.eclipse.jetty.ee10.servlet.ServletHolder.handle(ServletHolder.java:753)
	at org.eclipse.jetty.ee10.servlet.ServletHandler$ChainEnd.doFilter(ServletHandler.java:1624)
	at org.eclipse.jetty.ee10.websocket.servlet.WebSocketUpgradeFilter.doFilter(WebSocketUpgradeFilter.java:195)
	at org.eclipse.jetty.ee10.servlet.FilterHolder.doFilter(FilterHolder.java:205)
	at org.eclipse.jetty.ee10.servlet.ServletHandler$Chain.doFilter(ServletHandler.java:1596)
	at org.eclipse.jetty.ee10.servlet.ServletHandler$MappedServlet.handle(ServletHandler.java:1557)
	at org.eclipse.jetty.ee10.servlet.ServletChannel.dispatch(ServletChannel.java:828)
	at org.eclipse.jetty.ee10.servlet.ServletChannel.handle(ServletChannel.java:438)
	at org.eclipse.jetty.ee10.servlet.ServletHandler.handle(ServletHandler.java:470)
	at org.eclipse.jetty.ee10.servlet.SessionHandler.handle(SessionHandler.java:717)
	at org.eclipse.jetty.server.handler.gzip.GzipHandler.handle(GzipHandler.java:613)
	at org.eclipse.jetty.server.handler.ContextHandler.handle(ContextHandler.java:1102)
	at org.eclipse.jetty.server.Server.handle(Server.java:182)
	at org.eclipse.jetty.server.internal.HttpChannelState$HandlerInvoker.run(HttpChannelState.java:772)
	at org.eclipse.jetty.util.thread.Invocable$ReadyTask.run(Invocable.java:177)
	at org.eclipse.jetty.http2.server.internal.HttpStreamOverHTTP2$1.run(HttpStreamOverHTTP2.java:144)
	at org.eclipse.jetty.util.thread.QueuedThreadPool.runJob(QueuedThreadPool.java:981)
	at org.eclipse.jetty.util.thread.QueuedThreadPool$Runner.doRunJob(QueuedThreadPool.java:1212)
	at org.eclipse.jetty.util.thread.QueuedThreadPool$Runner.run(QueuedThreadPool.java:1166)
	at java.base/java.lang.Thread.run(Thread.java:1516)
Caused by: java.io.EOFException: reset
	at org.eclipse.jetty.http2.HTTP2Stream.reset(HTTP2Stream.java:181)
	at org.eclipse.jetty.http2.HTTP2Session.lambda$failStreams$0(HTTP2Session.java:747)
	at org.eclipse.jetty.util.Callback$4.completed(Callback.java:227)
	at org.eclipse.jetty.util.Callback$Completing.succeeded(Callback.java:416)
	at org.eclipse.jetty.util.Callback$Nested.succeeded(Callback.java:467)
	at org.eclipse.jetty.http2.server.internal.HttpStreamOverHTTP2$FailureTask.run(HttpStreamOverHTTP2.java:711)
	at org.eclipse.jetty.util.thread.ReservedThreadExecutor$ReservedThread.run(ReservedThreadExecutor.java:311)
	... 4 more
[qtp1395846122-300] ERROR io.pedestal.http.impl.servlet-interceptor - {:msg "error-stylobate triggered", :context {:response {:status 200, :headers {"content-type" "text/plain", "Content-Type" "text/plain"}, :body "2"}, :io.pedestal.interceptor.chain/leave-queue (), :request {:protocol "HTTP/2.0", :async-supported? true, :remote-addr "127.0.0.1", :params {:a "1", :b "1"}, :servlet-response #object[org.eclipse.jetty.ee10.servlet.ServletApiResponse 0x311176dd "ServletApiResponse@311176dd{org.eclipse.jetty.ee10.servlet.ServletContextResponse@2ad872a0,org.eclipse.jetty.ee10.servlet.ServletContextResponse@2ad872a0}"], :servlet #object[io.pedestal.servlet.FnServlet 0x18594f42 "io.pedestal.servlet.FnServlet@18594f42"], :headers {"user-agent" "h2load nghttp2/1.59.0"}, :server-port 8443, :servlet-request #object[org.eclipse.jetty.ee10.servlet.ServletApiRequest 0x79d9602f "ServletApiRequest@79d9602f{ServletContextRequest@10ca1fb9{SecureRequestWithSslSessionData@2ad734e3{GET@43730e6b https://localhost:8443/baseline2?a=1&b=1 HTTP/2.0}}}"], :query-params {:a "1", :b "1"}, :path-info "/baseline2", :url-for #object[clojure.lang.Delay 0x7119d632 {:status :pending, :val nil}], :uri "/baseline2", :server-name "localhost", :query-string "a=1&b=1", :path-params {}, :body #object[org.eclipse.jetty.ee10.servlet.HttpInput 0x31ee387f "HttpInput@837695615 cs=ServletChannelState@220d728d{s=HANDLING rs=BLOCKING os=OPEN is=IDLE awp=false se=false i=true al=0} cp=org.eclipse.jetty.ee10.servlet.BlockingContentProducer@795620f1 eof=false"], :scheme :https, :request-method :get, :context-path ""}, :io.pedestal.http.route/path-params-decoded? true, :bindings {#'io.pedestal.http.route/*url-for* #object[clojure.lang.Delay 0x7119d632 {:status :pending, :val nil}]}, :io.pedestal.interceptor.chain/terminators (#object[io.pedestal.http.response$terminate_when_response_STAR_ 0x148875fa "io.pedestal.http.response$terminate_when_response_STAR_@148875fa"]), :servlet-response #object[org.eclipse.jetty.ee10.servlet.ServletApiResponse 0x311176dd "ServletApiResponse@311176dd{org.eclipse.jetty.ee10.servlet.ServletContextResponse@2ad872a0,org.eclipse.jetty.ee10.servlet.ServletContextResponse@2ad872a0}"], :route {:path "/baseline2", :method :get, :path-parts ["baseline2"], :interceptors [#Interceptor{:name :httparena.pedestal.core/baseline-handler}], :route-name :httparena.pedestal.core/baseline-h2, :path-params [], :path-re #"/\Qbaseline2\E", :io.pedestal.http.route.internal/satisfies-constraints? #object[io.pedestal.http.route.internal$add_satisfies_constraints_QMARK_$fn__11349 0x4b57ae7 "io.pedestal.http.route.internal$add_satisfies_constraints_QMARK_$fn__11349@4b57ae7"]}, :servlet #object[io.pedestal.servlet.FnServlet 0x18594f42 "io.pedestal.servlet.FnServlet@18594f42"], :servlet-request #object[org.eclipse.jetty.ee10.servlet.ServletApiRequest 0x79d9602f "ServletApiRequest@79d9602f{ServletContextRequest@10ca1fb9{SecureRequestWithSslSessionData@2ad734e3{GET@43730e6b https://localhost:8443/baseline2?a=1&b=1 HTTP/2.0}}}"], :websocket-channel-source #object[org.eclipse.jetty.ee10.servlet.ServletApiRequest 0x79d9602f "ServletApiRequest@79d9602f{ServletContextRequest@10ca1fb9{SecureRequestWithSslSessionData@2ad734e3{GET@43730e6b https://localhost:8443/baseline2?a=1&b=1 HTTP/2.0}}}"], :io.pedestal.interceptor.chain/enter-async [#object[io.pedestal.http.impl.servlet_interceptor$start_servlet_async 0x4b11d6ea "io.pedestal.http.impl.servlet_interceptor$start_servlet_async@4b11d6ea"]], :url-for #object[clojure.lang.Delay 0x7119d632 {:status :pending, :val nil}], :io.pedestal.interceptor.chain/execution-id 1086133, :servlet-config #object[org.eclipse.jetty.ee10.servlet.ServletHolder$Config 0x550e8ba5 "org.eclipse.jetty.ee10.servlet.ServletHolder$Config@550e8ba5"]}, :line 298}
clojure.lang.ExceptionInfo: java.io.EOFException in Interceptor :io.pedestal.http.impl.servlet-interceptor/ring-response - reset {:execution-id nil, :stage :leave, :interceptor :io.pedestal.http.impl.servlet-interceptor/ring-response, :exception-type :java.io.EOFException, :exception #error {
 :cause "reset"
 :via
 [{:type java.io.EOFException
   :message "reset"
   :at [org.eclipse.jetty.http2.HTTP2Stream reset "HTTP2Stream.java" 181]}]
 :trace
 [[org.eclipse.jetty.http2.HTTP2Stream reset "HTTP2Stream.java" 181]
  [org.eclipse.jetty.http2.HTTP2Session lambda$failStreams$0 "HTTP2Session.java" 747]
  [org.eclipse.jetty.util.Callback$4 completed "Callback.java" 227]
  [org.eclipse.jetty.util.Callback$Completing succeeded "Callback.java" 416]
  [org.eclipse.jetty.util.Callback$Nested succeeded "Callback.java" 467]
  [org.eclipse.jetty.http2.server.internal.HttpStreamOverHTTP2$FailureTask run "HttpStreamOverHTTP2.java" 711]
  [org.eclipse.jetty.util.thread.ReservedThreadExecutor$ReservedThread run "ReservedThreadExecutor.java" 311]
  [org.eclipse.jetty.util.thread.QueuedThreadPool runJob "QueuedThreadPool.java" 981]
  [org.eclipse.jetty.util.thread.QueuedThreadPool$Runner doRunJob "QueuedThreadPool.java" 1212]
  [org.eclipse.jetty.util.thread.QueuedThreadPool$Runner run "QueuedThreadPool.java" 1166]
  [java.lang.Thread run "Thread.java" 1516]]}}
	at io.pedestal.interceptor.chain$throwable__GT_ex_info.invokeStatic(chain.clj:41)
	at io.pedestal.interceptor.chain$throwable__GT_ex_info.invoke(chain.clj:35)
	at io.pedestal.interceptor.chain$begin_error.invokeStatic(chain.clj:74)
	at io.pedestal.interceptor.chain$begin_error.invoke(chain.clj:62)
	at io.pedestal.interceptor.chain$try_stage.invokeStatic(chain.clj:124)
	at io.pedestal.interceptor.chain$try_stage.invoke(chain.clj:108)
	at io.pedestal.interceptor.chain$execute_leave$fn__11043.invoke(chain.clj:270)
	at clojure.lang.AFn.applyToHelper(AFn.java:152)
	at clojure.lang.AFn.applyTo(AFn.java:144)
	at clojure.core$apply.invokeStatic(core.clj:667)
	at clojure.core$with_bindings_STAR_.invokeStatic(core.clj:1994)
	at clojure.core$with_bindings_STAR_.doInvoke(core.clj:1994)
	at clojure.lang.RestFn.invoke(RestFn.java:428)
	at io.pedestal.interceptor.chain$execute_leave.invokeStatic(chain.clj:250)
	at io.pedestal.interceptor.chain$execute_leave.invoke(chain.clj:243)
	at io.pedestal.interceptor.chain$execute_continue.invokeStatic(chain.clj:362)
	at io.pedestal.interceptor.chain$execute_continue.invoke(chain.clj:359)
	at io.pedestal.interceptor.chain$execute.invokeStatic(chain.clj:424)
	at io.pedestal.interceptor.chain$execute.invoke(chain.clj:373)
	at io.pedestal.interceptor.chain$execute.invokeStatic(chain.clj:429)
	at io.pedestal.interceptor.chain$execute.invoke(chain.clj:373)
	at io.pedestal.http.impl.servlet_interceptor$interceptor_service_fn$fn__16045.invoke(servlet_interceptor.clj:386)
	at io.pedestal.servlet.FnServlet.service(FnServlet.java:57)
	at jakarta.servlet.http.HttpServlet.service(HttpServlet.java:614)
	at org.eclipse.jetty.ee10.servlet.ServletHolder.handle(ServletHolder.java:753)
	at org.eclipse.jetty.ee10.servlet.ServletHandler$ChainEnd.doFilter(ServletHandler.java:1624)
	at org.eclipse.jetty.ee10.websocket.servlet.WebSocketUpgradeFilter.doFilter(WebSocketUpgradeFilter.java:195)
	at org.eclipse.jetty.ee10.servlet.FilterHolder.doFilter(FilterHolder.java:205)
	at org.eclipse.jetty.ee10.servlet.ServletHandler$Chain.doFilter(ServletHandler.java:1596)
	at org.eclipse.jetty.ee10.servlet.ServletHandler$MappedServlet.handle(ServletHandler.java:1557)
	at org.eclipse.jetty.ee10.servlet.ServletChannel.dispatch(ServletChannel.java:828)
	at org.eclipse.jetty.ee10.servlet.ServletChannel.handle(ServletChannel.java:438)
	at org.eclipse.jetty.ee10.servlet.ServletHandler.handle(ServletHandler.java:470)
	at org.eclipse.jetty.ee10.servlet.SessionHandler.handle(SessionHandler.java:717)
	at org.eclipse.jetty.server.handler.gzip.GzipHandler.handle(GzipHandler.java:613)
	at org.eclipse.jetty.server.handler.ContextHandler.handle(ContextHandler.java:1102)
	at org.eclipse.jetty.server.Server.handle(Server.java:182)
	at org.eclipse.jetty.server.internal.HttpChannelState$HandlerInvoker.run(HttpChannelState.java:772)
	at org.eclipse.jetty.util.thread.Invocable$ReadyTask.run(Invocable.java:177)
	at org.eclipse.jetty.http2.server.internal.HttpStreamOverHTTP2$1.run(HttpStreamOverHTTP2.java:144)
	at org.eclipse.jetty.util.thread.QueuedThreadPool.runJob(QueuedThreadPool.java:981)
	at org.eclipse.jetty.util.thread.QueuedThreadPool$Runner.doRunJob(QueuedThreadPool.java:1212)
	at org.eclipse.jetty.util.thread.QueuedThreadPool$Runner.run(QueuedThreadPool.java:1166)
	at java.base/java.lang.Thread.run(Thread.java:1516)
Caused by: java.io.EOFException: reset
	at org.eclipse.jetty.http2.HTTP2Stream.reset(HTTP2Stream.java:181)
	at org.eclipse.jetty.http2.HTTP2Session.lambda$failStreams$0(HTTP2Session.java:747)
	at org.eclipse.jetty.util.Callback$4.completed(Callback.java:227)
	at org.eclipse.jetty.util.Callback$Completing.succeeded(Callback.java:416)
	at org.eclipse.jetty.util.Callback$Nested.succeeded(Callback.java:467)
	at org.eclipse.jetty.http2.server.internal.HttpStreamOverHTTP2$FailureTask.run(HttpStreamOverHTTP2.java:711)
	at org.eclipse.jetty.util.thread.ReservedThreadExecutor$ReservedThread.run(ReservedThreadExecutor.java:311)
	... 4 more
[qtp1395846122-146] ERROR io.pedestal.http.impl.servlet-interceptor - {:msg "error-stylobate triggered", :context {:response {:status 200, :headers {"content-type" "text/plain", "Content-Type" "text/plain"}, :body "2"}, :io.pedestal.interceptor.chain/leave-queue (), :request {:protocol "HTTP/2.0", :async-supported? true, :remote-addr "127.0.0.1", :params {:a "1", :b "1"}, :servlet-response #object[org.eclipse.jetty.ee10.servlet.ServletApiResponse 0x5e2da1ff "ServletApiResponse@5e2da1ff{org.eclipse.jetty.ee10.servlet.ServletContextResponse@6b9e8650,org.eclipse.jetty.ee10.servlet.ServletContextResponse@6b9e8650}"], :servlet #object[io.pedestal.servlet.FnServlet 0x18594f42 "io.pedestal.servlet.FnServlet@18594f42"], :headers {"user-agent" "h2load nghttp2/1.59.0"}, :server-port 8443, :servlet-request #object[org.eclipse.jetty.ee10.servlet.ServletApiRequest 0x74c0bfa6 "ServletApiRequest@74c0bfa6{ServletContextRequest@17286b5a{SecureRequestWithSslSessionData@24391219{GET@3b8abcc8 https://localhost:8443/baseline2?a=1&b=1 HTTP/2.0}}}"], :query-params {:a "1", :b "1"}, :path-info "/baseline2", :url-for #object[clojure.lang.Delay 0x4ac60990 {:status :pending, :val nil}], :uri "/baseline2", :server-name "localhost", :query-string "a=1&b=1", :path-params {}, :body #object[org.eclipse.jetty.ee10.servlet.HttpInput 0x1ee0c929 "HttpInput@518048041 cs=ServletChannelState@72a5b936{s=HANDLING rs=BLOCKING os=OPEN is=IDLE awp=false se=false i=true al=0} cp=org.eclipse.jetty.ee10.servlet.BlockingContentProducer@1ca73756 eof=false"], :scheme :https, :request-method :get, :context-path ""}, :io.pedestal.http.route/path-params-decoded? true, :bindings {#'io.pedestal.http.route/*url-for* #object[clojure.lang.Delay 0x4ac60990 {:status :pending, :val nil}]}, :io.pedestal.interceptor.chain/terminators (#object[io.pedestal.http.response$terminate_when_response_STAR_ 0x148875fa "io.pedestal.http.response$terminate_when_response_STAR_@148875fa"]), :servlet-response #object[org.eclipse.jetty.ee10.servlet.ServletApiResponse 0x5e2da1ff "ServletApiResponse@5e2da1ff{org.eclipse.jetty.ee10.servlet.ServletContextResponse@6b9e8650,org.eclipse.jetty.ee10.servlet.ServletContextResponse@6b9e8650}"], :route {:path "/baseline2", :method :get, :path-parts ["baseline2"], :interceptors [#Interceptor{:name :httparena.pedestal.core/baseline-handler}], :route-name :httparena.pedestal.core/baseline-h2, :path-params [], :path-re #"/\Qbaseline2\E", :io.pedestal.http.route.internal/satisfies-constraints? #object[io.pedestal.http.route.internal$add_satisfies_constraints_QMARK_$fn__11349 0x4b57ae7 "io.pedestal.http.route.internal$add_satisfies_constraints_QMARK_$fn__11349@4b57ae7"]}, :servlet #object[io.pedestal.servlet.FnServlet 0x18594f42 "io.pedestal.servlet.FnServlet@18594f42"], :servlet-request #object[org.eclipse.jetty.ee10.servlet.ServletApiRequest 0x74c0bfa6 "ServletApiRequest@74c0bfa6{ServletContextRequest@17286b5a{SecureRequestWithSslSessionData@24391219{GET@3b8abcc8 https://localhost:8443/baseline2?a=1&b=1 HTTP/2.0}}}"], :websocket-channel-source #object[org.eclipse.jetty.ee10.servlet.ServletApiRequest 0x74c0bfa6 "ServletApiRequest@74c0bfa6{ServletContextRequest@17286b5a{SecureRequestWithSslSessionData@24391219{GET@3b8abcc8 https://localhost:8443/baseline2?a=1&b=1 HTTP/2.0}}}"], :io.pedestal.interceptor.chain/enter-async [#object[io.pedestal.http.impl.servlet_interceptor$start_servlet_async 0x4b11d6ea "io.pedestal.http.impl.servlet_interceptor$start_servlet_async@4b11d6ea"]], :url-for #object[clojure.lang.Delay 0x4ac60990 {:status :pending, :val nil}], :io.pedestal.interceptor.chain/execution-id 1086265, :servlet-config #object[org.eclipse.jetty.ee10.servlet.ServletHolder$Config 0x550e8ba5 "org.eclipse.jetty.ee10.servlet.ServletHolder$Config@550e8ba5"]}, :line 298}
clojure.lang.ExceptionInfo: java.io.EOFException in Interceptor :io.pedestal.http.impl.servlet-interceptor/ring-response - reset {:execution-id nil, :stage :leave, :interceptor :io.pedestal.http.impl.servlet-interceptor/ring-response, :exception-type :java.io.EOFException, :exception #error {
 :cause "reset"
 :via
 [{:type java.io.EOFException
   :message "reset"
   :at [org.eclipse.jetty.http2.HTTP2Stream reset "HTTP2Stream.java" 181]}]
 :trace
 [[org.eclipse.jetty.http2.HTTP2Stream reset "HTTP2Stream.java" 181]
  [org.eclipse.jetty.http2.HTTP2Session lambda$failStreams$0 "HTTP2Session.java" 747]
  [org.eclipse.jetty.util.Callback$4 completed "Callback.java" 227]
  [org.eclipse.jetty.util.Callback$Completing succeeded "Callback.java" 416]
  [org.eclipse.jetty.util.Callback$Nested succeeded "Callback.java" 467]
  [org.eclipse.jetty.http2.server.internal.HttpStreamOverHTTP2$FailureTask run "HttpStreamOverHTTP2.java" 711]
  [org.eclipse.jetty.util.thread.ReservedThreadExecutor$ReservedThread run "ReservedThreadExecutor.java" 311]
  [org.eclipse.jetty.util.thread.QueuedThreadPool runJob "QueuedThreadPool.java" 981]
  [org.eclipse.jetty.util.thread.QueuedThreadPool$Runner doRunJob "QueuedThreadPool.java" 1212]
  [org.eclipse.jetty.util.thread.QueuedThreadPool$Runner run "QueuedThreadPool.java" 1166]
  [java.lang.Thread run "Thread.java" 1516]]}}
	at io.pedestal.interceptor.chain$throwable__GT_ex_info.invokeStatic(chain.clj:41)
	at io.pedestal.interceptor.chain$throwable__GT_ex_info.invoke(chain.clj:35)
	at io.pedestal.interceptor.chain$begin_error.invokeStatic(chain.clj:74)
	at io.pedestal.interceptor.chain$begin_error.invoke(chain.clj:62)
	at io.pedestal.interceptor.chain$try_stage.invokeStatic(chain.clj:124)
	at io.pedestal.interceptor.chain$try_stage.invoke(chain.clj:108)
	at io.pedestal.interceptor.chain$execute_leave$fn__11043.invoke(chain.clj:270)
	at clojure.lang.AFn.applyToHelper(AFn.java:152)
	at clojure.lang.AFn.applyTo(AFn.java:144)
	at clojure.core$apply.invokeStatic(core.clj:667)
	at clojure.core$with_bindings_STAR_.invokeStatic(core.clj:1994)
	at clojure.core$with_bindings_STAR_.doInvoke(core.clj:1994)
	at clojure.lang.RestFn.invoke(RestFn.java:428)
	at io.pedestal.interceptor.chain$execute_leave.invokeStatic(chain.clj:250)
	at io.pedestal.interceptor.chain$execute_leave.invoke(chain.clj:243)
	at io.pedestal.interceptor.chain$execute_continue.invokeStatic(chain.clj:362)
	at io.pedestal.interceptor.chain$execute_continue.invoke(chain.clj:359)
	at io.pedestal.interceptor.chain$execute.invokeStatic(chain.clj:424)
	at io.pedestal.interceptor.chain$execute.invoke(chain.clj:373)
	at io.pedestal.interceptor.chain$execute.invokeStatic(chain.clj:429)
	at io.pedestal.interceptor.chain$execute.invoke(chain.clj:373)
	at io.pedestal.http.impl.servlet_interceptor$interceptor_service_fn$fn__16045.invoke(servlet_interceptor.clj:386)
	at io.pedestal.servlet.FnServlet.service(FnServlet.java:57)
	at jakarta.servlet.http.HttpServlet.service(HttpServlet.java:614)
	at org.eclipse.jetty.ee10.servlet.ServletHolder.handle(ServletHolder.java:753)
	at org.eclipse.jetty.ee10.servlet.ServletHandler$ChainEnd.doFilter(ServletHandler.java:1624)
	at org.eclipse.jetty.ee10.websocket.servlet.WebSocketUpgradeFilter.doFilter(WebSocketUpgradeFilter.java:195)
	at org.eclipse.jetty.ee10.servlet.FilterHolder.doFilter(FilterHolder.java:205)
	at org.eclipse.jetty.ee10.servlet.ServletHandler$Chain.doFilter(ServletHandler.java:1596)
	at org.eclipse.jetty.ee10.servlet.ServletHandler$MappedServlet.handle(ServletHandler.java:1557)
	at org.eclipse.jetty.ee10.servlet.ServletChannel.dispatch(ServletChannel.java:828)
	at org.eclipse.jetty.ee10.servlet.ServletChannel.handle(ServletChannel.java:438)
	at org.eclipse.jetty.ee10.servlet.ServletHandler.handle(ServletHandler.java:470)
	at org.eclipse.jetty.ee10.servlet.SessionHandler.handle(SessionHandler.java:717)
	at org.eclipse.jetty.server.handler.gzip.GzipHandler.handle(GzipHandler.java:613)
	at org.eclipse.jetty.server.handler.ContextHandler.handle(ContextHandler.java:1102)
	at org.eclipse.jetty.server.Server.handle(Server.java:182)
	at org.eclipse.jetty.server.internal.HttpChannelState$HandlerInvoker.run(HttpChannelState.java:772)
	at org.eclipse.jetty.util.thread.Invocable$ReadyTask.run(Invocable.java:177)
	at org.eclipse.jetty.http2.server.internal.HttpStreamOverHTTP2$1.run(HttpStreamOverHTTP2.java:144)
	at org.eclipse.jetty.util.thread.QueuedThreadPool.runJob(QueuedThreadPool.java:981)
	at org.eclipse.jetty.util.thread.QueuedThreadPool$Runner.doRunJob(QueuedThreadPool.java:1212)
	at org.eclipse.jetty.util.thread.QueuedThreadPool$Runner.run(QueuedThreadPool.java:1166)
	at java.base/java.lang.Thread.run(Thread.java:1516)
Caused by: java.io.EOFException: reset
	at org.eclipse.jetty.http2.HTTP2Stream.reset(HTTP2Stream.java:181)
	at org.eclipse.jetty.http2.HTTP2Session.lambda$failStreams$0(HTTP2Session.java:747)
	at org.eclipse.jetty.util.Callback$4.completed(Callback.java:227)
	at org.eclipse.jetty.util.Callback$Completing.succeeded(Callback.java:416)
	at org.eclipse.jetty.util.Callback$Nested.succeeded(Callback.java:467)
	at org.eclipse.jetty.http2.server.internal.HttpStreamOverHTTP2$FailureTask.run(HttpStreamOverHTTP2.java:711)
	at org.eclipse.jetty.util.thread.ReservedThreadExecutor$ReservedThread.run(ReservedThreadExecutor.java:311)
	... 4 more
[qtp1395846122-223] ERROR io.pedestal.http.impl.servlet-interceptor - {:msg "error-stylobate triggered", :context {:response {:status 200, :headers {"content-type" "text/plain", "Content-Type" "text/plain"}, :body "2"}, :io.pedestal.interceptor.chain/leave-queue (), :request {:protocol "HTTP/2.0", :async-supported? true, :remote-addr "127.0.0.1", :params {:a "1", :b "1"}, :servlet-response #object[org.eclipse.jetty.ee10.servlet.ServletApiResponse 0x67cdc8f7 "ServletApiResponse@67cdc8f7{org.eclipse.jetty.ee10.servlet.ServletContextResponse@73ed3232,org.eclipse.jetty.ee10.servlet.ServletContextResponse@73ed3232}"], :servlet #object[io.pedestal.servlet.FnServlet 0x18594f42 "io.pedestal.servlet.FnServlet@18594f42"], :headers {"user-agent" "h2load nghttp2/1.59.0"}, :server-port 8443, :servlet-request #object[org.eclipse.jetty.ee10.servlet.ServletApiRequest 0x3822fdf6 "ServletApiRequest@3822fdf6{ServletContextRequest@6a80b444{SecureRequestWithSslSessionData@63835393{GET@79658173 https://localhost:8443/baseline2?a=1&b=1 HTTP/2.0}}}"], :query-params {:a "1", :b "1"}, :path-info "/baseline2", :url-for #object[clojure.lang.Delay 0x56871ee4 {:status :pending, :val nil}], :uri "/baseline2", :server-name "localhost", :query-string "a=1&b=1", :path-params {}, :body #object[org.eclipse.jetty.ee10.servlet.HttpInput 0x394ab2e4 "HttpInput@961196772 cs=ServletChannelState@402c6195{s=HANDLING rs=BLOCKING os=OPEN is=IDLE awp=false se=false i=true al=0} cp=org.eclipse.jetty.ee10.servlet.BlockingContentProducer@15971efa eof=false"], :scheme :https, :request-method :get, :context-path ""}, :io.pedestal.http.route/path-params-decoded? true, :bindings {#'io.pedestal.http.route/*url-for* #object[clojure.lang.Delay 0x56871ee4 {:status :pending, :val nil}]}, :io.pedestal.interceptor.chain/terminators (#object[io.pedestal.http.response$terminate_when_response_STAR_ 0x148875fa "io.pedestal.http.response$terminate_when_response_STAR_@148875fa"]), :servlet-response #object[org.eclipse.jetty.ee10.servlet.ServletApiResponse 0x67cdc8f7 "ServletApiResponse@67cdc8f7{org.eclipse.jetty.ee10.servlet.ServletContextResponse@73ed3232,org.eclipse.jetty.ee10.servlet.ServletContextResponse@73ed3232}"], :route {:path "/baseline2", :method :get, :path-parts ["baseline2"], :interceptors [#Interceptor{:name :httparena.pedestal.core/baseline-handler}], :route-name :httparena.pedestal.core/baseline-h2, :path-params [], :path-re #"/\Qbaseline2\E", :io.pedestal.http.route.internal/satisfies-constraints? #object[io.pedestal.http.route.internal$add_satisfies_constraints_QMARK_$fn__11349 0x4b57ae7 "io.pedestal.http.route.internal$add_satisfies_constraints_QMARK_$fn__11349@4b57ae7"]}, :servlet #object[io.pedestal.servlet.FnServlet 0x18594f42 "io.pedestal.servlet.FnServlet@18594f42"], :servlet-request #object[org.eclipse.jetty.ee10.servlet.ServletApiRequest 0x3822fdf6 "ServletApiRequest@3822fdf6{ServletContextRequest@6a80b444{SecureRequestWithSslSessionData@63835393{GET@79658173 https://localhost:8443/baseline2?a=1&b=1 HTTP/2.0}}}"], :websocket-channel-source #object[org.eclipse.jetty.ee10.servlet.ServletApiRequest 0x3822fdf6 "ServletApiRequest@3822fdf6{ServletContextRequest@6a80b444{SecureRequestWithSslSessionData@63835393{GET@79658173 https://localhost:8443/baseline2?a=1&b=1 HTTP/2.0}}}"], :io.pedestal.interceptor.chain/enter-async [#object[io.pedestal.http.impl.servlet_interceptor$start_servlet_async 0x4b11d6ea "io.pedestal.http.impl.servlet_interceptor$start_servlet_async@4b11d6ea"]], :url-for #object[clojure.lang.Delay 0x56871ee4 {:status :pending, :val nil}], :io.pedestal.interceptor.chain/execution-id 1086431, :servlet-config #object[org.eclipse.jetty.ee10.servlet.ServletHolder$Config 0x550e8ba5 "org.eclipse.jetty.ee10.servlet.ServletHolder$Config@550e8ba5"]}, :line 298}
clojure.lang.ExceptionInfo: java.io.EOFException in Interceptor :io.pedestal.http.impl.servlet-interceptor/ring-response - reset {:execution-id nil, :stage :leave, :interceptor :io.pedestal.http.impl.servlet-interceptor/ring-response, :exception-type :java.io.EOFException, :exception #error {
 :cause "reset"
 :via
 [{:type java.io.EOFException
   :message "reset"
   :at [org.eclipse.jetty.http2.HTTP2Stream reset "HTTP2Stream.java" 181]}]
 :trace
 [[org.eclipse.jetty.http2.HTTP2Stream reset "HTTP2Stream.java" 181]
  [org.eclipse.jetty.http2.HTTP2Session lambda$failStreams$0 "HTTP2Session.java" 747]
  [org.eclipse.jetty.util.Callback$4 completed "Callback.java" 227]
  [org.eclipse.jetty.util.Callback$Completing succeeded "Callback.java" 416]
  [org.eclipse.jetty.util.Callback$Nested succeeded "Callback.java" 467]
  [org.eclipse.jetty.http2.server.internal.HttpStreamOverHTTP2$FailureTask run "HttpStreamOverHTTP2.java" 711]
  [org.eclipse.jetty.util.thread.ReservedThreadExecutor$ReservedThread run "ReservedThreadExecutor.java" 311]
  [org.eclipse.jetty.util.thread.QueuedThreadPool runJob "QueuedThreadPool.java" 981]
  [org.eclipse.jetty.util.thread.QueuedThreadPool$Runner doRunJob "QueuedThreadPool.java" 1212]
  [org.eclipse.jetty.util.thread.QueuedThreadPool$Runner run "QueuedThreadPool.java" 1166]
  [java.lang.Thread run "Thread.java" 1516]]}}
	at io.pedestal.interceptor.chain$throwable__GT_ex_info.invokeStatic(chain.clj:41)
	at io.pedestal.interceptor.chain$throwable__GT_ex_info.invoke(chain.clj:35)
	at io.pedestal.interceptor.chain$begin_error.invokeStatic(chain.clj:74)
	at io.pedestal.interceptor.chain$begin_error.invoke(chain.clj:62)
	at io.pedestal.interceptor.chain$try_stage.invokeStatic(chain.clj:124)
	at io.pedestal.interceptor.chain$try_stage.invoke(chain.clj:108)
	at io.pedestal.interceptor.chain$execute_leave$fn__11043.invoke(chain.clj:270)
	at clojure.lang.AFn.applyToHelper(AFn.java:152)
	at clojure.lang.AFn.applyTo(AFn.java:144)
	at clojure.core$apply.invokeStatic(core.clj:667)
	at clojure.core$with_bindings_STAR_.invokeStatic(core.clj:1994)
	at clojure.core$with_bindings_STAR_.doInvoke(core.clj:1994)
	at clojure.lang.RestFn.invoke(RestFn.java:428)
	at io.pedestal.interceptor.chain$execute_leave.invokeStatic(chain.clj:250)
	at io.pedestal.interceptor.chain$execute_leave.invoke(chain.clj:243)
	at io.pedestal.interceptor.chain$execute_continue.invokeStatic(chain.clj:362)
	at io.pedestal.interceptor.chain$execute_continue.invoke(chain.clj:359)
	at io.pedestal.interceptor.chain$execute.invokeStatic(chain.clj:424)
	at io.pedestal.interceptor.chain$execute.invoke(chain.clj:373)
	at io.pedestal.interceptor.chain$execute.invokeStatic(chain.clj:429)
	at io.pedestal.interceptor.chain$execute.invoke(chain.clj:373)
	at io.pedestal.http.impl.servlet_interceptor$interceptor_service_fn$fn__16045.invoke(servlet_interceptor.clj:386)
	at io.pedestal.servlet.FnServlet.service(FnServlet.java:57)
	at jakarta.servlet.http.HttpServlet.service(HttpServlet.java:614)
	at org.eclipse.jetty.ee10.servlet.ServletHolder.handle(ServletHolder.java:753)
	at org.eclipse.jetty.ee10.servlet.ServletHandler$ChainEnd.doFilter(ServletHandler.java:1624)
	at org.eclipse.jetty.ee10.websocket.servlet.WebSocketUpgradeFilter.doFilter(WebSocketUpgradeFilter.java:195)
	at org.eclipse.jetty.ee10.servlet.FilterHolder.doFilter(FilterHolder.java:205)
	at org.eclipse.jetty.ee10.servlet.ServletHandler$Chain.doFilter(ServletHandler.java:1596)
	at org.eclipse.jetty.ee10.servlet.ServletHandler$MappedServlet.handle(ServletHandler.java:1557)
	at org.eclipse.jetty.ee10.servlet.ServletChannel.dispatch(ServletChannel.java:828)
	at org.eclipse.jetty.ee10.servlet.ServletChannel.handle(ServletChannel.java:438)
	at org.eclipse.jetty.ee10.servlet.ServletHandler.handle(ServletHandler.java:470)
	at org.eclipse.jetty.ee10.servlet.SessionHandler.handle(SessionHandler.java:717)
	at org.eclipse.jetty.server.handler.gzip.GzipHandler.handle(GzipHandler.java:613)
	at org.eclipse.jetty.server.handler.ContextHandler.handle(ContextHandler.java:1102)
	at org.eclipse.jetty.server.Server.handle(Server.java:182)
	at org.eclipse.jetty.server.internal.HttpChannelState$HandlerInvoker.run(HttpChannelState.java:772)
	at org.eclipse.jetty.util.thread.Invocable$ReadyTask.run(Invocable.java:177)
	at org.eclipse.jetty.http2.server.internal.HttpStreamOverHTTP2$1.run(HttpStreamOverHTTP2.java:144)
	at org.eclipse.jetty.util.thread.QueuedThreadPool.runJob(QueuedThreadPool.java:981)
	at org.eclipse.jetty.util.thread.QueuedThreadPool$Runner.doRunJob(QueuedThreadPool.java:1212)
	at org.eclipse.jetty.util.thread.QueuedThreadPool$Runner.run(QueuedThreadPool.java:1166)
	at java.base/java.lang.Thread.run(Thread.java:1516)
Caused by: java.io.EOFException: reset
	at org.eclipse.jetty.http2.HTTP2Stream.reset(HTTP2Stream.java:181)
	at org.eclipse.jetty.http2.HTTP2Session.lambda$failStreams$0(HTTP2Session.java:747)
	at org.eclipse.jetty.util.Callback$4.completed(Callback.java:227)
	at org.eclipse.jetty.util.Callback$Completing.succeeded(Callback.java:416)
	at org.eclipse.jetty.util.Callback$Nested.succeeded(Callback.java:467)
	at org.eclipse.jetty.http2.server.internal.HttpStreamOverHTTP2$FailureTask.run(HttpStreamOverHTTP2.java:711)
	at org.eclipse.jetty.util.thread.ReservedThreadExecutor$ReservedThread.run(ReservedThreadExecutor.java:311)
	... 4 more
[qtp1395846122-252] ERROR io.pedestal.http.impl.servlet-interceptor - {:msg "error-stylobate triggered", :context {:response {:status 200, :headers {"content-type" "text/plain", "Content-Type" "text/plain"}, :body "2"}, :io.pedestal.interceptor.chain/leave-queue (), :request {:protocol "HTTP/2.0", :async-supported? true, :remote-addr "127.0.0.1", :params {:a "1", :b "1"}, :servlet-response #object[org.eclipse.jetty.ee10.servlet.ServletApiResponse 0x201785e5 "ServletApiResponse@201785e5{org.eclipse.jetty.ee10.servlet.ServletContextResponse@5ea7f79b,org.eclipse.jetty.ee10.servlet.ServletContextResponse@5ea7f79b}"], :servlet #object[io.pedestal.servlet.FnServlet 0x18594f42 "io.pedestal.servlet.FnServlet@18594f42"], :headers {"user-agent" "h2load nghttp2/1.59.0"}, :server-port 8443, :servlet-request #object[org.eclipse.jetty.ee10.servlet.ServletApiRequest 0x4e288163 "ServletApiRequest@4e288163{ServletContextRequest@2737effd{SecureRequestWithSslSessionData@3b136e53{GET@5ae94d85 https://localhost:8443/baseline2?a=1&b=1 HTTP/2.0}}}"], :query-params {:a "1", :b "1"}, :path-info "/baseline2", :url-for #object[clojure.lang.Delay 0x5040fc22 {:status :pending, :val nil}], :uri "/baseline2", :server-name "localhost", :query-string "a=1&b=1", :path-params {}, :body #object[org.eclipse.jetty.ee10.servlet.HttpInput 0x4810a9d0 "HttpInput@1209051600 cs=ServletChannelState@68512777{s=HANDLING rs=BLOCKING os=OPEN is=IDLE awp=false se=false i=true al=0} cp=org.eclipse.jetty.ee10.servlet.BlockingContentProducer@78c4da9d eof=false"], :scheme :https, :request-method :get, :context-path ""}, :io.pedestal.http.route/path-params-decoded? true, :bindings {#'io.pedestal.http.route/*url-for* #object[clojure.lang.Delay 0x5040fc22 {:status :pending, :val nil}]}, :io.pedestal.interceptor.chain/terminators (#object[io.pedestal.http.response$terminate_when_response_STAR_ 0x148875fa "io.pedestal.http.response$terminate_when_response_STAR_@148875fa"]), :servlet-response #object[org.eclipse.jetty.ee10.servlet.ServletApiResponse 0x201785e5 "ServletApiResponse@201785e5{org.eclipse.jetty.ee10.servlet.ServletContextResponse@5ea7f79b,org.eclipse.jetty.ee10.servlet.ServletContextResponse@5ea7f79b}"], :route {:path "/baseline2", :method :get, :path-parts ["baseline2"], :interceptors [#Interceptor{:name :httparena.pedestal.core/baseline-handler}], :route-name :httparena.pedestal.core/baseline-h2, :path-params [], :path-re #"/\Qbaseline2\E", :io.pedestal.http.route.internal/satisfies-constraints? #object[io.pedestal.http.route.internal$add_satisfies_constraints_QMARK_$fn__11349 0x4b57ae7 "io.pedestal.http.route.internal$add_satisfies_constraints_QMARK_$fn__11349@4b57ae7"]}, :servlet #object[io.pedestal.servlet.FnServlet 0x18594f42 "io.pedestal.servlet.FnServlet@18594f42"], :servlet-request #object[org.eclipse.jetty.ee10.servlet.ServletApiRequest 0x4e288163 "ServletApiRequest@4e288163{ServletContextRequest@2737effd{SecureRequestWithSslSessionData@3b136e53{GET@5ae94d85 https://localhost:8443/baseline2?a=1&b=1 HTTP/2.0}}}"], :websocket-channel-source #object[org.eclipse.jetty.ee10.servlet.ServletApiRequest 0x4e288163 "ServletApiRequest@4e288163{ServletContextRequest@2737effd{SecureRequestWithSslSessionData@3b136e53{GET@5ae94d85 https://localhost:8443/baseline2?a=1&b=1 HTTP/2.0}}}"], :io.pedestal.interceptor.chain/enter-async [#object[io.pedestal.http.impl.servlet_interceptor$start_servlet_async 0x4b11d6ea "io.pedestal.http.impl.servlet_interceptor$start_servlet_async@4b11d6ea"]], :url-for #object[clojure.lang.Delay 0x5040fc22 {:status :pending, :val nil}], :io.pedestal.interceptor.chain/execution-id 1086546, :servlet-config #object[org.eclipse.jetty.ee10.servlet.ServletHolder$Config 0x550e8ba5 "org.eclipse.jetty.ee10.servlet.ServletHolder$Config@550e8ba5"]}, :line 298}
clojure.lang.ExceptionInfo: java.io.EOFException in Interceptor :io.pedestal.http.impl.servlet-interceptor/ring-response - reset {:execution-id nil, :stage :leave, :interceptor :io.pedestal.http.impl.servlet-interceptor/ring-response, :exception-type :java.io.EOFException, :exception #error {
 :cause "reset"
 :via
 [{:type java.io.EOFException
   :message "reset"
   :at [org.eclipse.jetty.http2.HTTP2Stream reset "HTTP2Stream.java" 181]}]
 :trace
 [[org.eclipse.jetty.http2.HTTP2Stream reset "HTTP2Stream.java" 181]
  [org.eclipse.jetty.http2.HTTP2Session lambda$failStreams$0 "HTTP2Session.java" 747]
  [org.eclipse.jetty.util.Callback$4 completed "Callback.java" 227]
  [org.eclipse.jetty.util.Callback$Completing succeeded "Callback.java" 416]
  [org.eclipse.jetty.util.Callback$Nested succeeded "Callback.java" 467]
  [org.eclipse.jetty.http2.server.internal.HttpStreamOverHTTP2$FailureTask run "HttpStreamOverHTTP2.java" 711]
  [org.eclipse.jetty.util.thread.ReservedThreadExecutor$ReservedThread run "ReservedThreadExecutor.java" 311]
  [org.eclipse.jetty.util.thread.QueuedThreadPool runJob "QueuedThreadPool.java" 981]
  [org.eclipse.jetty.util.thread.QueuedThreadPool$Runner doRunJob "QueuedThreadPool.java" 1212]
  [org.eclipse.jetty.util.thread.QueuedThreadPool$Runner run "QueuedThreadPool.java" 1166]
  [java.lang.Thread run "Thread.java" 1516]]}}
	at io.pedestal.interceptor.chain$throwable__GT_ex_info.invokeStatic(chain.clj:41)
	at io.pedestal.interceptor.chain$throwable__GT_ex_info.invoke(chain.clj:35)
	at io.pedestal.interceptor.chain$begin_error.invokeStatic(chain.clj:74)
	at io.pedestal.interceptor.chain$begin_error.invoke(chain.clj:62)
	at io.pedestal.interceptor.chain$try_stage.invokeStatic(chain.clj:124)
	at io.pedestal.interceptor.chain$try_stage.invoke(chain.clj:108)
	at io.pedestal.interceptor.chain$execute_leave$fn__11043.invoke(chain.clj:270)
	at clojure.lang.AFn.applyToHelper(AFn.java:152)
	at clojure.lang.AFn.applyTo(AFn.java:144)
	at clojure.core$apply.invokeStatic(core.clj:667)
	at clojure.core$with_bindings_STAR_.invokeStatic(core.clj:1994)
	at clojure.core$with_bindings_STAR_.doInvoke(core.clj:1994)
	at clojure.lang.RestFn.invoke(RestFn.java:428)
	at io.pedestal.interceptor.chain$execute_leave.invokeStatic(chain.clj:250)
	at io.pedestal.interceptor.chain$execute_leave.invoke(chain.clj:243)
	at io.pedestal.interceptor.chain$execute_continue.invokeStatic(chain.clj:362)
	at io.pedestal.interceptor.chain$execute_continue.invoke(chain.clj:359)
	at io.pedestal.interceptor.chain$execute.invokeStatic(chain.clj:424)
	at io.pedestal.interceptor.chain$execute.invoke(chain.clj:373)
	at io.pedestal.interceptor.chain$execute.invokeStatic(chain.clj:429)
	at io.pedestal.interceptor.chain$execute.invoke(chain.clj:373)
	at io.pedestal.http.impl.servlet_interceptor$interceptor_service_fn$fn__16045.invoke(servlet_interceptor.clj:386)
	at io.pedestal.servlet.FnServlet.service(FnServlet.java:57)
	at jakarta.servlet.http.HttpServlet.service(HttpServlet.java:614)
	at org.eclipse.jetty.ee10.servlet.ServletHolder.handle(ServletHolder.java:753)
	at org.eclipse.jetty.ee10.servlet.ServletHandler$ChainEnd.doFilter(ServletHandler.java:1624)
	at org.eclipse.jetty.ee10.websocket.servlet.WebSocketUpgradeFilter.doFilter(WebSocketUpgradeFilter.java:195)
	at org.eclipse.jetty.ee10.servlet.FilterHolder.doFilter(FilterHolder.java:205)
	at org.eclipse.jetty.ee10.servlet.ServletHandler$Chain.doFilter(ServletHandler.java:1596)
	at org.eclipse.jetty.ee10.servlet.ServletHandler$MappedServlet.handle(ServletHandler.java:1557)
	at org.eclipse.jetty.ee10.servlet.ServletChannel.dispatch(ServletChannel.java:828)
	at org.eclipse.jetty.ee10.servlet.ServletChannel.handle(ServletChannel.java:438)
	at org.eclipse.jetty.ee10.servlet.ServletHandler.handle(ServletHandler.java:470)
	at org.eclipse.jetty.ee10.servlet.SessionHandler.handle(SessionHandler.java:717)
	at org.eclipse.jetty.server.handler.gzip.GzipHandler.handle(GzipHandler.java:613)
	at org.eclipse.jetty.server.handler.ContextHandler.handle(ContextHandler.java:1102)
	at org.eclipse.jetty.server.Server.handle(Server.java:182)
	at org.eclipse.jetty.server.internal.HttpChannelState$HandlerInvoker.run(HttpChannelState.java:772)
	at org.eclipse.jetty.util.thread.Invocable$ReadyTask.run(Invocable.java:177)
	at org.eclipse.jetty.http2.server.internal.HttpStreamOverHTTP2$1.run(HttpStreamOverHTTP2.java:144)
	at org.eclipse.jetty.util.thread.QueuedThreadPool.runJob(QueuedThreadPool.java:981)
	at org.eclipse.jetty.util.thread.QueuedThreadPool$Runner.doRunJob(QueuedThreadPool.java:1212)
	at org.eclipse.jetty.util.thread.QueuedThreadPool$Runner.run(QueuedThreadPool.java:1166)
	at java.base/java.lang.Thread.run(Thread.java:1516)
Caused by: java.io.EOFException: reset
	at org.eclipse.jetty.http2.HTTP2Stream.reset(HTTP2Stream.java:181)
	at org.eclipse.jetty.http2.HTTP2Session.lambda$failStreams$0(HTTP2Session.java:747)
	at org.eclipse.jetty.util.Callback$4.completed(Callback.java:227)
	at org.eclipse.jetty.util.Callback$Completing.succeeded(Callback.java:416)
	at org.eclipse.jetty.util.Callback$Nested.succeeded(Callback.java:467)
	at org.eclipse.jetty.http2.server.internal.HttpStreamOverHTTP2$FailureTask.run(HttpStreamOverHTTP2.java:711)
	at org.eclipse.jetty.util.thread.ReservedThreadExecutor$ReservedThread.run(ReservedThreadExecutor.java:311)
	... 4 more
[qtp1395846122-181] ERROR io.pedestal.http.impl.servlet-interceptor - {:msg "error-stylobate triggered", :context {:response {:status 200, :headers {"content-type" "text/plain", "Content-Type" "text/plain"}, :body "2"}, :io.pedestal.interceptor.chain/leave-queue (), :request {:protocol "HTTP/2.0", :async-supported? true, :remote-addr "127.0.0.1", :params {:a "1", :b "1"}, :servlet-response #object[org.eclipse.jetty.ee10.servlet.ServletApiResponse 0x426f6646 "ServletApiResponse@426f6646{org.eclipse.jetty.ee10.servlet.ServletContextResponse@514cda8a,org.eclipse.jetty.ee10.servlet.ServletContextResponse@514cda8a}"], :servlet #object[io.pedestal.servlet.FnServlet 0x18594f42 "io.pedestal.servlet.FnServlet@18594f42"], :headers {"user-agent" "h2load nghttp2/1.59.0"}, :server-port 8443, :servlet-request #object[org.eclipse.jetty.ee10.servlet.ServletApiRequest 0x1379cb74 "ServletApiRequest@1379cb74{ServletContextRequest@44037ade{SecureRequestWithSslSessionData@7de7694e{GET@4a4874f2 https://localhost:8443/baseline2?a=1&b=1 HTTP/2.0}}}"], :query-params {:a "1", :b "1"}, :path-info "/baseline2", :url-for #object[clojure.lang.Delay 0x173734a4 {:status :pending, :val nil}], :uri "/baseline2", :server-name "localhost", :query-string "a=1&b=1", :path-params {}, :body #object[org.eclipse.jetty.ee10.servlet.HttpInput 0x483d6916 "HttpInput@1211984150 cs=ServletChannelState@ed6c446{s=HANDLING rs=BLOCKING os=OPEN is=IDLE awp=false se=false i=true al=0} cp=org.eclipse.jetty.ee10.servlet.BlockingContentProducer@730de8a eof=false"], :scheme :https, :request-method :get, :context-path ""}, :io.pedestal.http.route/path-params-decoded? true, :bindings {#'io.pedestal.http.route/*url-for* #object[clojure.lang.Delay 0x173734a4 {:status :pending, :val nil}]}, :io.pedestal.interceptor.chain/terminators (#object[io.pedestal.http.response$terminate_when_response_STAR_ 0x148875fa "io.pedestal.http.response$terminate_when_response_STAR_@148875fa"]), :servlet-response #object[org.eclipse.jetty.ee10.servlet.ServletApiResponse 0x426f6646 "ServletApiResponse@426f6646{org.eclipse.jetty.ee10.servlet.ServletContextResponse@514cda8a,org.eclipse.jetty.ee10.servlet.ServletContextResponse@514cda8a}"], :route {:path "/baseline2", :method :get, :path-parts ["baseline2"], :interceptors [#Interceptor{:name :httparena.pedestal.core/baseline-handler}], :route-name :httparena.pedestal.core/baseline-h2, :path-params [], :path-re #"/\Qbaseline2\E", :io.pedestal.http.route.internal/satisfies-constraints? #object[io.pedestal.http.route.internal$add_satisfies_constraints_QMARK_$fn__11349 0x4b57ae7 "io.pedestal.http.route.internal$add_satisfies_constraints_QMARK_$fn__11349@4b57ae7"]}, :servlet #object[io.pedestal.servlet.FnServlet 0x18594f42 "io.pedestal.servlet.FnServlet@18594f42"], :servlet-request #object[org.eclipse.jetty.ee10.servlet.ServletApiRequest 0x1379cb74 "ServletApiRequest@1379cb74{ServletContextRequest@44037ade{SecureRequestWithSslSessionData@7de7694e{GET@4a4874f2 https://localhost:8443/baseline2?a=1&b=1 HTTP/2.0}}}"], :websocket-channel-source #object[org.eclipse.jetty.ee10.servlet.ServletApiRequest 0x1379cb74 "ServletApiRequest@1379cb74{ServletContextRequest@44037ade{SecureRequestWithSslSessionData@7de7694e{GET@4a4874f2 https://localhost:8443/baseline2?a=1&b=1 HTTP/2.0}}}"], :io.pedestal.interceptor.chain/enter-async [#object[io.pedestal.http.impl.servlet_interceptor$start_servlet_async 0x4b11d6ea "io.pedestal.http.impl.servlet_interceptor$start_servlet_async@4b11d6ea"]], :url-for #object[clojure.lang.Delay 0x173734a4 {:status :pending, :val nil}], :io.pedestal.interceptor.chain/execution-id 1086374, :servlet-config #object[org.eclipse.jetty.ee10.servlet.ServletHolder$Config 0x550e8ba5 "org.eclipse.jetty.ee10.servlet.ServletHolder$Config@550e8ba5"]}, :line 298}
clojure.lang.ExceptionInfo: java.io.EOFException in Interceptor :io.pedestal.http.impl.servlet-interceptor/ring-response - reset {:execution-id nil, :stage :leave, :interceptor :io.pedestal.http.impl.servlet-interceptor/ring-response, :exception-type :java.io.EOFException, :exception #error {
 :cause "reset"
 :via
 [{:type java.io.EOFException
   :message "reset"
   :at [org.eclipse.jetty.http2.HTTP2Stream reset "HTTP2Stream.java" 181]}]
 :trace
 [[org.eclipse.jetty.http2.HTTP2Stream reset "HTTP2Stream.java" 181]
  [org.eclipse.jetty.http2.HTTP2Session lambda$failStreams$0 "HTTP2Session.java" 747]
  [org.eclipse.jetty.util.Callback$4 completed "Callback.java" 227]
  [org.eclipse.jetty.util.Callback$Completing succeeded "Callback.java" 416]
  [org.eclipse.jetty.util.Callback$Nested succeeded "Callback.java" 467]
  [org.eclipse.jetty.http2.server.internal.HttpStreamOverHTTP2$FailureTask run "HttpStreamOverHTTP2.java" 711]
  [org.eclipse.jetty.util.thread.ReservedThreadExecutor$ReservedThread run "ReservedThreadExecutor.java" 311]
  [org.eclipse.jetty.util.thread.QueuedThreadPool runJob "QueuedThreadPool.java" 981]
  [org.eclipse.jetty.util.thread.QueuedThreadPool$Runner doRunJob "QueuedThreadPool.java" 1212]
  [org.eclipse.jetty.util.thread.QueuedThreadPool$Runner run "QueuedThreadPool.java" 1166]
  [java.lang.Thread run "Thread.java" 1516]]}}
	at io.pedestal.interceptor.chain$throwable__GT_ex_info.invokeStatic(chain.clj:41)
	at io.pedestal.interceptor.chain$throwable__GT_ex_info.invoke(chain.clj:35)
	at io.pedestal.interceptor.chain$begin_error.invokeStatic(chain.clj:74)
	at io.pedestal.interceptor.chain$begin_error.invoke(chain.clj:62)
	at io.pedestal.interceptor.chain$try_stage.invokeStatic(chain.clj:124)
	at io.pedestal.interceptor.chain$try_stage.invoke(chain.clj:108)
	at io.pedestal.interceptor.chain$execute_leave$fn__11043.invoke(chain.clj:270)
	at clojure.lang.AFn.applyToHelper(AFn.java:152)
	at clojure.lang.AFn.applyTo(AFn.java:144)
	at clojure.core$apply.invokeStatic(core.clj:667)
	at clojure.core$with_bindings_STAR_.invokeStatic(core.clj:1994)
	at clojure.core$with_bindings_STAR_.doInvoke(core.clj:1994)
	at clojure.lang.RestFn.invoke(RestFn.java:428)
	at io.pedestal.interceptor.chain$execute_leave.invokeStatic(chain.clj:250)
	at io.pedestal.interceptor.chain$execute_leave.invoke(chain.clj:243)
	at io.pedestal.interceptor.chain$execute_continue.invokeStatic(chain.clj:362)
	at io.pedestal.interceptor.chain$execute_continue.invoke(chain.clj:359)
	at io.pedestal.interceptor.chain$execute.invokeStatic(chain.clj:424)
	at io.pedestal.interceptor.chain$execute.invoke(chain.clj:373)
	at io.pedestal.interceptor.chain$execute.invokeStatic(chain.clj:429)
	at io.pedestal.interceptor.chain$execute.invoke(chain.clj:373)
	at io.pedestal.http.impl.servlet_interceptor$interceptor_service_fn$fn__16045.invoke(servlet_interceptor.clj:386)
	at io.pedestal.servlet.FnServlet.service(FnServlet.java:57)
	at jakarta.servlet.http.HttpServlet.service(HttpServlet.java:614)
	at org.eclipse.jetty.ee10.servlet.ServletHolder.handle(ServletHolder.java:753)
	at org.eclipse.jetty.ee10.servlet.ServletHandler$ChainEnd.doFilter(ServletHandler.java:1624)
	at org.eclipse.jetty.ee10.websocket.servlet.WebSocketUpgradeFilter.doFilter(WebSocketUpgradeFilter.java:195)
	at org.eclipse.jetty.ee10.servlet.FilterHolder.doFilter(FilterHolder.java:205)
	at org.eclipse.jetty.ee10.servlet.ServletHandler$Chain.doFilter(ServletHandler.java:1596)
	at org.eclipse.jetty.ee10.servlet.ServletHandler$MappedServlet.handle(ServletHandler.java:1557)
	at org.eclipse.jetty.ee10.servlet.ServletChannel.dispatch(ServletChannel.java:828)
	at org.eclipse.jetty.ee10.servlet.ServletChannel.handle(ServletChannel.java:438)
	at org.eclipse.jetty.ee10.servlet.ServletHandler.handle(ServletHandler.java:470)
	at org.eclipse.jetty.ee10.servlet.SessionHandler.handle(SessionHandler.java:717)
	at org.eclipse.jetty.server.handler.gzip.GzipHandler.handle(GzipHandler.java:613)
	at org.eclipse.jetty.server.handler.ContextHandler.handle(ContextHandler.java:1102)
	at org.eclipse.jetty.server.Server.handle(Server.java:182)
	at org.eclipse.jetty.server.internal.HttpChannelState$HandlerInvoker.run(HttpChannelState.java:772)
	at org.eclipse.jetty.util.thread.Invocable$ReadyTask.run(Invocable.java:177)
	at org.eclipse.jetty.http2.server.internal.HttpStreamOverHTTP2$1.run(HttpStreamOverHTTP2.java:144)
	at org.eclipse.jetty.util.thread.QueuedThreadPool.runJob(QueuedThreadPool.java:981)
	at org.eclipse.jetty.util.thread.QueuedThreadPool$Runner.doRunJob(QueuedThreadPool.java:1212)
	at org.eclipse.jetty.util.thread.QueuedThreadPool$Runner.run(QueuedThreadPool.java:1166)
	at java.base/java.lang.Thread.run(Thread.java:1516)
Caused by: java.io.EOFException: reset
	at org.eclipse.jetty.http2.HTTP2Stream.reset(HTTP2Stream.java:181)
	at org.eclipse.jetty.http2.HTTP2Session.lambda$failStreams$0(HTTP2Session.java:747)
	at org.eclipse.jetty.util.Callback$4.completed(Callback.java:227)
	at org.eclipse.jetty.util.Callback$Completing.succeeded(Callback.java:416)
	at org.eclipse.jetty.util.Callback$Nested.succeeded(Callback.java:467)
	at org.eclipse.jetty.http2.server.internal.HttpStreamOverHTTP2$FailureTask.run(HttpStreamOverHTTP2.java:711)
	at org.eclipse.jetty.util.thread.ReservedThreadExecutor$ReservedThread.run(ReservedThreadExecutor.java:311)
	... 4 more
[qtp1395846122-184] ERROR io.pedestal.http.impl.servlet-interceptor - {:msg "error-stylobate triggered", :context {:response {:status 200, :headers {"content-type" "text/plain", "Content-Type" "text/plain"}, :body "2"}, :io.pedestal.interceptor.chain/leave-queue (), :request {:protocol "HTTP/2.0", :async-supported? true, :remote-addr "127.0.0.1", :params {:a "1", :b "1"}, :servlet-response #object[org.eclipse.jetty.ee10.servlet.ServletApiResponse 0x5e39ca74 "ServletApiResponse@5e39ca74{org.eclipse.jetty.ee10.servlet.ServletContextResponse@29fa0163,org.eclipse.jetty.ee10.servlet.ServletContextResponse@29fa0163}"], :servlet #object[io.pedestal.servlet.FnServlet 0x18594f42 "io.pedestal.servlet.FnServlet@18594f42"], :headers {"user-agent" "h2load nghttp2/1.59.0"}, :server-port 8443, :servlet-request #object[org.eclipse.jetty.ee10.servlet.ServletApiRequest 0x26814bb9 "ServletApiRequest@26814bb9{ServletContextRequest@78872150{SecureRequestWithSslSessionData@687d3e5e{GET@11f5db2b https://localhost:8443/baseline2?a=1&b=1 HTTP/2.0}}}"], :query-params {:a "1", :b "1"}, :path-info "/baseline2", :url-for #object[clojure.lang.Delay 0x3d85862f {:status :pending, :val nil}], :uri "/baseline2", :server-name "localhost", :query-string "a=1&b=1", :path-params {}, :body #object[org.eclipse.jetty.ee10.servlet.HttpInput 0x7cc9bd6e "HttpInput@2093596014 cs=ServletChannelState@7dc7f367{s=HANDLING rs=BLOCKING os=OPEN is=IDLE awp=false se=false i=true al=0} cp=org.eclipse.jetty.ee10.servlet.BlockingContentProducer@42544377 eof=false"], :scheme :https, :request-method :get, :context-path ""}, :io.pedestal.http.route/path-params-decoded? true, :bindings {#'io.pedestal.http.route/*url-for* #object[clojure.lang.Delay 0x3d85862f {:status :pending, :val nil}]}, :io.pedestal.interceptor.chain/terminators (#object[io.pedestal.http.response$terminate_when_response_STAR_ 0x148875fa "io.pedestal.http.response$terminate_when_response_STAR_@148875fa"]), :servlet-response #object[org.eclipse.jetty.ee10.servlet.ServletApiResponse 0x5e39ca74 "ServletApiResponse@5e39ca74{org.eclipse.jetty.ee10.servlet.ServletContextResponse@29fa0163,org.eclipse.jetty.ee10.servlet.ServletContextResponse@29fa0163}"], :route {:path "/baseline2", :method :get, :path-parts ["baseline2"], :interceptors [#Interceptor{:name :httparena.pedestal.core/baseline-handler}], :route-name :httparena.pedestal.core/baseline-h2, :path-params [], :path-re #"/\Qbaseline2\E", :io.pedestal.http.route.internal/satisfies-constraints? #object[io.pedestal.http.route.internal$add_satisfies_constraints_QMARK_$fn__11349 0x4b57ae7 "io.pedestal.http.route.internal$add_satisfies_constraints_QMARK_$fn__11349@4b57ae7"]}, :servlet #object[io.pedestal.servlet.FnServlet 0x18594f42 "io.pedestal.servlet.FnServlet@18594f42"], :servlet-request #object[org.eclipse.jetty.ee10.servlet.ServletApiRequest 0x26814bb9 "ServletApiRequest@26814bb9{ServletContextRequest@78872150{SecureRequestWithSslSessionData@687d3e5e{GET@11f5db2b https://localhost:8443/baseline2?a=1&b=1 HTTP/2.0}}}"], :websocket-channel-source #object[org.eclipse.jetty.ee10.servlet.ServletApiRequest 0x26814bb9 "ServletApiRequest@26814bb9{ServletContextRequest@78872150{SecureRequestWithSslSessionData@687d3e5e{GET@11f5db2b https://localhost:8443/baseline2?a=1&b=1 HTTP/2.0}}}"], :io.pedestal.interceptor.chain/enter-async [#object[io.pedestal.http.impl.servlet_interceptor$start_servlet_async 0x4b11d6ea "io.pedestal.http.impl.servlet_interceptor$start_servlet_async@4b11d6ea"]], :url-for #object[clojure.lang.Delay 0x3d85862f {:status :pending, :val nil}], :io.pedestal.interceptor.chain/execution-id 1086345, :servlet-config #object[org.eclipse.jetty.ee10.servlet.ServletHolder$Config 0x550e8ba5 "org.eclipse.jetty.ee10.servlet.ServletHolder$Config@550e8ba5"]}, :line 298}
clojure.lang.ExceptionInfo: java.io.EOFException in Interceptor :io.pedestal.http.impl.servlet-interceptor/ring-response - reset {:execution-id nil, :stage :leave, :interceptor :io.pedestal.http.impl.servlet-interceptor/ring-response, :exception-type :java.io.EOFException, :exception #error {
 :cause "reset"
 :via
 [{:type java.io.EOFException
   :message "reset"
   :at [org.eclipse.jetty.http2.HTTP2Stream reset "HTTP2Stream.java" 181]}]
 :trace
 [[org.eclipse.jetty.http2.HTTP2Stream reset "HTTP2Stream.java" 181]
  [org.eclipse.jetty.http2.HTTP2Session lambda$failStreams$0 "HTTP2Session.java" 747]
  [org.eclipse.jetty.util.Callback$4 completed "Callback.java" 227]
  [org.eclipse.jetty.util.Callback$Completing succeeded "Callback.java" 416]
  [org.eclipse.jetty.util.Callback$Nested succeeded "Callback.java" 467]
  [org.eclipse.jetty.http2.server.internal.HttpStreamOverHTTP2$FailureTask run "HttpStreamOverHTTP2.java" 711]
  [org.eclipse.jetty.util.thread.ReservedThreadExecutor$ReservedThread run "ReservedThreadExecutor.java" 311]
  [org.eclipse.jetty.util.thread.QueuedThreadPool runJob "QueuedThreadPool.java" 981]
  [org.eclipse.jetty.util.thread.QueuedThreadPool$Runner doRunJob "QueuedThreadPool.java" 1212]
  [org.eclipse.jetty.util.thread.QueuedThreadPool$Runner run "QueuedThreadPool.java" 1166]
  [java.lang.Thread run "Thread.java" 1516]]}}
	at io.pedestal.interceptor.chain$throwable__GT_ex_info.invokeStatic(chain.clj:41)
	at io.pedestal.interceptor.chain$throwable__GT_ex_info.invoke(chain.clj:35)
	at io.pedestal.interceptor.chain$begin_error.invokeStatic(chain.clj:74)
	at io.pedestal.interceptor.chain$begin_error.invoke(chain.clj:62)
	at io.pedestal.interceptor.chain$try_stage.invokeStatic(chain.clj:124)
	at io.pedestal.interceptor.chain$try_stage.invoke(chain.clj:108)
	at io.pedestal.interceptor.chain$execute_leave$fn__11043.invoke(chain.clj:270)
	at clojure.lang.AFn.applyToHelper(AFn.java:152)
	at clojure.lang.AFn.applyTo(AFn.java:144)
	at clojure.core$apply.invokeStatic(core.clj:667)
	at clojure.core$with_bindings_STAR_.invokeStatic(core.clj:1994)
	at clojure.core$with_bindings_STAR_.doInvoke(core.clj:1994)
	at clojure.lang.RestFn.invoke(RestFn.java:428)
	at io.pedestal.interceptor.chain$execute_leave.invokeStatic(chain.clj:250)
	at io.pedestal.interceptor.chain$execute_leave.invoke(chain.clj:243)
	at io.pedestal.interceptor.chain$execute_continue.invokeStatic(chain.clj:362)
	at io.pedestal.interceptor.chain$execute_continue.invoke(chain.clj:359)
	at io.pedestal.interceptor.chain$execute.invokeStatic(chain.clj:424)
	at io.pedestal.interceptor.chain$execute.invoke(chain.clj:373)
	at io.pedestal.interceptor.chain$execute.invokeStatic(chain.clj:429)
	at io.pedestal.interceptor.chain$execute.invoke(chain.clj:373)
	at io.pedestal.http.impl.servlet_interceptor$interceptor_service_fn$fn__16045.invoke(servlet_interceptor.clj:386)
	at io.pedestal.servlet.FnServlet.service(FnServlet.java:57)
	at jakarta.servlet.http.HttpServlet.service(HttpServlet.java:614)
	at org.eclipse.jetty.ee10.servlet.ServletHolder.handle(ServletHolder.java:753)
	at org.eclipse.jetty.ee10.servlet.ServletHandler$ChainEnd.doFilter(ServletHandler.java:1624)
	at org.eclipse.jetty.ee10.websocket.servlet.WebSocketUpgradeFilter.doFilter(WebSocketUpgradeFilter.java:195)
	at org.eclipse.jetty.ee10.servlet.FilterHolder.doFilter(FilterHolder.java:205)
	at org.eclipse.jetty.ee10.servlet.ServletHandler$Chain.doFilter(ServletHandler.java:1596)
	at org.eclipse.jetty.ee10.servlet.ServletHandler$MappedServlet.handle(ServletHandler.java:1557)
	at org.eclipse.jetty.ee10.servlet.ServletChannel.dispatch(ServletChannel.java:828)
	at org.eclipse.jetty.ee10.servlet.ServletChannel.handle(ServletChannel.java:438)
	at org.eclipse.jetty.ee10.servlet.ServletHandler.handle(ServletHandler.java:470)
	at org.eclipse.jetty.ee10.servlet.SessionHandler.handle(SessionHandler.java:717)
	at org.eclipse.jetty.server.handler.gzip.GzipHandler.handle(GzipHandler.java:613)
	at org.eclipse.jetty.server.handler.ContextHandler.handle(ContextHandler.java:1102)
	at org.eclipse.jetty.server.Server.handle(Server.java:182)
	at org.eclipse.jetty.server.internal.HttpChannelState$HandlerInvoker.run(HttpChannelState.java:772)
	at org.eclipse.jetty.util.thread.Invocable$ReadyTask.run(Invocable.java:177)
	at org.eclipse.jetty.http2.server.internal.HttpStreamOverHTTP2$1.run(HttpStreamOverHTTP2.java:144)
	at org.eclipse.jetty.util.thread.QueuedThreadPool.runJob(QueuedThreadPool.java:981)
	at org.eclipse.jetty.util.thread.QueuedThreadPool$Runner.doRunJob(QueuedThreadPool.java:1212)
	at org.eclipse.jetty.util.thread.QueuedThreadPool$Runner.run(QueuedThreadPool.java:1166)
	at java.base/java.lang.Thread.run(Thread.java:1516)
Caused by: java.io.EOFException: reset
	at org.eclipse.jetty.http2.HTTP2Stream.reset(HTTP2Stream.java:181)
	at org.eclipse.jetty.http2.HTTP2Session.lambda$failStreams$0(HTTP2Session.java:747)
	at org.eclipse.jetty.util.Callback$4.completed(Callback.java:227)
	at org.eclipse.jetty.util.Callback$Completing.succeeded(Callback.java:416)
	at org.eclipse.jetty.util.Callback$Nested.succeeded(Callback.java:467)
	at org.eclipse.jetty.http2.server.internal.HttpStreamOverHTTP2$FailureTask.run(HttpStreamOverHTTP2.java:711)
	at org.eclipse.jetty.util.thread.ReservedThreadExecutor$ReservedThread.run(ReservedThreadExecutor.java:311)
	... 4 more
[qtp1395846122-202] ERROR io.pedestal.http.impl.servlet-interceptor - {:msg "error-stylobate triggered", :context {:response {:status 200, :headers {"content-type" "text/plain", "Content-Type" "text/plain"}, :body "2"}, :io.pedestal.interceptor.chain/leave-queue (), :request {:protocol "HTTP/2.0", :async-supported? true, :remote-addr "127.0.0.1", :params {:a "1", :b "1"}, :servlet-response #object[org.eclipse.jetty.ee10.servlet.ServletApiResponse 0x6b608020 "ServletApiResponse@6b608020{org.eclipse.jetty.ee10.servlet.ServletContextResponse@487c5e93,org.eclipse.jetty.ee10.servlet.ServletContextResponse@487c5e93}"], :servlet #object[io.pedestal.servlet.FnServlet 0x18594f42 "io.pedestal.servlet.FnServlet@18594f42"], :headers {"user-agent" "h2load nghttp2/1.59.0"}, :server-port 8443, :servlet-request #object[org.eclipse.jetty.ee10.servlet.ServletApiRequest 0x640f10c2 "ServletApiRequest@640f10c2{ServletContextRequest@55859e2c{SecureRequestWithSslSessionData@3a0b653c{GET@10292c28 https://localhost:8443/baseline2?a=1&b=1 HTTP/2.0}}}"], :query-params {:a "1", :b "1"}, :path-info "/baseline2", :url-for #object[clojure.lang.Delay 0xcbcb7ef {:status :pending, :val nil}], :uri "/baseline2", :server-name "localhost", :query-string "a=1&b=1", :path-params {}, :body #object[org.eclipse.jetty.ee10.servlet.HttpInput 0x75312caa "HttpInput@1966156970 cs=ServletChannelState@147285b5{s=HANDLING rs=BLOCKING os=OPEN is=IDLE awp=false se=false i=true al=0} cp=org.eclipse.jetty.ee10.servlet.BlockingContentProducer@4de3a37f eof=false"], :scheme :https, :request-method :get, :context-path ""}, :io.pedestal.http.route/path-params-decoded? true, :bindings {#'io.pedestal.http.route/*url-for* #object[clojure.lang.Delay 0xcbcb7ef {:status :pending, :val nil}]}, :io.pedestal.interceptor.chain/terminators (#object[io.pedestal.http.response$terminate_when_response_STAR_ 0x148875fa "io.pedestal.http.response$terminate_when_response_STAR_@148875fa"]), :servlet-response #object[org.eclipse.jetty.ee10.servlet.ServletApiResponse 0x6b608020 "ServletApiResponse@6b608020{org.eclipse.jetty.ee10.servlet.ServletContextResponse@487c5e93,org.eclipse.jetty.ee10.servlet.ServletContextResponse@487c5e93}"], :route {:path "/baseline2", :method :get, :path-parts ["baseline2"], :interceptors [#Interceptor{:name :httparena.pedestal.core/baseline-handler}], :route-name :httparena.pedestal.core/baseline-h2, :path-params [], :path-re #"/\Qbaseline2\E", :io.pedestal.http.route.internal/satisfies-constraints? #object[io.pedestal.http.route.internal$add_satisfies_constraints_QMARK_$fn__11349 0x4b57ae7 "io.pedestal.http.route.internal$add_satisfies_constraints_QMARK_$fn__11349@4b57ae7"]}, :servlet #object[io.pedestal.servlet.FnServlet 0x18594f42 "io.pedestal.servlet.FnServlet@18594f42"], :servlet-request #object[org.eclipse.jetty.ee10.servlet.ServletApiRequest 0x640f10c2 "ServletApiRequest@640f10c2{ServletContextRequest@55859e2c{SecureRequestWithSslSessionData@3a0b653c{GET@10292c28 https://localhost:8443/baseline2?a=1&b=1 HTTP/2.0}}}"], :websocket-channel-source #object[org.eclipse.jetty.ee10.servlet.ServletApiRequest 0x640f10c2 "ServletApiRequest@640f10c2{ServletContextRequest@55859e2c{SecureRequestWithSslSessionData@3a0b653c{GET@10292c28 https://localhost:8443/baseline2?a=1&b=1 HTTP/2.0}}}"], :io.pedestal.interceptor.chain/enter-async [#object[io.pedestal.http.impl.servlet_interceptor$start_servlet_async 0x4b11d6ea "io.pedestal.http.impl.servlet_interceptor$start_servlet_async@4b11d6ea"]], :url-for #object[clojure.lang.Delay 0xcbcb7ef {:status :pending, :val nil}], :io.pedestal.interceptor.chain/execution-id 1086367, :servlet-config #object[org.eclipse.jetty.ee10.servlet.ServletHolder$Config 0x550e8ba5 "org.eclipse.jetty.ee10.servlet.ServletHolder$Config@550e8ba5"]}, :line 298}
clojure.lang.ExceptionInfo: java.io.EOFException in Interceptor :io.pedestal.http.impl.servlet-interceptor/ring-response - reset {:execution-id nil, :stage :leave, :interceptor :io.pedestal.http.impl.servlet-interceptor/ring-response, :exception-type :java.io.EOFException, :exception #error {
 :cause "reset"
 :via
 [{:type java.io.EOFException
   :message "reset"
   :at [org.eclipse.jetty.http2.HTTP2Stream reset "HTTP2Stream.java" 181]}]
 :trace
 [[org.eclipse.jetty.http2.HTTP2Stream reset "HTTP2Stream.java" 181]
  [org.eclipse.jetty.http2.HTTP2Session lambda$failStreams$0 "HTTP2Session.java" 747]
  [org.eclipse.jetty.util.Callback$4 completed "Callback.java" 227]
  [org.eclipse.jetty.util.Callback$Completing succeeded "Callback.java" 416]
  [org.eclipse.jetty.util.Callback$Nested succeeded "Callback.java" 467]
  [org.eclipse.jetty.http2.server.internal.HttpStreamOverHTTP2$FailureTask run "HttpStreamOverHTTP2.java" 711]
  [org.eclipse.jetty.util.thread.ReservedThreadExecutor$ReservedThread run "ReservedThreadExecutor.java" 311]
  [org.eclipse.jetty.util.thread.QueuedThreadPool runJob "QueuedThreadPool.java" 981]
  [org.eclipse.jetty.util.thread.QueuedThreadPool$Runner doRunJob "QueuedThreadPool.java" 1212]
  [org.eclipse.jetty.util.thread.QueuedThreadPool$Runner run "QueuedThreadPool.java" 1166]
  [java.lang.Thread run "Thread.java" 1516]]}}
	at io.pedestal.interceptor.chain$throwable__GT_ex_info.invokeStatic(chain.clj:41)
	at io.pedestal.interceptor.chain$throwable__GT_ex_info.invoke(chain.clj:35)
	at io.pedestal.interceptor.chain$begin_error.invokeStatic(chain.clj:74)
	at io.pedestal.interceptor.chain$begin_error.invoke(chain.clj:62)
	at io.pedestal.interceptor.chain$try_stage.invokeStatic(chain.clj:124)
	at io.pedestal.interceptor.chain$try_stage.invoke(chain.clj:108)
	at io.pedestal.interceptor.chain$execute_leave$fn__11043.invoke(chain.clj:270)
	at clojure.lang.AFn.applyToHelper(AFn.java:152)
	at clojure.lang.AFn.applyTo(AFn.java:144)
	at clojure.core$apply.invokeStatic(core.clj:667)
	at clojure.core$with_bindings_STAR_.invokeStatic(core.clj:1994)
	at clojure.core$with_bindings_STAR_.doInvoke(core.clj:1994)
	at clojure.lang.RestFn.invoke(RestFn.java:428)
	at io.pedestal.interceptor.chain$execute_leave.invokeStatic(chain.clj:250)
	at io.pedestal.interceptor.chain$execute_leave.invoke(chain.clj:243)
	at io.pedestal.interceptor.chain$execute_continue.invokeStatic(chain.clj:362)
	at io.pedestal.interceptor.chain$execute_continue.invoke(chain.clj:359)
	at io.pedestal.interceptor.chain$execute.invokeStatic(chain.clj:424)
	at io.pedestal.interceptor.chain$execute.invoke(chain.clj:373)
	at io.pedestal.interceptor.chain$execute.invokeStatic(chain.clj:429)
	at io.pedestal.interceptor.chain$execute.invoke(chain.clj:373)
	at io.pedestal.http.impl.servlet_interceptor$interceptor_service_fn$fn__16045.invoke(servlet_interceptor.clj:386)
	at io.pedestal.servlet.FnServlet.service(FnServlet.java:57)
	at jakarta.servlet.http.HttpServlet.service(HttpServlet.java:614)
	at org.eclipse.jetty.ee10.servlet.ServletHolder.handle(ServletHolder.java:753)
	at org.eclipse.jetty.ee10.servlet.ServletHandler$ChainEnd.doFilter(ServletHandler.java:1624)
	at org.eclipse.jetty.ee10.websocket.servlet.WebSocketUpgradeFilter.doFilter(WebSocketUpgradeFilter.java:195)
	at org.eclipse.jetty.ee10.servlet.FilterHolder.doFilter(FilterHolder.java:205)
	at org.eclipse.jetty.ee10.servlet.ServletHandler$Chain.doFilter(ServletHandler.java:1596)
	at org.eclipse.jetty.ee10.servlet.ServletHandler$MappedServlet.handle(ServletHandler.java:1557)
	at org.eclipse.jetty.ee10.servlet.ServletChannel.dispatch(ServletChannel.java:828)
	at org.eclipse.jetty.ee10.servlet.ServletChannel.handle(ServletChannel.java:438)
	at org.eclipse.jetty.ee10.servlet.ServletHandler.handle(ServletHandler.java:470)
	at org.eclipse.jetty.ee10.servlet.SessionHandler.handle(SessionHandler.java:717)
	at org.eclipse.jetty.server.handler.gzip.GzipHandler.handle(GzipHandler.java:613)
	at org.eclipse.jetty.server.handler.ContextHandler.handle(ContextHandler.java:1102)
	at org.eclipse.jetty.server.Server.handle(Server.java:182)
	at org.eclipse.jetty.server.internal.HttpChannelState$HandlerInvoker.run(HttpChannelState.java:772)
	at org.eclipse.jetty.util.thread.Invocable$ReadyTask.run(Invocable.java:177)
	at org.eclipse.jetty.http2.server.internal.HttpStreamOverHTTP2$1.run(HttpStreamOverHTTP2.java:144)
	at org.eclipse.jetty.util.thread.QueuedThreadPool.runJob(QueuedThreadPool.java:981)
	at org.eclipse.jetty.util.thread.QueuedThreadPool$Runner.doRunJob(QueuedThreadPool.java:1212)
	at org.eclipse.jetty.util.thread.QueuedThreadPool$Runner.run(QueuedThreadPool.java:1166)
	at java.base/java.lang.Thread.run(Thread.java:1516)
Caused by: java.io.EOFException: reset
	at org.eclipse.jetty.http2.HTTP2Stream.reset(HTTP2Stream.java:181)
	at org.eclipse.jetty.http2.HTTP2Session.lambda$failStreams$0(HTTP2Session.java:747)
	at org.eclipse.jetty.util.Callback$4.completed(Callback.java:227)
	at org.eclipse.jetty.util.Callback$Completing.succeeded(Callback.java:416)
	at org.eclipse.jetty.util.Callback$Nested.succeeded(Callback.java:467)
	at org.eclipse.jetty.http2.server.internal.HttpStreamOverHTTP2$FailureTask.run(HttpStreamOverHTTP2.java:711)
	at org.eclipse.jetty.util.thread.ReservedThreadExecutor$ReservedThread.run(ReservedThreadExecutor.java:311)
	... 4 more
[qtp1395846122-337] ERROR io.pedestal.http.impl.servlet-interceptor - {:msg "error-stylobate triggered", :context {:response {:status 200, :headers {"content-type" "text/plain", "Content-Type" "text/plain"}, :body "2"}, :io.pedestal.interceptor.chain/leave-queue (), :request {:protocol "HTTP/2.0", :async-supported? true, :remote-addr "127.0.0.1", :params {:a "1", :b "1"}, :servlet-response #object[org.eclipse.jetty.ee10.servlet.ServletApiResponse 0x7ee5388b "ServletApiResponse@7ee5388b{org.eclipse.jetty.ee10.servlet.ServletContextResponse@6b1cf859,org.eclipse.jetty.ee10.servlet.ServletContextResponse@6b1cf859}"], :servlet #object[io.pedestal.servlet.FnServlet 0x18594f42 "io.pedestal.servlet.FnServlet@18594f42"], :headers {"user-agent" "h2load nghttp2/1.59.0"}, :server-port 8443, :servlet-request #object[org.eclipse.jetty.ee10.servlet.ServletApiRequest 0x61f5ffd "ServletApiRequest@61f5ffd{ServletContextRequest@3a233ed9{SecureRequestWithSslSessionData@6d556876{GET@61879bb5 https://localhost:8443/baseline2?a=1&b=1 HTTP/2.0}}}"], :query-params {:a "1", :b "1"}, :path-info "/baseline2", :url-for #object[clojure.lang.Delay 0x1d1bd0cf {:status :pending, :val nil}], :uri "/baseline2", :server-name "localhost", :query-string "a=1&b=1", :path-params {}, :body #object[org.eclipse.jetty.ee10.servlet.HttpInput 0x3e6de043 "HttpInput@1047388227 cs=ServletChannelState@783d2920{s=HANDLING rs=BLOCKING os=OPEN is=IDLE awp=false se=false i=true al=0} cp=org.eclipse.jetty.ee10.servlet.BlockingContentProducer@25ba4fa1 eof=false"], :scheme :https, :request-method :get, :context-path ""}, :io.pedestal.http.route/path-params-decoded? true, :bindings {#'io.pedestal.http.route/*url-for* #object[clojure.lang.Delay 0x1d1bd0cf {:status :pending, :val nil}]}, :io.pedestal.interceptor.chain/terminators (#object[io.pedestal.http.response$terminate_when_response_STAR_ 0x148875fa "io.pedestal.http.response$terminate_when_response_STAR_@148875fa"]), :servlet-response #object[org.eclipse.jetty.ee10.servlet.ServletApiResponse 0x7ee5388b "ServletApiResponse@7ee5388b{org.eclipse.jetty.ee10.servlet.ServletContextResponse@6b1cf859,org.eclipse.jetty.ee10.servlet.ServletContextResponse@6b1cf859}"], :route {:path "/baseline2", :method :get, :path-parts ["baseline2"], :interceptors [#Interceptor{:name :httparena.pedestal.core/baseline-handler}], :route-name :httparena.pedestal.core/baseline-h2, :path-params [], :path-re #"/\Qbaseline2\E", :io.pedestal.http.route.internal/satisfies-constraints? #object[io.pedestal.http.route.internal$add_satisfies_constraints_QMARK_$fn__11349 0x4b57ae7 "io.pedestal.http.route.internal$add_satisfies_constraints_QMARK_$fn__11349@4b57ae7"]}, :servlet #object[io.pedestal.servlet.FnServlet 0x18594f42 "io.pedestal.servlet.FnServlet@18594f42"], :servlet-request #object[org.eclipse.jetty.ee10.servlet.ServletApiRequest 0x61f5ffd "ServletApiRequest@61f5ffd{ServletContextRequest@3a233ed9{SecureRequestWithSslSessionData@6d556876{GET@61879bb5 https://localhost:8443/baseline2?a=1&b=1 HTTP/2.0}}}"], :websocket-channel-source #object[org.eclipse.jetty.ee10.servlet.ServletApiRequest 0x61f5ffd "ServletApiRequest@61f5ffd{ServletContextRequest@3a233ed9{SecureRequestWithSslSessionData@6d556876{GET@61879bb5 https://localhost:8443/baseline2?a=1&b=1 HTTP/2.0}}}"], :io.pedestal.interceptor.chain/enter-async [#object[io.pedestal.http.impl.servlet_interceptor$start_servlet_async 0x4b11d6ea "io.pedestal.http.impl.servlet_interceptor$start_servlet_async@4b11d6ea"]], :url-for #object[clojure.lang.Delay 0x1d1bd0cf {:status :pending, :val nil}], :io.pedestal.interceptor.chain/execution-id 1086231, :servlet-config #object[org.eclipse.jetty.ee10.servlet.ServletHolder$Config 0x550e8ba5 "org.eclipse.jetty.ee10.servlet.ServletHolder$Config@550e8ba5"]}, :line 298}
clojure.lang.ExceptionInfo: java.io.EOFException in Interceptor :io.pedestal.http.impl.servlet-interceptor/ring-response - reset {:execution-id nil, :stage :leave, :interceptor :io.pedestal.http.impl.servlet-interceptor/ring-response, :exception-type :java.io.EOFException, :exception #error {
 :cause "reset"
 :via
 [{:type java.io.EOFException
   :message "reset"
   :at [org.eclipse.jetty.http2.HTTP2Stream reset "HTTP2Stream.java" 181]}]
 :trace
 [[org.eclipse.jetty.http2.HTTP2Stream reset "HTTP2Stream.java" 181]
  [org.eclipse.jetty.http2.HTTP2Session lambda$failStreams$0 "HTTP2Session.java" 747]
  [org.eclipse.jetty.util.Callback$4 completed "Callback.java" 227]
  [org.eclipse.jetty.util.Callback$Completing succeeded "Callback.java" 416]
  [org.eclipse.jetty.util.Callback$Nested succeeded "Callback.java" 467]
  [org.eclipse.jetty.http2.server.internal.HttpStreamOverHTTP2$FailureTask run "HttpStreamOverHTTP2.java" 711]
  [org.eclipse.jetty.util.thread.ReservedThreadExecutor$ReservedThread run "ReservedThreadExecutor.java" 311]
  [org.eclipse.jetty.util.thread.QueuedThreadPool runJob "QueuedThreadPool.java" 981]
  [org.eclipse.jetty.util.thread.QueuedThreadPool$Runner doRunJob "QueuedThreadPool.java" 1212]
  [org.eclipse.jetty.util.thread.QueuedThreadPool$Runner run "QueuedThreadPool.java" 1166]
  [java.lang.Thread run "Thread.java" 1516]]}}
	at io.pedestal.interceptor.chain$throwable__GT_ex_info.invokeStatic(chain.clj:41)
	at io.pedestal.interceptor.chain$throwable__GT_ex_info.invoke(chain.clj:35)
	at io.pedestal.interceptor.chain$begin_error.invokeStatic(chain.clj:74)
	at io.pedestal.interceptor.chain$begin_error.invoke(chain.clj:62)
	at io.pedestal.interceptor.chain$try_stage.invokeStatic(chain.clj:124)
	at io.pedestal.interceptor.chain$try_stage.invoke(chain.clj:108)
	at io.pedestal.interceptor.chain$execute_leave$fn__11043.invoke(chain.clj:270)
	at clojure.lang.AFn.applyToHelper(AFn.java:152)
	at clojure.lang.AFn.applyTo(AFn.java:144)
	at clojure.core$apply.invokeStatic(core.clj:667)
	at clojure.core$with_bindings_STAR_.invokeStatic(core.clj:1994)
	at clojure.core$with_bindings_STAR_.doInvoke(core.clj:1994)
	at clojure.lang.RestFn.invoke(RestFn.java:428)
	at io.pedestal.interceptor.chain$execute_leave.invokeStatic(chain.clj:250)
	at io.pedestal.interceptor.chain$execute_leave.invoke(chain.clj:243)
	at io.pedestal.interceptor.chain$execute_continue.invokeStatic(chain.clj:362)
	at io.pedestal.interceptor.chain$execute_continue.invoke(chain.clj:359)
	at io.pedestal.interceptor.chain$execute.invokeStatic(chain.clj:424)
	at io.pedestal.interceptor.chain$execute.invoke(chain.clj:373)
	at io.pedestal.interceptor.chain$execute.invokeStatic(chain.clj:429)
	at io.pedestal.interceptor.chain$execute.invoke(chain.clj:373)
	at io.pedestal.http.impl.servlet_interceptor$interceptor_service_fn$fn__16045.invoke(servlet_interceptor.clj:386)
	at io.pedestal.servlet.FnServlet.service(FnServlet.java:57)
	at jakarta.servlet.http.HttpServlet.service(HttpServlet.java:614)
	at org.eclipse.jetty.ee10.servlet.ServletHolder.handle(ServletHolder.java:753)
	at org.eclipse.jetty.ee10.servlet.ServletHandler$ChainEnd.doFilter(ServletHandler.java:1624)
	at org.eclipse.jetty.ee10.websocket.servlet.WebSocketUpgradeFilter.doFilter(WebSocketUpgradeFilter.java:195)
	at org.eclipse.jetty.ee10.servlet.FilterHolder.doFilter(FilterHolder.java:205)
	at org.eclipse.jetty.ee10.servlet.ServletHandler$Chain.doFilter(ServletHandler.java:1596)
	at org.eclipse.jetty.ee10.servlet.ServletHandler$MappedServlet.handle(ServletHandler.java:1557)
	at org.eclipse.jetty.ee10.servlet.ServletChannel.dispatch(ServletChannel.java:828)
	at org.eclipse.jetty.ee10.servlet.ServletChannel.handle(ServletChannel.java:438)
	at org.eclipse.jetty.ee10.servlet.ServletHandler.handle(ServletHandler.java:470)
	at org.eclipse.jetty.ee10.servlet.SessionHandler.handle(SessionHandler.java:717)
	at org.eclipse.jetty.server.handler.gzip.GzipHandler.handle(GzipHandler.java:613)
	at org.eclipse.jetty.server.handler.ContextHandler.handle(ContextHandler.java:1102)
	at org.eclipse.jetty.server.Server.handle(Server.java:182)
	at org.eclipse.jetty.server.internal.HttpChannelState$HandlerInvoker.run(HttpChannelState.java:772)
	at org.eclipse.jetty.util.thread.Invocable$ReadyTask.run(Invocable.java:177)
	at org.eclipse.jetty.http2.server.internal.HttpStreamOverHTTP2$1.run(HttpStreamOverHTTP2.java:144)
	at org.eclipse.jetty.util.thread.QueuedThreadPool.runJob(QueuedThreadPool.java:981)
	at org.eclipse.jetty.util.thread.QueuedThreadPool$Runner.doRunJob(QueuedThreadPool.java:1212)
	at org.eclipse.jetty.util.thread.QueuedThreadPool$Runner.run(QueuedThreadPool.java:1166)
	at java.base/java.lang.Thread.run(Thread.java:1516)
Caused by: java.io.EOFException: reset
	at org.eclipse.jetty.http2.HTTP2Stream.reset(HTTP2Stream.java:181)
	at org.eclipse.jetty.http2.HTTP2Session.lambda$failStreams$0(HTTP2Session.java:747)
	at org.eclipse.jetty.util.Callback$4.completed(Callback.java:227)
	at org.eclipse.jetty.util.Callback$Completing.succeeded(Callback.java:416)
	at org.eclipse.jetty.util.Callback$Nested.succeeded(Callback.java:467)
	at org.eclipse.jetty.http2.server.internal.HttpStreamOverHTTP2$FailureTask.run(HttpStreamOverHTTP2.java:711)
	at org.eclipse.jetty.util.thread.ReservedThreadExecutor$ReservedThread.run(ReservedThreadExecutor.java:311)
	... 4 more
[qtp1395846122-274] ERROR io.pedestal.http.impl.servlet-interceptor - {:msg "error-stylobate triggered", :context {:response {:status 200, :headers {"content-type" "text/plain", "Content-Type" "text/plain"}, :body "2"}, :io.pedestal.interceptor.chain/leave-queue (), :request {:protocol "HTTP/2.0", :async-supported? true, :remote-addr "127.0.0.1", :params {:a "1", :b "1"}, :servlet-response #object[org.eclipse.jetty.ee10.servlet.ServletApiResponse 0x51f7fa68 "ServletApiResponse@51f7fa68{org.eclipse.jetty.ee10.servlet.ServletContextResponse@6cdbd4a,org.eclipse.jetty.ee10.servlet.ServletContextResponse@6cdbd4a}"], :servlet #object[io.pedestal.servlet.FnServlet 0x18594f42 "io.pedestal.servlet.FnServlet@18594f42"], :headers {"user-agent" "h2load nghttp2/1.59.0"}, :server-port 8443, :servlet-request #object[org.eclipse.jetty.ee10.servlet.ServletApiRequest 0x5df73305 "ServletApiRequest@5df73305{ServletContextRequest@767bc15c{SecureRequestWithSslSessionData@18314141{GET@73fd98e0 https://localhost:8443/baseline2?a=1&b=1 HTTP/2.0}}}"], :query-params {:a "1", :b "1"}, :path-info "/baseline2", :url-for #object[clojure.lang.Delay 0x17f6e281 {:status :pending, :val nil}], :uri "/baseline2", :server-name "localhost", :query-string "a=1&b=1", :path-params {}, :body #object[org.eclipse.jetty.ee10.servlet.HttpInput 0x3fafb002 "HttpInput@1068478466 cs=ServletChannelState@2d86c5ff{s=HANDLING rs=BLOCKING os=OPEN is=IDLE awp=false se=false i=true al=0} cp=org.eclipse.jetty.ee10.servlet.BlockingContentProducer@32236237 eof=false"], :scheme :https, :request-method :get, :context-path ""}, :io.pedestal.http.route/path-params-decoded? true, :bindings {#'io.pedestal.http.route/*url-for* #object[clojure.lang.Delay 0x17f6e281 {:status :pending, :val nil}]}, :io.pedestal.interceptor.chain/terminators (#object[io.pedestal.http.response$terminate_when_response_STAR_ 0x148875fa "io.pedestal.http.response$terminate_when_response_STAR_@148875fa"]), :servlet-response #object[org.eclipse.jetty.ee10.servlet.ServletApiResponse 0x51f7fa68 "ServletApiResponse@51f7fa68{org.eclipse.jetty.ee10.servlet.ServletContextResponse@6cdbd4a,org.eclipse.jetty.ee10.servlet.ServletContextResponse@6cdbd4a}"], :route {:path "/baseline2", :method :get, :path-parts ["baseline2"], :interceptors [#Interceptor{:name :httparena.pedestal.core/baseline-handler}], :route-name :httparena.pedestal.core/baseline-h2, :path-params [], :path-re #"/\Qbaseline2\E", :io.pedestal.http.route.internal/satisfies-constraints? #object[io.pedestal.http.route.internal$add_satisfies_constraints_QMARK_$fn__11349 0x4b57ae7 "io.pedestal.http.route.internal$add_satisfies_constraints_QMARK_$fn__11349@4b57ae7"]}, :servlet #object[io.pedestal.servlet.FnServlet 0x18594f42 "io.pedestal.servlet.FnServlet@18594f42"], :servlet-request #object[org.eclipse.jetty.ee10.servlet.ServletApiRequest 0x5df73305 "ServletApiRequest@5df73305{ServletContextRequest@767bc15c{SecureRequestWithSslSessionData@18314141{GET@73fd98e0 https://localhost:8443/baseline2?a=1&b=1 HTTP/2.0}}}"], :websocket-channel-source #object[org.eclipse.jetty.ee10.servlet.ServletApiRequest 0x5df73305 "ServletApiRequest@5df73305{ServletContextRequest@767bc15c{SecureRequestWithSslSessionData@18314141{GET@73fd98e0 https://localhost:8443/baseline2?a=1&b=1 HTTP/2.0}}}"], :io.pedestal.interceptor.chain/enter-async [#object[io.pedestal.http.impl.servlet_interceptor$start_servlet_async 0x4b11d6ea "io.pedestal.http.impl.servlet_interceptor$start_servlet_async@4b11d6ea"]], :url-for #object[clojure.lang.Delay 0x17f6e281 {:status :pending, :val nil}], :io.pedestal.interceptor.chain/execution-id 1087366, :servlet-config #object[org.eclipse.jetty.ee10.servlet.ServletHolder$Config 0x550e8ba5 "org.eclipse.jetty.ee10.servlet.ServletHolder$Config@550e8ba5"]}, :line 298}
clojure.lang.ExceptionInfo: java.io.EOFException in Interceptor :io.pedestal.http.impl.servlet-interceptor/ring-response - reset {:execution-id nil, :stage :leave, :interceptor :io.pedestal.http.impl.servlet-interceptor/ring-response, :exception-type :java.io.EOFException, :exception #error {
 :cause "reset"
 :via
 [{:type java.io.EOFException
   :message "reset"
   :at [org.eclipse.jetty.http2.HTTP2Stream reset "HTTP2Stream.java" 181]}]
 :trace
 [[org.eclipse.jetty.http2.HTTP2Stream reset "HTTP2Stream.java" 181]
  [org.eclipse.jetty.http2.HTTP2Session lambda$failStreams$0 "HTTP2Session.java" 747]
  [org.eclipse.jetty.util.Callback$4 completed "Callback.java" 227]
  [org.eclipse.jetty.util.Callback$Completing succeeded "Callback.java" 416]
  [org.eclipse.jetty.util.Callback$Nested succeeded "Callback.java" 467]
  [org.eclipse.jetty.http2.server.internal.HttpStreamOverHTTP2$FailureTask run "HttpStreamOverHTTP2.java" 711]
  [org.eclipse.jetty.util.thread.ReservedThreadExecutor$ReservedThread run "ReservedThreadExecutor.java" 311]
  [org.eclipse.jetty.util.thread.QueuedThreadPool runJob "QueuedThreadPool.java" 981]
  [org.eclipse.jetty.util.thread.QueuedThreadPool$Runner doRunJob "QueuedThreadPool.java" 1212]
  [org.eclipse.jetty.util.thread.QueuedThreadPool$Runner run "QueuedThreadPool.java" 1166]
  [java.lang.Thread run "Thread.java" 1516]]}}
	at io.pedestal.interceptor.chain$throwable__GT_ex_info.invokeStatic(chain.clj:41)
	at io.pedestal.interceptor.chain$throwable__GT_ex_info.invoke(chain.clj:35)
	at io.pedestal.interceptor.chain$begin_error.invokeStatic(chain.clj:74)
	at io.pedestal.interceptor.chain$begin_error.invoke(chain.clj:62)
	at io.pedestal.interceptor.chain$try_stage.invokeStatic(chain.clj:124)
	at io.pedestal.interceptor.chain$try_stage.invoke(chain.clj:108)
	at io.pedestal.interceptor.chain$execute_leave$fn__11043.invoke(chain.clj:270)
	at clojure.lang.AFn.applyToHelper(AFn.java:152)
	at clojure.lang.AFn.applyTo(AFn.java:144)
	at clojure.core$apply.invokeStatic(core.clj:667)
	at clojure.core$with_bindings_STAR_.invokeStatic(core.clj:1994)
	at clojure.core$with_bindings_STAR_.doInvoke(core.clj:1994)
	at clojure.lang.RestFn.invoke(RestFn.java:428)
	at io.pedestal.interceptor.chain$execute_leave.invokeStatic(chain.clj:250)
	at io.pedestal.interceptor.chain$execute_leave.invoke(chain.clj:243)
	at io.pedestal.interceptor.chain$execute_continue.invokeStatic(chain.clj:362)
	at io.pedestal.interceptor.chain$execute_continue.invoke(chain.clj:359)
	at io.pedestal.interceptor.chain$execute.invokeStatic(chain.clj:424)
	at io.pedestal.interceptor.chain$execute.invoke(chain.clj:373)
	at io.pedestal.interceptor.chain$execute.invokeStatic(chain.clj:429)
	at io.pedestal.interceptor.chain$execute.invoke(chain.clj:373)
	at io.pedestal.http.impl.servlet_interceptor$interceptor_service_fn$fn__16045.invoke(servlet_interceptor.clj:386)
	at io.pedestal.servlet.FnServlet.service(FnServlet.java:57)
	at jakarta.servlet.http.HttpServlet.service(HttpServlet.java:614)
	at org.eclipse.jetty.ee10.servlet.ServletHolder.handle(ServletHolder.java:753)
	at org.eclipse.jetty.ee10.servlet.ServletHandler$ChainEnd.doFilter(ServletHandler.java:1624)
	at org.eclipse.jetty.ee10.websocket.servlet.WebSocketUpgradeFilter.doFilter(WebSocketUpgradeFilter.java:195)
	at org.eclipse.jetty.ee10.servlet.FilterHolder.doFilter(FilterHolder.java:205)
	at org.eclipse.jetty.ee10.servlet.ServletHandler$Chain.doFilter(ServletHandler.java:1596)
	at org.eclipse.jetty.ee10.servlet.ServletHandler$MappedServlet.handle(ServletHandler.java:1557)
	at org.eclipse.jetty.ee10.servlet.ServletChannel.dispatch(ServletChannel.java:828)
	at org.eclipse.jetty.ee10.servlet.ServletChannel.handle(ServletChannel.java:438)
	at org.eclipse.jetty.ee10.servlet.ServletHandler.handle(ServletHandler.java:470)
	at org.eclipse.jetty.ee10.servlet.SessionHandler.handle(SessionHandler.java:717)
	at org.eclipse.jetty.server.handler.gzip.GzipHandler.handle(GzipHandler.java:613)
	at org.eclipse.jetty.server.handler.ContextHandler.handle(ContextHandler.java:1102)
	at org.eclipse.jetty.server.Server.handle(Server.java:182)
	at org.eclipse.jetty.server.internal.HttpChannelState$HandlerInvoker.run(HttpChannelState.java:772)
	at org.eclipse.jetty.util.thread.Invocable$ReadyTask.run(Invocable.java:177)
	at org.eclipse.jetty.http2.server.internal.HttpStreamOverHTTP2$1.run(HttpStreamOverHTTP2.java:144)
	at org.eclipse.jetty.util.thread.QueuedThreadPool.runJob(QueuedThreadPool.java:981)
	at org.eclipse.jetty.util.thread.QueuedThreadPool$Runner.doRunJob(QueuedThreadPool.java:1212)
	at org.eclipse.jetty.util.thread.QueuedThreadPool$Runner.run(QueuedThreadPool.java:1166)
	at java.base/java.lang.Thread.run(Thread.java:1516)
Caused by: java.io.EOFException: reset
	at org.eclipse.jetty.http2.HTTP2Stream.reset(HTTP2Stream.java:181)
	at org.eclipse.jetty.http2.HTTP2Session.lambda$failStreams$0(HTTP2Session.java:747)
	at org.eclipse.jetty.util.Callback$4.completed(Callback.java:227)
	at org.eclipse.jetty.util.Callback$Completing.succeeded(Callback.java:416)
	at org.eclipse.jetty.util.Callback$Nested.succeeded(Callback.java:467)
	at org.eclipse.jetty.http2.server.internal.HttpStreamOverHTTP2$FailureTask.run(HttpStreamOverHTTP2.java:711)
	at org.eclipse.jetty.util.thread.ReservedThreadExecutor$ReservedThread.run(ReservedThreadExecutor.java:311)
	... 4 more
[qtp1395846122-400] ERROR io.pedestal.http.impl.servlet-interceptor - {:msg "error-stylobate triggered", :context {:response {:status 200, :headers {"content-type" "text/plain", "Content-Type" "text/plain"}, :body "2"}, :io.pedestal.interceptor.chain/leave-queue (), :request {:protocol "HTTP/2.0", :async-supported? true, :remote-addr "127.0.0.1", :params {:a "1", :b "1"}, :servlet-response #object[org.eclipse.jetty.ee10.servlet.ServletApiResponse 0x3c4955d3 "ServletApiResponse@3c4955d3{org.eclipse.jetty.ee10.servlet.ServletContextResponse@119c4c25,org.eclipse.jetty.ee10.servlet.ServletContextResponse@119c4c25}"], :servlet #object[io.pedestal.servlet.FnServlet 0x18594f42 "io.pedestal.servlet.FnServlet@18594f42"], :headers {"user-agent" "h2load nghttp2/1.59.0"}, :server-port 8443, :servlet-request #object[org.eclipse.jetty.ee10.servlet.ServletApiRequest 0x6d21c6a3 "ServletApiRequest@6d21c6a3{ServletContextRequest@f072998{SecureRequestWithSslSessionData@79160266{GET@a988405 https://localhost:8443/baseline2?a=1&b=1 HTTP/2.0}}}"], :query-params {:a "1", :b "1"}, :path-info "/baseline2", :url-for #object[clojure.lang.Delay 0x696f5f2b {:status :pending, :val nil}], :uri "/baseline2", :server-name "localhost", :query-string "a=1&b=1", :path-params {}, :body #object[org.eclipse.jetty.ee10.servlet.HttpInput 0x5f12f077 "HttpInput@1595076727 cs=ServletChannelState@165eccc1{s=HANDLING rs=BLOCKING os=OPEN is=IDLE awp=false se=false i=true al=0} cp=org.eclipse.jetty.ee10.servlet.BlockingContentProducer@58a8daa3 eof=false"], :scheme :https, :request-method :get, :context-path ""}, :io.pedestal.http.route/path-params-decoded? true, :bindings {#'io.pedestal.http.route/*url-for* #object[clojure.lang.Delay 0x696f5f2b {:status :pending, :val nil}]}, :io.pedestal.interceptor.chain/terminators (#object[io.pedestal.http.response$terminate_when_response_STAR_ 0x148875fa "io.pedestal.http.response$terminate_when_response_STAR_@148875fa"]), :servlet-response #object[org.eclipse.jetty.ee10.servlet.ServletApiResponse 0x3c4955d3 "ServletApiResponse@3c4955d3{org.eclipse.jetty.ee10.servlet.ServletContextResponse@119c4c25,org.eclipse.jetty.ee10.servlet.ServletContextResponse@119c4c25}"], :route {:path "/baseline2", :method :get, :path-parts ["baseline2"], :interceptors [#Interceptor{:name :httparena.pedestal.core/baseline-handler}], :route-name :httparena.pedestal.core/baseline-h2, :path-params [], :path-re #"/\Qbaseline2\E", :io.pedestal.http.route.internal/satisfies-constraints? #object[io.pedestal.http.route.internal$add_satisfies_constraints_QMARK_$fn__11349 0x4b57ae7 "io.pedestal.http.route.internal$add_satisfies_constraints_QMARK_$fn__11349@4b57ae7"]}, :servlet #object[io.pedestal.servlet.FnServlet 0x18594f42 "io.pedestal.servlet.FnServlet@18594f42"], :servlet-request #object[org.eclipse.jetty.ee10.servlet.ServletApiRequest 0x6d21c6a3 "ServletApiRequest@6d21c6a3{ServletContextRequest@f072998{SecureRequestWithSslSessionData@79160266{GET@a988405 https://localhost:8443/baseline2?a=1&b=1 HTTP/2.0}}}"], :websocket-channel-source #object[org.eclipse.jetty.ee10.servlet.ServletApiRequest 0x6d21c6a3 "ServletApiRequest@6d21c6a3{ServletContextRequest@f072998{SecureRequestWithSslSessionData@79160266{GET@a988405 https://localhost:8443/baseline2?a=1&b=1 HTTP/2.0}}}"], :io.pedestal.interceptor.chain/enter-async [#object[io.pedestal.http.impl.servlet_interceptor$start_servlet_async 0x4b11d6ea "io.pedestal.http.impl.servlet_interceptor$start_servlet_async@4b11d6ea"]], :url-for #object[clojure.lang.Delay 0x696f5f2b {:status :pending, :val nil}], :io.pedestal.interceptor.chain/execution-id 1087186, :servlet-config #object[org.eclipse.jetty.ee10.servlet.ServletHolder$Config 0x550e8ba5 "org.eclipse.jetty.ee10.servlet.ServletHolder$Config@550e8ba5"]}, :line 298}
clojure.lang.ExceptionInfo: java.io.EOFException in Interceptor :io.pedestal.http.impl.servlet-interceptor/ring-response - reset {:execution-id nil, :stage :leave, :interceptor :io.pedestal.http.impl.servlet-interceptor/ring-response, :exception-type :java.io.EOFException, :exception #error {
 :cause "reset"
 :via
 [{:type java.io.EOFException
   :message "reset"
   :at [org.eclipse.jetty.http2.HTTP2Stream reset "HTTP2Stream.java" 181]}]
 :trace
 [[org.eclipse.jetty.http2.HTTP2Stream reset "HTTP2Stream.java" 181]
  [org.eclipse.jetty.http2.HTTP2Session lambda$failStreams$0 "HTTP2Session.java" 747]
  [org.eclipse.jetty.util.Callback$4 completed "Callback.java" 227]
  [org.eclipse.jetty.util.Callback$Completing succeeded "Callback.java" 416]
  [org.eclipse.jetty.util.Callback$Nested succeeded "Callback.java" 467]
  [org.eclipse.jetty.http2.server.internal.HttpStreamOverHTTP2$FailureTask run "HttpStreamOverHTTP2.java" 711]
  [org.eclipse.jetty.util.thread.ReservedThreadExecutor$ReservedThread run "ReservedThreadExecutor.java" 311]
  [org.eclipse.jetty.util.thread.QueuedThreadPool runJob "QueuedThreadPool.java" 981]
  [org.eclipse.jetty.util.thread.QueuedThreadPool$Runner doRunJob "QueuedThreadPool.java" 1212]
  [org.eclipse.jetty.util.thread.QueuedThreadPool$Runner run "QueuedThreadPool.java" 1166]
  [java.lang.Thread run "Thread.java" 1516]]}}
	at io.pedestal.interceptor.chain$throwable__GT_ex_info.invokeStatic(chain.clj:41)
	at io.pedestal.interceptor.chain$throwable__GT_ex_info.invoke(chain.clj:35)
	at io.pedestal.interceptor.chain$begin_error.invokeStatic(chain.clj:74)
	at io.pedestal.interceptor.chain$begin_error.invoke(chain.clj:62)
	at io.pedestal.interceptor.chain$try_stage.invokeStatic(chain.clj:124)
	at io.pedestal.interceptor.chain$try_stage.invoke(chain.clj:108)
	at io.pedestal.interceptor.chain$execute_leave$fn__11043.invoke(chain.clj:270)
	at clojure.lang.AFn.applyToHelper(AFn.java:152)
	at clojure.lang.AFn.applyTo(AFn.java:144)
	at clojure.core$apply.invokeStatic(core.clj:667)
	at clojure.core$with_bindings_STAR_.invokeStatic(core.clj:1994)
	at clojure.core$with_bindings_STAR_.doInvoke(core.clj:1994)
	at clojure.lang.RestFn.invoke(RestFn.java:428)
	at io.pedestal.interceptor.chain$execute_leave.invokeStatic(chain.clj:250)
	at io.pedestal.interceptor.chain$execute_leave.invoke(chain.clj:243)
	at io.pedestal.interceptor.chain$execute_continue.invokeStatic(chain.clj:362)
	at io.pedestal.interceptor.chain$execute_continue.invoke(chain.clj:359)
	at io.pedestal.interceptor.chain$execute.invokeStatic(chain.clj:424)
	at io.pedestal.interceptor.chain$execute.invoke(chain.clj:373)
	at io.pedestal.interceptor.chain$execute.invokeStatic(chain.clj:429)
	at io.pedestal.interceptor.chain$execute.invoke(chain.clj:373)
	at io.pedestal.http.impl.servlet_interceptor$interceptor_service_fn$fn__16045.invoke(servlet_interceptor.clj:386)
	at io.pedestal.servlet.FnServlet.service(FnServlet.java:57)
	at jakarta.servlet.http.HttpServlet.service(HttpServlet.java:614)
	at org.eclipse.jetty.ee10.servlet.ServletHolder.handle(ServletHolder.java:753)
	at org.eclipse.jetty.ee10.servlet.ServletHandler$ChainEnd.doFilter(ServletHandler.java:1624)
	at org.eclipse.jetty.ee10.websocket.servlet.WebSocketUpgradeFilter.doFilter(WebSocketUpgradeFilter.java:195)
	at org.eclipse.jetty.ee10.servlet.FilterHolder.doFilter(FilterHolder.java:205)
	at org.eclipse.jetty.ee10.servlet.ServletHandler$Chain.doFilter(ServletHandler.java:1596)
	at org.eclipse.jetty.ee10.servlet.ServletHandler$MappedServlet.handle(ServletHandler.java:1557)
	at org.eclipse.jetty.ee10.servlet.ServletChannel.dispatch(ServletChannel.java:828)
	at org.eclipse.jetty.ee10.servlet.ServletChannel.handle(ServletChannel.java:438)
	at org.eclipse.jetty.ee10.servlet.ServletHandler.handle(ServletHandler.java:470)
	at org.eclipse.jetty.ee10.servlet.SessionHandler.handle(SessionHandler.java:717)
	at org.eclipse.jetty.server.handler.gzip.GzipHandler.handle(GzipHandler.java:613)
	at org.eclipse.jetty.server.handler.ContextHandler.handle(ContextHandler.java:1102)
	at org.eclipse.jetty.server.Server.handle(Server.java:182)
	at org.eclipse.jetty.server.internal.HttpChannelState$HandlerInvoker.run(HttpChannelState.java:772)
	at org.eclipse.jetty.util.thread.Invocable$ReadyTask.run(Invocable.java:177)
	at org.eclipse.jetty.http2.server.internal.HttpStreamOverHTTP2$1.run(HttpStreamOverHTTP2.java:144)
	at org.eclipse.jetty.util.thread.QueuedThreadPool.runJob(QueuedThreadPool.java:981)
	at org.eclipse.jetty.util.thread.QueuedThreadPool$Runner.doRunJob(QueuedThreadPool.java:1212)
	at org.eclipse.jetty.util.thread.QueuedThreadPool$Runner.run(QueuedThreadPool.java:1166)
	at java.base/java.lang.Thread.run(Thread.java:1516)
Caused by: java.io.EOFException: reset
	at org.eclipse.jetty.http2.HTTP2Stream.reset(HTTP2Stream.java:181)
	at org.eclipse.jetty.http2.HTTP2Session.lambda$failStreams$0(HTTP2Session.java:747)
	at org.eclipse.jetty.util.Callback$4.completed(Callback.java:227)
	at org.eclipse.jetty.util.Callback$Completing.succeeded(Callback.java:416)
	at org.eclipse.jetty.util.Callback$Nested.succeeded(Callback.java:467)
	at org.eclipse.jetty.http2.server.internal.HttpStreamOverHTTP2$FailureTask.run(HttpStreamOverHTTP2.java:711)
	at org.eclipse.jetty.util.thread.ReservedThreadExecutor$ReservedThread.run(ReservedThreadExecutor.java:311)
	... 4 more
[qtp1395846122-286] ERROR io.pedestal.http.impl.servlet-interceptor - {:msg "error-stylobate triggered", :context {:response {:status 200, :headers {"content-type" "text/plain", "Content-Type" "text/plain"}, :body "2"}, :io.pedestal.interceptor.chain/leave-queue (), :request {:protocol "HTTP/2.0", :async-supported? true, :remote-addr "127.0.0.1", :params {:a "1", :b "1"}, :servlet-response #object[org.eclipse.jetty.ee10.servlet.ServletApiResponse 0x7512f494 "ServletApiResponse@7512f494{org.eclipse.jetty.ee10.servlet.ServletContextResponse@d7e7f44,org.eclipse.jetty.ee10.servlet.ServletContextResponse@d7e7f44}"], :servlet #object[io.pedestal.servlet.FnServlet 0x18594f42 "io.pedestal.servlet.FnServlet@18594f42"], :headers {"user-agent" "h2load nghttp2/1.59.0"}, :server-port 8443, :servlet-request #object[org.eclipse.jetty.ee10.servlet.ServletApiRequest 0x32c848d "ServletApiRequest@32c848d{ServletContextRequest@79807474{SecureRequestWithSslSessionData@1bd49984{GET@65ae51e5 https://localhost:8443/baseline2?a=1&b=1 HTTP/2.0}}}"], :query-params {:a "1", :b "1"}, :path-info "/baseline2", :url-for #object[clojure.lang.Delay 0x2c1b931 {:status :pending, :val nil}], :uri "/baseline2", :server-name "localhost", :query-string "a=1&b=1", :path-params {}, :body #object[org.eclipse.jetty.ee10.servlet.HttpInput 0x78984ec9 "HttpInput@2023247561 cs=ServletChannelState@47bfe0e7{s=HANDLING rs=BLOCKING os=OPEN is=IDLE awp=false se=false i=true al=0} cp=org.eclipse.jetty.ee10.servlet.BlockingContentProducer@5089b08c eof=false"], :scheme :https, :request-method :get, :context-path ""}, :io.pedestal.http.route/path-params-decoded? true, :bindings {#'io.pedestal.http.route/*url-for* #object[clojure.lang.Delay 0x2c1b931 {:status :pending, :val nil}]}, :io.pedestal.interceptor.chain/terminators (#object[io.pedestal.http.response$terminate_when_response_STAR_ 0x148875fa "io.pedestal.http.response$terminate_when_response_STAR_@148875fa"]), :servlet-response #object[org.eclipse.jetty.ee10.servlet.ServletApiResponse 0x7512f494 "ServletApiResponse@7512f494{org.eclipse.jetty.ee10.servlet.ServletContextResponse@d7e7f44,org.eclipse.jetty.ee10.servlet.ServletContextResponse@d7e7f44}"], :route {:path "/baseline2", :method :get, :path-parts ["baseline2"], :interceptors [#Interceptor{:name :httparena.pedestal.core/baseline-handler}], :route-name :httparena.pedestal.core/baseline-h2, :path-params [], :path-re #"/\Qbaseline2\E", :io.pedestal.http.route.internal/satisfies-constraints? #object[io.pedestal.http.route.internal$add_satisfies_constraints_QMARK_$fn__11349 0x4b57ae7 "io.pedestal.http.route.internal$add_satisfies_constraints_QMARK_$fn__11349@4b57ae7"]}, :servlet #object[io.pedestal.servlet.FnServlet 0x18594f42 "io.pedestal.servlet.FnServlet@18594f42"], :servlet-request #object[org.eclipse.jetty.ee10.servlet.ServletApiRequest 0x32c848d "ServletApiRequest@32c848d{ServletContextRequest@79807474{SecureRequestWithSslSessionData@1bd49984{GET@65ae51e5 https://localhost:8443/baseline2?a=1&b=1 HTTP/2.0}}}"], :websocket-channel-source #object[org.eclipse.jetty.ee10.servlet.ServletApiRequest 0x32c848d "ServletApiRequest@32c848d{ServletContextRequest@79807474{SecureRequestWithSslSessionData@1bd49984{GET@65ae51e5 https://localhost:8443/baseline2?a=1&b=1 HTTP/2.0}}}"], :io.pedestal.interceptor.chain/enter-async [#object[io.pedestal.http.impl.servlet_interceptor$start_servlet_async 0x4b11d6ea "io.pedestal.http.impl.servlet_interceptor$start_servlet_async@4b11d6ea"]], :url-for #object[clojure.lang.Delay 0x2c1b931 {:status :pending, :val nil}], :io.pedestal.interceptor.chain/execution-id 1086979, :servlet-config #object[org.eclipse.jetty.ee10.servlet.ServletHolder$Config 0x550e8ba5 "org.eclipse.jetty.ee10.servlet.ServletHolder$Config@550e8ba5"]}, :line 298}
clojure.lang.ExceptionInfo: java.io.EOFException in Interceptor :io.pedestal.http.impl.servlet-interceptor/ring-response - reset {:execution-id nil, :stage :leave, :interceptor :io.pedestal.http.impl.servlet-interceptor/ring-response, :exception-type :java.io.EOFException, :exception #error {
 :cause "reset"
 :via
 [{:type java.io.EOFException
   :message "reset"
   :at [org.eclipse.jetty.http2.HTTP2Stream reset "HTTP2Stream.java" 181]}]
 :trace
 [[org.eclipse.jetty.http2.HTTP2Stream reset "HTTP2Stream.java" 181]
  [org.eclipse.jetty.http2.HTTP2Session lambda$failStreams$0 "HTTP2Session.java" 747]
  [org.eclipse.jetty.util.Callback$4 completed "Callback.java" 227]
  [org.eclipse.jetty.util.Callback$Completing succeeded "Callback.java" 416]
  [org.eclipse.jetty.util.Callback$Nested succeeded "Callback.java" 467]
  [org.eclipse.jetty.http2.server.internal.HttpStreamOverHTTP2$FailureTask run "HttpStreamOverHTTP2.java" 711]
  [org.eclipse.jetty.util.thread.ReservedThreadExecutor$ReservedThread run "ReservedThreadExecutor.java" 311]
  [org.eclipse.jetty.util.thread.QueuedThreadPool runJob "QueuedThreadPool.java" 981]
  [org.eclipse.jetty.util.thread.QueuedThreadPool$Runner doRunJob "QueuedThreadPool.java" 1212]
  [org.eclipse.jetty.util.thread.QueuedThreadPool$Runner run "QueuedThreadPool.java" 1166]
  [java.lang.Thread run "Thread.java" 1516]]}}
	at io.pedestal.interceptor.chain$throwable__GT_ex_info.invokeStatic(chain.clj:41)
	at io.pedestal.interceptor.chain$throwable__GT_ex_info.invoke(chain.clj:35)
	at io.pedestal.interceptor.chain$begin_error.invokeStatic(chain.clj:74)
	at io.pedestal.interceptor.chain$begin_error.invoke(chain.clj:62)
	at io.pedestal.interceptor.chain$try_stage.invokeStatic(chain.clj:124)
	at io.pedestal.interceptor.chain$try_stage.invoke(chain.clj:108)
	at io.pedestal.interceptor.chain$execute_leave$fn__11043.invoke(chain.clj:270)
	at clojure.lang.AFn.applyToHelper(AFn.java:152)
	at clojure.lang.AFn.applyTo(AFn.java:144)
	at clojure.core$apply.invokeStatic(core.clj:667)
	at clojure.core$with_bindings_STAR_.invokeStatic(core.clj:1994)
	at clojure.core$with_bindings_STAR_.doInvoke(core.clj:1994)
	at clojure.lang.RestFn.invoke(RestFn.java:428)
	at io.pedestal.interceptor.chain$execute_leave.invokeStatic(chain.clj:250)
	at io.pedestal.interceptor.chain$execute_leave.invoke(chain.clj:243)
	at io.pedestal.interceptor.chain$execute_continue.invokeStatic(chain.clj:362)
	at io.pedestal.interceptor.chain$execute_continue.invoke(chain.clj:359)
	at io.pedestal.interceptor.chain$execute.invokeStatic(chain.clj:424)
	at io.pedestal.interceptor.chain$execute.invoke(chain.clj:373)
	at io.pedestal.interceptor.chain$execute.invokeStatic(chain.clj:429)
	at io.pedestal.interceptor.chain$execute.invoke(chain.clj:373)
	at io.pedestal.http.impl.servlet_interceptor$interceptor_service_fn$fn__16045.invoke(servlet_interceptor.clj:386)
	at io.pedestal.servlet.FnServlet.service(FnServlet.java:57)
	at jakarta.servlet.http.HttpServlet.service(HttpServlet.java:614)
	at org.eclipse.jetty.ee10.servlet.ServletHolder.handle(ServletHolder.java:753)
	at org.eclipse.jetty.ee10.servlet.ServletHandler$ChainEnd.doFilter(ServletHandler.java:1624)
	at org.eclipse.jetty.ee10.websocket.servlet.WebSocketUpgradeFilter.doFilter(WebSocketUpgradeFilter.java:195)
	at org.eclipse.jetty.ee10.servlet.FilterHolder.doFilter(FilterHolder.java:205)
	at org.eclipse.jetty.ee10.servlet.ServletHandler$Chain.doFilter(ServletHandler.java:1596)
	at org.eclipse.jetty.ee10.servlet.ServletHandler$MappedServlet.handle(ServletHandler.java:1557)
	at org.eclipse.jetty.ee10.servlet.ServletChannel.dispatch(ServletChannel.java:828)
	at org.eclipse.jetty.ee10.servlet.ServletChannel.handle(ServletChannel.java:438)
	at org.eclipse.jetty.ee10.servlet.ServletHandler.handle(ServletHandler.java:470)
	at org.eclipse.jetty.ee10.servlet.SessionHandler.handle(SessionHandler.java:717)
	at org.eclipse.jetty.server.handler.gzip.GzipHandler.handle(GzipHandler.java:613)
	at org.eclipse.jetty.server.handler.ContextHandler.handle(ContextHandler.java:1102)
	at org.eclipse.jetty.server.Server.handle(Server.java:182)
	at org.eclipse.jetty.server.internal.HttpChannelState$HandlerInvoker.run(HttpChannelState.java:772)
	at org.eclipse.jetty.util.thread.Invocable$ReadyTask.run(Invocable.java:177)
	at org.eclipse.jetty.http2.server.internal.HttpStreamOverHTTP2$1.run(HttpStreamOverHTTP2.java:144)
	at org.eclipse.jetty.util.thread.QueuedThreadPool.runJob(QueuedThreadPool.java:981)
	at org.eclipse.jetty.util.thread.QueuedThreadPool$Runner.doRunJob(QueuedThreadPool.java:1212)
	at org.eclipse.jetty.util.thread.QueuedThreadPool$Runner.run(QueuedThreadPool.java:1166)
	at java.base/java.lang.Thread.run(Thread.java:1516)
Caused by: java.io.EOFException: reset
	at org.eclipse.jetty.http2.HTTP2Stream.reset(HTTP2Stream.java:181)
	at org.eclipse.jetty.http2.HTTP2Session.lambda$failStreams$0(HTTP2Session.java:747)
	at org.eclipse.jetty.util.Callback$4.completed(Callback.java:227)
	at org.eclipse.jetty.util.Callback$Completing.succeeded(Callback.java:416)
	at org.eclipse.jetty.util.Callback$Nested.succeeded(Callback.java:467)
	at org.eclipse.jetty.http2.server.internal.HttpStreamOverHTTP2$FailureTask.run(HttpStreamOverHTTP2.java:711)
	at org.eclipse.jetty.util.thread.ReservedThreadExecutor$ReservedThread.run(ReservedThreadExecutor.java:311)
	... 4 more
[qtp1395846122-138] ERROR io.pedestal.http.impl.servlet-interceptor - {:msg "error-stylobate triggered", :context {:response {:status 200, :headers {"content-type" "text/plain", "Content-Type" "text/plain"}, :body "2"}, :io.pedestal.interceptor.chain/leave-queue (), :request {:protocol "HTTP/2.0", :async-supported? true, :remote-addr "127.0.0.1", :params {:a "1", :b "1"}, :servlet-response #object[org.eclipse.jetty.ee10.servlet.ServletApiResponse 0x286ce2a8 "ServletApiResponse@286ce2a8{org.eclipse.jetty.ee10.servlet.ServletContextResponse@58bfc8c,org.eclipse.jetty.ee10.servlet.ServletContextResponse@58bfc8c}"], :servlet #object[io.pedestal.servlet.FnServlet 0x18594f42 "io.pedestal.servlet.FnServlet@18594f42"], :headers {"user-agent" "h2load nghttp2/1.59.0"}, :server-port 8443, :servlet-request #object[org.eclipse.jetty.ee10.servlet.ServletApiRequest 0x55a08914 "ServletApiRequest@55a08914{ServletContextRequest@188b79be{SecureRequestWithSslSessionData@573db1a5{GET@d884852 https://localhost:8443/baseline2?a=1&b=1 HTTP/2.0}}}"], :query-params {:a "1", :b "1"}, :path-info "/baseline2", :url-for #object[clojure.lang.Delay 0x5cb198de {:status :pending, :val nil}], :uri "/baseline2", :server-name "localhost", :query-string "a=1&b=1", :path-params {}, :body #object[org.eclipse.jetty.ee10.servlet.HttpInput 0x1f345c7f "HttpInput@523525247 cs=ServletChannelState@253e66a5{s=HANDLING rs=BLOCKING os=OPEN is=IDLE awp=false se=false i=true al=0} cp=org.eclipse.jetty.ee10.servlet.BlockingContentProducer@6a3b7088 eof=false"], :scheme :https, :request-method :get, :context-path ""}, :io.pedestal.http.route/path-params-decoded? true, :bindings {#'io.pedestal.http.route/*url-for* #object[clojure.lang.Delay 0x5cb198de {:status :pending, :val nil}]}, :io.pedestal.interceptor.chain/terminators (#object[io.pedestal.http.response$terminate_when_response_STAR_ 0x148875fa "io.pedestal.http.response$terminate_when_response_STAR_@148875fa"]), :servlet-response #object[org.eclipse.jetty.ee10.servlet.ServletApiResponse 0x286ce2a8 "ServletApiResponse@286ce2a8{org.eclipse.jetty.ee10.servlet.ServletContextResponse@58bfc8c,org.eclipse.jetty.ee10.servlet.ServletContextResponse@58bfc8c}"], :route {:path "/baseline2", :method :get, :path-parts ["baseline2"], :interceptors [#Interceptor{:name :httparena.pedestal.core/baseline-handler}], :route-name :httparena.pedestal.core/baseline-h2, :path-params [], :path-re #"/\Qbaseline2\E", :io.pedestal.http.route.internal/satisfies-constraints? #object[io.pedestal.http.route.internal$add_satisfies_constraints_QMARK_$fn__11349 0x4b57ae7 "io.pedestal.http.route.internal$add_satisfies_constraints_QMARK_$fn__11349@4b57ae7"]}, :servlet #object[io.pedestal.servlet.FnServlet 0x18594f42 "io.pedestal.servlet.FnServlet@18594f42"], :servlet-request #object[org.eclipse.jetty.ee10.servlet.ServletApiRequest 0x55a08914 "ServletApiRequest@55a08914{ServletContextRequest@188b79be{SecureRequestWithSslSessionData@573db1a5{GET@d884852 https://localhost:8443/baseline2?a=1&b=1 HTTP/2.0}}}"], :websocket-channel-source #object[org.eclipse.jetty.ee10.servlet.ServletApiRequest 0x55a08914 "ServletApiRequest@55a08914{ServletContextRequest@188b79be{SecureRequestWithSslSessionData@573db1a5{GET@d884852 https://localhost:8443/baseline2?a=1&b=1 HTTP/2.0}}}"], :io.pedestal.interceptor.chain/enter-async [#object[io.pedestal.http.impl.servlet_interceptor$start_servlet_async 0x4b11d6ea "io.pedestal.http.impl.servlet_interceptor$start_servlet_async@4b11d6ea"]], :url-for #object[clojure.lang.Delay 0x5cb198de {:status :pending, :val nil}], :io.pedestal.interceptor.chain/execution-id 1087052, :servlet-config #object[org.eclipse.jetty.ee10.servlet.ServletHolder$Config 0x550e8ba5 "org.eclipse.jetty.ee10.servlet.ServletHolder$Config@550e8ba5"]}, :line 298}
clojure.lang.ExceptionInfo: java.io.EOFException in Interceptor :io.pedestal.http.impl.servlet-interceptor/ring-response - reset {:execution-id nil, :stage :leave, :interceptor :io.pedestal.http.impl.servlet-interceptor/ring-response, :exception-type :java.io.EOFException, :exception #error {
 :cause "reset"
 :via
 [{:type java.io.EOFException
   :message "reset"
   :at [org.eclipse.jetty.http2.HTTP2Stream reset "HTTP2Stream.java" 181]}]
 :trace
 [[org.eclipse.jetty.http2.HTTP2Stream reset "HTTP2Stream.java" 181]
  [org.eclipse.jetty.http2.HTTP2Session lambda$failStreams$0 "HTTP2Session.java" 747]
  [org.eclipse.jetty.util.Callback$4 completed "Callback.java" 227]
  [org.eclipse.jetty.util.Callback$Completing succeeded "Callback.java" 416]
  [org.eclipse.jetty.util.Callback$Nested succeeded "Callback.java" 467]
  [org.eclipse.jetty.http2.server.internal.HttpStreamOverHTTP2$FailureTask run "HttpStreamOverHTTP2.java" 711]
  [org.eclipse.jetty.util.thread.ReservedThreadExecutor$ReservedThread run "ReservedThreadExecutor.java" 311]
  [org.eclipse.jetty.util.thread.QueuedThreadPool runJob "QueuedThreadPool.java" 981]
  [org.eclipse.jetty.util.thread.QueuedThreadPool$Runner doRunJob "QueuedThreadPool.java" 1212]
  [org.eclipse.jetty.util.thread.QueuedThreadPool$Runner run "QueuedThreadPool.java" 1166]
  [java.lang.Thread run "Thread.java" 1516]]}}
	at io.pedestal.interceptor.chain$throwable__GT_ex_info.invokeStatic(chain.clj:41)
	at io.pedestal.interceptor.chain$throwable__GT_ex_info.invoke(chain.clj:35)
	at io.pedestal.interceptor.chain$begin_error.invokeStatic(chain.clj:74)
	at io.pedestal.interceptor.chain$begin_error.invoke(chain.clj:62)
	at io.pedestal.interceptor.chain$try_stage.invokeStatic(chain.clj:124)
	at io.pedestal.interceptor.chain$try_stage.invoke(chain.clj:108)
	at io.pedestal.interceptor.chain$execute_leave$fn__11043.invoke(chain.clj:270)
	at clojure.lang.AFn.applyToHelper(AFn.java:152)
	at clojure.lang.AFn.applyTo(AFn.java:144)
	at clojure.core$apply.invokeStatic(core.clj:667)
	at clojure.core$with_bindings_STAR_.invokeStatic(core.clj:1994)
	at clojure.core$with_bindings_STAR_.doInvoke(core.clj:1994)
	at clojure.lang.RestFn.invoke(RestFn.java:428)
	at io.pedestal.interceptor.chain$execute_leave.invokeStatic(chain.clj:250)
	at io.pedestal.interceptor.chain$execute_leave.invoke(chain.clj:243)
	at io.pedestal.interceptor.chain$execute_continue.invokeStatic(chain.clj:362)
	at io.pedestal.interceptor.chain$execute_continue.invoke(chain.clj:359)
	at io.pedestal.interceptor.chain$execute.invokeStatic(chain.clj:424)
	at io.pedestal.interceptor.chain$execute.invoke(chain.clj:373)
	at io.pedestal.interceptor.chain$execute.invokeStatic(chain.clj:429)
	at io.pedestal.interceptor.chain$execute.invoke(chain.clj:373)
	at io.pedestal.http.impl.servlet_interceptor$interceptor_service_fn$fn__16045.invoke(servlet_interceptor.clj:386)
	at io.pedestal.servlet.FnServlet.service(FnServlet.java:57)
	at jakarta.servlet.http.HttpServlet.service(HttpServlet.java:614)
	at org.eclipse.jetty.ee10.servlet.ServletHolder.handle(ServletHolder.java:753)
	at org.eclipse.jetty.ee10.servlet.ServletHandler$ChainEnd.doFilter(ServletHandler.java:1624)
	at org.eclipse.jetty.ee10.websocket.servlet.WebSocketUpgradeFilter.doFilter(WebSocketUpgradeFilter.java:195)
	at org.eclipse.jetty.ee10.servlet.FilterHolder.doFilter(FilterHolder.java:205)
	at org.eclipse.jetty.ee10.servlet.ServletHandler$Chain.doFilter(ServletHandler.java:1596)
	at org.eclipse.jetty.ee10.servlet.ServletHandler$MappedServlet.handle(ServletHandler.java:1557)
	at org.eclipse.jetty.ee10.servlet.ServletChannel.dispatch(ServletChannel.java:828)
	at org.eclipse.jetty.ee10.servlet.ServletChannel.handle(ServletChannel.java:438)
	at org.eclipse.jetty.ee10.servlet.ServletHandler.handle(ServletHandler.java:470)
	at org.eclipse.jetty.ee10.servlet.SessionHandler.handle(SessionHandler.java:717)
	at org.eclipse.jetty.server.handler.gzip.GzipHandler.handle(GzipHandler.java:613)
	at org.eclipse.jetty.server.handler.ContextHandler.handle(ContextHandler.java:1102)
	at org.eclipse.jetty.server.Server.handle(Server.java:182)
	at org.eclipse.jetty.server.internal.HttpChannelState$HandlerInvoker.run(HttpChannelState.java:772)
	at org.eclipse.jetty.util.thread.Invocable$ReadyTask.run(Invocable.java:177)
	at org.eclipse.jetty.http2.server.internal.HttpStreamOverHTTP2$1.run(HttpStreamOverHTTP2.java:144)
	at org.eclipse.jetty.util.thread.QueuedThreadPool.runJob(QueuedThreadPool.java:981)
	at org.eclipse.jetty.util.thread.QueuedThreadPool$Runner.doRunJob(QueuedThreadPool.java:1212)
	at org.eclipse.jetty.util.thread.QueuedThreadPool$Runner.run(QueuedThreadPool.java:1166)
	at java.base/java.lang.Thread.run(Thread.java:1516)
Caused by: java.io.EOFException: reset
	at org.eclipse.jetty.http2.HTTP2Stream.reset(HTTP2Stream.java:181)
	at org.eclipse.jetty.http2.HTTP2Session.lambda$failStreams$0(HTTP2Session.java:747)
	at org.eclipse.jetty.util.Callback$4.completed(Callback.java:227)
	at org.eclipse.jetty.util.Callback$Completing.succeeded(Callback.java:416)
	at org.eclipse.jetty.util.Callback$Nested.succeeded(Callback.java:467)
	at org.eclipse.jetty.http2.server.internal.HttpStreamOverHTTP2$FailureTask.run(HttpStreamOverHTTP2.java:711)
	at org.eclipse.jetty.util.thread.ReservedThreadExecutor$ReservedThread.run(ReservedThreadExecutor.java:311)
	... 4 more
[qtp1395846122-305] ERROR io.pedestal.http.impl.servlet-interceptor - {:msg "error-stylobate triggered", :context {:response {:status 200, :headers {"content-type" "text/plain", "Content-Type" "text/plain"}, :body "2"}, :io.pedestal.interceptor.chain/leave-queue (), :request {:protocol "HTTP/2.0", :async-supported? true, :remote-addr "127.0.0.1", :params {:a "1", :b "1"}, :servlet-response #object[org.eclipse.jetty.ee10.servlet.ServletApiResponse 0x61b44d9f "ServletApiResponse@61b44d9f{org.eclipse.jetty.ee10.servlet.ServletContextResponse@6951cc91,org.eclipse.jetty.ee10.servlet.ServletContextResponse@6951cc91}"], :servlet #object[io.pedestal.servlet.FnServlet 0x18594f42 "io.pedestal.servlet.FnServlet@18594f42"], :headers {"user-agent" "h2load nghttp2/1.59.0"}, :server-port 8443, :servlet-request #object[org.eclipse.jetty.ee10.servlet.ServletApiRequest 0x27b461f3 "ServletApiRequest@27b461f3{ServletContextRequest@4c9074d0{SecureRequestWithSslSessionData@f8b1068{GET@6859704c https://localhost:8443/baseline2?a=1&b=1 HTTP/2.0}}}"], :query-params {:a "1", :b "1"}, :path-info "/baseline2", :url-for #object[clojure.lang.Delay 0x6c663f4d {:status :pending, :val nil}], :uri "/baseline2", :server-name "localhost", :query-string "a=1&b=1", :path-params {}, :body #object[org.eclipse.jetty.ee10.servlet.HttpInput 0x239fe0e5 "HttpInput@597680357 cs=ServletChannelState@7440bcae{s=HANDLING rs=BLOCKING os=OPEN is=IDLE awp=false se=false i=true al=0} cp=org.eclipse.jetty.ee10.servlet.BlockingContentProducer@5738697a eof=false"], :scheme :https, :request-method :get, :context-path ""}, :io.pedestal.http.route/path-params-decoded? true, :bindings {#'io.pedestal.http.route/*url-for* #object[clojure.lang.Delay 0x6c663f4d {:status :pending, :val nil}]}, :io.pedestal.interceptor.chain/terminators (#object[io.pedestal.http.response$terminate_when_response_STAR_ 0x148875fa "io.pedestal.http.response$terminate_when_response_STAR_@148875fa"]), :servlet-response #object[org.eclipse.jetty.ee10.servlet.ServletApiResponse 0x61b44d9f "ServletApiResponse@61b44d9f{org.eclipse.jetty.ee10.servlet.ServletContextResponse@6951cc91,org.eclipse.jetty.ee10.servlet.ServletContextResponse@6951cc91}"], :route {:path "/baseline2", :method :get, :path-parts ["baseline2"], :interceptors [#Interceptor{:name :httparena.pedestal.core/baseline-handler}], :route-name :httparena.pedestal.core/baseline-h2, :path-params [], :path-re #"/\Qbaseline2\E", :io.pedestal.http.route.internal/satisfies-constraints? #object[io.pedestal.http.route.internal$add_satisfies_constraints_QMARK_$fn__11349 0x4b57ae7 "io.pedestal.http.route.internal$add_satisfies_constraints_QMARK_$fn__11349@4b57ae7"]}, :servlet #object[io.pedestal.servlet.FnServlet 0x18594f42 "io.pedestal.servlet.FnServlet@18594f42"], :servlet-request #object[org.eclipse.jetty.ee10.servlet.ServletApiRequest 0x27b461f3 "ServletApiRequest@27b461f3{ServletContextRequest@4c9074d0{SecureRequestWithSslSessionData@f8b1068{GET@6859704c https://localhost:8443/baseline2?a=1&b=1 HTTP/2.0}}}"], :websocket-channel-source #object[org.eclipse.jetty.ee10.servlet.ServletApiRequest 0x27b461f3 "ServletApiRequest@27b461f3{ServletContextRequest@4c9074d0{SecureRequestWithSslSessionData@f8b1068{GET@6859704c https://localhost:8443/baseline2?a=1&b=1 HTTP/2.0}}}"], :io.pedestal.interceptor.chain/enter-async [#object[io.pedestal.http.impl.servlet_interceptor$start_servlet_async 0x4b11d6ea "io.pedestal.http.impl.servlet_interceptor$start_servlet_async@4b11d6ea"]], :url-for #object[clojure.lang.Delay 0x6c663f4d {:status :pending, :val nil}], :io.pedestal.interceptor.chain/execution-id 1086875, :servlet-config #object[org.eclipse.jetty.ee10.servlet.ServletHolder$Config 0x550e8ba5 "org.eclipse.jetty.ee10.servlet.ServletHolder$Config@550e8ba5"]}, :line 298}
clojure.lang.ExceptionInfo: java.io.EOFException in Interceptor :io.pedestal.http.impl.servlet-interceptor/ring-response - reset {:execution-id nil, :stage :leave, :interceptor :io.pedestal.http.impl.servlet-interceptor/ring-response, :exception-type :java.io.EOFException, :exception #error {
 :cause "reset"
 :via
 [{:type java.io.EOFException
   :message "reset"
   :at [org.eclipse.jetty.http2.HTTP2Stream reset "HTTP2Stream.java" 181]}]
 :trace
 [[org.eclipse.jetty.http2.HTTP2Stream reset "HTTP2Stream.java" 181]
  [org.eclipse.jetty.http2.HTTP2Session lambda$failStreams$0 "HTTP2Session.java" 747]
  [org.eclipse.jetty.util.Callback$4 completed "Callback.java" 227]
  [org.eclipse.jetty.util.Callback$Completing succeeded "Callback.java" 416]
  [org.eclipse.jetty.util.Callback$Nested succeeded "Callback.java" 467]
  [org.eclipse.jetty.http2.server.internal.HttpStreamOverHTTP2$FailureTask run "HttpStreamOverHTTP2.java" 711]
  [org.eclipse.jetty.util.thread.ReservedThreadExecutor$ReservedThread run "ReservedThreadExecutor.java" 311]
  [org.eclipse.jetty.util.thread.QueuedThreadPool runJob "QueuedThreadPool.java" 981]
  [org.eclipse.jetty.util.thread.QueuedThreadPool$Runner doRunJob "QueuedThreadPool.java" 1212]
  [org.eclipse.jetty.util.thread.QueuedThreadPool$Runner run "QueuedThreadPool.java" 1166]
  [java.lang.Thread run "Thread.java" 1516]]}}
	at io.pedestal.interceptor.chain$throwable__GT_ex_info.invokeStatic(chain.clj:41)
	at io.pedestal.interceptor.chain$throwable__GT_ex_info.invoke(chain.clj:35)
	at io.pedestal.interceptor.chain$begin_error.invokeStatic(chain.clj:74)
	at io.pedestal.interceptor.chain$begin_error.invoke(chain.clj:62)
	at io.pedestal.interceptor.chain$try_stage.invokeStatic(chain.clj:124)
	at io.pedestal.interceptor.chain$try_stage.invoke(chain.clj:108)
	at io.pedestal.interceptor.chain$execute_leave$fn__11043.invoke(chain.clj:270)
	at clojure.lang.AFn.applyToHelper(AFn.java:152)
	at clojure.lang.AFn.applyTo(AFn.java:144)
	at clojure.core$apply.invokeStatic(core.clj:667)
	at clojure.core$with_bindings_STAR_.invokeStatic(core.clj:1994)
	at clojure.core$with_bindings_STAR_.doInvoke(core.clj:1994)
	at clojure.lang.RestFn.invoke(RestFn.java:428)
	at io.pedestal.interceptor.chain$execute_leave.invokeStatic(chain.clj:250)
	at io.pedestal.interceptor.chain$execute_leave.invoke(chain.clj:243)
	at io.pedestal.interceptor.chain$execute_continue.invokeStatic(chain.clj:362)
	at io.pedestal.interceptor.chain$execute_continue.invoke(chain.clj:359)
	at io.pedestal.interceptor.chain$execute.invokeStatic(chain.clj:424)
	at io.pedestal.interceptor.chain$execute.invoke(chain.clj:373)
	at io.pedestal.interceptor.chain$execute.invokeStatic(chain.clj:429)
	at io.pedestal.interceptor.chain$execute.invoke(chain.clj:373)
	at io.pedestal.http.impl.servlet_interceptor$interceptor_service_fn$fn__16045.invoke(servlet_interceptor.clj:386)
	at io.pedestal.servlet.FnServlet.service(FnServlet.java:57)
	at jakarta.servlet.http.HttpServlet.service(HttpServlet.java:614)
	at org.eclipse.jetty.ee10.servlet.ServletHolder.handle(ServletHolder.java:753)
	at org.eclipse.jetty.ee10.servlet.ServletHandler$ChainEnd.doFilter(ServletHandler.java:1624)
	at org.eclipse.jetty.ee10.websocket.servlet.WebSocketUpgradeFilter.doFilter(WebSocketUpgradeFilter.java:195)
	at org.eclipse.jetty.ee10.servlet.FilterHolder.doFilter(FilterHolder.java:205)
	at org.eclipse.jetty.ee10.servlet.ServletHandler$Chain.doFilter(ServletHandler.java:1596)
	at org.eclipse.jetty.ee10.servlet.ServletHandler$MappedServlet.handle(ServletHandler.java:1557)
	at org.eclipse.jetty.ee10.servlet.ServletChannel.dispatch(ServletChannel.java:828)
	at org.eclipse.jetty.ee10.servlet.ServletChannel.handle(ServletChannel.java:438)
	at org.eclipse.jetty.ee10.servlet.ServletHandler.handle(ServletHandler.java:470)
	at org.eclipse.jetty.ee10.servlet.SessionHandler.handle(SessionHandler.java:717)
	at org.eclipse.jetty.server.handler.gzip.GzipHandler.handle(GzipHandler.java:613)
	at org.eclipse.jetty.server.handler.ContextHandler.handle(ContextHandler.java:1102)
	at org.eclipse.jetty.server.Server.handle(Server.java:182)
	at org.eclipse.jetty.server.internal.HttpChannelState$HandlerInvoker.run(HttpChannelState.java:772)
	at org.eclipse.jetty.util.thread.Invocable$ReadyTask.run(Invocable.java:177)
	at org.eclipse.jetty.http2.server.internal.HttpStreamOverHTTP2$1.run(HttpStreamOverHTTP2.java:144)
	at org.eclipse.jetty.util.thread.QueuedThreadPool.runJob(QueuedThreadPool.java:981)
	at org.eclipse.jetty.util.thread.QueuedThreadPool$Runner.doRunJob(QueuedThreadPool.java:1212)
	at org.eclipse.jetty.util.thread.QueuedThreadPool$Runner.run(QueuedThreadPool.java:1166)
	at java.base/java.lang.Thread.run(Thread.java:1516)
Caused by: java.io.EOFException: reset
	at org.eclipse.jetty.http2.HTTP2Stream.reset(HTTP2Stream.java:181)
	at org.eclipse.jetty.http2.HTTP2Session.lambda$failStreams$0(HTTP2Session.java:747)
	at org.eclipse.jetty.util.Callback$4.completed(Callback.java:227)
	at org.eclipse.jetty.util.Callback$Completing.succeeded(Callback.java:416)
	at org.eclipse.jetty.util.Callback$Nested.succeeded(Callback.java:467)
	at org.eclipse.jetty.http2.server.internal.HttpStreamOverHTTP2$FailureTask.run(HttpStreamOverHTTP2.java:711)
	at org.eclipse.jetty.util.thread.ReservedThreadExecutor$ReservedThread.run(ReservedThreadExecutor.java:311)
	... 4 more
[qtp1395846122-330] ERROR io.pedestal.http.impl.servlet-interceptor - {:msg "error-stylobate triggered", :context {:response {:status 200, :headers {"content-type" "text/plain", "Content-Type" "text/plain"}, :body "2"}, :io.pedestal.interceptor.chain/leave-queue (), :request {:protocol "HTTP/2.0", :async-supported? true, :remote-addr "127.0.0.1", :params {:a "1", :b "1"}, :servlet-response #object[org.eclipse.jetty.ee10.servlet.ServletApiResponse 0x7e1e5b48 "ServletApiResponse@7e1e5b48{org.eclipse.jetty.ee10.servlet.ServletContextResponse@4bcc37d5,org.eclipse.jetty.ee10.servlet.ServletContextResponse@4bcc37d5}"], :servlet #object[io.pedestal.servlet.FnServlet 0x18594f42 "io.pedestal.servlet.FnServlet@18594f42"], :headers {"user-agent" "h2load nghttp2/1.59.0"}, :server-port 8443, :servlet-request #object[org.eclipse.jetty.ee10.servlet.ServletApiRequest 0x6c4fcd1 "ServletApiRequest@6c4fcd1{ServletContextRequest@1ad331be{SecureRequestWithSslSessionData@161bfdb7{GET@3cc3023e https://localhost:8443/baseline2?a=1&b=1 HTTP/2.0}}}"], :query-params {:a "1", :b "1"}, :path-info "/baseline2", :url-for #object[clojure.lang.Delay 0x1dc05303 {:status :pending, :val nil}], :uri "/baseline2", :server-name "localhost", :query-string "a=1&b=1", :path-params {}, :body #object[org.eclipse.jetty.ee10.servlet.HttpInput 0x1e9dcfc4 "HttpInput@513658820 cs=ServletChannelState@57227fe5{s=HANDLING rs=BLOCKING os=OPEN is=IDLE awp=false se=false i=true al=0} cp=org.eclipse.jetty.ee10.servlet.BlockingContentProducer@73d455cd eof=false"], :scheme :https, :request-method :get, :context-path ""}, :io.pedestal.http.route/path-params-decoded? true, :bindings {#'io.pedestal.http.route/*url-for* #object[clojure.lang.Delay 0x1dc05303 {:status :pending, :val nil}]}, :io.pedestal.interceptor.chain/terminators (#object[io.pedestal.http.response$terminate_when_response_STAR_ 0x148875fa "io.pedestal.http.response$terminate_when_response_STAR_@148875fa"]), :servlet-response #object[org.eclipse.jetty.ee10.servlet.ServletApiResponse 0x7e1e5b48 "ServletApiResponse@7e1e5b48{org.eclipse.jetty.ee10.servlet.ServletContextResponse@4bcc37d5,org.eclipse.jetty.ee10.servlet.ServletContextResponse@4bcc37d5}"], :route {:path "/baseline2", :method :get, :path-parts ["baseline2"], :interceptors [#Interceptor{:name :httparena.pedestal.core/baseline-handler}], :route-name :httparena.pedestal.core/baseline-h2, :path-params [], :path-re #"/\Qbaseline2\E", :io.pedestal.http.route.internal/satisfies-constraints? #object[io.pedestal.http.route.internal$add_satisfies_constraints_QMARK_$fn__11349 0x4b57ae7 "io.pedestal.http.route.internal$add_satisfies_constraints_QMARK_$fn__11349@4b57ae7"]}, :servlet #object[io.pedestal.servlet.FnServlet 0x18594f42 "io.pedestal.servlet.FnServlet@18594f42"], :servlet-request #object[org.eclipse.jetty.ee10.servlet.ServletApiRequest 0x6c4fcd1 "ServletApiRequest@6c4fcd1{ServletContextRequest@1ad331be{SecureRequestWithSslSessionData@161bfdb7{GET@3cc3023e https://localhost:8443/baseline2?a=1&b=1 HTTP/2.0}}}"], :websocket-channel-source #object[org.eclipse.jetty.ee10.servlet.ServletApiRequest 0x6c4fcd1 "ServletApiRequest@6c4fcd1{ServletContextRequest@1ad331be{SecureRequestWithSslSessionData@161bfdb7{GET@3cc3023e https://localhost:8443/baseline2?a=1&b=1 HTTP/2.0}}}"], :io.pedestal.interceptor.chain/enter-async [#object[io.pedestal.http.impl.servlet_interceptor$start_servlet_async 0x4b11d6ea "io.pedestal.http.impl.servlet_interceptor$start_servlet_async@4b11d6ea"]], :url-for #object[clojure.lang.Delay 0x1dc05303 {:status :pending, :val nil}], :io.pedestal.interceptor.chain/execution-id 1086590, :servlet-config #object[org.eclipse.jetty.ee10.servlet.ServletHolder$Config 0x550e8ba5 "org.eclipse.jetty.ee10.servlet.ServletHolder$Config@550e8ba5"]}, :line 298}
clojure.lang.ExceptionInfo: java.io.EOFException in Interceptor :io.pedestal.http.impl.servlet-interceptor/ring-response - reset {:execution-id nil, :stage :leave, :interceptor :io.pedestal.http.impl.servlet-interceptor/ring-response, :exception-type :java.io.EOFException, :exception #error {
 :cause "reset"
 :via
 [{:type java.io.EOFException
   :message "reset"
   :at [org.eclipse.jetty.http2.HTTP2Stream reset "HTTP2Stream.java" 181]}]
 :trace
 [[org.eclipse.jetty.http2.HTTP2Stream reset "HTTP2Stream.java" 181]
  [org.eclipse.jetty.http2.HTTP2Session lambda$failStreams$0 "HTTP2Session.java" 747]
  [org.eclipse.jetty.util.Callback$4 completed "Callback.java" 227]
  [org.eclipse.jetty.util.Callback$Completing succeeded "Callback.java" 416]
  [org.eclipse.jetty.util.Callback$Nested succeeded "Callback.java" 467]
  [org.eclipse.jetty.http2.server.internal.HttpStreamOverHTTP2$FailureTask run "HttpStreamOverHTTP2.java" 711]
  [org.eclipse.jetty.util.thread.ReservedThreadExecutor$ReservedThread run "ReservedThreadExecutor.java" 311]
  [org.eclipse.jetty.util.thread.QueuedThreadPool runJob "QueuedThreadPool.java" 981]
  [org.eclipse.jetty.util.thread.QueuedThreadPool$Runner doRunJob "QueuedThreadPool.java" 1212]
  [org.eclipse.jetty.util.thread.QueuedThreadPool$Runner run "QueuedThreadPool.java" 1166]
  [java.lang.Thread run "Thread.java" 1516]]}}
	at io.pedestal.interceptor.chain$throwable__GT_ex_info.invokeStatic(chain.clj:41)
	at io.pedestal.interceptor.chain$throwable__GT_ex_info.invoke(chain.clj:35)
	at io.pedestal.interceptor.chain$begin_error.invokeStatic(chain.clj:74)
	at io.pedestal.interceptor.chain$begin_error.invoke(chain.clj:62)
	at io.pedestal.interceptor.chain$try_stage.invokeStatic(chain.clj:124)
	at io.pedestal.interceptor.chain$try_stage.invoke(chain.clj:108)
	at io.pedestal.interceptor.chain$execute_leave$fn__11043.invoke(chain.clj:270)
	at clojure.lang.AFn.applyToHelper(AFn.java:152)
	at clojure.lang.AFn.applyTo(AFn.java:144)
	at clojure.core$apply.invokeStatic(core.clj:667)
	at clojure.core$with_bindings_STAR_.invokeStatic(core.clj:1994)
	at clojure.core$with_bindings_STAR_.doInvoke(core.clj:1994)
	at clojure.lang.RestFn.invoke(RestFn.java:428)
	at io.pedestal.interceptor.chain$execute_leave.invokeStatic(chain.clj:250)
	at io.pedestal.interceptor.chain$execute_leave.invoke(chain.clj:243)
	at io.pedestal.interceptor.chain$execute_continue.invokeStatic(chain.clj:362)
	at io.pedestal.interceptor.chain$execute_continue.invoke(chain.clj:359)
	at io.pedestal.interceptor.chain$execute.invokeStatic(chain.clj:424)
	at io.pedestal.interceptor.chain$execute.invoke(chain.clj:373)
	at io.pedestal.interceptor.chain$execute.invokeStatic(chain.clj:429)
	at io.pedestal.interceptor.chain$execute.invoke(chain.clj:373)
	at io.pedestal.http.impl.servlet_interceptor$interceptor_service_fn$fn__16045.invoke(servlet_interceptor.clj:386)
	at io.pedestal.servlet.FnServlet.service(FnServlet.java:57)
	at jakarta.servlet.http.HttpServlet.service(HttpServlet.java:614)
	at org.eclipse.jetty.ee10.servlet.ServletHolder.handle(ServletHolder.java:753)
	at org.eclipse.jetty.ee10.servlet.ServletHandler$ChainEnd.doFilter(ServletHandler.java:1624)
	at org.eclipse.jetty.ee10.websocket.servlet.WebSocketUpgradeFilter.doFilter(WebSocketUpgradeFilter.java:195)
	at org.eclipse.jetty.ee10.servlet.FilterHolder.doFilter(FilterHolder.java:205)
	at org.eclipse.jetty.ee10.servlet.ServletHandler$Chain.doFilter(ServletHandler.java:1596)
	at org.eclipse.jetty.ee10.servlet.ServletHandler$MappedServlet.handle(ServletHandler.java:1557)
	at org.eclipse.jetty.ee10.servlet.ServletChannel.dispatch(ServletChannel.java:828)
	at org.eclipse.jetty.ee10.servlet.ServletChannel.handle(ServletChannel.java:438)
	at org.eclipse.jetty.ee10.servlet.ServletHandler.handle(ServletHandler.java:470)
	at org.eclipse.jetty.ee10.servlet.SessionHandler.handle(SessionHandler.java:717)
	at org.eclipse.jetty.server.handler.gzip.GzipHandler.handle(GzipHandler.java:613)
	at org.eclipse.jetty.server.handler.ContextHandler.handle(ContextHandler.java:1102)
	at org.eclipse.jetty.server.Server.handle(Server.java:182)
	at org.eclipse.jetty.server.internal.HttpChannelState$HandlerInvoker.run(HttpChannelState.java:772)
	at org.eclipse.jetty.util.thread.Invocable$ReadyTask.run(Invocable.java:177)
	at org.eclipse.jetty.http2.server.internal.HttpStreamOverHTTP2$1.run(HttpStreamOverHTTP2.java:144)
	at org.eclipse.jetty.util.thread.QueuedThreadPool.runJob(QueuedThreadPool.java:981)
	at org.eclipse.jetty.util.thread.QueuedThreadPool$Runner.doRunJob(QueuedThreadPool.java:1212)
	at org.eclipse.jetty.util.thread.QueuedThreadPool$Runner.run(QueuedThreadPool.java:1166)
	at java.base/java.lang.Thread.run(Thread.java:1516)
Caused by: java.io.EOFException: reset
	at org.eclipse.jetty.http2.HTTP2Stream.reset(HTTP2Stream.java:181)
	at org.eclipse.jetty.http2.HTTP2Session.lambda$failStreams$0(HTTP2Session.java:747)
	at org.eclipse.jetty.util.Callback$4.completed(Callback.java:227)
	at org.eclipse.jetty.util.Callback$Completing.succeeded(Callback.java:416)
	at org.eclipse.jetty.util.Callback$Nested.succeeded(Callback.java:467)
	at org.eclipse.jetty.http2.server.internal.HttpStreamOverHTTP2$FailureTask.run(HttpStreamOverHTTP2.java:711)
	at org.eclipse.jetty.util.thread.ReservedThreadExecutor$ReservedThread.run(ReservedThreadExecutor.java:311)
	... 4 more
[qtp1395846122-314] ERROR io.pedestal.http.impl.servlet-interceptor - {:msg "error-stylobate triggered", :context {:response {:status 200, :headers {"content-type" "text/plain", "Content-Type" "text/plain"}, :body "2"}, :io.pedestal.interceptor.chain/leave-queue (), :request {:protocol "HTTP/2.0", :async-supported? true, :remote-addr "127.0.0.1", :params {:a "1", :b "1"}, :servlet-response #object[org.eclipse.jetty.ee10.servlet.ServletApiResponse 0x5c571b15 "ServletApiResponse@5c571b15{org.eclipse.jetty.ee10.servlet.ServletContextResponse@64d87744,org.eclipse.jetty.ee10.servlet.ServletContextResponse@64d87744}"], :servlet #object[io.pedestal.servlet.FnServlet 0x18594f42 "io.pedestal.servlet.FnServlet@18594f42"], :headers {"user-agent" "h2load nghttp2/1.59.0"}, :server-port 8443, :servlet-request #object[org.eclipse.jetty.ee10.servlet.ServletApiRequest 0x5a9b0f1f "ServletApiRequest@5a9b0f1f{ServletContextRequest@23387a1d{SecureRequestWithSslSessionData@475352dc{GET@60966f25 https://localhost:8443/baseline2?a=1&b=1 HTTP/2.0}}}"], :query-params {:a "1", :b "1"}, :path-info "/baseline2", :url-for #object[clojure.lang.Delay 0x62f767df {:status :pending, :val nil}], :uri "/baseline2", :server-name "localhost", :query-string "a=1&b=1", :path-params {}, :body #object[org.eclipse.jetty.ee10.servlet.HttpInput 0x27f110e "HttpInput@41881870 cs=ServletChannelState@5f67662f{s=HANDLING rs=BLOCKING os=OPEN is=IDLE awp=false se=false i=true al=0} cp=org.eclipse.jetty.ee10.servlet.BlockingContentProducer@cdbd5a1 eof=false"], :scheme :https, :request-method :get, :context-path ""}, :io.pedestal.http.route/path-params-decoded? true, :bindings {#'io.pedestal.http.route/*url-for* #object[clojure.lang.Delay 0x62f767df {:status :pending, :val nil}]}, :io.pedestal.interceptor.chain/terminators (#object[io.pedestal.http.response$terminate_when_response_STAR_ 0x148875fa "io.pedestal.http.response$terminate_when_response_STAR_@148875fa"]), :servlet-response #object[org.eclipse.jetty.ee10.servlet.ServletApiResponse 0x5c571b15 "ServletApiResponse@5c571b15{org.eclipse.jetty.ee10.servlet.ServletContextResponse@64d87744,org.eclipse.jetty.ee10.servlet.ServletContextResponse@64d87744}"], :route {:path "/baseline2", :method :get, :path-parts ["baseline2"], :interceptors [#Interceptor{:name :httparena.pedestal.core/baseline-handler}], :route-name :httparena.pedestal.core/baseline-h2, :path-params [], :path-re #"/\Qbaseline2\E", :io.pedestal.http.route.internal/satisfies-constraints? #object[io.pedestal.http.route.internal$add_satisfies_constraints_QMARK_$fn__11349 0x4b57ae7 "io.pedestal.http.route.internal$add_satisfies_constraints_QMARK_$fn__11349@4b57ae7"]}, :servlet #object[io.pedestal.servlet.FnServlet 0x18594f42 "io.pedestal.servlet.FnServlet@18594f42"], :servlet-request #object[org.eclipse.jetty.ee10.servlet.ServletApiRequest 0x5a9b0f1f "ServletApiRequest@5a9b0f1f{ServletContextRequest@23387a1d{SecureRequestWithSslSessionData@475352dc{GET@60966f25 https://localhost:8443/baseline2?a=1&b=1 HTTP/2.0}}}"], :websocket-channel-source #object[org.eclipse.jetty.ee10.servlet.ServletApiRequest 0x5a9b0f1f "ServletApiRequest@5a9b0f1f{ServletContextRequest@23387a1d{SecureRequestWithSslSessionData@475352dc{GET@60966f25 https://localhost:8443/baseline2?a=1&b=1 HTTP/2.0}}}"], :io.pedestal.interceptor.chain/enter-async [#object[io.pedestal.http.impl.servlet_interceptor$start_servlet_async 0x4b11d6ea "io.pedestal.http.impl.servlet_interceptor$start_servlet_async@4b11d6ea"]], :url-for #object[clojure.lang.Delay 0x62f767df {:status :pending, :val nil}], :io.pedestal.interceptor.chain/execution-id 1087208, :servlet-config #object[org.eclipse.jetty.ee10.servlet.ServletHolder$Config 0x550e8ba5 "org.eclipse.jetty.ee10.servlet.ServletHolder$Config@550e8ba5"]}, :line 298}
clojure.lang.ExceptionInfo: java.io.EOFException in Interceptor :io.pedestal.http.impl.servlet-interceptor/ring-response - reset {:execution-id nil, :stage :leave, :interceptor :io.pedestal.http.impl.servlet-interceptor/ring-response, :exception-type :java.io.EOFException, :exception #error {
 :cause "reset"
 :via
 [{:type java.io.EOFException
   :message "reset"
   :at [org.eclipse.jetty.http2.HTTP2Stream reset "HTTP2Stream.java" 181]}]
 :trace
 [[org.eclipse.jetty.http2.HTTP2Stream reset "HTTP2Stream.java" 181]
  [org.eclipse.jetty.http2.HTTP2Session lambda$failStreams$0 "HTTP2Session.java" 747]
  [org.eclipse.jetty.util.Callback$4 completed "Callback.java" 227]
  [org.eclipse.jetty.util.Callback$Completing succeeded "Callback.java" 416]
  [org.eclipse.jetty.util.Callback$Nested succeeded "Callback.java" 467]
  [org.eclipse.jetty.http2.server.internal.HttpStreamOverHTTP2$FailureTask run "HttpStreamOverHTTP2.java" 711]
  [org.eclipse.jetty.util.thread.ReservedThreadExecutor$ReservedThread run "ReservedThreadExecutor.java" 311]
  [org.eclipse.jetty.util.thread.QueuedThreadPool runJob "QueuedThreadPool.java" 981]
  [org.eclipse.jetty.util.thread.QueuedThreadPool$Runner doRunJob "QueuedThreadPool.java" 1212]
  [org.eclipse.jetty.util.thread.QueuedThreadPool$Runner run "QueuedThreadPool.java" 1166]
  [java.lang.Thread run "Thread.java" 1516]]}}
	at io.pedestal.interceptor.chain$throwable__GT_ex_info.invokeStatic(chain.clj:41)
	at io.pedestal.interceptor.chain$throwable__GT_ex_info.invoke(chain.clj:35)
	at io.pedestal.interceptor.chain$begin_error.invokeStatic(chain.clj:74)
	at io.pedestal.interceptor.chain$begin_error.invoke(chain.clj:62)
	at io.pedestal.interceptor.chain$try_stage.invokeStatic(chain.clj:124)
	at io.pedestal.interceptor.chain$try_stage.invoke(chain.clj:108)
	at io.pedestal.interceptor.chain$execute_leave$fn__11043.invoke(chain.clj:270)
	at clojure.lang.AFn.applyToHelper(AFn.java:152)
	at clojure.lang.AFn.applyTo(AFn.java:144)
	at clojure.core$apply.invokeStatic(core.clj:667)
	at clojure.core$with_bindings_STAR_.invokeStatic(core.clj:1994)
	at clojure.core$with_bindings_STAR_.doInvoke(core.clj:1994)
	at clojure.lang.RestFn.invoke(RestFn.java:428)
	at io.pedestal.interceptor.chain$execute_leave.invokeStatic(chain.clj:250)
	at io.pedestal.interceptor.chain$execute_leave.invoke(chain.clj:243)
	at io.pedestal.interceptor.chain$execute_continue.invokeStatic(chain.clj:362)
	at io.pedestal.interceptor.chain$execute_continue.invoke(chain.clj:359)
	at io.pedestal.interceptor.chain$execute.invokeStatic(chain.clj:424)
	at io.pedestal.interceptor.chain$execute.invoke(chain.clj:373)
	at io.pedestal.interceptor.chain$execute.invokeStatic(chain.clj:429)
	at io.pedestal.interceptor.chain$execute.invoke(chain.clj:373)
	at io.pedestal.http.impl.servlet_interceptor$interceptor_service_fn$fn__16045.invoke(servlet_interceptor.clj:386)
	at io.pedestal.servlet.FnServlet.service(FnServlet.java:57)
	at jakarta.servlet.http.HttpServlet.service(HttpServlet.java:614)
	at org.eclipse.jetty.ee10.servlet.ServletHolder.handle(ServletHolder.java:753)
	at org.eclipse.jetty.ee10.servlet.ServletHandler$ChainEnd.doFilter(ServletHandler.java:1624)
	at org.eclipse.jetty.ee10.websocket.servlet.WebSocketUpgradeFilter.doFilter(WebSocketUpgradeFilter.java:195)
	at org.eclipse.jetty.ee10.servlet.FilterHolder.doFilter(FilterHolder.java:205)
	at org.eclipse.jetty.ee10.servlet.ServletHandler$Chain.doFilter(ServletHandler.java:1596)
	at org.eclipse.jetty.ee10.servlet.ServletHandler$MappedServlet.handle(ServletHandler.java:1557)
	at org.eclipse.jetty.ee10.servlet.ServletChannel.dispatch(ServletChannel.java:828)
	at org.eclipse.jetty.ee10.servlet.ServletChannel.handle(ServletChannel.java:438)
	at org.eclipse.jetty.ee10.servlet.ServletHandler.handle(ServletHandler.java:470)
	at org.eclipse.jetty.ee10.servlet.SessionHandler.handle(SessionHandler.java:717)
	at org.eclipse.jetty.server.handler.gzip.GzipHandler.handle(GzipHandler.java:613)
	at org.eclipse.jetty.server.handler.ContextHandler.handle(ContextHandler.java:1102)
	at org.eclipse.jetty.server.Server.handle(Server.java:182)
	at org.eclipse.jetty.server.internal.HttpChannelState$HandlerInvoker.run(HttpChannelState.java:772)
	at org.eclipse.jetty.util.thread.Invocable$ReadyTask.run(Invocable.java:177)
	at org.eclipse.jetty.http2.server.internal.HttpStreamOverHTTP2$1.run(HttpStreamOverHTTP2.java:144)
	at org.eclipse.jetty.util.thread.QueuedThreadPool.runJob(QueuedThreadPool.java:981)
	at org.eclipse.jetty.util.thread.QueuedThreadPool$Runner.doRunJob(QueuedThreadPool.java:1212)
	at org.eclipse.jetty.util.thread.QueuedThreadPool$Runner.run(QueuedThreadPool.java:1166)
	at java.base/java.lang.Thread.run(Thread.java:1516)
Caused by: java.io.EOFException: reset
	at org.eclipse.jetty.http2.HTTP2Stream.reset(HTTP2Stream.java:181)
	at org.eclipse.jetty.http2.HTTP2Session.lambda$failStreams$0(HTTP2Session.java:747)
	at org.eclipse.jetty.util.Callback$4.completed(Callback.java:227)
	at org.eclipse.jetty.util.Callback$Completing.succeeded(Callback.java:416)
	at org.eclipse.jetty.util.Callback$Nested.succeeded(Callback.java:467)
	at org.eclipse.jetty.http2.server.internal.HttpStreamOverHTTP2$FailureTask.run(HttpStreamOverHTTP2.java:711)
	at org.eclipse.jetty.util.thread.ReservedThreadExecutor$ReservedThread.run(ReservedThreadExecutor.java:311)
	... 4 more
[qtp1395846122-358] ERROR io.pedestal.http.impl.servlet-interceptor - {:msg "error-stylobate triggered", :context {:response {:status 200, :headers {"content-type" "text/plain", "Content-Type" "text/plain"}, :body "2"}, :io.pedestal.interceptor.chain/leave-queue (), :request {:protocol "HTTP/2.0", :async-supported? true, :remote-addr "127.0.0.1", :params {:a "1", :b "1"}, :servlet-response #object[org.eclipse.jetty.ee10.servlet.ServletApiResponse 0x2fe3aae5 "ServletApiResponse@2fe3aae5{org.eclipse.jetty.ee10.servlet.ServletContextResponse@12a61178,org.eclipse.jetty.ee10.servlet.ServletContextResponse@12a61178}"], :servlet #object[io.pedestal.servlet.FnServlet 0x18594f42 "io.pedestal.servlet.FnServlet@18594f42"], :headers {"user-agent" "h2load nghttp2/1.59.0"}, :server-port 8443, :servlet-request #object[org.eclipse.jetty.ee10.servlet.ServletApiRequest 0x4ace8b3d "ServletApiRequest@4ace8b3d{ServletContextRequest@6e1b3e1{SecureRequestWithSslSessionData@34e7855a{GET@16e86f6f https://localhost:8443/baseline2?a=1&b=1 HTTP/2.0}}}"], :query-params {:a "1", :b "1"}, :path-info "/baseline2", :url-for #object[clojure.lang.Delay 0x28c189ec {:status :pending, :val nil}], :uri "/baseline2", :server-name "localhost", :query-string "a=1&b=1", :path-params {}, :body #object[org.eclipse.jetty.ee10.servlet.HttpInput 0x23b449ae "HttpInput@599017902 cs=ServletChannelState@2bf1d5d7{s=HANDLING rs=BLOCKING os=OPEN is=IDLE awp=false se=false i=true al=0} cp=org.eclipse.jetty.ee10.servlet.BlockingContentProducer@7eb744d1 eof=false"], :scheme :https, :request-method :get, :context-path ""}, :io.pedestal.http.route/path-params-decoded? true, :bindings {#'io.pedestal.http.route/*url-for* #object[clojure.lang.Delay 0x28c189ec {:status :pending, :val nil}]}, :io.pedestal.interceptor.chain/terminators (#object[io.pedestal.http.response$terminate_when_response_STAR_ 0x148875fa "io.pedestal.http.response$terminate_when_response_STAR_@148875fa"]), :servlet-response #object[org.eclipse.jetty.ee10.servlet.ServletApiResponse 0x2fe3aae5 "ServletApiResponse@2fe3aae5{org.eclipse.jetty.ee10.servlet.ServletContextResponse@12a61178,org.eclipse.jetty.ee10.servlet.ServletContextResponse@12a61178}"], :route {:path "/baseline2", :method :get, :path-parts ["baseline2"], :interceptors [#Interceptor{:name :httparena.pedestal.core/baseline-handler}], :route-name :httparena.pedestal.core/baseline-h2, :path-params [], :path-re #"/\Qbaseline2\E", :io.pedestal.http.route.internal/satisfies-constraints? #object[io.pedestal.http.route.internal$add_satisfies_constraints_QMARK_$fn__11349 0x4b57ae7 "io.pedestal.http.route.internal$add_satisfies_constraints_QMARK_$fn__11349@4b57ae7"]}, :servlet #object[io.pedestal.servlet.FnServlet 0x18594f42 "io.pedestal.servlet.FnServlet@18594f42"], :servlet-request #object[org.eclipse.jetty.ee10.servlet.ServletApiRequest 0x4ace8b3d "ServletApiRequest@4ace8b3d{ServletContextRequest@6e1b3e1{SecureRequestWithSslSessionData@34e7855a{GET@16e86f6f https://localhost:8443/baseline2?a=1&b=1 HTTP/2.0}}}"], :websocket-channel-source #object[org.eclipse.jetty.ee10.servlet.ServletApiRequest 0x4ace8b3d "ServletApiRequest@4ace8b3d{ServletContextRequest@6e1b3e1{SecureRequestWithSslSessionData@34e7855a{GET@16e86f6f https://localhost:8443/baseline2?a=1&b=1 HTTP/2.0}}}"], :io.pedestal.interceptor.chain/enter-async [#object[io.pedestal.http.impl.servlet_interceptor$start_servlet_async 0x4b11d6ea "io.pedestal.http.impl.servlet_interceptor$start_servlet_async@4b11d6ea"]], :url-for #object[clojure.lang.Delay 0x28c189ec {:status :pending, :val nil}], :io.pedestal.interceptor.chain/execution-id 1087429, :servlet-config #object[org.eclipse.jetty.ee10.servlet.ServletHolder$Config 0x550e8ba5 "org.eclipse.jetty.ee10.servlet.ServletHolder$Config@550e8ba5"]}, :line 298}
clojure.lang.ExceptionInfo: java.io.EOFException in Interceptor :io.pedestal.http.impl.servlet-interceptor/ring-response - reset {:execution-id nil, :stage :leave, :interceptor :io.pedestal.http.impl.servlet-interceptor/ring-response, :exception-type :java.io.EOFException, :exception #error {
 :cause "reset"
 :via
 [{:type java.io.EOFException
   :message "reset"
   :at [org.eclipse.jetty.http2.HTTP2Stream reset "HTTP2Stream.java" 181]}]
 :trace
 [[org.eclipse.jetty.http2.HTTP2Stream reset "HTTP2Stream.java" 181]
  [org.eclipse.jetty.http2.HTTP2Session lambda$failStreams$0 "HTTP2Session.java" 747]
  [org.eclipse.jetty.util.Callback$4 completed "Callback.java" 227]
  [org.eclipse.jetty.util.Callback$Completing succeeded "Callback.java" 416]
  [org.eclipse.jetty.util.Callback$Nested succeeded "Callback.java" 467]
  [org.eclipse.jetty.http2.server.internal.HttpStreamOverHTTP2$FailureTask run "HttpStreamOverHTTP2.java" 711]
  [org.eclipse.jetty.util.thread.ReservedThreadExecutor$ReservedThread run "ReservedThreadExecutor.java" 311]
  [org.eclipse.jetty.util.thread.QueuedThreadPool runJob "QueuedThreadPool.java" 981]
  [org.eclipse.jetty.util.thread.QueuedThreadPool$Runner doRunJob "QueuedThreadPool.java" 1212]
  [org.eclipse.jetty.util.thread.QueuedThreadPool$Runner run "QueuedThreadPool.java" 1166]
  [java.lang.Thread run "Thread.java" 1516]]}}
	at io.pedestal.interceptor.chain$throwable__GT_ex_info.invokeStatic(chain.clj:41)
	at io.pedestal.interceptor.chain$throwable__GT_ex_info.invoke(chain.clj:35)
	at io.pedestal.interceptor.chain$begin_error.invokeStatic(chain.clj:74)
	at io.pedestal.interceptor.chain$begin_error.invoke(chain.clj:62)
	at io.pedestal.interceptor.chain$try_stage.invokeStatic(chain.clj:124)
	at io.pedestal.interceptor.chain$try_stage.invoke(chain.clj:108)
	at io.pedestal.interceptor.chain$execute_leave$fn__11043.invoke(chain.clj:270)
	at clojure.lang.AFn.applyToHelper(AFn.java:152)
	at clojure.lang.AFn.applyTo(AFn.java:144)
	at clojure.core$apply.invokeStatic(core.clj:667)
	at clojure.core$with_bindings_STAR_.invokeStatic(core.clj:1994)
	at clojure.core$with_bindings_STAR_.doInvoke(core.clj:1994)
	at clojure.lang.RestFn.invoke(RestFn.java:428)
	at io.pedestal.interceptor.chain$execute_leave.invokeStatic(chain.clj:250)
	at io.pedestal.interceptor.chain$execute_leave.invoke(chain.clj:243)
	at io.pedestal.interceptor.chain$execute_continue.invokeStatic(chain.clj:362)
	at io.pedestal.interceptor.chain$execute_continue.invoke(chain.clj:359)
	at io.pedestal.interceptor.chain$execute.invokeStatic(chain.clj:424)
	at io.pedestal.interceptor.chain$execute.invoke(chain.clj:373)
	at io.pedestal.interceptor.chain$execute.invokeStatic(chain.clj:429)
	at io.pedestal.interceptor.chain$execute.invoke(chain.clj:373)
	at io.pedestal.http.impl.servlet_interceptor$interceptor_service_fn$fn__16045.invoke(servlet_interceptor.clj:386)
	at io.pedestal.servlet.FnServlet.service(FnServlet.java:57)
	at jakarta.servlet.http.HttpServlet.service(HttpServlet.java:614)
	at org.eclipse.jetty.ee10.servlet.ServletHolder.handle(ServletHolder.java:753)
	at org.eclipse.jetty.ee10.servlet.ServletHandler$ChainEnd.doFilter(ServletHandler.java:1624)
	at org.eclipse.jetty.ee10.websocket.servlet.WebSocketUpgradeFilter.doFilter(WebSocketUpgradeFilter.java:195)
	at org.eclipse.jetty.ee10.servlet.FilterHolder.doFilter(FilterHolder.java:205)
	at org.eclipse.jetty.ee10.servlet.ServletHandler$Chain.doFilter(ServletHandler.java:1596)
	at org.eclipse.jetty.ee10.servlet.ServletHandler$MappedServlet.handle(ServletHandler.java:1557)
	at org.eclipse.jetty.ee10.servlet.ServletChannel.dispatch(ServletChannel.java:828)
	at org.eclipse.jetty.ee10.servlet.ServletChannel.handle(ServletChannel.java:438)
	at org.eclipse.jetty.ee10.servlet.ServletHandler.handle(ServletHandler.java:470)
	at org.eclipse.jetty.ee10.servlet.SessionHandler.handle(SessionHandler.java:717)
	at org.eclipse.jetty.server.handler.gzip.GzipHandler.handle(GzipHandler.java:613)
	at org.eclipse.jetty.server.handler.ContextHandler.handle(ContextHandler.java:1102)
	at org.eclipse.jetty.server.Server.handle(Server.java:182)
	at org.eclipse.jetty.server.internal.HttpChannelState$HandlerInvoker.run(HttpChannelState.java:772)
	at org.eclipse.jetty.util.thread.Invocable$ReadyTask.run(Invocable.java:177)
	at org.eclipse.jetty.http2.server.internal.HttpStreamOverHTTP2$1.run(HttpStreamOverHTTP2.java:144)
	at org.eclipse.jetty.util.thread.QueuedThreadPool.runJob(QueuedThreadPool.java:981)
	at org.eclipse.jetty.util.thread.QueuedThreadPool$Runner.doRunJob(QueuedThreadPool.java:1212)
	at org.eclipse.jetty.util.thread.QueuedThreadPool$Runner.run(QueuedThreadPool.java:1166)
	at java.base/java.lang.Thread.run(Thread.java:1516)
Caused by: java.io.EOFException: reset
	at org.eclipse.jetty.http2.HTTP2Stream.reset(HTTP2Stream.java:181)
	at org.eclipse.jetty.http2.HTTP2Session.lambda$failStreams$0(HTTP2Session.java:747)
	at org.eclipse.jetty.util.Callback$4.completed(Callback.java:227)
	at org.eclipse.jetty.util.Callback$Completing.succeeded(Callback.java:416)
	at org.eclipse.jetty.util.Callback$Nested.succeeded(Callback.java:467)
	at org.eclipse.jetty.http2.server.internal.HttpStreamOverHTTP2$FailureTask.run(HttpStreamOverHTTP2.java:711)
	at org.eclipse.jetty.util.thread.ReservedThreadExecutor$ReservedThread.run(ReservedThreadExecutor.java:311)
	... 4 more
[qtp1395846122-259] ERROR io.pedestal.http.impl.servlet-interceptor - {:msg "error-stylobate triggered", :context {:response {:status 200, :headers {"content-type" "text/plain", "Content-Type" "text/plain"}, :body "2"}, :io.pedestal.interceptor.chain/leave-queue (), :request {:protocol "HTTP/2.0", :async-supported? true, :remote-addr "127.0.0.1", :params {:a "1", :b "1"}, :servlet-response #object[org.eclipse.jetty.ee10.servlet.ServletApiResponse 0x24b4e36a "ServletApiResponse@24b4e36a{org.eclipse.jetty.ee10.servlet.ServletContextResponse@28e44941,org.eclipse.jetty.ee10.servlet.ServletContextResponse@28e44941}"], :servlet #object[io.pedestal.servlet.FnServlet 0x18594f42 "io.pedestal.servlet.FnServlet@18594f42"], :headers {"user-agent" "h2load nghttp2/1.59.0"}, :server-port 8443, :servlet-request #object[org.eclipse.jetty.ee10.servlet.ServletApiRequest 0x5c8d646e "ServletApiRequest@5c8d646e{ServletContextRequest@79186fab{SecureRequestWithSslSessionData@7ab47c51{GET@70109c07 https://localhost:8443/baseline2?a=1&b=1 HTTP/2.0}}}"], :query-params {:a "1", :b "1"}, :path-info "/baseline2", :url-for #object[clojure.lang.Delay 0x4789287f {:status :pending, :val nil}], :uri "/baseline2", :server-name "localhost", :query-string "a=1&b=1", :path-params {}, :body #object[org.eclipse.jetty.ee10.servlet.HttpInput 0x7d567212 "HttpInput@2102817298 cs=ServletChannelState@24d9cf1d{s=HANDLING rs=BLOCKING os=OPEN is=IDLE awp=false se=false i=true al=0} cp=org.eclipse.jetty.ee10.servlet.BlockingContentProducer@50dd9f25 eof=false"], :scheme :https, :request-method :get, :context-path ""}, :io.pedestal.http.route/path-params-decoded? true, :bindings {#'io.pedestal.http.route/*url-for* #object[clojure.lang.Delay 0x4789287f {:status :pending, :val nil}]}, :io.pedestal.interceptor.chain/terminators (#object[io.pedestal.http.response$terminate_when_response_STAR_ 0x148875fa "io.pedestal.http.response$terminate_when_response_STAR_@148875fa"]), :servlet-response #object[org.eclipse.jetty.ee10.servlet.ServletApiResponse 0x24b4e36a "ServletApiResponse@24b4e36a{org.eclipse.jetty.ee10.servlet.ServletContextResponse@28e44941,org.eclipse.jetty.ee10.servlet.ServletContextResponse@28e44941}"], :route {:path "/baseline2", :method :get, :path-parts ["baseline2"], :interceptors [#Interceptor{:name :httparena.pedestal.core/baseline-handler}], :route-name :httparena.pedestal.core/baseline-h2, :path-params [], :path-re #"/\Qbaseline2\E", :io.pedestal.http.route.internal/satisfies-constraints? #object[io.pedestal.http.route.internal$add_satisfies_constraints_QMARK_$fn__11349 0x4b57ae7 "io.pedestal.http.route.internal$add_satisfies_constraints_QMARK_$fn__11349@4b57ae7"]}, :servlet #object[io.pedestal.servlet.FnServlet 0x18594f42 "io.pedestal.servlet.FnServlet@18594f42"], :servlet-request #object[org.eclipse.jetty.ee10.servlet.ServletApiRequest 0x5c8d646e "ServletApiRequest@5c8d646e{ServletContextRequest@79186fab{SecureRequestWithSslSessionData@7ab47c51{GET@70109c07 https://localhost:8443/baseline2?a=1&b=1 HTTP/2.0}}}"], :websocket-channel-source #object[org.eclipse.jetty.ee10.servlet.ServletApiRequest 0x5c8d646e "ServletApiRequest@5c8d646e{ServletContextRequest@79186fab{SecureRequestWithSslSessionData@7ab47c51{GET@70109c07 https://localhost:8443/baseline2?a=1&b=1 HTTP/2.0}}}"], :io.pedestal.interceptor.chain/enter-async [#object[io.pedestal.http.impl.servlet_interceptor$start_servlet_async 0x4b11d6ea "io.pedestal.http.impl.servlet_interceptor$start_servlet_async@4b11d6ea"]], :url-for #object[clojure.lang.Delay 0x4789287f {:status :pending, :val nil}], :io.pedestal.interceptor.chain/execution-id 1086929, :servlet-config #object[org.eclipse.jetty.ee10.servlet.ServletHolder$Config 0x550e8ba5 "org.eclipse.jetty.ee10.servlet.ServletHolder$Config@550e8ba5"]}, :line 298}
clojure.lang.ExceptionInfo: java.io.EOFException in Interceptor :io.pedestal.http.impl.servlet-interceptor/ring-response - reset {:execution-id nil, :stage :leave, :interceptor :io.pedestal.http.impl.servlet-interceptor/ring-response, :exception-type :java.io.EOFException, :exception #error {
 :cause "reset"
 :via
 [{:type java.io.EOFException
   :message "reset"
   :at [org.eclipse.jetty.http2.HTTP2Stream reset "HTTP2Stream.java" 181]}]
 :trace
 [[org.eclipse.jetty.http2.HTTP2Stream reset "HTTP2Stream.java" 181]
  [org.eclipse.jetty.http2.HTTP2Session lambda$failStreams$0 "HTTP2Session.java" 747]
  [org.eclipse.jetty.util.Callback$4 completed "Callback.java" 227]
  [org.eclipse.jetty.util.Callback$Completing succeeded "Callback.java" 416]
  [org.eclipse.jetty.util.Callback$Nested succeeded "Callback.java" 467]
  [org.eclipse.jetty.http2.server.internal.HttpStreamOverHTTP2$FailureTask run "HttpStreamOverHTTP2.java" 711]
  [org.eclipse.jetty.util.thread.ReservedThreadExecutor$ReservedThread run "ReservedThreadExecutor.java" 311]
  [org.eclipse.jetty.util.thread.QueuedThreadPool runJob "QueuedThreadPool.java" 981]
  [org.eclipse.jetty.util.thread.QueuedThreadPool$Runner doRunJob "QueuedThreadPool.java" 1212]
  [org.eclipse.jetty.util.thread.QueuedThreadPool$Runner run "QueuedThreadPool.java" 1166]
  [java.lang.Thread run "Thread.java" 1516]]}}
	at io.pedestal.interceptor.chain$throwable__GT_ex_info.invokeStatic(chain.clj:41)
	at io.pedestal.interceptor.chain$throwable__GT_ex_info.invoke(chain.clj:35)
	at io.pedestal.interceptor.chain$begin_error.invokeStatic(chain.clj:74)
	at io.pedestal.interceptor.chain$begin_error.invoke(chain.clj:62)
	at io.pedestal.interceptor.chain$try_stage.invokeStatic(chain.clj:124)
	at io.pedestal.interceptor.chain$try_stage.invoke(chain.clj:108)
	at io.pedestal.interceptor.chain$execute_leave$fn__11043.invoke(chain.clj:270)
	at clojure.lang.AFn.applyToHelper(AFn.java:152)
	at clojure.lang.AFn.applyTo(AFn.java:144)
	at clojure.core$apply.invokeStatic(core.clj:667)
	at clojure.core$with_bindings_STAR_.invokeStatic(core.clj:1994)
	at clojure.core$with_bindings_STAR_.doInvoke(core.clj:1994)
	at clojure.lang.RestFn.invoke(RestFn.java:428)
	at io.pedestal.interceptor.chain$execute_leave.invokeStatic(chain.clj:250)
	at io.pedestal.interceptor.chain$execute_leave.invoke(chain.clj:243)
	at io.pedestal.interceptor.chain$execute_continue.invokeStatic(chain.clj:362)
	at io.pedestal.interceptor.chain$execute_continue.invoke(chain.clj:359)
	at io.pedestal.interceptor.chain$execute.invokeStatic(chain.clj:424)
	at io.pedestal.interceptor.chain$execute.invoke(chain.clj:373)
	at io.pedestal.interceptor.chain$execute.invokeStatic(chain.clj:429)
	at io.pedestal.interceptor.chain$execute.invoke(chain.clj:373)
	at io.pedestal.http.impl.servlet_interceptor$interceptor_service_fn$fn__16045.invoke(servlet_interceptor.clj:386)
	at io.pedestal.servlet.FnServlet.service(FnServlet.java:57)
	at jakarta.servlet.http.HttpServlet.service(HttpServlet.java:614)
	at org.eclipse.jetty.ee10.servlet.ServletHolder.handle(ServletHolder.java:753)
	at org.eclipse.jetty.ee10.servlet.ServletHandler$ChainEnd.doFilter(ServletHandler.java:1624)
	at org.eclipse.jetty.ee10.websocket.servlet.WebSocketUpgradeFilter.doFilter(WebSocketUpgradeFilter.java:195)
	at org.eclipse.jetty.ee10.servlet.FilterHolder.doFilter(FilterHolder.java:205)
	at org.eclipse.jetty.ee10.servlet.ServletHandler$Chain.doFilter(ServletHandler.java:1596)
	at org.eclipse.jetty.ee10.servlet.ServletHandler$MappedServlet.handle(ServletHandler.java:1557)
	at org.eclipse.jetty.ee10.servlet.ServletChannel.dispatch(ServletChannel.java:828)
	at org.eclipse.jetty.ee10.servlet.ServletChannel.handle(ServletChannel.java:438)
	at org.eclipse.jetty.ee10.servlet.ServletHandler.handle(ServletHandler.java:470)
	at org.eclipse.jetty.ee10.servlet.SessionHandler.handle(SessionHandler.java:717)
	at org.eclipse.jetty.server.handler.gzip.GzipHandler.handle(GzipHandler.java:613)
	at org.eclipse.jetty.server.handler.ContextHandler.handle(ContextHandler.java:1102)
	at org.eclipse.jetty.server.Server.handle(Server.java:182)
	at org.eclipse.jetty.server.internal.HttpChannelState$HandlerInvoker.run(HttpChannelState.java:772)
	at org.eclipse.jetty.util.thread.Invocable$ReadyTask.run(Invocable.java:177)
	at org.eclipse.jetty.http2.server.internal.HttpStreamOverHTTP2$1.run(HttpStreamOverHTTP2.java:144)
	at org.eclipse.jetty.util.thread.QueuedThreadPool.runJob(QueuedThreadPool.java:981)
	at org.eclipse.jetty.util.thread.QueuedThreadPool$Runner.doRunJob(QueuedThreadPool.java:1212)
	at org.eclipse.jetty.util.thread.QueuedThreadPool$Runner.run(QueuedThreadPool.java:1166)
	at java.base/java.lang.Thread.run(Thread.java:1516)
Caused by: java.io.EOFException: reset
	at org.eclipse.jetty.http2.HTTP2Stream.reset(HTTP2Stream.java:181)
	at org.eclipse.jetty.http2.HTTP2Session.lambda$failStreams$0(HTTP2Session.java:747)
	at org.eclipse.jetty.util.Callback$4.completed(Callback.java:227)
	at org.eclipse.jetty.util.Callback$Completing.succeeded(Callback.java:416)
	at org.eclipse.jetty.util.Callback$Nested.succeeded(Callback.java:467)
	at org.eclipse.jetty.http2.server.internal.HttpStreamOverHTTP2$FailureTask.run(HttpStreamOverHTTP2.java:711)
	at org.eclipse.jetty.util.thread.ReservedThreadExecutor$ReservedThread.run(ReservedThreadExecutor.java:311)
	... 4 more
[qtp1395846122-178] ERROR io.pedestal.http.impl.servlet-interceptor - {:msg "error-stylobate triggered", :context {:response {:status 200, :headers {"content-type" "text/plain", "Content-Type" "text/plain"}, :body "2"}, :io.pedestal.interceptor.chain/leave-queue (), :request {:protocol "HTTP/2.0", :async-supported? true, :remote-addr "127.0.0.1", :params {:a "1", :b "1"}, :servlet-response #object[org.eclipse.jetty.ee10.servlet.ServletApiResponse 0x53097e49 "ServletApiResponse@53097e49{org.eclipse.jetty.ee10.servlet.ServletContextResponse@33b49062,org.eclipse.jetty.ee10.servlet.ServletContextResponse@33b49062}"], :servlet #object[io.pedestal.servlet.FnServlet 0x18594f42 "io.pedestal.servlet.FnServlet@18594f42"], :headers {"user-agent" "h2load nghttp2/1.59.0"}, :server-port 8443, :servlet-request #object[org.eclipse.jetty.ee10.servlet.ServletApiRequest 0x2cb0a0ac "ServletApiRequest@2cb0a0ac{ServletContextRequest@495a471c{SecureRequestWithSslSessionData@51398348{GET@46192e8d https://localhost:8443/baseline2?a=1&b=1 HTTP/2.0}}}"], :query-params {:a "1", :b "1"}, :path-info "/baseline2", :url-for #object[clojure.lang.Delay 0x6f054322 {:status :pending, :val nil}], :uri "/baseline2", :server-name "localhost", :query-string "a=1&b=1", :path-params {}, :body #object[org.eclipse.jetty.ee10.servlet.HttpInput 0x74fc8b79 "HttpInput@1962707833 cs=ServletChannelState@69c2756d{s=HANDLING rs=BLOCKING os=OPEN is=IDLE awp=false se=false i=true al=0} cp=org.eclipse.jetty.ee10.servlet.BlockingContentProducer@66a0439e eof=false"], :scheme :https, :request-method :get, :context-path ""}, :io.pedestal.http.route/path-params-decoded? true, :bindings {#'io.pedestal.http.route/*url-for* #object[clojure.lang.Delay 0x6f054322 {:status :pending, :val nil}]}, :io.pedestal.interceptor.chain/terminators (#object[io.pedestal.http.response$terminate_when_response_STAR_ 0x148875fa "io.pedestal.http.response$terminate_when_response_STAR_@148875fa"]), :servlet-response #object[org.eclipse.jetty.ee10.servlet.ServletApiResponse 0x53097e49 "ServletApiResponse@53097e49{org.eclipse.jetty.ee10.servlet.ServletContextResponse@33b49062,org.eclipse.jetty.ee10.servlet.ServletContextResponse@33b49062}"], :route {:path "/baseline2", :method :get, :path-parts ["baseline2"], :interceptors [#Interceptor{:name :httparena.pedestal.core/baseline-handler}], :route-name :httparena.pedestal.core/baseline-h2, :path-params [], :path-re #"/\Qbaseline2\E", :io.pedestal.http.route.internal/satisfies-constraints? #object[io.pedestal.http.route.internal$add_satisfies_constraints_QMARK_$fn__11349 0x4b57ae7 "io.pedestal.http.route.internal$add_satisfies_constraints_QMARK_$fn__11349@4b57ae7"]}, :servlet #object[io.pedestal.servlet.FnServlet 0x18594f42 "io.pedestal.servlet.FnServlet@18594f42"], :servlet-request #object[org.eclipse.jetty.ee10.servlet.ServletApiRequest 0x2cb0a0ac "ServletApiRequest@2cb0a0ac{ServletContextRequest@495a471c{SecureRequestWithSslSessionData@51398348{GET@46192e8d https://localhost:8443/baseline2?a=1&b=1 HTTP/2.0}}}"], :websocket-channel-source #object[org.eclipse.jetty.ee10.servlet.ServletApiRequest 0x2cb0a0ac "ServletApiRequest@2cb0a0ac{ServletContextRequest@495a471c{SecureRequestWithSslSessionData@51398348{GET@46192e8d https://localhost:8443/baseline2?a=1&b=1 HTTP/2.0}}}"], :io.pedestal.interceptor.chain/enter-async [#object[io.pedestal.http.impl.servlet_interceptor$start_servlet_async 0x4b11d6ea "io.pedestal.http.impl.servlet_interceptor$start_servlet_async@4b11d6ea"]], :url-for #object[clojure.lang.Delay 0x6f054322 {:status :pending, :val nil}], :io.pedestal.interceptor.chain/execution-id 1086980, :servlet-config #object[org.eclipse.jetty.ee10.servlet.ServletHolder$Config 0x550e8ba5 "org.eclipse.jetty.ee10.servlet.ServletHolder$Config@550e8ba5"]}, :line 298}
clojure.lang.ExceptionInfo: java.io.EOFException in Interceptor :io.pedestal.http.impl.servlet-interceptor/ring-response - reset {:execution-id nil, :stage :leave, :interceptor :io.pedestal.http.impl.servlet-interceptor/ring-response, :exception-type :java.io.EOFException, :exception #error {
 :cause "reset"
 :via
 [{:type java.io.EOFException
   :message "reset"
   :at [org.eclipse.jetty.http2.HTTP2Stream reset "HTTP2Stream.java" 181]}]
 :trace
 [[org.eclipse.jetty.http2.HTTP2Stream reset "HTTP2Stream.java" 181]
  [org.eclipse.jetty.http2.HTTP2Session lambda$failStreams$0 "HTTP2Session.java" 747]
  [org.eclipse.jetty.util.Callback$4 completed "Callback.java" 227]
  [org.eclipse.jetty.util.Callback$Completing succeeded "Callback.java" 416]
  [org.eclipse.jetty.util.Callback$Nested succeeded "Callback.java" 467]
  [org.eclipse.jetty.http2.server.internal.HttpStreamOverHTTP2$FailureTask run "HttpStreamOverHTTP2.java" 711]
  [org.eclipse.jetty.util.thread.ReservedThreadExecutor$ReservedThread run "ReservedThreadExecutor.java" 311]
  [org.eclipse.jetty.util.thread.QueuedThreadPool runJob "QueuedThreadPool.java" 981]
  [org.eclipse.jetty.util.thread.QueuedThreadPool$Runner doRunJob "QueuedThreadPool.java" 1212]
  [org.eclipse.jetty.util.thread.QueuedThreadPool$Runner run "QueuedThreadPool.java" 1166]
  [java.lang.Thread run "Thread.java" 1516]]}}
	at io.pedestal.interceptor.chain$throwable__GT_ex_info.invokeStatic(chain.clj:41)
	at io.pedestal.interceptor.chain$throwable__GT_ex_info.invoke(chain.clj:35)
	at io.pedestal.interceptor.chain$begin_error.invokeStatic(chain.clj:74)
	at io.pedestal.interceptor.chain$begin_error.invoke(chain.clj:62)
	at io.pedestal.interceptor.chain$try_stage.invokeStatic(chain.clj:124)
	at io.pedestal.interceptor.chain$try_stage.invoke(chain.clj:108)
	at io.pedestal.interceptor.chain$execute_leave$fn__11043.invoke(chain.clj:270)
	at clojure.lang.AFn.applyToHelper(AFn.java:152)
	at clojure.lang.AFn.applyTo(AFn.java:144)
	at clojure.core$apply.invokeStatic(core.clj:667)
	at clojure.core$with_bindings_STAR_.invokeStatic(core.clj:1994)
	at clojure.core$with_bindings_STAR_.doInvoke(core.clj:1994)
	at clojure.lang.RestFn.invoke(RestFn.java:428)
	at io.pedestal.interceptor.chain$execute_leave.invokeStatic(chain.clj:250)
	at io.pedestal.interceptor.chain$execute_leave.invoke(chain.clj:243)
	at io.pedestal.interceptor.chain$execute_continue.invokeStatic(chain.clj:362)
	at io.pedestal.interceptor.chain$execute_continue.invoke(chain.clj:359)
	at io.pedestal.interceptor.chain$execute.invokeStatic(chain.clj:424)
	at io.pedestal.interceptor.chain$execute.invoke(chain.clj:373)
	at io.pedestal.interceptor.chain$execute.invokeStatic(chain.clj:429)
	at io.pedestal.interceptor.chain$execute.invoke(chain.clj:373)
	at io.pedestal.http.impl.servlet_interceptor$interceptor_service_fn$fn__16045.invoke(servlet_interceptor.clj:386)
	at io.pedestal.servlet.FnServlet.service(FnServlet.java:57)
	at jakarta.servlet.http.HttpServlet.service(HttpServlet.java:614)
	at org.eclipse.jetty.ee10.servlet.ServletHolder.handle(ServletHolder.java:753)
	at org.eclipse.jetty.ee10.servlet.ServletHandler$ChainEnd.doFilter(ServletHandler.java:1624)
	at org.eclipse.jetty.ee10.websocket.servlet.WebSocketUpgradeFilter.doFilter(WebSocketUpgradeFilter.java:195)
	at org.eclipse.jetty.ee10.servlet.FilterHolder.doFilter(FilterHolder.java:205)
	at org.eclipse.jetty.ee10.servlet.ServletHandler$Chain.doFilter(ServletHandler.java:1596)
	at org.eclipse.jetty.ee10.servlet.ServletHandler$MappedServlet.handle(ServletHandler.java:1557)
	at org.eclipse.jetty.ee10.servlet.ServletChannel.dispatch(ServletChannel.java:828)
	at org.eclipse.jetty.ee10.servlet.ServletChannel.handle(ServletChannel.java:438)
	at org.eclipse.jetty.ee10.servlet.ServletHandler.handle(ServletHandler.java:470)
	at org.eclipse.jetty.ee10.servlet.SessionHandler.handle(SessionHandler.java:717)
	at org.eclipse.jetty.server.handler.gzip.GzipHandler.handle(GzipHandler.java:613)
	at org.eclipse.jetty.server.handler.ContextHandler.handle(ContextHandler.java:1102)
	at org.eclipse.jetty.server.Server.handle(Server.java:182)
	at org.eclipse.jetty.server.internal.HttpChannelState$HandlerInvoker.run(HttpChannelState.java:772)
	at org.eclipse.jetty.util.thread.Invocable$ReadyTask.run(Invocable.java:177)
	at org.eclipse.jetty.http2.server.internal.HttpStreamOverHTTP2$1.run(HttpStreamOverHTTP2.java:144)
	at org.eclipse.jetty.util.thread.QueuedThreadPool.runJob(QueuedThreadPool.java:981)
	at org.eclipse.jetty.util.thread.QueuedThreadPool$Runner.doRunJob(QueuedThreadPool.java:1212)
	at org.eclipse.jetty.util.thread.QueuedThreadPool$Runner.run(QueuedThreadPool.java:1166)
	at java.base/java.lang.Thread.run(Thread.java:1516)
Caused by: java.io.EOFException: reset
	at org.eclipse.jetty.http2.HTTP2Stream.reset(HTTP2Stream.java:181)
	at org.eclipse.jetty.http2.HTTP2Session.lambda$failStreams$0(HTTP2Session.java:747)
	at org.eclipse.jetty.util.Callback$4.completed(Callback.java:227)
	at org.eclipse.jetty.util.Callback$Completing.succeeded(Callback.java:416)
	at org.eclipse.jetty.util.Callback$Nested.succeeded(Callback.java:467)
	at org.eclipse.jetty.http2.server.internal.HttpStreamOverHTTP2$FailureTask.run(HttpStreamOverHTTP2.java:711)
	at org.eclipse.jetty.util.thread.ReservedThreadExecutor$ReservedThread.run(ReservedThreadExecutor.java:311)
	... 4 more
[qtp1395846122-403] ERROR io.pedestal.http.impl.servlet-interceptor - {:msg "error-stylobate triggered", :context {:response {:status 200, :headers {"content-type" "text/plain", "Content-Type" "text/plain"}, :body "2"}, :io.pedestal.interceptor.chain/leave-queue (), :request {:protocol "HTTP/2.0", :async-supported? true, :remote-addr "127.0.0.1", :params {:a "1", :b "1"}, :servlet-response #object[org.eclipse.jetty.ee10.servlet.ServletApiResponse 0x745fd8e8 "ServletApiResponse@745fd8e8{org.eclipse.jetty.ee10.servlet.ServletContextResponse@5cbdebe9,org.eclipse.jetty.ee10.servlet.ServletContextResponse@5cbdebe9}"], :servlet #object[io.pedestal.servlet.FnServlet 0x18594f42 "io.pedestal.servlet.FnServlet@18594f42"], :headers {"user-agent" "h2load nghttp2/1.59.0"}, :server-port 8443, :servlet-request #object[org.eclipse.jetty.ee10.servlet.ServletApiRequest 0x46a12abe "ServletApiRequest@46a12abe{ServletContextRequest@287a0f2a{SecureRequestWithSslSessionData@22e81a55{GET@11394f42 https://localhost:8443/baseline2?a=1&b=1 HTTP/2.0}}}"], :query-params {:a "1", :b "1"}, :path-info "/baseline2", :url-for #object[clojure.lang.Delay 0x5e027301 {:status :pending, :val nil}], :uri "/baseline2", :server-name "localhost", :query-string "a=1&b=1", :path-params {}, :body #object[org.eclipse.jetty.ee10.servlet.HttpInput 0x267924b4 "HttpInput@645473460 cs=ServletChannelState@44a1a89c{s=HANDLING rs=BLOCKING os=OPEN is=IDLE awp=false se=false i=true al=0} cp=org.eclipse.jetty.ee10.servlet.BlockingContentProducer@1fb9ac15 eof=false"], :scheme :https, :request-method :get, :context-path ""}, :io.pedestal.http.route/path-params-decoded? true, :bindings {#'io.pedestal.http.route/*url-for* #object[clojure.lang.Delay 0x5e027301 {:status :pending, :val nil}]}, :io.pedestal.interceptor.chain/terminators (#object[io.pedestal.http.response$terminate_when_response_STAR_ 0x148875fa "io.pedestal.http.response$terminate_when_response_STAR_@148875fa"]), :servlet-response #object[org.eclipse.jetty.ee10.servlet.ServletApiResponse 0x745fd8e8 "ServletApiResponse@745fd8e8{org.eclipse.jetty.ee10.servlet.ServletContextResponse@5cbdebe9,org.eclipse.jetty.ee10.servlet.ServletContextResponse@5cbdebe9}"], :route {:path "/baseline2", :method :get, :path-parts ["baseline2"], :interceptors [#Interceptor{:name :httparena.pedestal.core/baseline-handler}], :route-name :httparena.pedestal.core/baseline-h2, :path-params [], :path-re #"/\Qbaseline2\E", :io.pedestal.http.route.internal/satisfies-constraints? #object[io.pedestal.http.route.internal$add_satisfies_constraints_QMARK_$fn__11349 0x4b57ae7 "io.pedestal.http.route.internal$add_satisfies_constraints_QMARK_$fn__11349@4b57ae7"]}, :servlet #object[io.pedestal.servlet.FnServlet 0x18594f42 "io.pedestal.servlet.FnServlet@18594f42"], :servlet-request #object[org.eclipse.jetty.ee10.servlet.ServletApiRequest 0x46a12abe "ServletApiRequest@46a12abe{ServletContextRequest@287a0f2a{SecureRequestWithSslSessionData@22e81a55{GET@11394f42 https://localhost:8443/baseline2?a=1&b=1 HTTP/2.0}}}"], :websocket-channel-source #object[org.eclipse.jetty.ee10.servlet.ServletApiRequest 0x46a12abe "ServletApiRequest@46a12abe{ServletContextRequest@287a0f2a{SecureRequestWithSslSessionData@22e81a55{GET@11394f42 https://localhost:8443/baseline2?a=1&b=1 HTTP/2.0}}}"], :io.pedestal.interceptor.chain/enter-async [#object[io.pedestal.http.impl.servlet_interceptor$start_servlet_async 0x4b11d6ea "io.pedestal.http.impl.servlet_interceptor$start_servlet_async@4b11d6ea"]], :url-for #object[clojure.lang.Delay 0x5e027301 {:status :pending, :val nil}], :io.pedestal.interceptor.chain/execution-id 1087642, :servlet-config #object[org.eclipse.jetty.ee10.servlet.ServletHolder$Config 0x550e8ba5 "org.eclipse.jetty.ee10.servlet.ServletHolder$Config@550e8ba5"]}, :line 298}
clojure.lang.ExceptionInfo: org.eclipse.jetty.io.EofException in Interceptor :io.pedestal.http.impl.servlet-interceptor/ring-response - no_error/stop {:execution-id nil, :stage :leave, :interceptor :io.pedestal.http.impl.servlet-interceptor/ring-response, :exception-type :org.eclipse.jetty.io.EofException, :exception #error {
 :cause "no_error/stop"
 :via
 [{:type org.eclipse.jetty.io.EofException
   :message "no_error/stop"
   :at [org.eclipse.jetty.http2.server.internal.HttpStreamOverHTTP2 onFailure "HttpStreamOverHTTP2.java" 606]}
  {:type org.eclipse.jetty.io.EofException
   :message "no_error/stop"
   :at [org.eclipse.jetty.http2.server.HTTP2ServerConnectionFactory$HTTPServerSessionListener onFailure "HTTP2ServerConnectionFactory.java" 174]}
  {:type java.io.IOException
   :message "no_error/stop"
   :at [org.eclipse.jetty.http2.HTTP2Session toFailure "HTTP2Session.java" 763]}]
 :trace
 [[org.eclipse.jetty.http2.HTTP2Session toFailure "HTTP2Session.java" 763]
  [org.eclipse.jetty.http2.HTTP2Session$StreamsState halt "HTTP2Session.java" 1982]
  [org.eclipse.jetty.http2.HTTP2Session doStop "HTTP2Session.java" 175]
  [org.eclipse.jetty.util.component.AbstractLifeCycle stop "AbstractLifeCycle.java" 132]
  [org.eclipse.jetty.util.component.LifeCycle stop "LifeCycle.java" 91]
  [org.eclipse.jetty.http2.SessionContainer onClosed "SessionContainer.java" 79]
  [org.eclipse.jetty.io.AbstractConnection onClosed "AbstractConnection.java" 248]
  [org.eclipse.jetty.io.AbstractConnection onClose "AbstractConnection.java" 240]
  [org.eclipse.jetty.http2.HTTP2Connection onClose "HTTP2Connection.java" 148]
  [org.eclipse.jetty.io.ssl.SslConnection onClose "SslConnection.java" 376]
  [org.eclipse.jetty.io.SelectorManager connectionClosed "SelectorManager.java" 363]
  [org.eclipse.jetty.io.ManagedSelector$DestroyEndPoint run "ManagedSelector.java" 1097]
  [org.eclipse.jetty.util.thread.QueuedThreadPool runJob "QueuedThreadPool.java" 981]
  [org.eclipse.jetty.util.thread.QueuedThreadPool$Runner doRunJob "QueuedThreadPool.java" 1212]
  [org.eclipse.jetty.util.thread.QueuedThreadPool$Runner run "QueuedThreadPool.java" 1166]
  [java.lang.Thread run "Thread.java" 1516]]}}
	at io.pedestal.interceptor.chain$throwable__GT_ex_info.invokeStatic(chain.clj:41)
	at io.pedestal.interceptor.chain$throwable__GT_ex_info.invoke(chain.clj:35)
	at io.pedestal.interceptor.chain$begin_error.invokeStatic(chain.clj:74)
	at io.pedestal.interceptor.chain$begin_error.invoke(chain.clj:62)
	at io.pedestal.interceptor.chain$try_stage.invokeStatic(chain.clj:124)
	at io.pedestal.interceptor.chain$try_stage.invoke(chain.clj:108)
	at io.pedestal.interceptor.chain$execute_leave$fn__11043.invoke(chain.clj:270)
	at clojure.lang.AFn.applyToHelper(AFn.java:152)
	at clojure.lang.AFn.applyTo(AFn.java:144)
	at clojure.core$apply.invokeStatic(core.clj:667)
	at clojure.core$with_bindings_STAR_.invokeStatic(core.clj:1994)
	at clojure.core$with_bindings_STAR_.doInvoke(core.clj:1994)
	at clojure.lang.RestFn.invoke(RestFn.java:428)
	at io.pedestal.interceptor.chain$execute_leave.invokeStatic(chain.clj:250)
	at io.pedestal.interceptor.chain$execute_leave.invoke(chain.clj:243)
	at io.pedestal.interceptor.chain$execute_continue.invokeStatic(chain.clj:362)
	at io.pedestal.interceptor.chain$execute_continue.invoke(chain.clj:359)
	at io.pedestal.interceptor.chain$execute.invokeStatic(chain.clj:424)
	at io.pedestal.interceptor.chain$execute.invoke(chain.clj:373)
	at io.pedestal.interceptor.chain$execute.invokeStatic(chain.clj:429)
	at io.pedestal.interceptor.chain$execute.invoke(chain.clj:373)
	at io.pedestal.http.impl.servlet_interceptor$interceptor_service_fn$fn__16045.invoke(servlet_interceptor.clj:386)
	at io.pedestal.servlet.FnServlet.service(FnServlet.java:57)
	at jakarta.servlet.http.HttpServlet.service(HttpServlet.java:614)
	at org.eclipse.jetty.ee10.servlet.ServletHolder.handle(ServletHolder.java:753)
	at org.eclipse.jetty.ee10.servlet.ServletHandler$ChainEnd.doFilter(ServletHandler.java:1624)
	at org.eclipse.jetty.ee10.websocket.servlet.WebSocketUpgradeFilter.doFilter(WebSocketUpgradeFilter.java:195)
	at org.eclipse.jetty.ee10.servlet.FilterHolder.doFilter(FilterHolder.java:205)
	at org.eclipse.jetty.ee10.servlet.ServletHandler$Chain.doFilter(ServletHandler.java:1596)
	at org.eclipse.jetty.ee10.servlet.ServletHandler$MappedServlet.handle(ServletHandler.java:1557)
	at org.eclipse.jetty.ee10.servlet.ServletChannel.dispatch(ServletChannel.java:828)
	at org.eclipse.jetty.ee10.servlet.ServletChannel.handle(ServletChannel.java:438)
	at org.eclipse.jetty.ee10.servlet.ServletHandler.handle(ServletHandler.java:470)
	at org.eclipse.jetty.ee10.servlet.SessionHandler.handle(SessionHandler.java:717)
	at org.eclipse.jetty.server.handler.gzip.GzipHandler.handle(GzipHandler.java:613)
	at org.eclipse.jetty.server.handler.ContextHandler.handle(ContextHandler.java:1102)
	at org.eclipse.jetty.server.Server.handle(Server.java:182)
	at org.eclipse.jetty.server.internal.HttpChannelState$HandlerInvoker.run(HttpChannelState.java:772)
	at org.eclipse.jetty.util.thread.Invocable$ReadyTask.run(Invocable.java:177)
	at org.eclipse.jetty.http2.server.internal.HttpStreamOverHTTP2$1.run(HttpStreamOverHTTP2.java:144)
	at org.eclipse.jetty.util.thread.QueuedThreadPool.runJob(QueuedThreadPool.java:981)
	at org.eclipse.jetty.util.thread.QueuedThreadPool$Runner.doRunJob(QueuedThreadPool.java:1212)
	at org.eclipse.jetty.util.thread.QueuedThreadPool$Runner.run(QueuedThreadPool.java:1166)
	at java.base/java.lang.Thread.run(Thread.java:1516)
Caused by: org.eclipse.jetty.io.EofException: no_error/stop
	at org.eclipse.jetty.http2.server.internal.HttpStreamOverHTTP2.onFailure(HttpStreamOverHTTP2.java:606)
	at org.eclipse.jetty.http2.server.internal.HTTP2ServerConnection.onStreamFailure(HTTP2ServerConnection.java:225)
	at org.eclipse.jetty.http2.server.HTTP2ServerConnectionFactory$HTTPServerSessionListener.onFailure(HTTP2ServerConnectionFactory.java:180)
	at org.eclipse.jetty.http2.server.HTTP2ServerConnectionFactory$HTTPServerSessionListener.onFailure(HTTP2ServerConnectionFactory.java:175)
	at org.eclipse.jetty.http2.HTTP2Stream.notifyFailure(HTTP2Stream.java:950)
	at org.eclipse.jetty.http2.HTTP2Stream.onFailure(HTTP2Stream.java:643)
	at org.eclipse.jetty.http2.HTTP2Stream.process(HTTP2Stream.java:373)
	at org.eclipse.jetty.http2.HTTP2Session.failStream(HTTP2Session.java:758)
	at org.eclipse.jetty.http2.HTTP2Session.failStreams(HTTP2Session.java:744)
	at org.eclipse.jetty.http2.HTTP2Session$StreamsState.halt(HTTP2Session.java:2013)
	at org.eclipse.jetty.http2.HTTP2Session$StreamsState.halt(HTTP2Session.java:1982)
	at org.eclipse.jetty.http2.HTTP2Session.doStop(HTTP2Session.java:175)
	at org.eclipse.jetty.util.component.AbstractLifeCycle.stop(AbstractLifeCycle.java:132)
	at org.eclipse.jetty.util.component.LifeCycle.stop(LifeCycle.java:91)
	at org.eclipse.jetty.http2.SessionContainer.onClosed(SessionContainer.java:79)
	at org.eclipse.jetty.io.AbstractConnection.onClosed(AbstractConnection.java:248)
	at org.eclipse.jetty.io.AbstractConnection.onClose(AbstractConnection.java:240)
	at org.eclipse.jetty.http2.HTTP2Connection.onClose(HTTP2Connection.java:148)
	at org.eclipse.jetty.io.ssl.SslConnection.onClose(SslConnection.java:376)
	at org.eclipse.jetty.io.SelectorManager.connectionClosed(SelectorManager.java:363)
	at org.eclipse.jetty.io.ManagedSelector$DestroyEndPoint.run(ManagedSelector.java:1097)
	... 4 more
Caused by: org.eclipse.jetty.io.EofException: no_error/stop
	at org.eclipse.jetty.http2.server.HTTP2ServerConnectionFactory$HTTPServerSessionListener.onFailure(HTTP2ServerConnectionFactory.java:174)
	... 21 more
Caused by: java.io.IOException: no_error/stop
	at org.eclipse.jetty.http2.HTTP2Session.toFailure(HTTP2Session.java:763)
	... 15 more
[qtp1395846122-155] ERROR io.pedestal.http.impl.servlet-interceptor - {:msg "error-stylobate triggered", :context {:response {:status 200, :headers {"content-type" "text/plain", "Content-Type" "text/plain"}, :body "2"}, :io.pedestal.interceptor.chain/leave-queue (), :request {:protocol "HTTP/2.0", :async-supported? true, :remote-addr "127.0.0.1", :params {:a "1", :b "1"}, :servlet-response #object[org.eclipse.jetty.ee10.servlet.ServletApiResponse 0x61cca736 "ServletApiResponse@61cca736{org.eclipse.jetty.ee10.servlet.ServletContextResponse@21e5f4c9,org.eclipse.jetty.ee10.servlet.ServletContextResponse@21e5f4c9}"], :servlet #object[io.pedestal.servlet.FnServlet 0x18594f42 "io.pedestal.servlet.FnServlet@18594f42"], :headers {"user-agent" "h2load nghttp2/1.59.0"}, :server-port 8443, :servlet-request #object[org.eclipse.jetty.ee10.servlet.ServletApiRequest 0x6f2cbd87 "ServletApiRequest@6f2cbd87{ServletContextRequest@41ac8d05{SecureRequestWithSslSessionData@45dd6711{GET@4b9080df https://localhost:8443/baseline2?a=1&b=1 HTTP/2.0}}}"], :query-params {:a "1", :b "1"}, :path-info "/baseline2", :url-for #object[clojure.lang.Delay 0x415adcaf {:status :pending, :val nil}], :uri "/baseline2", :server-name "localhost", :query-string "a=1&b=1", :path-params {}, :body #object[org.eclipse.jetty.ee10.servlet.HttpInput 0x64bba524 "HttpInput@1690019108 cs=ServletChannelState@4a70b34d{s=HANDLING rs=BLOCKING os=OPEN is=IDLE awp=false se=false i=true al=0} cp=org.eclipse.jetty.ee10.servlet.BlockingContentProducer@5a944a4 eof=false"], :scheme :https, :request-method :get, :context-path ""}, :io.pedestal.http.route/path-params-decoded? true, :bindings {#'io.pedestal.http.route/*url-for* #object[clojure.lang.Delay 0x415adcaf {:status :pending, :val nil}]}, :io.pedestal.interceptor.chain/terminators (#object[io.pedestal.http.response$terminate_when_response_STAR_ 0x148875fa "io.pedestal.http.response$terminate_when_response_STAR_@148875fa"]), :servlet-response #object[org.eclipse.jetty.ee10.servlet.ServletApiResponse 0x61cca736 "ServletApiResponse@61cca736{org.eclipse.jetty.ee10.servlet.ServletContextResponse@21e5f4c9,org.eclipse.jetty.ee10.servlet.ServletContextResponse@21e5f4c9}"], :route {:path "/baseline2", :method :get, :path-parts ["baseline2"], :interceptors [#Interceptor{:name :httparena.pedestal.core/baseline-handler}], :route-name :httparena.pedestal.core/baseline-h2, :path-params [], :path-re #"/\Qbaseline2\E", :io.pedestal.http.route.internal/satisfies-constraints? #object[io.pedestal.http.route.internal$add_satisfies_constraints_QMARK_$fn__11349 0x4b57ae7 "io.pedestal.http.route.internal$add_satisfies_constraints_QMARK_$fn__11349@4b57ae7"]}, :servlet #object[io.pedestal.servlet.FnServlet 0x18594f42 "io.pedestal.servlet.FnServlet@18594f42"], :servlet-request #object[org.eclipse.jetty.ee10.servlet.ServletApiRequest 0x6f2cbd87 "ServletApiRequest@6f2cbd87{ServletContextRequest@41ac8d05{SecureRequestWithSslSessionData@45dd6711{GET@4b9080df https://localhost:8443/baseline2?a=1&b=1 HTTP/2.0}}}"], :websocket-channel-source #object[org.eclipse.jetty.ee10.servlet.ServletApiRequest 0x6f2cbd87 "ServletApiRequest@6f2cbd87{ServletContextRequest@41ac8d05{SecureRequestWithSslSessionData@45dd6711{GET@4b9080df https://localhost:8443/baseline2?a=1&b=1 HTTP/2.0}}}"], :io.pedestal.interceptor.chain/enter-async [#object[io.pedestal.http.impl.servlet_interceptor$start_servlet_async 0x4b11d6ea "io.pedestal.http.impl.servlet_interceptor$start_servlet_async@4b11d6ea"]], :url-for #object[clojure.lang.Delay 0x415adcaf {:status :pending, :val nil}], :io.pedestal.interceptor.chain/execution-id 1087625, :servlet-config #object[org.eclipse.jetty.ee10.servlet.ServletHolder$Config 0x550e8ba5 "org.eclipse.jetty.ee10.servlet.ServletHolder$Config@550e8ba5"]}, :line 298}
clojure.lang.ExceptionInfo: java.io.EOFException in Interceptor :io.pedestal.http.impl.servlet-interceptor/ring-response - reset {:execution-id nil, :stage :leave, :interceptor :io.pedestal.http.impl.servlet-interceptor/ring-response, :exception-type :java.io.EOFException, :exception #error {
 :cause "reset"
 :via
 [{:type java.io.EOFException
   :message "reset"
   :at [org.eclipse.jetty.http2.HTTP2Stream reset "HTTP2Stream.java" 181]}]
 :trace
 [[org.eclipse.jetty.http2.HTTP2Stream reset "HTTP2Stream.java" 181]
  [org.eclipse.jetty.http2.HTTP2Session lambda$failStreams$0 "HTTP2Session.java" 747]
  [org.eclipse.jetty.util.Callback$4 completed "Callback.java" 227]
  [org.eclipse.jetty.util.Callback$Completing succeeded "Callback.java" 416]
  [org.eclipse.jetty.util.Callback$Nested succeeded "Callback.java" 467]
  [org.eclipse.jetty.http2.server.internal.HttpStreamOverHTTP2$FailureTask run "HttpStreamOverHTTP2.java" 711]
  [org.eclipse.jetty.util.thread.ReservedThreadExecutor$ReservedThread run "ReservedThreadExecutor.java" 311]
  [org.eclipse.jetty.util.thread.QueuedThreadPool runJob "QueuedThreadPool.java" 981]
  [org.eclipse.jetty.util.thread.QueuedThreadPool$Runner doRunJob "QueuedThreadPool.java" 1212]
  [org.eclipse.jetty.util.thread.QueuedThreadPool$Runner run "QueuedThreadPool.java" 1166]
  [java.lang.Thread run "Thread.java" 1516]]}}
	at io.pedestal.interceptor.chain$throwable__GT_ex_info.invokeStatic(chain.clj:41)
	at io.pedestal.interceptor.chain$throwable__GT_ex_info.invoke(chain.clj:35)
	at io.pedestal.interceptor.chain$begin_error.invokeStatic(chain.clj:74)
	at io.pedestal.interceptor.chain$begin_error.invoke(chain.clj:62)
	at io.pedestal.interceptor.chain$try_stage.invokeStatic(chain.clj:124)
	at io.pedestal.interceptor.chain$try_stage.invoke(chain.clj:108)
	at io.pedestal.interceptor.chain$execute_leave$fn__11043.invoke(chain.clj:270)
	at clojure.lang.AFn.applyToHelper(AFn.java:152)
	at clojure.lang.AFn.applyTo(AFn.java:144)
	at clojure.core$apply.invokeStatic(core.clj:667)
	at clojure.core$with_bindings_STAR_.invokeStatic(core.clj:1994)
	at clojure.core$with_bindings_STAR_.doInvoke(core.clj:1994)
	at clojure.lang.RestFn.invoke(RestFn.java:428)
	at io.pedestal.interceptor.chain$execute_leave.invokeStatic(chain.clj:250)
	at io.pedestal.interceptor.chain$execute_leave.invoke(chain.clj:243)
	at io.pedestal.interceptor.chain$execute_continue.invokeStatic(chain.clj:362)
	at io.pedestal.interceptor.chain$execute_continue.invoke(chain.clj:359)
	at io.pedestal.interceptor.chain$execute.invokeStatic(chain.clj:424)
	at io.pedestal.interceptor.chain$execute.invoke(chain.clj:373)
	at io.pedestal.interceptor.chain$execute.invokeStatic(chain.clj:429)
	at io.pedestal.interceptor.chain$execute.invoke(chain.clj:373)
	at io.pedestal.http.impl.servlet_interceptor$interceptor_service_fn$fn__16045.invoke(servlet_interceptor.clj:386)
	at io.pedestal.servlet.FnServlet.service(FnServlet.java:57)
	at jakarta.servlet.http.HttpServlet.service(HttpServlet.java:614)
	at org.eclipse.jetty.ee10.servlet.ServletHolder.handle(ServletHolder.java:753)
	at org.eclipse.jetty.ee10.servlet.ServletHandler$ChainEnd.doFilter(ServletHandler.java:1624)
	at org.eclipse.jetty.ee10.websocket.servlet.WebSocketUpgradeFilter.doFilter(WebSocketUpgradeFilter.java:195)
	at org.eclipse.jetty.ee10.servlet.FilterHolder.doFilter(FilterHolder.java:205)
	at org.eclipse.jetty.ee10.servlet.ServletHandler$Chain.doFilter(ServletHandler.java:1596)
	at org.eclipse.jetty.ee10.servlet.ServletHandler$MappedServlet.handle(ServletHandler.java:1557)
	at org.eclipse.jetty.ee10.servlet.ServletChannel.dispatch(ServletChannel.java:828)
	at org.eclipse.jetty.ee10.servlet.ServletChannel.handle(ServletChannel.java:438)
	at org.eclipse.jetty.ee10.servlet.ServletHandler.handle(ServletHandler.java:470)
	at org.eclipse.jetty.ee10.servlet.SessionHandler.handle(SessionHandler.java:717)
	at org.eclipse.jetty.server.handler.gzip.GzipHandler.handle(GzipHandler.java:613)
	at org.eclipse.jetty.server.handler.ContextHandler.handle(ContextHandler.java:1102)
	at org.eclipse.jetty.server.Server.handle(Server.java:182)
	at org.eclipse.jetty.server.internal.HttpChannelState$HandlerInvoker.run(HttpChannelState.java:772)
	at org.eclipse.jetty.util.thread.Invocable$ReadyTask.run(Invocable.java:177)
	at org.eclipse.jetty.http2.server.internal.HttpStreamOverHTTP2$1.run(HttpStreamOverHTTP2.java:144)
	at org.eclipse.jetty.util.thread.QueuedThreadPool.runJob(QueuedThreadPool.java:981)
	at org.eclipse.jetty.util.thread.QueuedThreadPool$Runner.doRunJob(QueuedThreadPool.java:1212)
	at org.eclipse.jetty.util.thread.QueuedThreadPool$Runner.run(QueuedThreadPool.java:1166)
	at java.base/java.lang.Thread.run(Thread.java:1516)
Caused by: java.io.EOFException: reset
	at org.eclipse.jetty.http2.HTTP2Stream.reset(HTTP2Stream.java:181)
	at org.eclipse.jetty.http2.HTTP2Session.lambda$failStreams$0(HTTP2Session.java:747)
	at org.eclipse.jetty.util.Callback$4.completed(Callback.java:227)
	at org.eclipse.jetty.util.Callback$Completing.succeeded(Callback.java:416)
	at org.eclipse.jetty.util.Callback$Nested.succeeded(Callback.java:467)
	at org.eclipse.jetty.http2.server.internal.HttpStreamOverHTTP2$FailureTask.run(HttpStreamOverHTTP2.java:711)
	at org.eclipse.jetty.util.thread.ReservedThreadExecutor$ReservedThread.run(ReservedThreadExecutor.java:311)
	... 4 more
[qtp1395846122-186] ERROR io.pedestal.http.impl.servlet-interceptor - {:msg "error-stylobate triggered", :context {:response {:status 200, :headers {"content-type" "text/plain", "Content-Type" "text/plain"}, :body "2"}, :io.pedestal.interceptor.chain/leave-queue (), :request {:protocol "HTTP/2.0", :async-supported? true, :remote-addr "127.0.0.1", :params {:a "1", :b "1"}, :servlet-response #object[org.eclipse.jetty.ee10.servlet.ServletApiResponse 0x30dcddd7 "ServletApiResponse@30dcddd7{org.eclipse.jetty.ee10.servlet.ServletContextResponse@27118032,org.eclipse.jetty.ee10.servlet.ServletContextResponse@27118032}"], :servlet #object[io.pedestal.servlet.FnServlet 0x18594f42 "io.pedestal.servlet.FnServlet@18594f42"], :headers {"user-agent" "h2load nghttp2/1.59.0"}, :server-port 8443, :servlet-request #object[org.eclipse.jetty.ee10.servlet.ServletApiRequest 0x509add6d "ServletApiRequest@509add6d{ServletContextRequest@6f411b5e{SecureRequestWithSslSessionData@39254104{GET@129e4602 https://localhost:8443/baseline2?a=1&b=1 HTTP/2.0}}}"], :query-params {:a "1", :b "1"}, :path-info "/baseline2", :url-for #object[clojure.lang.Delay 0x14699089 {:status :pending, :val nil}], :uri "/baseline2", :server-name "localhost", :query-string "a=1&b=1", :path-params {}, :body #object[org.eclipse.jetty.ee10.servlet.HttpInput 0x7395e2b1 "HttpInput@1939202737 cs=ServletChannelState@60aba0a6{s=HANDLING rs=BLOCKING os=OPEN is=IDLE awp=false se=false i=true al=0} cp=org.eclipse.jetty.ee10.servlet.BlockingContentProducer@6554e7 eof=false"], :scheme :https, :request-method :get, :context-path ""}, :io.pedestal.http.route/path-params-decoded? true, :bindings {#'io.pedestal.http.route/*url-for* #object[clojure.lang.Delay 0x14699089 {:status :pending, :val nil}]}, :io.pedestal.interceptor.chain/terminators (#object[io.pedestal.http.response$terminate_when_response_STAR_ 0x148875fa "io.pedestal.http.response$terminate_when_response_STAR_@148875fa"]), :servlet-response #object[org.eclipse.jetty.ee10.servlet.ServletApiResponse 0x30dcddd7 "ServletApiResponse@30dcddd7{org.eclipse.jetty.ee10.servlet.ServletContextResponse@27118032,org.eclipse.jetty.ee10.servlet.ServletContextResponse@27118032}"], :route {:path "/baseline2", :method :get, :path-parts ["baseline2"], :interceptors [#Interceptor{:name :httparena.pedestal.core/baseline-handler}], :route-name :httparena.pedestal.core/baseline-h2, :path-params [], :path-re #"/\Qbaseline2\E", :io.pedestal.http.route.internal/satisfies-constraints? #object[io.pedestal.http.route.internal$add_satisfies_constraints_QMARK_$fn__11349 0x4b57ae7 "io.pedestal.http.route.internal$add_satisfies_constraints_QMARK_$fn__11349@4b57ae7"]}, :servlet #object[io.pedestal.servlet.FnServlet 0x18594f42 "io.pedestal.servlet.FnServlet@18594f42"], :servlet-request #object[org.eclipse.jetty.ee10.servlet.ServletApiRequest 0x509add6d "ServletApiRequest@509add6d{ServletContextRequest@6f411b5e{SecureRequestWithSslSessionData@39254104{GET@129e4602 https://localhost:8443/baseline2?a=1&b=1 HTTP/2.0}}}"], :websocket-channel-source #object[org.eclipse.jetty.ee10.servlet.ServletApiRequest 0x509add6d "ServletApiRequest@509add6d{ServletContextRequest@6f411b5e{SecureRequestWithSslSessionData@39254104{GET@129e4602 https://localhost:8443/baseline2?a=1&b=1 HTTP/2.0}}}"], :io.pedestal.interceptor.chain/enter-async [#object[io.pedestal.http.impl.servlet_interceptor$start_servlet_async 0x4b11d6ea "io.pedestal.http.impl.servlet_interceptor$start_servlet_async@4b11d6ea"]], :url-for #object[clojure.lang.Delay 0x14699089 {:status :pending, :val nil}], :io.pedestal.interceptor.chain/execution-id 1087629, :servlet-config #object[org.eclipse.jetty.ee10.servlet.ServletHolder$Config 0x550e8ba5 "org.eclipse.jetty.ee10.servlet.ServletHolder$Config@550e8ba5"]}, :line 298}
clojure.lang.ExceptionInfo: java.io.EOFException in Interceptor :io.pedestal.http.impl.servlet-interceptor/ring-response - reset {:execution-id nil, :stage :leave, :interceptor :io.pedestal.http.impl.servlet-interceptor/ring-response, :exception-type :java.io.EOFException, :exception #error {
 :cause "reset"
 :via
 [{:type java.io.EOFException
   :message "reset"
   :at [org.eclipse.jetty.http2.HTTP2Stream reset "HTTP2Stream.java" 181]}]
 :trace
 [[org.eclipse.jetty.http2.HTTP2Stream reset "HTTP2Stream.java" 181]
  [org.eclipse.jetty.http2.HTTP2Session lambda$failStreams$0 "HTTP2Session.java" 747]
  [org.eclipse.jetty.util.Callback$4 completed "Callback.java" 227]
  [org.eclipse.jetty.util.Callback$Completing succeeded "Callback.java" 416]
  [org.eclipse.jetty.util.Callback$Nested succeeded "Callback.java" 467]
  [org.eclipse.jetty.http2.server.internal.HttpStreamOverHTTP2$FailureTask run "HttpStreamOverHTTP2.java" 711]
  [org.eclipse.jetty.util.thread.ReservedThreadExecutor$ReservedThread run "ReservedThreadExecutor.java" 311]
  [org.eclipse.jetty.util.thread.QueuedThreadPool runJob "QueuedThreadPool.java" 981]
  [org.eclipse.jetty.util.thread.QueuedThreadPool$Runner doRunJob "QueuedThreadPool.java" 1212]
  [org.eclipse.jetty.util.thread.QueuedThreadPool$Runner run "QueuedThreadPool.java" 1166]
  [java.lang.Thread run "Thread.java" 1516]]}}
	at io.pedestal.interceptor.chain$throwable__GT_ex_info.invokeStatic(chain.clj:41)
	at io.pedestal.interceptor.chain$throwable__GT_ex_info.invoke(chain.clj:35)
	at io.pedestal.interceptor.chain$begin_error.invokeStatic(chain.clj:74)
	at io.pedestal.interceptor.chain$begin_error.invoke(chain.clj:62)
	at io.pedestal.interceptor.chain$try_stage.invokeStatic(chain.clj:124)
	at io.pedestal.interceptor.chain$try_stage.invoke(chain.clj:108)
	at io.pedestal.interceptor.chain$execute_leave$fn__11043.invoke(chain.clj:270)
	at clojure.lang.AFn.applyToHelper(AFn.java:152)
	at clojure.lang.AFn.applyTo(AFn.java:144)
	at clojure.core$apply.invokeStatic(core.clj:667)
	at clojure.core$with_bindings_STAR_.invokeStatic(core.clj:1994)
	at clojure.core$with_bindings_STAR_.doInvoke(core.clj:1994)
	at clojure.lang.RestFn.invoke(RestFn.java:428)
	at io.pedestal.interceptor.chain$execute_leave.invokeStatic(chain.clj:250)
	at io.pedestal.interceptor.chain$execute_leave.invoke(chain.clj:243)
	at io.pedestal.interceptor.chain$execute_continue.invokeStatic(chain.clj:362)
	at io.pedestal.interceptor.chain$execute_continue.invoke(chain.clj:359)
	at io.pedestal.interceptor.chain$execute.invokeStatic(chain.clj:424)
	at io.pedestal.interceptor.chain$execute.invoke(chain.clj:373)
	at io.pedestal.interceptor.chain$execute.invokeStatic(chain.clj:429)
	at io.pedestal.interceptor.chain$execute.invoke(chain.clj:373)
	at io.pedestal.http.impl.servlet_interceptor$interceptor_service_fn$fn__16045.invoke(servlet_interceptor.clj:386)
	at io.pedestal.servlet.FnServlet.service(FnServlet.java:57)
	at jakarta.servlet.http.HttpServlet.service(HttpServlet.java:614)
	at org.eclipse.jetty.ee10.servlet.ServletHolder.handle(ServletHolder.java:753)
	at org.eclipse.jetty.ee10.servlet.ServletHandler$ChainEnd.doFilter(ServletHandler.java:1624)
	at org.eclipse.jetty.ee10.websocket.servlet.WebSocketUpgradeFilter.doFilter(WebSocketUpgradeFilter.java:195)
	at org.eclipse.jetty.ee10.servlet.FilterHolder.doFilter(FilterHolder.java:205)
	at org.eclipse.jetty.ee10.servlet.ServletHandler$Chain.doFilter(ServletHandler.java:1596)
	at org.eclipse.jetty.ee10.servlet.ServletHandler$MappedServlet.handle(ServletHandler.java:1557)
	at org.eclipse.jetty.ee10.servlet.ServletChannel.dispatch(ServletChannel.java:828)
	at org.eclipse.jetty.ee10.servlet.ServletChannel.handle(ServletChannel.java:438)
	at org.eclipse.jetty.ee10.servlet.ServletHandler.handle(ServletHandler.java:470)
	at org.eclipse.jetty.ee10.servlet.SessionHandler.handle(SessionHandler.java:717)
	at org.eclipse.jetty.server.handler.gzip.GzipHandler.handle(GzipHandler.java:613)
	at org.eclipse.jetty.server.handler.ContextHandler.handle(ContextHandler.java:1102)
	at org.eclipse.jetty.server.Server.handle(Server.java:182)
	at org.eclipse.jetty.server.internal.HttpChannelState$HandlerInvoker.run(HttpChannelState.java:772)
	at org.eclipse.jetty.util.thread.Invocable$ReadyTask.run(Invocable.java:177)
	at org.eclipse.jetty.http2.server.internal.HttpStreamOverHTTP2$1.run(HttpStreamOverHTTP2.java:144)
	at org.eclipse.jetty.util.thread.QueuedThreadPool.runJob(QueuedThreadPool.java:981)
	at org.eclipse.jetty.util.thread.QueuedThreadPool$Runner.doRunJob(QueuedThreadPool.java:1212)
	at org.eclipse.jetty.util.thread.QueuedThreadPool$Runner.run(QueuedThreadPool.java:1166)
	at java.base/java.lang.Thread.run(Thread.java:1516)
Caused by: java.io.EOFException: reset
	at org.eclipse.jetty.http2.HTTP2Stream.reset(HTTP2Stream.java:181)
	at org.eclipse.jetty.http2.HTTP2Session.lambda$failStreams$0(HTTP2Session.java:747)
	at org.eclipse.jetty.util.Callback$4.completed(Callback.java:227)
	at org.eclipse.jetty.util.Callback$Completing.succeeded(Callback.java:416)
	at org.eclipse.jetty.util.Callback$Nested.succeeded(Callback.java:467)
	at org.eclipse.jetty.http2.server.internal.HttpStreamOverHTTP2$FailureTask.run(HttpStreamOverHTTP2.java:711)
	at org.eclipse.jetty.util.thread.ReservedThreadExecutor$ReservedThread.run(ReservedThreadExecutor.java:311)
	... 4 more
[qtp1395846122-335] ERROR io.pedestal.http.impl.servlet-interceptor - {:msg "error-stylobate triggered", :context {:response {:status 200, :headers {"content-type" "text/plain", "Content-Type" "text/plain"}, :body "2"}, :io.pedestal.interceptor.chain/leave-queue (), :request {:protocol "HTTP/2.0", :async-supported? true, :remote-addr "127.0.0.1", :params {:a "1", :b "1"}, :servlet-response #object[org.eclipse.jetty.ee10.servlet.ServletApiResponse 0x5cff3080 "ServletApiResponse@5cff3080{org.eclipse.jetty.ee10.servlet.ServletContextResponse@48ee0ae8,org.eclipse.jetty.ee10.servlet.ServletContextResponse@48ee0ae8}"], :servlet #object[io.pedestal.servlet.FnServlet 0x18594f42 "io.pedestal.servlet.FnServlet@18594f42"], :headers {"user-agent" "h2load nghttp2/1.59.0"}, :server-port 8443, :servlet-request #object[org.eclipse.jetty.ee10.servlet.ServletApiRequest 0x6bb4468c "ServletApiRequest@6bb4468c{ServletContextRequest@3098dfaa{SecureRequestWithSslSessionData@15c69209{GET@2dc76313 https://localhost:8443/baseline2?a=1&b=1 HTTP/2.0}}}"], :query-params {:a "1", :b "1"}, :path-info "/baseline2", :url-for #object[clojure.lang.Delay 0x648ed001 {:status :pending, :val nil}], :uri "/baseline2", :server-name "localhost", :query-string "a=1&b=1", :path-params {}, :body #object[org.eclipse.jetty.ee10.servlet.HttpInput 0x121d36b5 "HttpInput@303904437 cs=ServletChannelState@336aa825{s=HANDLING rs=BLOCKING os=OPEN is=IDLE awp=false se=false i=true al=0} cp=org.eclipse.jetty.ee10.servlet.BlockingContentProducer@25239aa0 eof=false"], :scheme :https, :request-method :get, :context-path ""}, :io.pedestal.http.route/path-params-decoded? true, :bindings {#'io.pedestal.http.route/*url-for* #object[clojure.lang.Delay 0x648ed001 {:status :pending, :val nil}]}, :io.pedestal.interceptor.chain/terminators (#object[io.pedestal.http.response$terminate_when_response_STAR_ 0x148875fa "io.pedestal.http.response$terminate_when_response_STAR_@148875fa"]), :servlet-response #object[org.eclipse.jetty.ee10.servlet.ServletApiResponse 0x5cff3080 "ServletApiResponse@5cff3080{org.eclipse.jetty.ee10.servlet.ServletContextResponse@48ee0ae8,org.eclipse.jetty.ee10.servlet.ServletContextResponse@48ee0ae8}"], :route {:path "/baseline2", :method :get, :path-parts ["baseline2"], :interceptors [#Interceptor{:name :httparena.pedestal.core/baseline-handler}], :route-name :httparena.pedestal.core/baseline-h2, :path-params [], :path-re #"/\Qbaseline2\E", :io.pedestal.http.route.internal/satisfies-constraints? #object[io.pedestal.http.route.internal$add_satisfies_constraints_QMARK_$fn__11349 0x4b57ae7 "io.pedestal.http.route.internal$add_satisfies_constraints_QMARK_$fn__11349@4b57ae7"]}, :servlet #object[io.pedestal.servlet.FnServlet 0x18594f42 "io.pedestal.servlet.FnServlet@18594f42"], :servlet-request #object[org.eclipse.jetty.ee10.servlet.ServletApiRequest 0x6bb4468c "ServletApiRequest@6bb4468c{ServletContextRequest@3098dfaa{SecureRequestWithSslSessionData@15c69209{GET@2dc76313 https://localhost:8443/baseline2?a=1&b=1 HTTP/2.0}}}"], :websocket-channel-source #object[org.eclipse.jetty.ee10.servlet.ServletApiRequest 0x6bb4468c "ServletApiRequest@6bb4468c{ServletContextRequest@3098dfaa{SecureRequestWithSslSessionData@15c69209{GET@2dc76313 https://localhost:8443/baseline2?a=1&b=1 HTTP/2.0}}}"], :io.pedestal.interceptor.chain/enter-async [#object[io.pedestal.http.impl.servlet_interceptor$start_servlet_async 0x4b11d6ea "io.pedestal.http.impl.servlet_interceptor$start_servlet_async@4b11d6ea"]], :url-for #object[clojure.lang.Delay 0x648ed001 {:status :pending, :val nil}], :io.pedestal.interceptor.chain/execution-id 1086737, :servlet-config #object[org.eclipse.jetty.ee10.servlet.ServletHolder$Config 0x550e8ba5 "org.eclipse.jetty.ee10.servlet.ServletHolder$Config@550e8ba5"]}, :line 298}
clojure.lang.ExceptionInfo: java.io.EOFException in Interceptor :io.pedestal.http.impl.servlet-interceptor/ring-response - reset {:execution-id nil, :stage :leave, :interceptor :io.pedestal.http.impl.servlet-interceptor/ring-response, :exception-type :java.io.EOFException, :exception #error {
 :cause "reset"
 :via
 [{:type java.io.EOFException
   :message "reset"
   :at [org.eclipse.jetty.http2.HTTP2Stream reset "HTTP2Stream.java" 181]}]
 :trace
 [[org.eclipse.jetty.http2.HTTP2Stream reset "HTTP2Stream.java" 181]
  [org.eclipse.jetty.http2.HTTP2Session lambda$failStreams$0 "HTTP2Session.java" 747]
  [org.eclipse.jetty.util.Callback$4 completed "Callback.java" 227]
  [org.eclipse.jetty.util.Callback$Completing succeeded "Callback.java" 416]
  [org.eclipse.jetty.util.Callback$Nested succeeded "Callback.java" 467]
  [org.eclipse.jetty.http2.server.internal.HttpStreamOverHTTP2$FailureTask run "HttpStreamOverHTTP2.java" 711]
  [org.eclipse.jetty.util.thread.ReservedThreadExecutor$ReservedThread run "ReservedThreadExecutor.java" 311]
  [org.eclipse.jetty.util.thread.QueuedThreadPool runJob "QueuedThreadPool.java" 981]
  [org.eclipse.jetty.util.thread.QueuedThreadPool$Runner doRunJob "QueuedThreadPool.java" 1212]
  [org.eclipse.jetty.util.thread.QueuedThreadPool$Runner run "QueuedThreadPool.java" 1166]
  [java.lang.Thread run "Thread.java" 1516]]}}
	at io.pedestal.interceptor.chain$throwable__GT_ex_info.invokeStatic(chain.clj:41)
	at io.pedestal.interceptor.chain$throwable__GT_ex_info.invoke(chain.clj:35)
	at io.pedestal.interceptor.chain$begin_error.invokeStatic(chain.clj:74)
	at io.pedestal.interceptor.chain$begin_error.invoke(chain.clj:62)
	at io.pedestal.interceptor.chain$try_stage.invokeStatic(chain.clj:124)
	at io.pedestal.interceptor.chain$try_stage.invoke(chain.clj:108)
	at io.pedestal.interceptor.chain$execute_leave$fn__11043.invoke(chain.clj:270)
	at clojure.lang.AFn.applyToHelper(AFn.java:152)
	at clojure.lang.AFn.applyTo(AFn.java:144)
	at clojure.core$apply.invokeStatic(core.clj:667)
	at clojure.core$with_bindings_STAR_.invokeStatic(core.clj:1994)
	at clojure.core$with_bindings_STAR_.doInvoke(core.clj:1994)
	at clojure.lang.RestFn.invoke(RestFn.java:428)
	at io.pedestal.interceptor.chain$execute_leave.invokeStatic(chain.clj:250)
	at io.pedestal.interceptor.chain$execute_leave.invoke(chain.clj:243)
	at io.pedestal.interceptor.chain$execute_continue.invokeStatic(chain.clj:362)
	at io.pedestal.interceptor.chain$execute_continue.invoke(chain.clj:359)
	at io.pedestal.interceptor.chain$execute.invokeStatic(chain.clj:424)
	at io.pedestal.interceptor.chain$execute.invoke(chain.clj:373)
	at io.pedestal.interceptor.chain$execute.invokeStatic(chain.clj:429)
	at io.pedestal.interceptor.chain$execute.invoke(chain.clj:373)
	at io.pedestal.http.impl.servlet_interceptor$interceptor_service_fn$fn__16045.invoke(servlet_interceptor.clj:386)
	at io.pedestal.servlet.FnServlet.service(FnServlet.java:57)
	at jakarta.servlet.http.HttpServlet.service(HttpServlet.java:614)
	at org.eclipse.jetty.ee10.servlet.ServletHolder.handle(ServletHolder.java:753)
	at org.eclipse.jetty.ee10.servlet.ServletHandler$ChainEnd.doFilter(ServletHandler.java:1624)
	at org.eclipse.jetty.ee10.websocket.servlet.WebSocketUpgradeFilter.doFilter(WebSocketUpgradeFilter.java:195)
	at org.eclipse.jetty.ee10.servlet.FilterHolder.doFilter(FilterHolder.java:205)
	at org.eclipse.jetty.ee10.servlet.ServletHandler$Chain.doFilter(ServletHandler.java:1596)
	at org.eclipse.jetty.ee10.servlet.ServletHandler$MappedServlet.handle(ServletHandler.java:1557)
	at org.eclipse.jetty.ee10.servlet.ServletChannel.dispatch(ServletChannel.java:828)
	at org.eclipse.jetty.ee10.servlet.ServletChannel.handle(ServletChannel.java:438)
	at org.eclipse.jetty.ee10.servlet.ServletHandler.handle(ServletHandler.java:470)
	at org.eclipse.jetty.ee10.servlet.SessionHandler.handle(SessionHandler.java:717)
	at org.eclipse.jetty.server.handler.gzip.GzipHandler.handle(GzipHandler.java:613)
	at org.eclipse.jetty.server.handler.ContextHandler.handle(ContextHandler.java:1102)
	at org.eclipse.jetty.server.Server.handle(Server.java:182)
	at org.eclipse.jetty.server.internal.HttpChannelState$HandlerInvoker.run(HttpChannelState.java:772)
	at org.eclipse.jetty.util.thread.Invocable$ReadyTask.run(Invocable.java:177)
	at org.eclipse.jetty.http2.server.internal.HttpStreamOverHTTP2$1.run(HttpStreamOverHTTP2.java:144)
	at org.eclipse.jetty.util.thread.QueuedThreadPool.runJob(QueuedThreadPool.java:981)
	at org.eclipse.jetty.util.thread.QueuedThreadPool$Runner.doRunJob(QueuedThreadPool.java:1212)
	at org.eclipse.jetty.util.thread.QueuedThreadPool$Runner.run(QueuedThreadPool.java:1166)
	at java.base/java.lang.Thread.run(Thread.java:1516)
Caused by: java.io.EOFException: reset
	at org.eclipse.jetty.http2.HTTP2Stream.reset(HTTP2Stream.java:181)
	at org.eclipse.jetty.http2.HTTP2Session.lambda$failStreams$0(HTTP2Session.java:747)
	at org.eclipse.jetty.util.Callback$4.completed(Callback.java:227)
	at org.eclipse.jetty.util.Callback$Completing.succeeded(Callback.java:416)
	at org.eclipse.jetty.util.Callback$Nested.succeeded(Callback.java:467)
	at org.eclipse.jetty.http2.server.internal.HttpStreamOverHTTP2$FailureTask.run(HttpStreamOverHTTP2.java:711)
	at org.eclipse.jetty.util.thread.ReservedThreadExecutor$ReservedThread.run(ReservedThreadExecutor.java:311)
	... 4 more
[qtp1395846122-269] ERROR io.pedestal.http.impl.servlet-interceptor - {:msg "error-stylobate triggered", :context {:response {:status 200, :headers {"content-type" "text/plain", "Content-Type" "text/plain"}, :body "2"}, :io.pedestal.interceptor.chain/leave-queue (), :request {:protocol "HTTP/2.0", :async-supported? true, :remote-addr "127.0.0.1", :params {:a "1", :b "1"}, :servlet-response #object[org.eclipse.jetty.ee10.servlet.ServletApiResponse 0x3a5d5543 "ServletApiResponse@3a5d5543{org.eclipse.jetty.ee10.servlet.ServletContextResponse@354e19f8,org.eclipse.jetty.ee10.servlet.ServletContextResponse@354e19f8}"], :servlet #object[io.pedestal.servlet.FnServlet 0x18594f42 "io.pedestal.servlet.FnServlet@18594f42"], :headers {"user-agent" "h2load nghttp2/1.59.0"}, :server-port 8443, :servlet-request #object[org.eclipse.jetty.ee10.servlet.ServletApiRequest 0x58052859 "ServletApiRequest@58052859{ServletContextRequest@708b42d0{SecureRequestWithSslSessionData@202cf6cf{GET@65e8aaeb https://localhost:8443/baseline2?a=1&b=1 HTTP/2.0}}}"], :query-params {:a "1", :b "1"}, :path-info "/baseline2", :url-for #object[clojure.lang.Delay 0x145e01ef {:status :pending, :val nil}], :uri "/baseline2", :server-name "localhost", :query-string "a=1&b=1", :path-params {}, :body #object[org.eclipse.jetty.ee10.servlet.HttpInput 0x3ee94c76 "HttpInput@1055476854 cs=ServletChannelState@79344fea{s=HANDLING rs=BLOCKING os=OPEN is=IDLE awp=false se=false i=true al=0} cp=org.eclipse.jetty.ee10.servlet.BlockingContentProducer@59ab1dd5 eof=false"], :scheme :https, :request-method :get, :context-path ""}, :io.pedestal.http.route/path-params-decoded? true, :bindings {#'io.pedestal.http.route/*url-for* #object[clojure.lang.Delay 0x145e01ef {:status :pending, :val nil}]}, :io.pedestal.interceptor.chain/terminators (#object[io.pedestal.http.response$terminate_when_response_STAR_ 0x148875fa "io.pedestal.http.response$terminate_when_response_STAR_@148875fa"]), :servlet-response #object[org.eclipse.jetty.ee10.servlet.ServletApiResponse 0x3a5d5543 "ServletApiResponse@3a5d5543{org.eclipse.jetty.ee10.servlet.ServletContextResponse@354e19f8,org.eclipse.jetty.ee10.servlet.ServletContextResponse@354e19f8}"], :route {:path "/baseline2", :method :get, :path-parts ["baseline2"], :interceptors [#Interceptor{:name :httparena.pedestal.core/baseline-handler}], :route-name :httparena.pedestal.core/baseline-h2, :path-params [], :path-re #"/\Qbaseline2\E", :io.pedestal.http.route.internal/satisfies-constraints? #object[io.pedestal.http.route.internal$add_satisfies_constraints_QMARK_$fn__11349 0x4b57ae7 "io.pedestal.http.route.internal$add_satisfies_constraints_QMARK_$fn__11349@4b57ae7"]}, :servlet #object[io.pedestal.servlet.FnServlet 0x18594f42 "io.pedestal.servlet.FnServlet@18594f42"], :servlet-request #object[org.eclipse.jetty.ee10.servlet.ServletApiRequest 0x58052859 "ServletApiRequest@58052859{ServletContextRequest@708b42d0{SecureRequestWithSslSessionData@202cf6cf{GET@65e8aaeb https://localhost:8443/baseline2?a=1&b=1 HTTP/2.0}}}"], :websocket-channel-source #object[org.eclipse.jetty.ee10.servlet.ServletApiRequest 0x58052859 "ServletApiRequest@58052859{ServletContextRequest@708b42d0{SecureRequestWithSslSessionData@202cf6cf{GET@65e8aaeb https://localhost:8443/baseline2?a=1&b=1 HTTP/2.0}}}"], :io.pedestal.interceptor.chain/enter-async [#object[io.pedestal.http.impl.servlet_interceptor$start_servlet_async 0x4b11d6ea "io.pedestal.http.impl.servlet_interceptor$start_servlet_async@4b11d6ea"]], :url-for #object[clojure.lang.Delay 0x145e01ef {:status :pending, :val nil}], :io.pedestal.interceptor.chain/execution-id 1087626, :servlet-config #object[org.eclipse.jetty.ee10.servlet.ServletHolder$Config 0x550e8ba5 "org.eclipse.jetty.ee10.servlet.ServletHolder$Config@550e8ba5"]}, :line 298}
clojure.lang.ExceptionInfo: java.io.EOFException in Interceptor :io.pedestal.http.impl.servlet-interceptor/ring-response - reset {:execution-id nil, :stage :leave, :interceptor :io.pedestal.http.impl.servlet-interceptor/ring-response, :exception-type :java.io.EOFException, :exception #error {
 :cause "reset"
 :via
 [{:type java.io.EOFException
   :message "reset"
   :at [org.eclipse.jetty.http2.HTTP2Stream reset "HTTP2Stream.java" 181]}]
 :trace
 [[org.eclipse.jetty.http2.HTTP2Stream reset "HTTP2Stream.java" 181]
  [org.eclipse.jetty.http2.HTTP2Session lambda$failStreams$0 "HTTP2Session.java" 747]
  [org.eclipse.jetty.util.Callback$4 completed "Callback.java" 227]
  [org.eclipse.jetty.util.Callback$Completing succeeded "Callback.java" 416]
  [org.eclipse.jetty.util.Callback$Nested succeeded "Callback.java" 467]
  [org.eclipse.jetty.http2.server.internal.HttpStreamOverHTTP2$FailureTask run "HttpStreamOverHTTP2.java" 711]
  [org.eclipse.jetty.util.thread.ReservedThreadExecutor$ReservedThread run "ReservedThreadExecutor.java" 311]
  [org.eclipse.jetty.util.thread.QueuedThreadPool runJob "QueuedThreadPool.java" 981]
  [org.eclipse.jetty.util.thread.QueuedThreadPool$Runner doRunJob "QueuedThreadPool.java" 1212]
  [org.eclipse.jetty.util.thread.QueuedThreadPool$Runner run "QueuedThreadPool.java" 1166]
  [java.lang.Thread run "Thread.java" 1516]]}}
	at io.pedestal.interceptor.chain$throwable__GT_ex_info.invokeStatic(chain.clj:41)
	at io.pedestal.interceptor.chain$throwable__GT_ex_info.invoke(chain.clj:35)
	at io.pedestal.interceptor.chain$begin_error.invokeStatic(chain.clj:74)
	at io.pedestal.interceptor.chain$begin_error.invoke(chain.clj:62)
	at io.pedestal.interceptor.chain$try_stage.invokeStatic(chain.clj:124)
	at io.pedestal.interceptor.chain$try_stage.invoke(chain.clj:108)
	at io.pedestal.interceptor.chain$execute_leave$fn__11043.invoke(chain.clj:270)
	at clojure.lang.AFn.applyToHelper(AFn.java:152)
	at clojure.lang.AFn.applyTo(AFn.java:144)
	at clojure.core$apply.invokeStatic(core.clj:667)
	at clojure.core$with_bindings_STAR_.invokeStatic(core.clj:1994)
	at clojure.core$with_bindings_STAR_.doInvoke(core.clj:1994)
	at clojure.lang.RestFn.invoke(RestFn.java:428)
	at io.pedestal.interceptor.chain$execute_leave.invokeStatic(chain.clj:250)
	at io.pedestal.interceptor.chain$execute_leave.invoke(chain.clj:243)
	at io.pedestal.interceptor.chain$execute_continue.invokeStatic(chain.clj:362)
	at io.pedestal.interceptor.chain$execute_continue.invoke(chain.clj:359)
	at io.pedestal.interceptor.chain$execute.invokeStatic(chain.clj:424)
	at io.pedestal.interceptor.chain$execute.invoke(chain.clj:373)
	at io.pedestal.interceptor.chain$execute.invokeStatic(chain.clj:429)
	at io.pedestal.interceptor.chain$execute.invoke(chain.clj:373)
	at io.pedestal.http.impl.servlet_interceptor$interceptor_service_fn$fn__16045.invoke(servlet_interceptor.clj:386)
	at io.pedestal.servlet.FnServlet.service(FnServlet.java:57)
	at jakarta.servlet.http.HttpServlet.service(HttpServlet.java:614)
	at org.eclipse.jetty.ee10.servlet.ServletHolder.handle(ServletHolder.java:753)
	at org.eclipse.jetty.ee10.servlet.ServletHandler$ChainEnd.doFilter(ServletHandler.java:1624)
	at org.eclipse.jetty.ee10.websocket.servlet.WebSocketUpgradeFilter.doFilter(WebSocketUpgradeFilter.java:195)
	at org.eclipse.jetty.ee10.servlet.FilterHolder.doFilter(FilterHolder.java:205)
	at org.eclipse.jetty.ee10.servlet.ServletHandler$Chain.doFilter(ServletHandler.java:1596)
	at org.eclipse.jetty.ee10.servlet.ServletHandler$MappedServlet.handle(ServletHandler.java:1557)
	at org.eclipse.jetty.ee10.servlet.ServletChannel.dispatch(ServletChannel.java:828)
	at org.eclipse.jetty.ee10.servlet.ServletChannel.handle(ServletChannel.java:438)
	at org.eclipse.jetty.ee10.servlet.ServletHandler.handle(ServletHandler.java:470)
	at org.eclipse.jetty.ee10.servlet.SessionHandler.handle(SessionHandler.java:717)
	at org.eclipse.jetty.server.handler.gzip.GzipHandler.handle(GzipHandler.java:613)
	at org.eclipse.jetty.server.handler.ContextHandler.handle(ContextHandler.java:1102)
	at org.eclipse.jetty.server.Server.handle(Server.java:182)
	at org.eclipse.jetty.server.internal.HttpChannelState$HandlerInvoker.run(HttpChannelState.java:772)
	at org.eclipse.jetty.util.thread.Invocable$ReadyTask.run(Invocable.java:177)
	at org.eclipse.jetty.http2.server.internal.HttpStreamOverHTTP2$1.run(HttpStreamOverHTTP2.java:144)
	at org.eclipse.jetty.util.thread.QueuedThreadPool.runJob(QueuedThreadPool.java:981)
	at org.eclipse.jetty.util.thread.QueuedThreadPool$Runner.doRunJob(QueuedThreadPool.java:1212)
	at org.eclipse.jetty.util.thread.QueuedThreadPool$Runner.run(QueuedThreadPool.java:1166)
	at java.base/java.lang.Thread.run(Thread.java:1516)
Caused by: java.io.EOFException: reset
	at org.eclipse.jetty.http2.HTTP2Stream.reset(HTTP2Stream.java:181)
	at org.eclipse.jetty.http2.HTTP2Session.lambda$failStreams$0(HTTP2Session.java:747)
	at org.eclipse.jetty.util.Callback$4.completed(Callback.java:227)
	at org.eclipse.jetty.util.Callback$Completing.succeeded(Callback.java:416)
	at org.eclipse.jetty.util.Callback$Nested.succeeded(Callback.java:467)
	at org.eclipse.jetty.http2.server.internal.HttpStreamOverHTTP2$FailureTask.run(HttpStreamOverHTTP2.java:711)
	at org.eclipse.jetty.util.thread.ReservedThreadExecutor$ReservedThread.run(ReservedThreadExecutor.java:311)
	... 4 more
[qtp1395846122-176] ERROR io.pedestal.http.impl.servlet-interceptor - {:msg "error-stylobate triggered", :context {:response {:status 200, :headers {"content-type" "text/plain", "Content-Type" "text/plain"}, :body "2"}, :io.pedestal.interceptor.chain/leave-queue (), :request {:protocol "HTTP/2.0", :async-supported? true, :remote-addr "127.0.0.1", :params {:a "1", :b "1"}, :servlet-response #object[org.eclipse.jetty.ee10.servlet.ServletApiResponse 0x622059d8 "ServletApiResponse@622059d8{org.eclipse.jetty.ee10.servlet.ServletContextResponse@383a9dde,org.eclipse.jetty.ee10.servlet.ServletContextResponse@383a9dde}"], :servlet #object[io.pedestal.servlet.FnServlet 0x18594f42 "io.pedestal.servlet.FnServlet@18594f42"], :headers {"user-agent" "h2load nghttp2/1.59.0"}, :server-port 8443, :servlet-request #object[org.eclipse.jetty.ee10.servlet.ServletApiRequest 0x706066e7 "ServletApiRequest@706066e7{ServletContextRequest@3970c562{SecureRequestWithSslSessionData@59fea50d{GET@35c60781 https://localhost:8443/baseline2?a=1&b=1 HTTP/2.0}}}"], :query-params {:a "1", :b "1"}, :path-info "/baseline2", :url-for #object[clojure.lang.Delay 0x46e20880 {:status :pending, :val nil}], :uri "/baseline2", :server-name "localhost", :query-string "a=1&b=1", :path-params {}, :body #object[org.eclipse.jetty.ee10.servlet.HttpInput 0x79868eeb "HttpInput@2038861547 cs=ServletChannelState@557c9a1b{s=HANDLING rs=BLOCKING os=OPEN is=IDLE awp=false se=false i=true al=0} cp=org.eclipse.jetty.ee10.servlet.BlockingContentProducer@5083653a eof=false"], :scheme :https, :request-method :get, :context-path ""}, :io.pedestal.http.route/path-params-decoded? true, :bindings {#'io.pedestal.http.route/*url-for* #object[clojure.lang.Delay 0x46e20880 {:status :pending, :val nil}]}, :io.pedestal.interceptor.chain/terminators (#object[io.pedestal.http.response$terminate_when_response_STAR_ 0x148875fa "io.pedestal.http.response$terminate_when_response_STAR_@148875fa"]), :servlet-response #object[org.eclipse.jetty.ee10.servlet.ServletApiResponse 0x622059d8 "ServletApiResponse@622059d8{org.eclipse.jetty.ee10.servlet.ServletContextResponse@383a9dde,org.eclipse.jetty.ee10.servlet.ServletContextResponse@383a9dde}"], :route {:path "/baseline2", :method :get, :path-parts ["baseline2"], :interceptors [#Interceptor{:name :httparena.pedestal.core/baseline-handler}], :route-name :httparena.pedestal.core/baseline-h2, :path-params [], :path-re #"/\Qbaseline2\E", :io.pedestal.http.route.internal/satisfies-constraints? #object[io.pedestal.http.route.internal$add_satisfies_constraints_QMARK_$fn__11349 0x4b57ae7 "io.pedestal.http.route.internal$add_satisfies_constraints_QMARK_$fn__11349@4b57ae7"]}, :servlet #object[io.pedestal.servlet.FnServlet 0x18594f42 "io.pedestal.servlet.FnServlet@18594f42"], :servlet-request #object[org.eclipse.jetty.ee10.servlet.ServletApiRequest 0x706066e7 "ServletApiRequest@706066e7{ServletContextRequest@3970c562{SecureRequestWithSslSessionData@59fea50d{GET@35c60781 https://localhost:8443/baseline2?a=1&b=1 HTTP/2.0}}}"], :websocket-channel-source #object[org.eclipse.jetty.ee10.servlet.ServletApiRequest 0x706066e7 "ServletApiRequest@706066e7{ServletContextRequest@3970c562{SecureRequestWithSslSessionData@59fea50d{GET@35c60781 https://localhost:8443/baseline2?a=1&b=1 HTTP/2.0}}}"], :io.pedestal.interceptor.chain/enter-async [#object[io.pedestal.http.impl.servlet_interceptor$start_servlet_async 0x4b11d6ea "io.pedestal.http.impl.servlet_interceptor$start_servlet_async@4b11d6ea"]], :url-for #object[clojure.lang.Delay 0x46e20880 {:status :pending, :val nil}], :io.pedestal.interceptor.chain/execution-id 1087582, :servlet-config #object[org.eclipse.jetty.ee10.servlet.ServletHolder$Config 0x550e8ba5 "org.eclipse.jetty.ee10.servlet.ServletHolder$Config@550e8ba5"]}, :line 298}
clojure.lang.ExceptionInfo: java.io.EOFException in Interceptor :io.pedestal.http.impl.servlet-interceptor/ring-response - reset {:execution-id nil, :stage :leave, :interceptor :io.pedestal.http.impl.servlet-interceptor/ring-response, :exception-type :java.io.EOFException, :exception #error {
 :cause "reset"
 :via
 [{:type java.io.EOFException
   :message "reset"
   :at [org.eclipse.jetty.http2.HTTP2Stream reset "HTTP2Stream.java" 181]}]
 :trace
 [[org.eclipse.jetty.http2.HTTP2Stream reset "HTTP2Stream.java" 181]
  [org.eclipse.jetty.http2.HTTP2Session lambda$failStreams$0 "HTTP2Session.java" 747]
  [org.eclipse.jetty.util.Callback$4 completed "Callback.java" 227]
  [org.eclipse.jetty.util.Callback$Completing succeeded "Callback.java" 416]
  [org.eclipse.jetty.util.Callback$Nested succeeded "Callback.java" 467]
  [org.eclipse.jetty.http2.server.internal.HttpStreamOverHTTP2$FailureTask run "HttpStreamOverHTTP2.java" 711]
  [org.eclipse.jetty.util.thread.ReservedThreadExecutor$ReservedThread run "ReservedThreadExecutor.java" 311]
  [org.eclipse.jetty.util.thread.QueuedThreadPool runJob "QueuedThreadPool.java" 981]
  [org.eclipse.jetty.util.thread.QueuedThreadPool$Runner doRunJob "QueuedThreadPool.java" 1212]
  [org.eclipse.jetty.util.thread.QueuedThreadPool$Runner run "QueuedThreadPool.java" 1166]
  [java.lang.Thread run "Thread.java" 1516]]}}
	at io.pedestal.interceptor.chain$throwable__GT_ex_info.invokeStatic(chain.clj:41)
	at io.pedestal.interceptor.chain$throwable__GT_ex_info.invoke(chain.clj:35)
	at io.pedestal.interceptor.chain$begin_error.invokeStatic(chain.clj:74)
	at io.pedestal.interceptor.chain$begin_error.invoke(chain.clj:62)
	at io.pedestal.interceptor.chain$try_stage.invokeStatic(chain.clj:124)
	at io.pedestal.interceptor.chain$try_stage.invoke(chain.clj:108)
	at io.pedestal.interceptor.chain$execute_leave$fn__11043.invoke(chain.clj:270)
	at clojure.lang.AFn.applyToHelper(AFn.java:152)
	at clojure.lang.AFn.applyTo(AFn.java:144)
	at clojure.core$apply.invokeStatic(core.clj:667)
	at clojure.core$with_bindings_STAR_.invokeStatic(core.clj:1994)
	at clojure.core$with_bindings_STAR_.doInvoke(core.clj:1994)
	at clojure.lang.RestFn.invoke(RestFn.java:428)
	at io.pedestal.interceptor.chain$execute_leave.invokeStatic(chain.clj:250)
	at io.pedestal.interceptor.chain$execute_leave.invoke(chain.clj:243)
	at io.pedestal.interceptor.chain$execute_continue.invokeStatic(chain.clj:362)
	at io.pedestal.interceptor.chain$execute_continue.invoke(chain.clj:359)
	at io.pedestal.interceptor.chain$execute.invokeStatic(chain.clj:424)
	at io.pedestal.interceptor.chain$execute.invoke(chain.clj:373)
	at io.pedestal.interceptor.chain$execute.invokeStatic(chain.clj:429)
	at io.pedestal.interceptor.chain$execute.invoke(chain.clj:373)
	at io.pedestal.http.impl.servlet_interceptor$interceptor_service_fn$fn__16045.invoke(servlet_interceptor.clj:386)
	at io.pedestal.servlet.FnServlet.service(FnServlet.java:57)
	at jakarta.servlet.http.HttpServlet.service(HttpServlet.java:614)
	at org.eclipse.jetty.ee10.servlet.ServletHolder.handle(ServletHolder.java:753)
	at org.eclipse.jetty.ee10.servlet.ServletHandler$ChainEnd.doFilter(ServletHandler.java:1624)
	at org.eclipse.jetty.ee10.websocket.servlet.WebSocketUpgradeFilter.doFilter(WebSocketUpgradeFilter.java:195)
	at org.eclipse.jetty.ee10.servlet.FilterHolder.doFilter(FilterHolder.java:205)
	at org.eclipse.jetty.ee10.servlet.ServletHandler$Chain.doFilter(ServletHandler.java:1596)
	at org.eclipse.jetty.ee10.servlet.ServletHandler$MappedServlet.handle(ServletHandler.java:1557)
	at org.eclipse.jetty.ee10.servlet.ServletChannel.dispatch(ServletChannel.java:828)
	at org.eclipse.jetty.ee10.servlet.ServletChannel.handle(ServletChannel.java:438)
	at org.eclipse.jetty.ee10.servlet.ServletHandler.handle(ServletHandler.java:470)
	at org.eclipse.jetty.ee10.servlet.SessionHandler.handle(SessionHandler.java:717)
	at org.eclipse.jetty.server.handler.gzip.GzipHandler.handle(GzipHandler.java:613)
	at org.eclipse.jetty.server.handler.ContextHandler.handle(ContextHandler.java:1102)
	at org.eclipse.jetty.server.Server.handle(Server.java:182)
	at org.eclipse.jetty.server.internal.HttpChannelState$HandlerInvoker.run(HttpChannelState.java:772)
	at org.eclipse.jetty.util.thread.Invocable$ReadyTask.run(Invocable.java:177)
	at org.eclipse.jetty.http2.server.internal.HttpStreamOverHTTP2$1.run(HttpStreamOverHTTP2.java:144)
	at org.eclipse.jetty.util.thread.QueuedThreadPool.runJob(QueuedThreadPool.java:981)
	at org.eclipse.jetty.util.thread.QueuedThreadPool$Runner.doRunJob(QueuedThreadPool.java:1212)
	at org.eclipse.jetty.util.thread.QueuedThreadPool$Runner.run(QueuedThreadPool.java:1166)
	at java.base/java.lang.Thread.run(Thread.java:1516)
Caused by: java.io.EOFException: reset
	at org.eclipse.jetty.http2.HTTP2Stream.reset(HTTP2Stream.java:181)
	at org.eclipse.jetty.http2.HTTP2Session.lambda$failStreams$0(HTTP2Session.java:747)
	at org.eclipse.jetty.util.Callback$4.completed(Callback.java:227)
	at org.eclipse.jetty.util.Callback$Completing.succeeded(Callback.java:416)
	at org.eclipse.jetty.util.Callback$Nested.succeeded(Callback.java:467)
	at org.eclipse.jetty.http2.server.internal.HttpStreamOverHTTP2$FailureTask.run(HttpStreamOverHTTP2.java:711)
	at org.eclipse.jetty.util.thread.ReservedThreadExecutor$ReservedThread.run(ReservedThreadExecutor.java:311)
	... 4 more
[qtp1395846122-216] ERROR io.pedestal.http.impl.servlet-interceptor - {:msg "error-stylobate triggered", :context {:response {:status 200, :headers {"content-type" "text/plain", "Content-Type" "text/plain"}, :body "2"}, :io.pedestal.interceptor.chain/leave-queue (), :request {:protocol "HTTP/2.0", :async-supported? true, :remote-addr "127.0.0.1", :params {:a "1", :b "1"}, :servlet-response #object[org.eclipse.jetty.ee10.servlet.ServletApiResponse 0x30ae6c1b "ServletApiResponse@30ae6c1b{org.eclipse.jetty.ee10.servlet.ServletContextResponse@2234bb1e,org.eclipse.jetty.ee10.servlet.ServletContextResponse@2234bb1e}"], :servlet #object[io.pedestal.servlet.FnServlet 0x18594f42 "io.pedestal.servlet.FnServlet@18594f42"], :headers {"user-agent" "h2load nghttp2/1.59.0"}, :server-port 8443, :servlet-request #object[org.eclipse.jetty.ee10.servlet.ServletApiRequest 0x46af7ce0 "ServletApiRequest@46af7ce0{ServletContextRequest@71377c72{SecureRequestWithSslSessionData@32ba18fb{GET@35d1a9f9 https://localhost:8443/baseline2?a=1&b=1 HTTP/2.0}}}"], :query-params {:a "1", :b "1"}, :path-info "/baseline2", :url-for #object[clojure.lang.Delay 0x8249bdf {:status :pending, :val nil}], :uri "/baseline2", :server-name "localhost", :query-string "a=1&b=1", :path-params {}, :body #object[org.eclipse.jetty.ee10.servlet.HttpInput 0x42bab245 "HttpInput@1119531589 cs=ServletChannelState@20a51729{s=HANDLING rs=BLOCKING os=OPEN is=IDLE awp=false se=false i=true al=0} cp=org.eclipse.jetty.ee10.servlet.BlockingContentProducer@1883fca5 eof=false"], :scheme :https, :request-method :get, :context-path ""}, :io.pedestal.http.route/path-params-decoded? true, :bindings {#'io.pedestal.http.route/*url-for* #object[clojure.lang.Delay 0x8249bdf {:status :pending, :val nil}]}, :io.pedestal.interceptor.chain/terminators (#object[io.pedestal.http.response$terminate_when_response_STAR_ 0x148875fa "io.pedestal.http.response$terminate_when_response_STAR_@148875fa"]), :servlet-response #object[org.eclipse.jetty.ee10.servlet.ServletApiResponse 0x30ae6c1b "ServletApiResponse@30ae6c1b{org.eclipse.jetty.ee10.servlet.ServletContextResponse@2234bb1e,org.eclipse.jetty.ee10.servlet.ServletContextResponse@2234bb1e}"], :route {:path "/baseline2", :method :get, :path-parts ["baseline2"], :interceptors [#Interceptor{:name :httparena.pedestal.core/baseline-handler}], :route-name :httparena.pedestal.core/baseline-h2, :path-params [], :path-re #"/\Qbaseline2\E", :io.pedestal.http.route.internal/satisfies-constraints? #object[io.pedestal.http.route.internal$add_satisfies_constraints_QMARK_$fn__11349 0x4b57ae7 "io.pedestal.http.route.internal$add_satisfies_constraints_QMARK_$fn__11349@4b57ae7"]}, :servlet #object[io.pedestal.servlet.FnServlet 0x18594f42 "io.pedestal.servlet.FnServlet@18594f42"], :servlet-request #object[org.eclipse.jetty.ee10.servlet.ServletApiRequest 0x46af7ce0 "ServletApiRequest@46af7ce0{ServletContextRequest@71377c72{SecureRequestWithSslSessionData@32ba18fb{GET@35d1a9f9 https://localhost:8443/baseline2?a=1&b=1 HTTP/2.0}}}"], :websocket-channel-source #object[org.eclipse.jetty.ee10.servlet.ServletApiRequest 0x46af7ce0 "ServletApiRequest@46af7ce0{ServletContextRequest@71377c72{SecureRequestWithSslSessionData@32ba18fb{GET@35d1a9f9 https://localhost:8443/baseline2?a=1&b=1 HTTP/2.0}}}"], :io.pedestal.interceptor.chain/enter-async [#object[io.pedestal.http.impl.servlet_interceptor$start_servlet_async 0x4b11d6ea "io.pedestal.http.impl.servlet_interceptor$start_servlet_async@4b11d6ea"]], :url-for #object[clojure.lang.Delay 0x8249bdf {:status :pending, :val nil}], :io.pedestal.interceptor.chain/execution-id 1086704, :servlet-config #object[org.eclipse.jetty.ee10.servlet.ServletHolder$Config 0x550e8ba5 "org.eclipse.jetty.ee10.servlet.ServletHolder$Config@550e8ba5"]}, :line 298}
clojure.lang.ExceptionInfo: java.io.EOFException in Interceptor :io.pedestal.http.impl.servlet-interceptor/ring-response - reset {:execution-id nil, :stage :leave, :interceptor :io.pedestal.http.impl.servlet-interceptor/ring-response, :exception-type :java.io.EOFException, :exception #error {
 :cause "reset"
 :via
 [{:type java.io.EOFException
   :message "reset"
   :at [org.eclipse.jetty.http2.HTTP2Stream reset "HTTP2Stream.java" 181]}]
 :trace
 [[org.eclipse.jetty.http2.HTTP2Stream reset "HTTP2Stream.java" 181]
  [org.eclipse.jetty.http2.HTTP2Session lambda$failStreams$0 "HTTP2Session.java" 747]
  [org.eclipse.jetty.util.Callback$4 completed "Callback.java" 227]
  [org.eclipse.jetty.util.Callback$Completing succeeded "Callback.java" 416]
  [org.eclipse.jetty.util.Callback$Nested succeeded "Callback.java" 467]
  [org.eclipse.jetty.http2.server.internal.HttpStreamOverHTTP2$FailureTask run "HttpStreamOverHTTP2.java" 711]
  [org.eclipse.jetty.util.thread.ReservedThreadExecutor$ReservedThread run "ReservedThreadExecutor.java" 311]
  [org.eclipse.jetty.util.thread.QueuedThreadPool runJob "QueuedThreadPool.java" 981]
  [org.eclipse.jetty.util.thread.QueuedThreadPool$Runner doRunJob "QueuedThreadPool.java" 1212]
  [org.eclipse.jetty.util.thread.QueuedThreadPool$Runner run "QueuedThreadPool.java" 1166]
  [java.lang.Thread run "Thread.java" 1516]]}}
	at io.pedestal.interceptor.chain$throwable__GT_ex_info.invokeStatic(chain.clj:41)
	at io.pedestal.interceptor.chain$throwable__GT_ex_info.invoke(chain.clj:35)
	at io.pedestal.interceptor.chain$begin_error.invokeStatic(chain.clj:74)
	at io.pedestal.interceptor.chain$begin_error.invoke(chain.clj:62)
	at io.pedestal.interceptor.chain$try_stage.invokeStatic(chain.clj:124)
	at io.pedestal.interceptor.chain$try_stage.invoke(chain.clj:108)
	at io.pedestal.interceptor.chain$execute_leave$fn__11043.invoke(chain.clj:270)
	at clojure.lang.AFn.applyToHelper(AFn.java:152)
	at clojure.lang.AFn.applyTo(AFn.java:144)
	at clojure.core$apply.invokeStatic(core.clj:667)
	at clojure.core$with_bindings_STAR_.invokeStatic(core.clj:1994)
	at clojure.core$with_bindings_STAR_.doInvoke(core.clj:1994)
	at clojure.lang.RestFn.invoke(RestFn.java:428)
	at io.pedestal.interceptor.chain$execute_leave.invokeStatic(chain.clj:250)
	at io.pedestal.interceptor.chain$execute_leave.invoke(chain.clj:243)
	at io.pedestal.interceptor.chain$execute_continue.invokeStatic(chain.clj:362)
	at io.pedestal.interceptor.chain$execute_continue.invoke(chain.clj:359)
	at io.pedestal.interceptor.chain$execute.invokeStatic(chain.clj:424)
	at io.pedestal.interceptor.chain$execute.invoke(chain.clj:373)
	at io.pedestal.interceptor.chain$execute.invokeStatic(chain.clj:429)
	at io.pedestal.interceptor.chain$execute.invoke(chain.clj:373)
	at io.pedestal.http.impl.servlet_interceptor$interceptor_service_fn$fn__16045.invoke(servlet_interceptor.clj:386)
	at io.pedestal.servlet.FnServlet.service(FnServlet.java:57)
	at jakarta.servlet.http.HttpServlet.service(HttpServlet.java:614)
	at org.eclipse.jetty.ee10.servlet.ServletHolder.handle(ServletHolder.java:753)
	at org.eclipse.jetty.ee10.servlet.ServletHandler$ChainEnd.doFilter(ServletHandler.java:1624)
	at org.eclipse.jetty.ee10.websocket.servlet.WebSocketUpgradeFilter.doFilter(WebSocketUpgradeFilter.java:195)
	at org.eclipse.jetty.ee10.servlet.FilterHolder.doFilter(FilterHolder.java:205)
	at org.eclipse.jetty.ee10.servlet.ServletHandler$Chain.doFilter(ServletHandler.java:1596)
	at org.eclipse.jetty.ee10.servlet.ServletHandler$MappedServlet.handle(ServletHandler.java:1557)
	at org.eclipse.jetty.ee10.servlet.ServletChannel.dispatch(ServletChannel.java:828)
	at org.eclipse.jetty.ee10.servlet.ServletChannel.handle(ServletChannel.java:438)
	at org.eclipse.jetty.ee10.servlet.ServletHandler.handle(ServletHandler.java:470)
	at org.eclipse.jetty.ee10.servlet.SessionHandler.handle(SessionHandler.java:717)
	at org.eclipse.jetty.server.handler.gzip.GzipHandler.handle(GzipHandler.java:613)
	at org.eclipse.jetty.server.handler.ContextHandler.handle(ContextHandler.java:1102)
	at org.eclipse.jetty.server.Server.handle(Server.java:182)
	at org.eclipse.jetty.server.internal.HttpChannelState$HandlerInvoker.run(HttpChannelState.java:772)
	at org.eclipse.jetty.util.thread.Invocable$ReadyTask.run(Invocable.java:177)
	at org.eclipse.jetty.http2.server.internal.HttpStreamOverHTTP2$1.run(HttpStreamOverHTTP2.java:144)
	at org.eclipse.jetty.util.thread.QueuedThreadPool.runJob(QueuedThreadPool.java:981)
	at org.eclipse.jetty.util.thread.QueuedThreadPool$Runner.doRunJob(QueuedThreadPool.java:1212)
	at org.eclipse.jetty.util.thread.QueuedThreadPool$Runner.run(QueuedThreadPool.java:1166)
	at java.base/java.lang.Thread.run(Thread.java:1516)
Caused by: java.io.EOFException: reset
	at org.eclipse.jetty.http2.HTTP2Stream.reset(HTTP2Stream.java:181)
	at org.eclipse.jetty.http2.HTTP2Session.lambda$failStreams$0(HTTP2Session.java:747)
	at org.eclipse.jetty.util.Callback$4.completed(Callback.java:227)
	at org.eclipse.jetty.util.Callback$Completing.succeeded(Callback.java:416)
	at org.eclipse.jetty.util.Callback$Nested.succeeded(Callback.java:467)
	at org.eclipse.jetty.http2.server.internal.HttpStreamOverHTTP2$FailureTask.run(HttpStreamOverHTTP2.java:711)
	at org.eclipse.jetty.util.thread.ReservedThreadExecutor$ReservedThread.run(ReservedThreadExecutor.java:311)
	... 4 more
[qtp1395846122-368] ERROR io.pedestal.http.impl.servlet-interceptor - {:msg "error-stylobate triggered", :context {:response {:status 200, :headers {"content-type" "text/plain", "Content-Type" "text/plain"}, :body "2"}, :io.pedestal.interceptor.chain/leave-queue (), :request {:protocol "HTTP/2.0", :async-supported? true, :remote-addr "127.0.0.1", :params {:a "1", :b "1"}, :servlet-response #object[org.eclipse.jetty.ee10.servlet.ServletApiResponse 0x54ab6f6f "ServletApiResponse@54ab6f6f{org.eclipse.jetty.ee10.servlet.ServletContextResponse@5094f122,org.eclipse.jetty.ee10.servlet.ServletContextResponse@5094f122}"], :servlet #object[io.pedestal.servlet.FnServlet 0x18594f42 "io.pedestal.servlet.FnServlet@18594f42"], :headers {"user-agent" "h2load nghttp2/1.59.0"}, :server-port 8443, :servlet-request #object[org.eclipse.jetty.ee10.servlet.ServletApiRequest 0x15966554 "ServletApiRequest@15966554{ServletContextRequest@2b16c3be{SecureRequestWithSslSessionData@244911a4{GET@5323e9ee https://localhost:8443/baseline2?a=1&b=1 HTTP/2.0}}}"], :query-params {:a "1", :b "1"}, :path-info "/baseline2", :url-for #object[clojure.lang.Delay 0x75b99a1b {:status :pending, :val nil}], :uri "/baseline2", :server-name "localhost", :query-string "a=1&b=1", :path-params {}, :body #object[org.eclipse.jetty.ee10.servlet.HttpInput 0x68afac21 "HttpInput@1756343329 cs=ServletChannelState@40754a1{s=HANDLING rs=BLOCKING os=OPEN is=IDLE awp=false se=false i=true al=0} cp=org.eclipse.jetty.ee10.servlet.BlockingContentProducer@4827a156 eof=false"], :scheme :https, :request-method :get, :context-path ""}, :io.pedestal.http.route/path-params-decoded? true, :bindings {#'io.pedestal.http.route/*url-for* #object[clojure.lang.Delay 0x75b99a1b {:status :pending, :val nil}]}, :io.pedestal.interceptor.chain/terminators (#object[io.pedestal.http.response$terminate_when_response_STAR_ 0x148875fa "io.pedestal.http.response$terminate_when_response_STAR_@148875fa"]), :servlet-response #object[org.eclipse.jetty.ee10.servlet.ServletApiResponse 0x54ab6f6f "ServletApiResponse@54ab6f6f{org.eclipse.jetty.ee10.servlet.ServletContextResponse@5094f122,org.eclipse.jetty.ee10.servlet.ServletContextResponse@5094f122}"], :route {:path "/baseline2", :method :get, :path-parts ["baseline2"], :interceptors [#Interceptor{:name :httparena.pedestal.core/baseline-handler}], :route-name :httparena.pedestal.core/baseline-h2, :path-params [], :path-re #"/\Qbaseline2\E", :io.pedestal.http.route.internal/satisfies-constraints? #object[io.pedestal.http.route.internal$add_satisfies_constraints_QMARK_$fn__11349 0x4b57ae7 "io.pedestal.http.route.internal$add_satisfies_constraints_QMARK_$fn__11349@4b57ae7"]}, :servlet #object[io.pedestal.servlet.FnServlet 0x18594f42 "io.pedestal.servlet.FnServlet@18594f42"], :servlet-request #object[org.eclipse.jetty.ee10.servlet.ServletApiRequest 0x15966554 "ServletApiRequest@15966554{ServletContextRequest@2b16c3be{SecureRequestWithSslSessionData@244911a4{GET@5323e9ee https://localhost:8443/baseline2?a=1&b=1 HTTP/2.0}}}"], :websocket-channel-source #object[org.eclipse.jetty.ee10.servlet.ServletApiRequest 0x15966554 "ServletApiRequest@15966554{ServletContextRequest@2b16c3be{SecureRequestWithSslSessionData@244911a4{GET@5323e9ee https://localhost:8443/baseline2?a=1&b=1 HTTP/2.0}}}"], :io.pedestal.interceptor.chain/enter-async [#object[io.pedestal.http.impl.servlet_interceptor$start_servlet_async 0x4b11d6ea "io.pedestal.http.impl.servlet_interceptor$start_servlet_async@4b11d6ea"]], :url-for #object[clojure.lang.Delay 0x75b99a1b {:status :pending, :val nil}], :io.pedestal.interceptor.chain/execution-id 1087633, :servlet-config #object[org.eclipse.jetty.ee10.servlet.ServletHolder$Config 0x550e8ba5 "org.eclipse.jetty.ee10.servlet.ServletHolder$Config@550e8ba5"]}, :line 298}
clojure.lang.ExceptionInfo: java.io.EOFException in Interceptor :io.pedestal.http.impl.servlet-interceptor/ring-response - reset {:execution-id nil, :stage :leave, :interceptor :io.pedestal.http.impl.servlet-interceptor/ring-response, :exception-type :java.io.EOFException, :exception #error {
 :cause "reset"
 :via
 [{:type java.io.EOFException
   :message "reset"
   :at [org.eclipse.jetty.http2.HTTP2Stream reset "HTTP2Stream.java" 181]}]
 :trace
 [[org.eclipse.jetty.http2.HTTP2Stream reset "HTTP2Stream.java" 181]
  [org.eclipse.jetty.http2.HTTP2Session lambda$failStreams$0 "HTTP2Session.java" 747]
  [org.eclipse.jetty.util.Callback$4 completed "Callback.java" 227]
  [org.eclipse.jetty.util.Callback$Completing succeeded "Callback.java" 416]
  [org.eclipse.jetty.util.Callback$Nested succeeded "Callback.java" 467]
  [org.eclipse.jetty.http2.server.internal.HttpStreamOverHTTP2$FailureTask run "HttpStreamOverHTTP2.java" 711]
  [org.eclipse.jetty.util.thread.ReservedThreadExecutor$ReservedThread run "ReservedThreadExecutor.java" 311]
  [org.eclipse.jetty.util.thread.QueuedThreadPool runJob "QueuedThreadPool.java" 981]
  [org.eclipse.jetty.util.thread.QueuedThreadPool$Runner doRunJob "QueuedThreadPool.java" 1212]
  [org.eclipse.jetty.util.thread.QueuedThreadPool$Runner run "QueuedThreadPool.java" 1166]
  [java.lang.Thread run "Thread.java" 1516]]}}
	at io.pedestal.interceptor.chain$throwable__GT_ex_info.invokeStatic(chain.clj:41)
	at io.pedestal.interceptor.chain$throwable__GT_ex_info.invoke(chain.clj:35)
	at io.pedestal.interceptor.chain$begin_error.invokeStatic(chain.clj:74)
	at io.pedestal.interceptor.chain$begin_error.invoke(chain.clj:62)
	at io.pedestal.interceptor.chain$try_stage.invokeStatic(chain.clj:124)
	at io.pedestal.interceptor.chain$try_stage.invoke(chain.clj:108)
	at io.pedestal.interceptor.chain$execute_leave$fn__11043.invoke(chain.clj:270)
	at clojure.lang.AFn.applyToHelper(AFn.java:152)
	at clojure.lang.AFn.applyTo(AFn.java:144)
	at clojure.core$apply.invokeStatic(core.clj:667)
	at clojure.core$with_bindings_STAR_.invokeStatic(core.clj:1994)
	at clojure.core$with_bindings_STAR_.doInvoke(core.clj:1994)
	at clojure.lang.RestFn.invoke(RestFn.java:428)
	at io.pedestal.interceptor.chain$execute_leave.invokeStatic(chain.clj:250)
	at io.pedestal.interceptor.chain$execute_leave.invoke(chain.clj:243)
	at io.pedestal.interceptor.chain$execute_continue.invokeStatic(chain.clj:362)
	at io.pedestal.interceptor.chain$execute_continue.invoke(chain.clj:359)
	at io.pedestal.interceptor.chain$execute.invokeStatic(chain.clj:424)
	at io.pedestal.interceptor.chain$execute.invoke(chain.clj:373)
	at io.pedestal.interceptor.chain$execute.invokeStatic(chain.clj:429)
	at io.pedestal.interceptor.chain$execute.invoke(chain.clj:373)
	at io.pedestal.http.impl.servlet_interceptor$interceptor_service_fn$fn__16045.invoke(servlet_interceptor.clj:386)
	at io.pedestal.servlet.FnServlet.service(FnServlet.java:57)
	at jakarta.servlet.http.HttpServlet.service(HttpServlet.java:614)
	at org.eclipse.jetty.ee10.servlet.ServletHolder.handle(ServletHolder.java:753)
	at org.eclipse.jetty.ee10.servlet.ServletHandler$ChainEnd.doFilter(ServletHandler.java:1624)
	at org.eclipse.jetty.ee10.websocket.servlet.WebSocketUpgradeFilter.doFilter(WebSocketUpgradeFilter.java:195)
	at org.eclipse.jetty.ee10.servlet.FilterHolder.doFilter(FilterHolder.java:205)
	at org.eclipse.jetty.ee10.servlet.ServletHandler$Chain.doFilter(ServletHandler.java:1596)
	at org.eclipse.jetty.ee10.servlet.ServletHandler$MappedServlet.handle(ServletHandler.java:1557)
	at org.eclipse.jetty.ee10.servlet.ServletChannel.dispatch(ServletChannel.java:828)
	at org.eclipse.jetty.ee10.servlet.ServletChannel.handle(ServletChannel.java:438)
	at org.eclipse.jetty.ee10.servlet.ServletHandler.handle(ServletHandler.java:470)
	at org.eclipse.jetty.ee10.servlet.SessionHandler.handle(SessionHandler.java:717)
	at org.eclipse.jetty.server.handler.gzip.GzipHandler.handle(GzipHandler.java:613)
	at org.eclipse.jetty.server.handler.ContextHandler.handle(ContextHandler.java:1102)
	at org.eclipse.jetty.server.Server.handle(Server.java:182)
	at org.eclipse.jetty.server.internal.HttpChannelState$HandlerInvoker.run(HttpChannelState.java:772)
	at org.eclipse.jetty.util.thread.Invocable$ReadyTask.run(Invocable.java:177)
	at org.eclipse.jetty.http2.server.internal.HttpStreamOverHTTP2$1.run(HttpStreamOverHTTP2.java:144)
	at org.eclipse.jetty.util.thread.QueuedThreadPool.runJob(QueuedThreadPool.java:981)
	at org.eclipse.jetty.util.thread.QueuedThreadPool$Runner.doRunJob(QueuedThreadPool.java:1212)
	at org.eclipse.jetty.util.thread.QueuedThreadPool$Runner.run(QueuedThreadPool.java:1166)
	at java.base/java.lang.Thread.run(Thread.java:1516)
Caused by: java.io.EOFException: reset
	at org.eclipse.jetty.http2.HTTP2Stream.reset(HTTP2Stream.java:181)
	at org.eclipse.jetty.http2.HTTP2Session.lambda$failStreams$0(HTTP2Session.java:747)
	at org.eclipse.jetty.util.Callback$4.completed(Callback.java:227)
	at org.eclipse.jetty.util.Callback$Completing.succeeded(Callback.java:416)
	at org.eclipse.jetty.util.Callback$Nested.succeeded(Callback.java:467)
	at org.eclipse.jetty.http2.server.internal.HttpStreamOverHTTP2$FailureTask.run(HttpStreamOverHTTP2.java:711)
	at org.eclipse.jetty.util.thread.ReservedThreadExecutor$ReservedThread.run(ReservedThreadExecutor.java:311)
	... 4 more
[qtp1395846122-199] ERROR io.pedestal.http.impl.servlet-interceptor - {:msg "error-stylobate triggered", :context {:response {:status 200, :headers {"content-type" "text/plain", "Content-Type" "text/plain"}, :body "2"}, :io.pedestal.interceptor.chain/leave-queue (), :request {:protocol "HTTP/2.0", :async-supported? true, :remote-addr "127.0.0.1", :params {:a "1", :b "1"}, :servlet-response #object[org.eclipse.jetty.ee10.servlet.ServletApiResponse 0x4009a33d "ServletApiResponse@4009a33d{org.eclipse.jetty.ee10.servlet.ServletContextResponse@272afb69,org.eclipse.jetty.ee10.servlet.ServletContextResponse@272afb69}"], :servlet #object[io.pedestal.servlet.FnServlet 0x18594f42 "io.pedestal.servlet.FnServlet@18594f42"], :headers {"user-agent" "h2load nghttp2/1.59.0"}, :server-port 8443, :servlet-request #object[org.eclipse.jetty.ee10.servlet.ServletApiRequest 0x14bc3f21 "ServletApiRequest@14bc3f21{ServletContextRequest@79b43be2{SecureRequestWithSslSessionData@74a97fa2{GET@4a823ed https://localhost:8443/baseline2?a=1&b=1 HTTP/2.0}}}"], :query-params {:a "1", :b "1"}, :path-info "/baseline2", :url-for #object[clojure.lang.Delay 0x7198516e {:status :pending, :val nil}], :uri "/baseline2", :server-name "localhost", :query-string "a=1&b=1", :path-params {}, :body #object[org.eclipse.jetty.ee10.servlet.HttpInput 0x29ab1f94 "HttpInput@699080596 cs=ServletChannelState@1640216c{s=HANDLING rs=BLOCKING os=OPEN is=IDLE awp=false se=false i=true al=0} cp=org.eclipse.jetty.ee10.servlet.BlockingContentProducer@53b2cf02 eof=false"], :scheme :https, :request-method :get, :context-path ""}, :io.pedestal.http.route/path-params-decoded? true, :bindings {#'io.pedestal.http.route/*url-for* #object[clojure.lang.Delay 0x7198516e {:status :pending, :val nil}]}, :io.pedestal.interceptor.chain/terminators (#object[io.pedestal.http.response$terminate_when_response_STAR_ 0x148875fa "io.pedestal.http.response$terminate_when_response_STAR_@148875fa"]), :servlet-response #object[org.eclipse.jetty.ee10.servlet.ServletApiResponse 0x4009a33d "ServletApiResponse@4009a33d{org.eclipse.jetty.ee10.servlet.ServletContextResponse@272afb69,org.eclipse.jetty.ee10.servlet.ServletContextResponse@272afb69}"], :route {:path "/baseline2", :method :get, :path-parts ["baseline2"], :interceptors [#Interceptor{:name :httparena.pedestal.core/baseline-handler}], :route-name :httparena.pedestal.core/baseline-h2, :path-params [], :path-re #"/\Qbaseline2\E", :io.pedestal.http.route.internal/satisfies-constraints? #object[io.pedestal.http.route.internal$add_satisfies_constraints_QMARK_$fn__11349 0x4b57ae7 "io.pedestal.http.route.internal$add_satisfies_constraints_QMARK_$fn__11349@4b57ae7"]}, :servlet #object[io.pedestal.servlet.FnServlet 0x18594f42 "io.pedestal.servlet.FnServlet@18594f42"], :servlet-request #object[org.eclipse.jetty.ee10.servlet.ServletApiRequest 0x14bc3f21 "ServletApiRequest@14bc3f21{ServletContextRequest@79b43be2{SecureRequestWithSslSessionData@74a97fa2{GET@4a823ed https://localhost:8443/baseline2?a=1&b=1 HTTP/2.0}}}"], :websocket-channel-source #object[org.eclipse.jetty.ee10.servlet.ServletApiRequest 0x14bc3f21 "ServletApiRequest@14bc3f21{ServletContextRequest@79b43be2{SecureRequestWithSslSessionData@74a97fa2{GET@4a823ed https://localhost:8443/baseline2?a=1&b=1 HTTP/2.0}}}"], :io.pedestal.interceptor.chain/enter-async [#object[io.pedestal.http.impl.servlet_interceptor$start_servlet_async 0x4b11d6ea "io.pedestal.http.impl.servlet_interceptor$start_servlet_async@4b11d6ea"]], :url-for #object[clojure.lang.Delay 0x7198516e {:status :pending, :val nil}], :io.pedestal.interceptor.chain/execution-id 1087631, :servlet-config #object[org.eclipse.jetty.ee10.servlet.ServletHolder$Config 0x550e8ba5 "org.eclipse.jetty.ee10.servlet.ServletHolder$Config@550e8ba5"]}, :line 298}
clojure.lang.ExceptionInfo: java.io.EOFException in Interceptor :io.pedestal.http.impl.servlet-interceptor/ring-response - reset {:execution-id nil, :stage :leave, :interceptor :io.pedestal.http.impl.servlet-interceptor/ring-response, :exception-type :java.io.EOFException, :exception #error {
 :cause "reset"
 :via
 [{:type java.io.EOFException
   :message "reset"
   :at [org.eclipse.jetty.http2.HTTP2Stream reset "HTTP2Stream.java" 181]}]
 :trace
 [[org.eclipse.jetty.http2.HTTP2Stream reset "HTTP2Stream.java" 181]
  [org.eclipse.jetty.http2.HTTP2Session lambda$failStreams$0 "HTTP2Session.java" 747]
  [org.eclipse.jetty.util.Callback$4 completed "Callback.java" 227]
  [org.eclipse.jetty.util.Callback$Completing succeeded "Callback.java" 416]
  [org.eclipse.jetty.util.Callback$Nested succeeded "Callback.java" 467]
  [org.eclipse.jetty.http2.server.internal.HttpStreamOverHTTP2$FailureTask run "HttpStreamOverHTTP2.java" 711]
  [org.eclipse.jetty.util.thread.ReservedThreadExecutor$ReservedThread run "ReservedThreadExecutor.java" 311]
  [org.eclipse.jetty.util.thread.QueuedThreadPool runJob "QueuedThreadPool.java" 981]
  [org.eclipse.jetty.util.thread.QueuedThreadPool$Runner doRunJob "QueuedThreadPool.java" 1212]
  [org.eclipse.jetty.util.thread.QueuedThreadPool$Runner run "QueuedThreadPool.java" 1166]
  [java.lang.Thread run "Thread.java" 1516]]}}
	at io.pedestal.interceptor.chain$throwable__GT_ex_info.invokeStatic(chain.clj:41)
	at io.pedestal.interceptor.chain$throwable__GT_ex_info.invoke(chain.clj:35)
	at io.pedestal.interceptor.chain$begin_error.invokeStatic(chain.clj:74)
	at io.pedestal.interceptor.chain$begin_error.invoke(chain.clj:62)
	at io.pedestal.interceptor.chain$try_stage.invokeStatic(chain.clj:124)
	at io.pedestal.interceptor.chain$try_stage.invoke(chain.clj:108)
	at io.pedestal.interceptor.chain$execute_leave$fn__11043.invoke(chain.clj:270)
	at clojure.lang.AFn.applyToHelper(AFn.java:152)
	at clojure.lang.AFn.applyTo(AFn.java:144)
	at clojure.core$apply.invokeStatic(core.clj:667)
	at clojure.core$with_bindings_STAR_.invokeStatic(core.clj:1994)
	at clojure.core$with_bindings_STAR_.doInvoke(core.clj:1994)
	at clojure.lang.RestFn.invoke(RestFn.java:428)
	at io.pedestal.interceptor.chain$execute_leave.invokeStatic(chain.clj:250)
	at io.pedestal.interceptor.chain$execute_leave.invoke(chain.clj:243)
	at io.pedestal.interceptor.chain$execute_continue.invokeStatic(chain.clj:362)
	at io.pedestal.interceptor.chain$execute_continue.invoke(chain.clj:359)
	at io.pedestal.interceptor.chain$execute.invokeStatic(chain.clj:424)
	at io.pedestal.interceptor.chain$execute.invoke(chain.clj:373)
	at io.pedestal.interceptor.chain$execute.invokeStatic(chain.clj:429)
	at io.pedestal.interceptor.chain$execute.invoke(chain.clj:373)
	at io.pedestal.http.impl.servlet_interceptor$interceptor_service_fn$fn__16045.invoke(servlet_interceptor.clj:386)
	at io.pedestal.servlet.FnServlet.service(FnServlet.java:57)
	at jakarta.servlet.http.HttpServlet.service(HttpServlet.java:614)
	at org.eclipse.jetty.ee10.servlet.ServletHolder.handle(ServletHolder.java:753)
	at org.eclipse.jetty.ee10.servlet.ServletHandler$ChainEnd.doFilter(ServletHandler.java:1624)
	at org.eclipse.jetty.ee10.websocket.servlet.WebSocketUpgradeFilter.doFilter(WebSocketUpgradeFilter.java:195)
	at org.eclipse.jetty.ee10.servlet.FilterHolder.doFilter(FilterHolder.java:205)
	at org.eclipse.jetty.ee10.servlet.ServletHandler$Chain.doFilter(ServletHandler.java:1596)
	at org.eclipse.jetty.ee10.servlet.ServletHandler$MappedServlet.handle(ServletHandler.java:1557)
	at org.eclipse.jetty.ee10.servlet.ServletChannel.dispatch(ServletChannel.java:828)
	at org.eclipse.jetty.ee10.servlet.ServletChannel.handle(ServletChannel.java:438)
	at org.eclipse.jetty.ee10.servlet.ServletHandler.handle(ServletHandler.java:470)
	at org.eclipse.jetty.ee10.servlet.SessionHandler.handle(SessionHandler.java:717)
	at org.eclipse.jetty.server.handler.gzip.GzipHandler.handle(GzipHandler.java:613)
	at org.eclipse.jetty.server.handler.ContextHandler.handle(ContextHandler.java:1102)
	at org.eclipse.jetty.server.Server.handle(Server.java:182)
	at org.eclipse.jetty.server.internal.HttpChannelState$HandlerInvoker.run(HttpChannelState.java:772)
	at org.eclipse.jetty.util.thread.Invocable$ReadyTask.run(Invocable.java:177)
	at org.eclipse.jetty.http2.server.internal.HttpStreamOverHTTP2$1.run(HttpStreamOverHTTP2.java:144)
	at org.eclipse.jetty.util.thread.QueuedThreadPool.runJob(QueuedThreadPool.java:981)
	at org.eclipse.jetty.util.thread.QueuedThreadPool$Runner.doRunJob(QueuedThreadPool.java:1212)
	at org.eclipse.jetty.util.thread.QueuedThreadPool$Runner.run(QueuedThreadPool.java:1166)
	at java.base/java.lang.Thread.run(Thread.java:1516)
Caused by: java.io.EOFException: reset
	at org.eclipse.jetty.http2.HTTP2Stream.reset(HTTP2Stream.java:181)
	at org.eclipse.jetty.http2.HTTP2Session.lambda$failStreams$0(HTTP2Session.java:747)
	at org.eclipse.jetty.util.Callback$4.completed(Callback.java:227)
	at org.eclipse.jetty.util.Callback$Completing.succeeded(Callback.java:416)
	at org.eclipse.jetty.util.Callback$Nested.succeeded(Callback.java:467)
	at org.eclipse.jetty.http2.server.internal.HttpStreamOverHTTP2$FailureTask.run(HttpStreamOverHTTP2.java:711)
	at org.eclipse.jetty.util.thread.ReservedThreadExecutor$ReservedThread.run(ReservedThreadExecutor.java:311)
	... 4 more
[qtp1395846122-258] ERROR io.pedestal.http.impl.servlet-interceptor - {:msg "error-stylobate triggered", :context {:response {:status 200, :headers {"content-type" "text/plain", "Content-Type" "text/plain"}, :body "2"}, :io.pedestal.interceptor.chain/leave-queue (), :request {:protocol "HTTP/2.0", :async-supported? true, :remote-addr "127.0.0.1", :params {:a "1", :b "1"}, :servlet-response #object[org.eclipse.jetty.ee10.servlet.ServletApiResponse 0x73de63d6 "ServletApiResponse@73de63d6{org.eclipse.jetty.ee10.servlet.ServletContextResponse@12ad8d5d,org.eclipse.jetty.ee10.servlet.ServletContextResponse@12ad8d5d}"], :servlet #object[io.pedestal.servlet.FnServlet 0x18594f42 "io.pedestal.servlet.FnServlet@18594f42"], :headers {"user-agent" "h2load nghttp2/1.59.0"}, :server-port 8443, :servlet-request #object[org.eclipse.jetty.ee10.servlet.ServletApiRequest 0x7c9bc59f "ServletApiRequest@7c9bc59f{ServletContextRequest@681ac26c{SecureRequestWithSslSessionData@68dacc6a{GET@16e37349 https://localhost:8443/baseline2?a=1&b=1 HTTP/2.0}}}"], :query-params {:a "1", :b "1"}, :path-info "/baseline2", :url-for #object[clojure.lang.Delay 0x3476fb37 {:status :pending, :val nil}], :uri "/baseline2", :server-name "localhost", :query-string "a=1&b=1", :path-params {}, :body #object[org.eclipse.jetty.ee10.servlet.HttpInput 0xa415677 "HttpInput@172054135 cs=ServletChannelState@34c672c9{s=HANDLING rs=BLOCKING os=OPEN is=IDLE awp=false se=false i=true al=0} cp=org.eclipse.jetty.ee10.servlet.BlockingContentProducer@39b23623 eof=false"], :scheme :https, :request-method :get, :context-path ""}, :io.pedestal.http.route/path-params-decoded? true, :bindings {#'io.pedestal.http.route/*url-for* #object[clojure.lang.Delay 0x3476fb37 {:status :pending, :val nil}]}, :io.pedestal.interceptor.chain/terminators (#object[io.pedestal.http.response$terminate_when_response_STAR_ 0x148875fa "io.pedestal.http.response$terminate_when_response_STAR_@148875fa"]), :servlet-response #object[org.eclipse.jetty.ee10.servlet.ServletApiResponse 0x73de63d6 "ServletApiResponse@73de63d6{org.eclipse.jetty.ee10.servlet.ServletContextResponse@12ad8d5d,org.eclipse.jetty.ee10.servlet.ServletContextResponse@12ad8d5d}"], :route {:path "/baseline2", :method :get, :path-parts ["baseline2"], :interceptors [#Interceptor{:name :httparena.pedestal.core/baseline-handler}], :route-name :httparena.pedestal.core/baseline-h2, :path-params [], :path-re #"/\Qbaseline2\E", :io.pedestal.http.route.internal/satisfies-constraints? #object[io.pedestal.http.route.internal$add_satisfies_constraints_QMARK_$fn__11349 0x4b57ae7 "io.pedestal.http.route.internal$add_satisfies_constraints_QMARK_$fn__11349@4b57ae7"]}, :servlet #object[io.pedestal.servlet.FnServlet 0x18594f42 "io.pedestal.servlet.FnServlet@18594f42"], :servlet-request #object[org.eclipse.jetty.ee10.servlet.ServletApiRequest 0x7c9bc59f "ServletApiRequest@7c9bc59f{ServletContextRequest@681ac26c{SecureRequestWithSslSessionData@68dacc6a{GET@16e37349 https://localhost:8443/baseline2?a=1&b=1 HTTP/2.0}}}"], :websocket-channel-source #object[org.eclipse.jetty.ee10.servlet.ServletApiRequest 0x7c9bc59f "ServletApiRequest@7c9bc59f{ServletContextRequest@681ac26c{SecureRequestWithSslSessionData@68dacc6a{GET@16e37349 https://localhost:8443/baseline2?a=1&b=1 HTTP/2.0}}}"], :io.pedestal.interceptor.chain/enter-async [#object[io.pedestal.http.impl.servlet_interceptor$start_servlet_async 0x4b11d6ea "io.pedestal.http.impl.servlet_interceptor$start_servlet_async@4b11d6ea"]], :url-for #object[clojure.lang.Delay 0x3476fb37 {:status :pending, :val nil}], :io.pedestal.interceptor.chain/execution-id 1087632, :servlet-config #object[org.eclipse.jetty.ee10.servlet.ServletHolder$Config 0x550e8ba5 "org.eclipse.jetty.ee10.servlet.ServletHolder$Config@550e8ba5"]}, :line 298}
clojure.lang.ExceptionInfo: java.io.EOFException in Interceptor :io.pedestal.http.impl.servlet-interceptor/ring-response - reset {:execution-id nil, :stage :leave, :interceptor :io.pedestal.http.impl.servlet-interceptor/ring-response, :exception-type :java.io.EOFException, :exception #error {
 :cause "reset"
 :via
 [{:type java.io.EOFException
   :message "reset"
   :at [org.eclipse.jetty.http2.HTTP2Stream reset "HTTP2Stream.java" 181]}]
 :trace
 [[org.eclipse.jetty.http2.HTTP2Stream reset "HTTP2Stream.java" 181]
  [org.eclipse.jetty.http2.HTTP2Session lambda$failStreams$0 "HTTP2Session.java" 747]
  [org.eclipse.jetty.util.Callback$4 completed "Callback.java" 227]
  [org.eclipse.jetty.util.Callback$Completing succeeded "Callback.java" 416]
  [org.eclipse.jetty.util.Callback$Nested succeeded "Callback.java" 467]
  [org.eclipse.jetty.http2.server.internal.HttpStreamOverHTTP2$FailureTask run "HttpStreamOverHTTP2.java" 711]
  [org.eclipse.jetty.util.thread.ReservedThreadExecutor$ReservedThread run "ReservedThreadExecutor.java" 311]
  [org.eclipse.jetty.util.thread.QueuedThreadPool runJob "QueuedThreadPool.java" 981]
  [org.eclipse.jetty.util.thread.QueuedThreadPool$Runner doRunJob "QueuedThreadPool.java" 1212]
  [org.eclipse.jetty.util.thread.QueuedThreadPool$Runner run "QueuedThreadPool.java" 1166]
  [java.lang.Thread run "Thread.java" 1516]]}}
	at io.pedestal.interceptor.chain$throwable__GT_ex_info.invokeStatic(chain.clj:41)
	at io.pedestal.interceptor.chain$throwable__GT_ex_info.invoke(chain.clj:35)
	at io.pedestal.interceptor.chain$begin_error.invokeStatic(chain.clj:74)
	at io.pedestal.interceptor.chain$begin_error.invoke(chain.clj:62)
	at io.pedestal.interceptor.chain$try_stage.invokeStatic(chain.clj:124)
	at io.pedestal.interceptor.chain$try_stage.invoke(chain.clj:108)
	at io.pedestal.interceptor.chain$execute_leave$fn__11043.invoke(chain.clj:270)
	at clojure.lang.AFn.applyToHelper(AFn.java:152)
	at clojure.lang.AFn.applyTo(AFn.java:144)
	at clojure.core$apply.invokeStatic(core.clj:667)
	at clojure.core$with_bindings_STAR_.invokeStatic(core.clj:1994)
	at clojure.core$with_bindings_STAR_.doInvoke(core.clj:1994)
	at clojure.lang.RestFn.invoke(RestFn.java:428)
	at io.pedestal.interceptor.chain$execute_leave.invokeStatic(chain.clj:250)
	at io.pedestal.interceptor.chain$execute_leave.invoke(chain.clj:243)
	at io.pedestal.interceptor.chain$execute_continue.invokeStatic(chain.clj:362)
	at io.pedestal.interceptor.chain$execute_continue.invoke(chain.clj:359)
	at io.pedestal.interceptor.chain$execute.invokeStatic(chain.clj:424)
	at io.pedestal.interceptor.chain$execute.invoke(chain.clj:373)
	at io.pedestal.interceptor.chain$execute.invokeStatic(chain.clj:429)
	at io.pedestal.interceptor.chain$execute.invoke(chain.clj:373)
	at io.pedestal.http.impl.servlet_interceptor$interceptor_service_fn$fn__16045.invoke(servlet_interceptor.clj:386)
	at io.pedestal.servlet.FnServlet.service(FnServlet.java:57)
	at jakarta.servlet.http.HttpServlet.service(HttpServlet.java:614)
	at org.eclipse.jetty.ee10.servlet.ServletHolder.handle(ServletHolder.java:753)
	at org.eclipse.jetty.ee10.servlet.ServletHandler$ChainEnd.doFilter(ServletHandler.java:1624)
	at org.eclipse.jetty.ee10.websocket.servlet.WebSocketUpgradeFilter.doFilter(WebSocketUpgradeFilter.java:195)
	at org.eclipse.jetty.ee10.servlet.FilterHolder.doFilter(FilterHolder.java:205)
	at org.eclipse.jetty.ee10.servlet.ServletHandler$Chain.doFilter(ServletHandler.java:1596)
	at org.eclipse.jetty.ee10.servlet.ServletHandler$MappedServlet.handle(ServletHandler.java:1557)
	at org.eclipse.jetty.ee10.servlet.ServletChannel.dispatch(ServletChannel.java:828)
	at org.eclipse.jetty.ee10.servlet.ServletChannel.handle(ServletChannel.java:438)
	at org.eclipse.jetty.ee10.servlet.ServletHandler.handle(ServletHandler.java:470)
	at org.eclipse.jetty.ee10.servlet.SessionHandler.handle(SessionHandler.java:717)
	at org.eclipse.jetty.server.handler.gzip.GzipHandler.handle(GzipHandler.java:613)
	at org.eclipse.jetty.server.handler.ContextHandler.handle(ContextHandler.java:1102)
	at org.eclipse.jetty.server.Server.handle(Server.java:182)
	at org.eclipse.jetty.server.internal.HttpChannelState$HandlerInvoker.run(HttpChannelState.java:772)
	at org.eclipse.jetty.util.thread.Invocable$ReadyTask.run(Invocable.java:177)
	at org.eclipse.jetty.http2.server.internal.HttpStreamOverHTTP2$1.run(HttpStreamOverHTTP2.java:144)
	at org.eclipse.jetty.util.thread.QueuedThreadPool.runJob(QueuedThreadPool.java:981)
	at org.eclipse.jetty.util.thread.QueuedThreadPool$Runner.doRunJob(QueuedThreadPool.java:1212)
	at org.eclipse.jetty.util.thread.QueuedThreadPool$Runner.run(QueuedThreadPool.java:1166)
	at java.base/java.lang.Thread.run(Thread.java:1516)
Caused by: java.io.EOFException: reset
	at org.eclipse.jetty.http2.HTTP2Stream.reset(HTTP2Stream.java:181)
	at org.eclipse.jetty.http2.HTTP2Session.lambda$failStreams$0(HTTP2Session.java:747)
	at org.eclipse.jetty.util.Callback$4.completed(Callback.java:227)
	at org.eclipse.jetty.util.Callback$Completing.succeeded(Callback.java:416)
	at org.eclipse.jetty.util.Callback$Nested.succeeded(Callback.java:467)
	at org.eclipse.jetty.http2.server.internal.HttpStreamOverHTTP2$FailureTask.run(HttpStreamOverHTTP2.java:711)
	at org.eclipse.jetty.util.thread.ReservedThreadExecutor$ReservedThread.run(ReservedThreadExecutor.java:311)
	... 4 more
[qtp1395846122-376] ERROR io.pedestal.http.impl.servlet-interceptor - {:msg "error-stylobate triggered", :context {:response {:status 200, :headers {"content-type" "text/plain", "Content-Type" "text/plain"}, :body "2"}, :io.pedestal.interceptor.chain/leave-queue (), :request {:protocol "HTTP/2.0", :async-supported? true, :remote-addr "127.0.0.1", :params {:a "1", :b "1"}, :servlet-response #object[org.eclipse.jetty.ee10.servlet.ServletApiResponse 0x1c18dfad "ServletApiResponse@1c18dfad{org.eclipse.jetty.ee10.servlet.ServletContextResponse@78c3301,org.eclipse.jetty.ee10.servlet.ServletContextResponse@78c3301}"], :servlet #object[io.pedestal.servlet.FnServlet 0x18594f42 "io.pedestal.servlet.FnServlet@18594f42"], :headers {"user-agent" "h2load nghttp2/1.59.0"}, :server-port 8443, :servlet-request #object[org.eclipse.jetty.ee10.servlet.ServletApiRequest 0x648e307c "ServletApiRequest@648e307c{ServletContextRequest@56df7d2b{SecureRequestWithSslSessionData@c6035ea{GET@6a920b5c https://localhost:8443/baseline2?a=1&b=1 HTTP/2.0}}}"], :query-params {:a "1", :b "1"}, :path-info "/baseline2", :url-for #object[clojure.lang.Delay 0x7f8adba2 {:status :pending, :val nil}], :uri "/baseline2", :server-name "localhost", :query-string "a=1&b=1", :path-params {}, :body #object[org.eclipse.jetty.ee10.servlet.HttpInput 0x5291c75d "HttpInput@1385285469 cs=ServletChannelState@5fd36780{s=HANDLING rs=BLOCKING os=OPEN is=IDLE awp=false se=false i=true al=0} cp=org.eclipse.jetty.ee10.servlet.BlockingContentProducer@25e15fcd eof=false"], :scheme :https, :request-method :get, :context-path ""}, :io.pedestal.http.route/path-params-decoded? true, :bindings {#'io.pedestal.http.route/*url-for* #object[clojure.lang.Delay 0x7f8adba2 {:status :pending, :val nil}]}, :io.pedestal.interceptor.chain/terminators (#object[io.pedestal.http.response$terminate_when_response_STAR_ 0x148875fa "io.pedestal.http.response$terminate_when_response_STAR_@148875fa"]), :servlet-response #object[org.eclipse.jetty.ee10.servlet.ServletApiResponse 0x1c18dfad "ServletApiResponse@1c18dfad{org.eclipse.jetty.ee10.servlet.ServletContextResponse@78c3301,org.eclipse.jetty.ee10.servlet.ServletContextResponse@78c3301}"], :route {:path "/baseline2", :method :get, :path-parts ["baseline2"], :interceptors [#Interceptor{:name :httparena.pedestal.core/baseline-handler}], :route-name :httparena.pedestal.core/baseline-h2, :path-params [], :path-re #"/\Qbaseline2\E", :io.pedestal.http.route.internal/satisfies-constraints? #object[io.pedestal.http.route.internal$add_satisfies_constraints_QMARK_$fn__11349 0x4b57ae7 "io.pedestal.http.route.internal$add_satisfies_constraints_QMARK_$fn__11349@4b57ae7"]}, :servlet #object[io.pedestal.servlet.FnServlet 0x18594f42 "io.pedestal.servlet.FnServlet@18594f42"], :servlet-request #object[org.eclipse.jetty.ee10.servlet.ServletApiRequest 0x648e307c "ServletApiRequest@648e307c{ServletContextRequest@56df7d2b{SecureRequestWithSslSessionData@c6035ea{GET@6a920b5c https://localhost:8443/baseline2?a=1&b=1 HTTP/2.0}}}"], :websocket-channel-source #object[org.eclipse.jetty.ee10.servlet.ServletApiRequest 0x648e307c "ServletApiRequest@648e307c{ServletContextRequest@56df7d2b{SecureRequestWithSslSessionData@c6035ea{GET@6a920b5c https://localhost:8443/baseline2?a=1&b=1 HTTP/2.0}}}"], :io.pedestal.interceptor.chain/enter-async [#object[io.pedestal.http.impl.servlet_interceptor$start_servlet_async 0x4b11d6ea "io.pedestal.http.impl.servlet_interceptor$start_servlet_async@4b11d6ea"]], :url-for #object[clojure.lang.Delay 0x7f8adba2 {:status :pending, :val nil}], :io.pedestal.interceptor.chain/execution-id 1087368, :servlet-config #object[org.eclipse.jetty.ee10.servlet.ServletHolder$Config 0x550e8ba5 "org.eclipse.jetty.ee10.servlet.ServletHolder$Config@550e8ba5"]}, :line 298}
clojure.lang.ExceptionInfo: java.io.EOFException in Interceptor :io.pedestal.http.impl.servlet-interceptor/ring-response - reset {:execution-id nil, :stage :leave, :interceptor :io.pedestal.http.impl.servlet-interceptor/ring-response, :exception-type :java.io.EOFException, :exception #error {
 :cause "reset"
 :via
 [{:type java.io.EOFException
   :message "reset"
   :at [org.eclipse.jetty.http2.HTTP2Stream reset "HTTP2Stream.java" 181]}]
 :trace
 [[org.eclipse.jetty.http2.HTTP2Stream reset "HTTP2Stream.java" 181]
  [org.eclipse.jetty.http2.HTTP2Session lambda$failStreams$0 "HTTP2Session.java" 747]
  [org.eclipse.jetty.util.Callback$4 completed "Callback.java" 227]
  [org.eclipse.jetty.util.Callback$Completing succeeded "Callback.java" 416]
  [org.eclipse.jetty.util.Callback$Nested succeeded "Callback.java" 467]
  [org.eclipse.jetty.http2.server.internal.HttpStreamOverHTTP2$FailureTask run "HttpStreamOverHTTP2.java" 711]
  [org.eclipse.jetty.util.thread.ReservedThreadExecutor$ReservedThread run "ReservedThreadExecutor.java" 311]
  [org.eclipse.jetty.util.thread.QueuedThreadPool runJob "QueuedThreadPool.java" 981]
  [org.eclipse.jetty.util.thread.QueuedThreadPool$Runner doRunJob "QueuedThreadPool.java" 1212]
  [org.eclipse.jetty.util.thread.QueuedThreadPool$Runner run "QueuedThreadPool.java" 1166]
  [java.lang.Thread run "Thread.java" 1516]]}}
	at io.pedestal.interceptor.chain$throwable__GT_ex_info.invokeStatic(chain.clj:41)
	at io.pedestal.interceptor.chain$throwable__GT_ex_info.invoke(chain.clj:35)
	at io.pedestal.interceptor.chain$begin_error.invokeStatic(chain.clj:74)
	at io.pedestal.interceptor.chain$begin_error.invoke(chain.clj:62)
	at io.pedestal.interceptor.chain$try_stage.invokeStatic(chain.clj:124)
	at io.pedestal.interceptor.chain$try_stage.invoke(chain.clj:108)
	at io.pedestal.interceptor.chain$execute_leave$fn__11043.invoke(chain.clj:270)
	at clojure.lang.AFn.applyToHelper(AFn.java:152)
	at clojure.lang.AFn.applyTo(AFn.java:144)
	at clojure.core$apply.invokeStatic(core.clj:667)
	at clojure.core$with_bindings_STAR_.invokeStatic(core.clj:1994)
	at clojure.core$with_bindings_STAR_.doInvoke(core.clj:1994)
	at clojure.lang.RestFn.invoke(RestFn.java:428)
	at io.pedestal.interceptor.chain$execute_leave.invokeStatic(chain.clj:250)
	at io.pedestal.interceptor.chain$execute_leave.invoke(chain.clj:243)
	at io.pedestal.interceptor.chain$execute_continue.invokeStatic(chain.clj:362)
	at io.pedestal.interceptor.chain$execute_continue.invoke(chain.clj:359)
	at io.pedestal.interceptor.chain$execute.invokeStatic(chain.clj:424)
	at io.pedestal.interceptor.chain$execute.invoke(chain.clj:373)
	at io.pedestal.interceptor.chain$execute.invokeStatic(chain.clj:429)
	at io.pedestal.interceptor.chain$execute.invoke(chain.clj:373)
	at io.pedestal.http.impl.servlet_interceptor$interceptor_service_fn$fn__16045.invoke(servlet_interceptor.clj:386)
	at io.pedestal.servlet.FnServlet.service(FnServlet.java:57)
	at jakarta.servlet.http.HttpServlet.service(HttpServlet.java:614)
	at org.eclipse.jetty.ee10.servlet.ServletHolder.handle(ServletHolder.java:753)
	at org.eclipse.jetty.ee10.servlet.ServletHandler$ChainEnd.doFilter(ServletHandler.java:1624)
	at org.eclipse.jetty.ee10.websocket.servlet.WebSocketUpgradeFilter.doFilter(WebSocketUpgradeFilter.java:195)
	at org.eclipse.jetty.ee10.servlet.FilterHolder.doFilter(FilterHolder.java:205)
	at org.eclipse.jetty.ee10.servlet.ServletHandler$Chain.doFilter(ServletHandler.java:1596)
	at org.eclipse.jetty.ee10.servlet.ServletHandler$MappedServlet.handle(ServletHandler.java:1557)
	at org.eclipse.jetty.ee10.servlet.ServletChannel.dispatch(ServletChannel.java:828)
	at org.eclipse.jetty.ee10.servlet.ServletChannel.handle(ServletChannel.java:438)
	at org.eclipse.jetty.ee10.servlet.ServletHandler.handle(ServletHandler.java:470)
	at org.eclipse.jetty.ee10.servlet.SessionHandler.handle(SessionHandler.java:717)
	at org.eclipse.jetty.server.handler.gzip.GzipHandler.handle(GzipHandler.java:613)
	at org.eclipse.jetty.server.handler.ContextHandler.handle(ContextHandler.java:1102)
	at org.eclipse.jetty.server.Server.handle(Server.java:182)
	at org.eclipse.jetty.server.internal.HttpChannelState$HandlerInvoker.run(HttpChannelState.java:772)
	at org.eclipse.jetty.util.thread.Invocable$ReadyTask.run(Invocable.java:177)
	at org.eclipse.jetty.http2.server.internal.HttpStreamOverHTTP2$1.run(HttpStreamOverHTTP2.java:144)
	at org.eclipse.jetty.util.thread.QueuedThreadPool.runJob(QueuedThreadPool.java:981)
	at org.eclipse.jetty.util.thread.QueuedThreadPool$Runner.doRunJob(QueuedThreadPool.java:1212)
	at org.eclipse.jetty.util.thread.QueuedThreadPool$Runner.run(QueuedThreadPool.java:1166)
	at java.base/java.lang.Thread.run(Thread.java:1516)
Caused by: java.io.EOFException: reset
	at org.eclipse.jetty.http2.HTTP2Stream.reset(HTTP2Stream.java:181)
	at org.eclipse.jetty.http2.HTTP2Session.lambda$failStreams$0(HTTP2Session.java:747)
	at org.eclipse.jetty.util.Callback$4.completed(Callback.java:227)
	at org.eclipse.jetty.util.Callback$Completing.succeeded(Callback.java:416)
	at org.eclipse.jetty.util.Callback$Nested.succeeded(Callback.java:467)
	at org.eclipse.jetty.http2.server.internal.HttpStreamOverHTTP2$FailureTask.run(HttpStreamOverHTTP2.java:711)
	at org.eclipse.jetty.util.thread.ReservedThreadExecutor$ReservedThread.run(ReservedThreadExecutor.java:311)
	... 4 more
[qtp1395846122-217] ERROR io.pedestal.http.impl.servlet-interceptor - {:msg "error-stylobate triggered", :context {:response {:status 200, :headers {"content-type" "text/plain", "Content-Type" "text/plain"}, :body "2"}, :io.pedestal.interceptor.chain/leave-queue (), :request {:protocol "HTTP/2.0", :async-supported? true, :remote-addr "127.0.0.1", :params {:a "1", :b "1"}, :servlet-response #object[org.eclipse.jetty.ee10.servlet.ServletApiResponse 0x34ae4cd4 "ServletApiResponse@34ae4cd4{org.eclipse.jetty.ee10.servlet.ServletContextResponse@6a9b2ebb,org.eclipse.jetty.ee10.servlet.ServletContextResponse@6a9b2ebb}"], :servlet #object[io.pedestal.servlet.FnServlet 0x18594f42 "io.pedestal.servlet.FnServlet@18594f42"], :headers {"user-agent" "h2load nghttp2/1.59.0"}, :server-port 8443, :servlet-request #object[org.eclipse.jetty.ee10.servlet.ServletApiRequest 0x5d0b939 "ServletApiRequest@5d0b939{ServletContextRequest@120f85e2{SecureRequestWithSslSessionData@5481b39b{GET@67dcb146 https://localhost:8443/baseline2?a=1&b=1 HTTP/2.0}}}"], :query-params {:a "1", :b "1"}, :path-info "/baseline2", :url-for #object[clojure.lang.Delay 0x67c5d5f5 {:status :pending, :val nil}], :uri "/baseline2", :server-name "localhost", :query-string "a=1&b=1", :path-params {}, :body #object[org.eclipse.jetty.ee10.servlet.HttpInput 0x90b6c7a "HttpInput@151743610 cs=ServletChannelState@50cf0bab{s=HANDLING rs=BLOCKING os=OPEN is=IDLE awp=false se=false i=true al=0} cp=org.eclipse.jetty.ee10.servlet.BlockingContentProducer@521bd675 eof=false"], :scheme :https, :request-method :get, :context-path ""}, :io.pedestal.http.route/path-params-decoded? true, :bindings {#'io.pedestal.http.route/*url-for* #object[clojure.lang.Delay 0x67c5d5f5 {:status :pending, :val nil}]}, :io.pedestal.interceptor.chain/terminators (#object[io.pedestal.http.response$terminate_when_response_STAR_ 0x148875fa "io.pedestal.http.response$terminate_when_response_STAR_@148875fa"]), :servlet-response #object[org.eclipse.jetty.ee10.servlet.ServletApiResponse 0x34ae4cd4 "ServletApiResponse@34ae4cd4{org.eclipse.jetty.ee10.servlet.ServletContextResponse@6a9b2ebb,org.eclipse.jetty.ee10.servlet.ServletContextResponse@6a9b2ebb}"], :route {:path "/baseline2", :method :get, :path-parts ["baseline2"], :interceptors [#Interceptor{:name :httparena.pedestal.core/baseline-handler}], :route-name :httparena.pedestal.core/baseline-h2, :path-params [], :path-re #"/\Qbaseline2\E", :io.pedestal.http.route.internal/satisfies-constraints? #object[io.pedestal.http.route.internal$add_satisfies_constraints_QMARK_$fn__11349 0x4b57ae7 "io.pedestal.http.route.internal$add_satisfies_constraints_QMARK_$fn__11349@4b57ae7"]}, :servlet #object[io.pedestal.servlet.FnServlet 0x18594f42 "io.pedestal.servlet.FnServlet@18594f42"], :servlet-request #object[org.eclipse.jetty.ee10.servlet.ServletApiRequest 0x5d0b939 "ServletApiRequest@5d0b939{ServletContextRequest@120f85e2{SecureRequestWithSslSessionData@5481b39b{GET@67dcb146 https://localhost:8443/baseline2?a=1&b=1 HTTP/2.0}}}"], :websocket-channel-source #object[org.eclipse.jetty.ee10.servlet.ServletApiRequest 0x5d0b939 "ServletApiRequest@5d0b939{ServletContextRequest@120f85e2{SecureRequestWithSslSessionData@5481b39b{GET@67dcb146 https://localhost:8443/baseline2?a=1&b=1 HTTP/2.0}}}"], :io.pedestal.interceptor.chain/enter-async [#object[io.pedestal.http.impl.servlet_interceptor$start_servlet_async 0x4b11d6ea "io.pedestal.http.impl.servlet_interceptor$start_servlet_async@4b11d6ea"]], :url-for #object[clojure.lang.Delay 0x67c5d5f5 {:status :pending, :val nil}], :io.pedestal.interceptor.chain/execution-id 1087584, :servlet-config #object[org.eclipse.jetty.ee10.servlet.ServletHolder$Config 0x550e8ba5 "org.eclipse.jetty.ee10.servlet.ServletHolder$Config@550e8ba5"]}, :line 298}
clojure.lang.ExceptionInfo: java.io.EOFException in Interceptor :io.pedestal.http.impl.servlet-interceptor/ring-response - reset {:execution-id nil, :stage :leave, :interceptor :io.pedestal.http.impl.servlet-interceptor/ring-response, :exception-type :java.io.EOFException, :exception #error {
 :cause "reset"
 :via
 [{:type java.io.EOFException
   :message "reset"
   :at [org.eclipse.jetty.http2.HTTP2Stream reset "HTTP2Stream.java" 181]}]
 :trace
 [[org.eclipse.jetty.http2.HTTP2Stream reset "HTTP2Stream.java" 181]
  [org.eclipse.jetty.http2.HTTP2Session lambda$failStreams$0 "HTTP2Session.java" 747]
  [org.eclipse.jetty.util.Callback$4 completed "Callback.java" 227]
  [org.eclipse.jetty.util.Callback$Completing succeeded "Callback.java" 416]
  [org.eclipse.jetty.util.Callback$Nested succeeded "Callback.java" 467]
  [org.eclipse.jetty.http2.server.internal.HttpStreamOverHTTP2$FailureTask run "HttpStreamOverHTTP2.java" 711]
  [org.eclipse.jetty.util.thread.ReservedThreadExecutor$ReservedThread run "ReservedThreadExecutor.java" 311]
  [org.eclipse.jetty.util.thread.QueuedThreadPool runJob "QueuedThreadPool.java" 981]
  [org.eclipse.jetty.util.thread.QueuedThreadPool$Runner doRunJob "QueuedThreadPool.java" 1212]
  [org.eclipse.jetty.util.thread.QueuedThreadPool$Runner run "QueuedThreadPool.java" 1166]
  [java.lang.Thread run "Thread.java" 1516]]}}
	at io.pedestal.interceptor.chain$throwable__GT_ex_info.invokeStatic(chain.clj:41)
	at io.pedestal.interceptor.chain$throwable__GT_ex_info.invoke(chain.clj:35)
	at io.pedestal.interceptor.chain$begin_error.invokeStatic(chain.clj:74)
	at io.pedestal.interceptor.chain$begin_error.invoke(chain.clj:62)
	at io.pedestal.interceptor.chain$try_stage.invokeStatic(chain.clj:124)
	at io.pedestal.interceptor.chain$try_stage.invoke(chain.clj:108)
	at io.pedestal.interceptor.chain$execute_leave$fn__11043.invoke(chain.clj:270)
	at clojure.lang.AFn.applyToHelper(AFn.java:152)
	at clojure.lang.AFn.applyTo(AFn.java:144)
	at clojure.core$apply.invokeStatic(core.clj:667)
	at clojure.core$with_bindings_STAR_.invokeStatic(core.clj:1994)
	at clojure.core$with_bindings_STAR_.doInvoke(core.clj:1994)
	at clojure.lang.RestFn.invoke(RestFn.java:428)
	at io.pedestal.interceptor.chain$execute_leave.invokeStatic(chain.clj:250)
	at io.pedestal.interceptor.chain$execute_leave.invoke(chain.clj:243)
	at io.pedestal.interceptor.chain$execute_continue.invokeStatic(chain.clj:362)
	at io.pedestal.interceptor.chain$execute_continue.invoke(chain.clj:359)
	at io.pedestal.interceptor.chain$execute.invokeStatic(chain.clj:424)
	at io.pedestal.interceptor.chain$execute.invoke(chain.clj:373)
	at io.pedestal.interceptor.chain$execute.invokeStatic(chain.clj:429)
	at io.pedestal.interceptor.chain$execute.invoke(chain.clj:373)
	at io.pedestal.http.impl.servlet_interceptor$interceptor_service_fn$fn__16045.invoke(servlet_interceptor.clj:386)
	at io.pedestal.servlet.FnServlet.service(FnServlet.java:57)
	at jakarta.servlet.http.HttpServlet.service(HttpServlet.java:614)
	at org.eclipse.jetty.ee10.servlet.ServletHolder.handle(ServletHolder.java:753)
	at org.eclipse.jetty.ee10.servlet.ServletHandler$ChainEnd.doFilter(ServletHandler.java:1624)
	at org.eclipse.jetty.ee10.websocket.servlet.WebSocketUpgradeFilter.doFilter(WebSocketUpgradeFilter.java:195)
	at org.eclipse.jetty.ee10.servlet.FilterHolder.doFilter(FilterHolder.java:205)
	at org.eclipse.jetty.ee10.servlet.ServletHandler$Chain.doFilter(ServletHandler.java:1596)
	at org.eclipse.jetty.ee10.servlet.ServletHandler$MappedServlet.handle(ServletHandler.java:1557)
	at org.eclipse.jetty.ee10.servlet.ServletChannel.dispatch(ServletChannel.java:828)
	at org.eclipse.jetty.ee10.servlet.ServletChannel.handle(ServletChannel.java:438)
	at org.eclipse.jetty.ee10.servlet.ServletHandler.handle(ServletHandler.java:470)
	at org.eclipse.jetty.ee10.servlet.SessionHandler.handle(SessionHandler.java:717)
	at org.eclipse.jetty.server.handler.gzip.GzipHandler.handle(GzipHandler.java:613)
	at org.eclipse.jetty.server.handler.ContextHandler.handle(ContextHandler.java:1102)
	at org.eclipse.jetty.server.Server.handle(Server.java:182)
	at org.eclipse.jetty.server.internal.HttpChannelState$HandlerInvoker.run(HttpChannelState.java:772)
	at org.eclipse.jetty.util.thread.Invocable$ReadyTask.run(Invocable.java:177)
	at org.eclipse.jetty.http2.server.internal.HttpStreamOverHTTP2$1.run(HttpStreamOverHTTP2.java:144)
	at org.eclipse.jetty.util.thread.QueuedThreadPool.runJob(QueuedThreadPool.java:981)
	at org.eclipse.jetty.util.thread.QueuedThreadPool$Runner.doRunJob(QueuedThreadPool.java:1212)
	at org.eclipse.jetty.util.thread.QueuedThreadPool$Runner.run(QueuedThreadPool.java:1166)
	at java.base/java.lang.Thread.run(Thread.java:1516)
Caused by: java.io.EOFException: reset
	at org.eclipse.jetty.http2.HTTP2Stream.reset(HTTP2Stream.java:181)
	at org.eclipse.jetty.http2.HTTP2Session.lambda$failStreams$0(HTTP2Session.java:747)
	at org.eclipse.jetty.util.Callback$4.completed(Callback.java:227)
	at org.eclipse.jetty.util.Callback$Completing.succeeded(Callback.java:416)
	at org.eclipse.jetty.util.Callback$Nested.succeeded(Callback.java:467)
	at org.eclipse.jetty.http2.server.internal.HttpStreamOverHTTP2$FailureTask.run(HttpStreamOverHTTP2.java:711)
	at org.eclipse.jetty.util.thread.ReservedThreadExecutor$ReservedThread.run(ReservedThreadExecutor.java:311)
	... 4 more
[qtp1395846122-220] ERROR io.pedestal.http.impl.servlet-interceptor - {:msg "error-stylobate triggered", :context {:response {:status 200, :headers {"content-type" "text/plain", "Content-Type" "text/plain"}, :body "2"}, :io.pedestal.interceptor.chain/leave-queue (), :request {:protocol "HTTP/2.0", :async-supported? true, :remote-addr "127.0.0.1", :params {:a "1", :b "1"}, :servlet-response #object[org.eclipse.jetty.ee10.servlet.ServletApiResponse 0x1c010d69 "ServletApiResponse@1c010d69{org.eclipse.jetty.ee10.servlet.ServletContextResponse@77c65f06,org.eclipse.jetty.ee10.servlet.ServletContextResponse@77c65f06}"], :servlet #object[io.pedestal.servlet.FnServlet 0x18594f42 "io.pedestal.servlet.FnServlet@18594f42"], :headers {"user-agent" "h2load nghttp2/1.59.0"}, :server-port 8443, :servlet-request #object[org.eclipse.jetty.ee10.servlet.ServletApiRequest 0x6dcd52ef "ServletApiRequest@6dcd52ef{ServletContextRequest@3af9bc85{SecureRequestWithSslSessionData@2e8784f6{GET@6bfcc04f https://localhost:8443/baseline2?a=1&b=1 HTTP/2.0}}}"], :query-params {:a "1", :b "1"}, :path-info "/baseline2", :url-for #object[clojure.lang.Delay 0x6ca1adf5 {:status :pending, :val nil}], :uri "/baseline2", :server-name "localhost", :query-string "a=1&b=1", :path-params {}, :body #object[org.eclipse.jetty.ee10.servlet.HttpInput 0x1bcb3970 "HttpInput@466303344 cs=ServletChannelState@9f9becb{s=HANDLING rs=BLOCKING os=OPEN is=IDLE awp=false se=false i=true al=0} cp=org.eclipse.jetty.ee10.servlet.BlockingContentProducer@40af903 eof=false"], :scheme :https, :request-method :get, :context-path ""}, :io.pedestal.http.route/path-params-decoded? true, :bindings {#'io.pedestal.http.route/*url-for* #object[clojure.lang.Delay 0x6ca1adf5 {:status :pending, :val nil}]}, :io.pedestal.interceptor.chain/terminators (#object[io.pedestal.http.response$terminate_when_response_STAR_ 0x148875fa "io.pedestal.http.response$terminate_when_response_STAR_@148875fa"]), :servlet-response #object[org.eclipse.jetty.ee10.servlet.ServletApiResponse 0x1c010d69 "ServletApiResponse@1c010d69{org.eclipse.jetty.ee10.servlet.ServletContextResponse@77c65f06,org.eclipse.jetty.ee10.servlet.ServletContextResponse@77c65f06}"], :route {:path "/baseline2", :method :get, :path-parts ["baseline2"], :interceptors [#Interceptor{:name :httparena.pedestal.core/baseline-handler}], :route-name :httparena.pedestal.core/baseline-h2, :path-params [], :path-re #"/\Qbaseline2\E", :io.pedestal.http.route.internal/satisfies-constraints? #object[io.pedestal.http.route.internal$add_satisfies_constraints_QMARK_$fn__11349 0x4b57ae7 "io.pedestal.http.route.internal$add_satisfies_constraints_QMARK_$fn__11349@4b57ae7"]}, :servlet #object[io.pedestal.servlet.FnServlet 0x18594f42 "io.pedestal.servlet.FnServlet@18594f42"], :servlet-request #object[org.eclipse.jetty.ee10.servlet.ServletApiRequest 0x6dcd52ef "ServletApiRequest@6dcd52ef{ServletContextRequest@3af9bc85{SecureRequestWithSslSessionData@2e8784f6{GET@6bfcc04f https://localhost:8443/baseline2?a=1&b=1 HTTP/2.0}}}"], :websocket-channel-source #object[org.eclipse.jetty.ee10.servlet.ServletApiRequest 0x6dcd52ef "ServletApiRequest@6dcd52ef{ServletContextRequest@3af9bc85{SecureRequestWithSslSessionData@2e8784f6{GET@6bfcc04f https://localhost:8443/baseline2?a=1&b=1 HTTP/2.0}}}"], :io.pedestal.interceptor.chain/enter-async [#object[io.pedestal.http.impl.servlet_interceptor$start_servlet_async 0x4b11d6ea "io.pedestal.http.impl.servlet_interceptor$start_servlet_async@4b11d6ea"]], :url-for #object[clojure.lang.Delay 0x6ca1adf5 {:status :pending, :val nil}], :io.pedestal.interceptor.chain/execution-id 1086891, :servlet-config #object[org.eclipse.jetty.ee10.servlet.ServletHolder$Config 0x550e8ba5 "org.eclipse.jetty.ee10.servlet.ServletHolder$Config@550e8ba5"]}, :line 298}
clojure.lang.ExceptionInfo: java.io.EOFException in Interceptor :io.pedestal.http.impl.servlet-interceptor/ring-response - reset {:execution-id nil, :stage :leave, :interceptor :io.pedestal.http.impl.servlet-interceptor/ring-response, :exception-type :java.io.EOFException, :exception #error {
 :cause "reset"
 :via
 [{:type java.io.EOFException
   :message "reset"
   :at [org.eclipse.jetty.http2.HTTP2Stream reset "HTTP2Stream.java" 181]}]
 :trace
 [[org.eclipse.jetty.http2.HTTP2Stream reset "HTTP2Stream.java" 181]
  [org.eclipse.jetty.http2.HTTP2Session lambda$failStreams$0 "HTTP2Session.java" 747]
  [org.eclipse.jetty.util.Callback$4 completed "Callback.java" 227]
  [org.eclipse.jetty.util.Callback$Completing succeeded "Callback.java" 416]
  [org.eclipse.jetty.util.Callback$Nested succeeded "Callback.java" 467]
  [org.eclipse.jetty.http2.server.internal.HttpStreamOverHTTP2$FailureTask run "HttpStreamOverHTTP2.java" 711]
  [org.eclipse.jetty.util.thread.ReservedThreadExecutor$ReservedThread run "ReservedThreadExecutor.java" 311]
  [org.eclipse.jetty.util.thread.QueuedThreadPool runJob "QueuedThreadPool.java" 981]
  [org.eclipse.jetty.util.thread.QueuedThreadPool$Runner doRunJob "QueuedThreadPool.java" 1212]
  [org.eclipse.jetty.util.thread.QueuedThreadPool$Runner run "QueuedThreadPool.java" 1166]
  [java.lang.Thread run "Thread.java" 1516]]}}
	at io.pedestal.interceptor.chain$throwable__GT_ex_info.invokeStatic(chain.clj:41)
	at io.pedestal.interceptor.chain$throwable__GT_ex_info.invoke(chain.clj:35)
	at io.pedestal.interceptor.chain$begin_error.invokeStatic(chain.clj:74)
	at io.pedestal.interceptor.chain$begin_error.invoke(chain.clj:62)
	at io.pedestal.interceptor.chain$try_stage.invokeStatic(chain.clj:124)
	at io.pedestal.interceptor.chain$try_stage.invoke(chain.clj:108)
	at io.pedestal.interceptor.chain$execute_leave$fn__11043.invoke(chain.clj:270)
	at clojure.lang.AFn.applyToHelper(AFn.java:152)
	at clojure.lang.AFn.applyTo(AFn.java:144)
	at clojure.core$apply.invokeStatic(core.clj:667)
	at clojure.core$with_bindings_STAR_.invokeStatic(core.clj:1994)
	at clojure.core$with_bindings_STAR_.doInvoke(core.clj:1994)
	at clojure.lang.RestFn.invoke(RestFn.java:428)
	at io.pedestal.interceptor.chain$execute_leave.invokeStatic(chain.clj:250)
	at io.pedestal.interceptor.chain$execute_leave.invoke(chain.clj:243)
	at io.pedestal.interceptor.chain$execute_continue.invokeStatic(chain.clj:362)
	at io.pedestal.interceptor.chain$execute_continue.invoke(chain.clj:359)
	at io.pedestal.interceptor.chain$execute.invokeStatic(chain.clj:424)
	at io.pedestal.interceptor.chain$execute.invoke(chain.clj:373)
	at io.pedestal.interceptor.chain$execute.invokeStatic(chain.clj:429)
	at io.pedestal.interceptor.chain$execute.invoke(chain.clj:373)
	at io.pedestal.http.impl.servlet_interceptor$interceptor_service_fn$fn__16045.invoke(servlet_interceptor.clj:386)
	at io.pedestal.servlet.FnServlet.service(FnServlet.java:57)
	at jakarta.servlet.http.HttpServlet.service(HttpServlet.java:614)
	at org.eclipse.jetty.ee10.servlet.ServletHolder.handle(ServletHolder.java:753)
	at org.eclipse.jetty.ee10.servlet.ServletHandler$ChainEnd.doFilter(ServletHandler.java:1624)
	at org.eclipse.jetty.ee10.websocket.servlet.WebSocketUpgradeFilter.doFilter(WebSocketUpgradeFilter.java:195)
	at org.eclipse.jetty.ee10.servlet.FilterHolder.doFilter(FilterHolder.java:205)
	at org.eclipse.jetty.ee10.servlet.ServletHandler$Chain.doFilter(ServletHandler.java:1596)
	at org.eclipse.jetty.ee10.servlet.ServletHandler$MappedServlet.handle(ServletHandler.java:1557)
	at org.eclipse.jetty.ee10.servlet.ServletChannel.dispatch(ServletChannel.java:828)
	at org.eclipse.jetty.ee10.servlet.ServletChannel.handle(ServletChannel.java:438)
	at org.eclipse.jetty.ee10.servlet.ServletHandler.handle(ServletHandler.java:470)
	at org.eclipse.jetty.ee10.servlet.SessionHandler.handle(SessionHandler.java:717)
	at org.eclipse.jetty.server.handler.gzip.GzipHandler.handle(GzipHandler.java:613)
	at org.eclipse.jetty.server.handler.ContextHandler.handle(ContextHandler.java:1102)
	at org.eclipse.jetty.server.Server.handle(Server.java:182)
	at org.eclipse.jetty.server.internal.HttpChannelState$HandlerInvoker.run(HttpChannelState.java:772)
	at org.eclipse.jetty.util.thread.Invocable$ReadyTask.run(Invocable.java:177)
	at org.eclipse.jetty.http2.server.internal.HttpStreamOverHTTP2$1.run(HttpStreamOverHTTP2.java:144)
	at org.eclipse.jetty.util.thread.QueuedThreadPool.runJob(QueuedThreadPool.java:981)
	at org.eclipse.jetty.util.thread.QueuedThreadPool$Runner.doRunJob(QueuedThreadPool.java:1212)
	at org.eclipse.jetty.util.thread.QueuedThreadPool$Runner.run(QueuedThreadPool.java:1166)
	at java.base/java.lang.Thread.run(Thread.java:1516)
Caused by: java.io.EOFException: reset
	at org.eclipse.jetty.http2.HTTP2Stream.reset(HTTP2Stream.java:181)
	at org.eclipse.jetty.http2.HTTP2Session.lambda$failStreams$0(HTTP2Session.java:747)
	at org.eclipse.jetty.util.Callback$4.completed(Callback.java:227)
	at org.eclipse.jetty.util.Callback$Completing.succeeded(Callback.java:416)
	at org.eclipse.jetty.util.Callback$Nested.succeeded(Callback.java:467)
	at org.eclipse.jetty.http2.server.internal.HttpStreamOverHTTP2$FailureTask.run(HttpStreamOverHTTP2.java:711)
	at org.eclipse.jetty.util.thread.ReservedThreadExecutor$ReservedThread.run(ReservedThreadExecutor.java:311)
	... 4 more
[qtp1395846122-150] ERROR io.pedestal.http.impl.servlet-interceptor - {:msg "error-stylobate triggered", :context {:response {:status 200, :headers {"content-type" "text/plain", "Content-Type" "text/plain"}, :body "2"}, :io.pedestal.interceptor.chain/leave-queue (), :request {:protocol "HTTP/2.0", :async-supported? true, :remote-addr "127.0.0.1", :params {:a "1", :b "1"}, :servlet-response #object[org.eclipse.jetty.ee10.servlet.ServletApiResponse 0x13614c44 "ServletApiResponse@13614c44{org.eclipse.jetty.ee10.servlet.ServletContextResponse@201219e6,org.eclipse.jetty.ee10.servlet.ServletContextResponse@201219e6}"], :servlet #object[io.pedestal.servlet.FnServlet 0x18594f42 "io.pedestal.servlet.FnServlet@18594f42"], :headers {"user-agent" "h2load nghttp2/1.59.0"}, :server-port 8443, :servlet-request #object[org.eclipse.jetty.ee10.servlet.ServletApiRequest 0x47e818c "ServletApiRequest@47e818c{ServletContextRequest@2a66d2e4{SecureRequestWithSslSessionData@337ca880{GET@3114a20 https://localhost:8443/baseline2?a=1&b=1 HTTP/2.0}}}"], :query-params {:a "1", :b "1"}, :path-info "/baseline2", :url-for #object[clojure.lang.Delay 0x7313d92f {:status :pending, :val nil}], :uri "/baseline2", :server-name "localhost", :query-string "a=1&b=1", :path-params {}, :body #object[org.eclipse.jetty.ee10.servlet.HttpInput 0x6f7ed45b "HttpInput@1870582875 cs=ServletChannelState@3910599c{s=HANDLING rs=BLOCKING os=OPEN is=IDLE awp=false se=false i=true al=0} cp=org.eclipse.jetty.ee10.servlet.BlockingContentProducer@30d944d4 eof=false"], :scheme :https, :request-method :get, :context-path ""}, :io.pedestal.http.route/path-params-decoded? true, :bindings {#'io.pedestal.http.route/*url-for* #object[clojure.lang.Delay 0x7313d92f {:status :pending, :val nil}]}, :io.pedestal.interceptor.chain/terminators (#object[io.pedestal.http.response$terminate_when_response_STAR_ 0x148875fa "io.pedestal.http.response$terminate_when_response_STAR_@148875fa"]), :servlet-response #object[org.eclipse.jetty.ee10.servlet.ServletApiResponse 0x13614c44 "ServletApiResponse@13614c44{org.eclipse.jetty.ee10.servlet.ServletContextResponse@201219e6,org.eclipse.jetty.ee10.servlet.ServletContextResponse@201219e6}"], :route {:path "/baseline2", :method :get, :path-parts ["baseline2"], :interceptors [#Interceptor{:name :httparena.pedestal.core/baseline-handler}], :route-name :httparena.pedestal.core/baseline-h2, :path-params [], :path-re #"/\Qbaseline2\E", :io.pedestal.http.route.internal/satisfies-constraints? #object[io.pedestal.http.route.internal$add_satisfies_constraints_QMARK_$fn__11349 0x4b57ae7 "io.pedestal.http.route.internal$add_satisfies_constraints_QMARK_$fn__11349@4b57ae7"]}, :servlet #object[io.pedestal.servlet.FnServlet 0x18594f42 "io.pedestal.servlet.FnServlet@18594f42"], :servlet-request #object[org.eclipse.jetty.ee10.servlet.ServletApiRequest 0x47e818c "ServletApiRequest@47e818c{ServletContextRequest@2a66d2e4{SecureRequestWithSslSessionData@337ca880{GET@3114a20 https://localhost:8443/baseline2?a=1&b=1 HTTP/2.0}}}"], :websocket-channel-source #object[org.eclipse.jetty.ee10.servlet.ServletApiRequest 0x47e818c "ServletApiRequest@47e818c{ServletContextRequest@2a66d2e4{SecureRequestWithSslSessionData@337ca880{GET@3114a20 https://localhost:8443/baseline2?a=1&b=1 HTTP/2.0}}}"], :io.pedestal.interceptor.chain/enter-async [#object[io.pedestal.http.impl.servlet_interceptor$start_servlet_async 0x4b11d6ea "io.pedestal.http.impl.servlet_interceptor$start_servlet_async@4b11d6ea"]], :url-for #object[clojure.lang.Delay 0x7313d92f {:status :pending, :val nil}], :io.pedestal.interceptor.chain/execution-id 6342368, :servlet-config #object[org.eclipse.jetty.ee10.servlet.ServletHolder$Config 0x550e8ba5 "org.eclipse.jetty.ee10.servlet.ServletHolder$Config@550e8ba5"]}, :line 298}
clojure.lang.ExceptionInfo: java.io.EOFException in Interceptor :io.pedestal.http.impl.servlet-interceptor/ring-response - reset {:execution-id nil, :stage :leave, :interceptor :io.pedestal.http.impl.servlet-interceptor/ring-response, :exception-type :java.io.EOFException, :exception #error {
 :cause "reset"
 :via
 [{:type java.io.EOFException
   :message "reset"
   :at [org.eclipse.jetty.http2.HTTP2Stream reset "HTTP2Stream.java" 181]}]
 :trace
 [[org.eclipse.jetty.http2.HTTP2Stream reset "HTTP2Stream.java" 181]
  [org.eclipse.jetty.http2.HTTP2Session lambda$failStreams$0 "HTTP2Session.java" 747]
  [org.eclipse.jetty.util.Callback$4 completed "Callback.java" 227]
  [org.eclipse.jetty.util.Callback$Completing succeeded "Callback.java" 416]
  [org.eclipse.jetty.util.Callback$Nested succeeded "Callback.java" 467]
  [org.eclipse.jetty.http2.server.internal.HttpStreamOverHTTP2$FailureTask run "HttpStreamOverHTTP2.java" 711]
  [org.eclipse.jetty.util.thread.ReservedThreadExecutor$ReservedThread run "ReservedThreadExecutor.java" 311]
  [org.eclipse.jetty.util.thread.QueuedThreadPool runJob "QueuedThreadPool.java" 981]
  [org.eclipse.jetty.util.thread.QueuedThreadPool$Runner doRunJob "QueuedThreadPool.java" 1212]
  [org.eclipse.jetty.util.thread.QueuedThreadPool$Runner run "QueuedThreadPool.java" 1166]
  [java.lang.Thread run "Thread.java" 1516]]}}
	at io.pedestal.interceptor.chain$throwable__GT_ex_info.invokeStatic(chain.clj:41)
	at io.pedestal.interceptor.chain$throwable__GT_ex_info.invoke(chain.clj:35)
	at io.pedestal.interceptor.chain$begin_error.invokeStatic(chain.clj:74)
	at io.pedestal.interceptor.chain$begin_error.invoke(chain.clj:62)
	at io.pedestal.interceptor.chain$try_stage.invokeStatic(chain.clj:124)
	at io.pedestal.interceptor.chain$try_stage.invoke(chain.clj:108)
	at io.pedestal.interceptor.chain$execute_leave$fn__11043.invoke(chain.clj:270)
	at clojure.lang.AFn.applyToHelper(AFn.java:152)
	at clojure.lang.AFn.applyTo(AFn.java:144)
	at clojure.core$apply.invokeStatic(core.clj:667)
	at clojure.core$with_bindings_STAR_.invokeStatic(core.clj:1994)
	at clojure.core$with_bindings_STAR_.doInvoke(core.clj:1994)
	at clojure.lang.RestFn.invoke(RestFn.java:428)
	at io.pedestal.interceptor.chain$execute_leave.invokeStatic(chain.clj:250)
	at io.pedestal.interceptor.chain$execute_leave.invoke(chain.clj:243)
	at io.pedestal.interceptor.chain$execute_continue.invokeStatic(chain.clj:362)
	at io.pedestal.interceptor.chain$execute_continue.invoke(chain.clj:359)
	at io.pedestal.interceptor.chain$execute.invokeStatic(chain.clj:424)
	at io.pedestal.interceptor.chain$execute.invoke(chain.clj:373)
	at io.pedestal.interceptor.chain$execute.invokeStatic(chain.clj:429)
	at io.pedestal.interceptor.chain$execute.invoke(chain.clj:373)
	at io.pedestal.http.impl.servlet_interceptor$interceptor_service_fn$fn__16045.invoke(servlet_interceptor.clj:386)
	at io.pedestal.servlet.FnServlet.service(FnServlet.java:57)
	at jakarta.servlet.http.HttpServlet.service(HttpServlet.java:614)
	at org.eclipse.jetty.ee10.servlet.ServletHolder.handle(ServletHolder.java:753)
	at org.eclipse.jetty.ee10.servlet.ServletHandler$ChainEnd.doFilter(ServletHandler.java:1624)
	at org.eclipse.jetty.ee10.websocket.servlet.WebSocketUpgradeFilter.doFilter(WebSocketUpgradeFilter.java:195)
	at org.eclipse.jetty.ee10.servlet.FilterHolder.doFilter(FilterHolder.java:205)
	at org.eclipse.jetty.ee10.servlet.ServletHandler$Chain.doFilter(ServletHandler.java:1596)
	at org.eclipse.jetty.ee10.servlet.ServletHandler$MappedServlet.handle(ServletHandler.java:1557)
	at org.eclipse.jetty.ee10.servlet.ServletChannel.dispatch(ServletChannel.java:828)
	at org.eclipse.jetty.ee10.servlet.ServletChannel.handle(ServletChannel.java:438)
	at org.eclipse.jetty.ee10.servlet.ServletHandler.handle(ServletHandler.java:470)
	at org.eclipse.jetty.ee10.servlet.SessionHandler.handle(SessionHandler.java:717)
	at org.eclipse.jetty.server.handler.gzip.GzipHandler.handle(GzipHandler.java:613)
	at org.eclipse.jetty.server.handler.ContextHandler.handle(ContextHandler.java:1102)
	at org.eclipse.jetty.server.Server.handle(Server.java:182)
	at org.eclipse.jetty.server.internal.HttpChannelState$HandlerInvoker.run(HttpChannelState.java:772)
	at org.eclipse.jetty.util.thread.Invocable$ReadyTask.run(Invocable.java:177)
	at org.eclipse.jetty.http2.server.internal.HttpStreamOverHTTP2$1.run(HttpStreamOverHTTP2.java:144)
	at org.eclipse.jetty.util.thread.QueuedThreadPool.runJob(QueuedThreadPool.java:981)
	at org.eclipse.jetty.util.thread.QueuedThreadPool$Runner.doRunJob(QueuedThreadPool.java:1212)
	at org.eclipse.jetty.util.thread.QueuedThreadPool$Runner.run(QueuedThreadPool.java:1166)
	at java.base/java.lang.Thread.run(Thread.java:1516)
Caused by: java.io.EOFException: reset
	at org.eclipse.jetty.http2.HTTP2Stream.reset(HTTP2Stream.java:181)
	at org.eclipse.jetty.http2.HTTP2Session.lambda$failStreams$0(HTTP2Session.java:747)
	at org.eclipse.jetty.util.Callback$4.completed(Callback.java:227)
	at org.eclipse.jetty.util.Callback$Completing.succeeded(Callback.java:416)
	at org.eclipse.jetty.util.Callback$Nested.succeeded(Callback.java:467)
	at org.eclipse.jetty.http2.server.internal.HttpStreamOverHTTP2$FailureTask.run(HttpStreamOverHTTP2.java:711)
	at org.eclipse.jetty.util.thread.ReservedThreadExecutor$ReservedThread.run(ReservedThreadExecutor.java:311)
	... 4 more
[qtp1395846122-400] ERROR io.pedestal.http.impl.servlet-interceptor - {:msg "error-stylobate triggered", :context {:response {:status 200, :headers {"content-type" "text/plain", "Content-Type" "text/plain"}, :body "2"}, :io.pedestal.interceptor.chain/leave-queue (), :request {:protocol "HTTP/2.0", :async-supported? true, :remote-addr "127.0.0.1", :params {:a "1", :b "1"}, :servlet-response #object[org.eclipse.jetty.ee10.servlet.ServletApiResponse 0x78eaf8ca "ServletApiResponse@78eaf8ca{org.eclipse.jetty.ee10.servlet.ServletContextResponse@1f82e1c2,org.eclipse.jetty.ee10.servlet.ServletContextResponse@1f82e1c2}"], :servlet #object[io.pedestal.servlet.FnServlet 0x18594f42 "io.pedestal.servlet.FnServlet@18594f42"], :headers {"user-agent" "h2load nghttp2/1.59.0"}, :server-port 8443, :servlet-request #object[org.eclipse.jetty.ee10.servlet.ServletApiRequest 0x74fd46c6 "ServletApiRequest@74fd46c6{ServletContextRequest@5497a84a{SecureRequestWithSslSessionData@7b9426ba{GET@731054fb https://localhost:8443/baseline2?a=1&b=1 HTTP/2.0}}}"], :query-params {:a "1", :b "1"}, :path-info "/baseline2", :url-for #object[clojure.lang.Delay 0x6dc5e729 {:status :pending, :val nil}], :uri "/baseline2", :server-name "localhost", :query-string "a=1&b=1", :path-params {}, :body #object[org.eclipse.jetty.ee10.servlet.HttpInput 0x4f9c723 "HttpInput@83478307 cs=ServletChannelState@5e8280f0{s=HANDLING rs=BLOCKING os=OPEN is=IDLE awp=false se=false i=true al=0} cp=org.eclipse.jetty.ee10.servlet.BlockingContentProducer@2fc4b057 eof=false"], :scheme :https, :request-method :get, :context-path ""}, :io.pedestal.http.route/path-params-decoded? true, :bindings {#'io.pedestal.http.route/*url-for* #object[clojure.lang.Delay 0x6dc5e729 {:status :pending, :val nil}]}, :io.pedestal.interceptor.chain/terminators (#object[io.pedestal.http.response$terminate_when_response_STAR_ 0x148875fa "io.pedestal.http.response$terminate_when_response_STAR_@148875fa"]), :servlet-response #object[org.eclipse.jetty.ee10.servlet.ServletApiResponse 0x78eaf8ca "ServletApiResponse@78eaf8ca{org.eclipse.jetty.ee10.servlet.ServletContextResponse@1f82e1c2,org.eclipse.jetty.ee10.servlet.ServletContextResponse@1f82e1c2}"], :route {:path "/baseline2", :method :get, :path-parts ["baseline2"], :interceptors [#Interceptor{:name :httparena.pedestal.core/baseline-handler}], :route-name :httparena.pedestal.core/baseline-h2, :path-params [], :path-re #"/\Qbaseline2\E", :io.pedestal.http.route.internal/satisfies-constraints? #object[io.pedestal.http.route.internal$add_satisfies_constraints_QMARK_$fn__11349 0x4b57ae7 "io.pedestal.http.route.internal$add_satisfies_constraints_QMARK_$fn__11349@4b57ae7"]}, :servlet #object[io.pedestal.servlet.FnServlet 0x18594f42 "io.pedestal.servlet.FnServlet@18594f42"], :servlet-request #object[org.eclipse.jetty.ee10.servlet.ServletApiRequest 0x74fd46c6 "ServletApiRequest@74fd46c6{ServletContextRequest@5497a84a{SecureRequestWithSslSessionData@7b9426ba{GET@731054fb https://localhost:8443/baseline2?a=1&b=1 HTTP/2.0}}}"], :websocket-channel-source #object[org.eclipse.jetty.ee10.servlet.ServletApiRequest 0x74fd46c6 "ServletApiRequest@74fd46c6{ServletContextRequest@5497a84a{SecureRequestWithSslSessionData@7b9426ba{GET@731054fb https://localhost:8443/baseline2?a=1&b=1 HTTP/2.0}}}"], :io.pedestal.interceptor.chain/enter-async [#object[io.pedestal.http.impl.servlet_interceptor$start_servlet_async 0x4b11d6ea "io.pedestal.http.impl.servlet_interceptor$start_servlet_async@4b11d6ea"]], :url-for #object[clojure.lang.Delay 0x6dc5e729 {:status :pending, :val nil}], :io.pedestal.interceptor.chain/execution-id 6342374, :servlet-config #object[org.eclipse.jetty.ee10.servlet.ServletHolder$Config 0x550e8ba5 "org.eclipse.jetty.ee10.servlet.ServletHolder$Config@550e8ba5"]}, :line 298}
clojure.lang.ExceptionInfo: java.io.EOFException in Interceptor :io.pedestal.http.impl.servlet-interceptor/ring-response - reset {:execution-id nil, :stage :leave, :interceptor :io.pedestal.http.impl.servlet-interceptor/ring-response, :exception-type :java.io.EOFException, :exception #error {
 :cause "reset"
 :via
 [{:type java.io.EOFException
   :message "reset"
   :at [org.eclipse.jetty.http2.HTTP2Stream reset "HTTP2Stream.java" 181]}]
 :trace
 [[org.eclipse.jetty.http2.HTTP2Stream reset "HTTP2Stream.java" 181]
  [org.eclipse.jetty.http2.HTTP2Session lambda$failStreams$0 "HTTP2Session.java" 747]
  [org.eclipse.jetty.util.Callback$4 completed "Callback.java" 227]
  [org.eclipse.jetty.util.Callback$Completing succeeded "Callback.java" 416]
  [org.eclipse.jetty.util.Callback$Nested succeeded "Callback.java" 467]
  [org.eclipse.jetty.http2.server.internal.HttpStreamOverHTTP2$FailureTask run "HttpStreamOverHTTP2.java" 711]
  [org.eclipse.jetty.util.thread.ReservedThreadExecutor$ReservedThread run "ReservedThreadExecutor.java" 311]
  [org.eclipse.jetty.util.thread.QueuedThreadPool runJob "QueuedThreadPool.java" 981]
  [org.eclipse.jetty.util.thread.QueuedThreadPool$Runner doRunJob "QueuedThreadPool.java" 1212]
  [org.eclipse.jetty.util.thread.QueuedThreadPool$Runner run "QueuedThreadPool.java" 1166]
  [java.lang.Thread run "Thread.java" 1516]]}}
	at io.pedestal.interceptor.chain$throwable__GT_ex_info.invokeStatic(chain.clj:41)
	at io.pedestal.interceptor.chain$throwable__GT_ex_info.invoke(chain.clj:35)
	at io.pedestal.interceptor.chain$begin_error.invokeStatic(chain.clj:74)
	at io.pedestal.interceptor.chain$begin_error.invoke(chain.clj:62)
	at io.pedestal.interceptor.chain$try_stage.invokeStatic(chain.clj:124)
	at io.pedestal.interceptor.chain$try_stage.invoke(chain.clj:108)
	at io.pedestal.interceptor.chain$execute_leave$fn__11043.invoke(chain.clj:270)
	at clojure.lang.AFn.applyToHelper(AFn.java:152)
	at clojure.lang.AFn.applyTo(AFn.java:144)
	at clojure.core$apply.invokeStatic(core.clj:667)
	at clojure.core$with_bindings_STAR_.invokeStatic(core.clj:1994)
	at clojure.core$with_bindings_STAR_.doInvoke(core.clj:1994)
	at clojure.lang.RestFn.invoke(RestFn.java:428)
	at io.pedestal.interceptor.chain$execute_leave.invokeStatic(chain.clj:250)
	at io.pedestal.interceptor.chain$execute_leave.invoke(chain.clj:243)
	at io.pedestal.interceptor.chain$execute_continue.invokeStatic(chain.clj:362)
	at io.pedestal.interceptor.chain$execute_continue.invoke(chain.clj:359)
	at io.pedestal.interceptor.chain$execute.invokeStatic(chain.clj:424)
	at io.pedestal.interceptor.chain$execute.invoke(chain.clj:373)
	at io.pedestal.interceptor.chain$execute.invokeStatic(chain.clj:429)
	at io.pedestal.interceptor.chain$execute.invoke(chain.clj:373)
	at io.pedestal.http.impl.servlet_interceptor$interceptor_service_fn$fn__16045.invoke(servlet_interceptor.clj:386)
	at io.pedestal.servlet.FnServlet.service(FnServlet.java:57)
	at jakarta.servlet.http.HttpServlet.service(HttpServlet.java:614)
	at org.eclipse.jetty.ee10.servlet.ServletHolder.handle(ServletHolder.java:753)
	at org.eclipse.jetty.ee10.servlet.ServletHandler$ChainEnd.doFilter(ServletHandler.java:1624)
	at org.eclipse.jetty.ee10.websocket.servlet.WebSocketUpgradeFilter.doFilter(WebSocketUpgradeFilter.java:195)
	at org.eclipse.jetty.ee10.servlet.FilterHolder.doFilter(FilterHolder.java:205)
	at org.eclipse.jetty.ee10.servlet.ServletHandler$Chain.doFilter(ServletHandler.java:1596)
	at org.eclipse.jetty.ee10.servlet.ServletHandler$MappedServlet.handle(ServletHandler.java:1557)
	at org.eclipse.jetty.ee10.servlet.ServletChannel.dispatch(ServletChannel.java:828)
	at org.eclipse.jetty.ee10.servlet.ServletChannel.handle(ServletChannel.java:438)
	at org.eclipse.jetty.ee10.servlet.ServletHandler.handle(ServletHandler.java:470)
	at org.eclipse.jetty.ee10.servlet.SessionHandler.handle(SessionHandler.java:717)
	at org.eclipse.jetty.server.handler.gzip.GzipHandler.handle(GzipHandler.java:613)
	at org.eclipse.jetty.server.handler.ContextHandler.handle(ContextHandler.java:1102)
	at org.eclipse.jetty.server.Server.handle(Server.java:182)
	at org.eclipse.jetty.server.internal.HttpChannelState$HandlerInvoker.run(HttpChannelState.java:772)
	at org.eclipse.jetty.util.thread.Invocable$ReadyTask.run(Invocable.java:177)
	at org.eclipse.jetty.http2.server.internal.HttpStreamOverHTTP2$1.run(HttpStreamOverHTTP2.java:144)
	at org.eclipse.jetty.util.thread.QueuedThreadPool.runJob(QueuedThreadPool.java:981)
	at org.eclipse.jetty.util.thread.QueuedThreadPool$Runner.doRunJob(QueuedThreadPool.java:1212)
	at org.eclipse.jetty.util.thread.QueuedThreadPool$Runner.run(QueuedThreadPool.java:1166)
	at java.base/java.lang.Thread.run(Thread.java:1516)
Caused by: java.io.EOFException: reset
	at org.eclipse.jetty.http2.HTTP2Stream.reset(HTTP2Stream.java:181)
	at org.eclipse.jetty.http2.HTTP2Session.lambda$failStreams$0(HTTP2Session.java:747)
	at org.eclipse.jetty.util.Callback$4.completed(Callback.java:227)
	at org.eclipse.jetty.util.Callback$Completing.succeeded(Callback.java:416)
	at org.eclipse.jetty.util.Callback$Nested.succeeded(Callback.java:467)
	at org.eclipse.jetty.http2.server.internal.HttpStreamOverHTTP2$FailureTask.run(HttpStreamOverHTTP2.java:711)
	at org.eclipse.jetty.util.thread.ReservedThreadExecutor$ReservedThread.run(ReservedThreadExecutor.java:311)
	... 4 more
[qtp1395846122-177] ERROR io.pedestal.http.impl.servlet-interceptor - {:msg "error-stylobate triggered", :context {:response {:status 200, :headers {"content-type" "text/plain", "Content-Type" "text/plain"}, :body "2"}, :io.pedestal.interceptor.chain/leave-queue (), :request {:protocol "HTTP/2.0", :async-supported? true, :remote-addr "127.0.0.1", :params {:a "1", :b "1"}, :servlet-response #object[org.eclipse.jetty.ee10.servlet.ServletApiResponse 0x5c6793b "ServletApiResponse@5c6793b{org.eclipse.jetty.ee10.servlet.ServletContextResponse@39093532,org.eclipse.jetty.ee10.servlet.ServletContextResponse@39093532}"], :servlet #object[io.pedestal.servlet.FnServlet 0x18594f42 "io.pedestal.servlet.FnServlet@18594f42"], :headers {"user-agent" "h2load nghttp2/1.59.0"}, :server-port 8443, :servlet-request #object[org.eclipse.jetty.ee10.servlet.ServletApiRequest 0xadc938a "ServletApiRequest@adc938a{ServletContextRequest@47f4d07{SecureRequestWithSslSessionData@3246f312{GET@4296e0cd https://localhost:8443/baseline2?a=1&b=1 HTTP/2.0}}}"], :query-params {:a "1", :b "1"}, :path-info "/baseline2", :url-for #object[clojure.lang.Delay 0x2c387bd6 {:status :pending, :val nil}], :uri "/baseline2", :server-name "localhost", :query-string "a=1&b=1", :path-params {}, :body #object[org.eclipse.jetty.ee10.servlet.HttpInput 0x52511c23 "HttpInput@1381047331 cs=ServletChannelState@570aab18{s=HANDLING rs=BLOCKING os=OPEN is=IDLE awp=false se=false i=true al=0} cp=org.eclipse.jetty.ee10.servlet.BlockingContentProducer@22efa9bc eof=false"], :scheme :https, :request-method :get, :context-path ""}, :io.pedestal.http.route/path-params-decoded? true, :bindings {#'io.pedestal.http.route/*url-for* #object[clojure.lang.Delay 0x2c387bd6 {:status :pending, :val nil}]}, :io.pedestal.interceptor.chain/terminators (#object[io.pedestal.http.response$terminate_when_response_STAR_ 0x148875fa "io.pedestal.http.response$terminate_when_response_STAR_@148875fa"]), :servlet-response #object[org.eclipse.jetty.ee10.servlet.ServletApiResponse 0x5c6793b "ServletApiResponse@5c6793b{org.eclipse.jetty.ee10.servlet.ServletContextResponse@39093532,org.eclipse.jetty.ee10.servlet.ServletContextResponse@39093532}"], :route {:path "/baseline2", :method :get, :path-parts ["baseline2"], :interceptors [#Interceptor{:name :httparena.pedestal.core/baseline-handler}], :route-name :httparena.pedestal.core/baseline-h2, :path-params [], :path-re #"/\Qbaseline2\E", :io.pedestal.http.route.internal/satisfies-constraints? #object[io.pedestal.http.route.internal$add_satisfies_constraints_QMARK_$fn__11349 0x4b57ae7 "io.pedestal.http.route.internal$add_satisfies_constraints_QMARK_$fn__11349@4b57ae7"]}, :servlet #object[io.pedestal.servlet.FnServlet 0x18594f42 "io.pedestal.servlet.FnServlet@18594f42"], :servlet-request #object[org.eclipse.jetty.ee10.servlet.ServletApiRequest 0xadc938a "ServletApiRequest@adc938a{ServletContextRequest@47f4d07{SecureRequestWithSslSessionData@3246f312{GET@4296e0cd https://localhost:8443/baseline2?a=1&b=1 HTTP/2.0}}}"], :websocket-channel-source #object[org.eclipse.jetty.ee10.servlet.ServletApiRequest 0xadc938a "ServletApiRequest@adc938a{ServletContextRequest@47f4d07{SecureRequestWithSslSessionData@3246f312{GET@4296e0cd https://localhost:8443/baseline2?a=1&b=1 HTTP/2.0}}}"], :io.pedestal.interceptor.chain/enter-async [#object[io.pedestal.http.impl.servlet_interceptor$start_servlet_async 0x4b11d6ea "io.pedestal.http.impl.servlet_interceptor$start_servlet_async@4b11d6ea"]], :url-for #object[clojure.lang.Delay 0x2c387bd6 {:status :pending, :val nil}], :io.pedestal.interceptor.chain/execution-id 6342378, :servlet-config #object[org.eclipse.jetty.ee10.servlet.ServletHolder$Config 0x550e8ba5 "org.eclipse.jetty.ee10.servlet.ServletHolder$Config@550e8ba5"]}, :line 298}
clojure.lang.ExceptionInfo: java.io.EOFException in Interceptor :io.pedestal.http.impl.servlet-interceptor/ring-response - reset {:execution-id nil, :stage :leave, :interceptor :io.pedestal.http.impl.servlet-interceptor/ring-response, :exception-type :java.io.EOFException, :exception #error {
 :cause "reset"
 :via
 [{:type java.io.EOFException
   :message "reset"
   :at [org.eclipse.jetty.http2.HTTP2Stream reset "HTTP2Stream.java" 181]}]
 :trace
 [[org.eclipse.jetty.http2.HTTP2Stream reset "HTTP2Stream.java" 181]
  [org.eclipse.jetty.http2.HTTP2Session lambda$failStreams$0 "HTTP2Session.java" 747]
  [org.eclipse.jetty.util.Callback$4 completed "Callback.java" 227]
  [org.eclipse.jetty.util.Callback$Completing succeeded "Callback.java" 416]
  [org.eclipse.jetty.util.Callback$Nested succeeded "Callback.java" 467]
  [org.eclipse.jetty.http2.server.internal.HttpStreamOverHTTP2$FailureTask run "HttpStreamOverHTTP2.java" 711]
  [org.eclipse.jetty.util.thread.ReservedThreadExecutor$ReservedThread run "ReservedThreadExecutor.java" 311]
  [org.eclipse.jetty.util.thread.QueuedThreadPool runJob "QueuedThreadPool.java" 981]
  [org.eclipse.jetty.util.thread.QueuedThreadPool$Runner doRunJob "QueuedThreadPool.java" 1212]
  [org.eclipse.jetty.util.thread.QueuedThreadPool$Runner run "QueuedThreadPool.java" 1166]
  [java.lang.Thread run "Thread.java" 1516]]}}
	at io.pedestal.interceptor.chain$throwable__GT_ex_info.invokeStatic(chain.clj:41)
	at io.pedestal.interceptor.chain$throwable__GT_ex_info.invoke(chain.clj:35)
	at io.pedestal.interceptor.chain$begin_error.invokeStatic(chain.clj:74)
	at io.pedestal.interceptor.chain$begin_error.invoke(chain.clj:62)
	at io.pedestal.interceptor.chain$try_stage.invokeStatic(chain.clj:124)
	at io.pedestal.interceptor.chain$try_stage.invoke(chain.clj:108)
	at io.pedestal.interceptor.chain$execute_leave$fn__11043.invoke(chain.clj:270)
	at clojure.lang.AFn.applyToHelper(AFn.java:152)
	at clojure.lang.AFn.applyTo(AFn.java:144)
	at clojure.core$apply.invokeStatic(core.clj:667)
	at clojure.core$with_bindings_STAR_.invokeStatic(core.clj:1994)
	at clojure.core$with_bindings_STAR_.doInvoke(core.clj:1994)
	at clojure.lang.RestFn.invoke(RestFn.java:428)
	at io.pedestal.interceptor.chain$execute_leave.invokeStatic(chain.clj:250)
	at io.pedestal.interceptor.chain$execute_leave.invoke(chain.clj:243)
	at io.pedestal.interceptor.chain$execute_continue.invokeStatic(chain.clj:362)
	at io.pedestal.interceptor.chain$execute_continue.invoke(chain.clj:359)
	at io.pedestal.interceptor.chain$execute.invokeStatic(chain.clj:424)
	at io.pedestal.interceptor.chain$execute.invoke(chain.clj:373)
	at io.pedestal.interceptor.chain$execute.invokeStatic(chain.clj:429)
	at io.pedestal.interceptor.chain$execute.invoke(chain.clj:373)
	at io.pedestal.http.impl.servlet_interceptor$interceptor_service_fn$fn__16045.invoke(servlet_interceptor.clj:386)
	at io.pedestal.servlet.FnServlet.service(FnServlet.java:57)
	at jakarta.servlet.http.HttpServlet.service(HttpServlet.java:614)
	at org.eclipse.jetty.ee10.servlet.ServletHolder.handle(ServletHolder.java:753)
	at org.eclipse.jetty.ee10.servlet.ServletHandler$ChainEnd.doFilter(ServletHandler.java:1624)
	at org.eclipse.jetty.ee10.websocket.servlet.WebSocketUpgradeFilter.doFilter(WebSocketUpgradeFilter.java:195)
	at org.eclipse.jetty.ee10.servlet.FilterHolder.doFilter(FilterHolder.java:205)
	at org.eclipse.jetty.ee10.servlet.ServletHandler$Chain.doFilter(ServletHandler.java:1596)
	at org.eclipse.jetty.ee10.servlet.ServletHandler$MappedServlet.handle(ServletHandler.java:1557)
	at org.eclipse.jetty.ee10.servlet.ServletChannel.dispatch(ServletChannel.java:828)
	at org.eclipse.jetty.ee10.servlet.ServletChannel.handle(ServletChannel.java:438)
	at org.eclipse.jetty.ee10.servlet.ServletHandler.handle(ServletHandler.java:470)
	at org.eclipse.jetty.ee10.servlet.SessionHandler.handle(SessionHandler.java:717)
	at org.eclipse.jetty.server.handler.gzip.GzipHandler.handle(GzipHandler.java:613)
	at org.eclipse.jetty.server.handler.ContextHandler.handle(ContextHandler.java:1102)
	at org.eclipse.jetty.server.Server.handle(Server.java:182)
	at org.eclipse.jetty.server.internal.HttpChannelState$HandlerInvoker.run(HttpChannelState.java:772)
	at org.eclipse.jetty.util.thread.Invocable$ReadyTask.run(Invocable.java:177)
	at org.eclipse.jetty.http2.server.internal.HttpStreamOverHTTP2$1.run(HttpStreamOverHTTP2.java:144)
	at org.eclipse.jetty.util.thread.QueuedThreadPool.runJob(QueuedThreadPool.java:981)
	at org.eclipse.jetty.util.thread.QueuedThreadPool$Runner.doRunJob(QueuedThreadPool.java:1212)
	at org.eclipse.jetty.util.thread.QueuedThreadPool$Runner.run(QueuedThreadPool.java:1166)
	at java.base/java.lang.Thread.run(Thread.java:1516)
Caused by: java.io.EOFException: reset
	at org.eclipse.jetty.http2.HTTP2Stream.reset(HTTP2Stream.java:181)
	at org.eclipse.jetty.http2.HTTP2Session.lambda$failStreams$0(HTTP2Session.java:747)
	at org.eclipse.jetty.util.Callback$4.completed(Callback.java:227)
	at org.eclipse.jetty.util.Callback$Completing.succeeded(Callback.java:416)
	at org.eclipse.jetty.util.Callback$Nested.succeeded(Callback.java:467)
	at org.eclipse.jetty.http2.server.internal.HttpStreamOverHTTP2$FailureTask.run(HttpStreamOverHTTP2.java:711)
	at org.eclipse.jetty.util.thread.ReservedThreadExecutor$ReservedThread.run(ReservedThreadExecutor.java:311)
	... 4 more
[qtp1395846122-367] ERROR io.pedestal.http.impl.servlet-interceptor - {:msg "error-stylobate triggered", :context {:response {:status 200, :headers {"content-type" "text/plain", "Content-Type" "text/plain"}, :body "2"}, :io.pedestal.interceptor.chain/leave-queue (), :request {:protocol "HTTP/2.0", :async-supported? true, :remote-addr "127.0.0.1", :params {:a "1", :b "1"}, :servlet-response #object[org.eclipse.jetty.ee10.servlet.ServletApiResponse 0x46e7cfbc "ServletApiResponse@46e7cfbc{org.eclipse.jetty.ee10.servlet.ServletContextResponse@284c7c2a,org.eclipse.jetty.ee10.servlet.ServletContextResponse@284c7c2a}"], :servlet #object[io.pedestal.servlet.FnServlet 0x18594f42 "io.pedestal.servlet.FnServlet@18594f42"], :headers {"user-agent" "h2load nghttp2/1.59.0"}, :server-port 8443, :servlet-request #object[org.eclipse.jetty.ee10.servlet.ServletApiRequest 0x4d0e6a38 "ServletApiRequest@4d0e6a38{ServletContextRequest@6e6d1bdd{SecureRequestWithSslSessionData@160fb383{GET@5de93044 https://localhost:8443/baseline2?a=1&b=1 HTTP/2.0}}}"], :query-params {:a "1", :b "1"}, :path-info "/baseline2", :url-for #object[clojure.lang.Delay 0x6388ce6b {:status :pending, :val nil}], :uri "/baseline2", :server-name "localhost", :query-string "a=1&b=1", :path-params {}, :body #object[org.eclipse.jetty.ee10.servlet.HttpInput 0x65bd8234 "HttpInput@1706918452 cs=ServletChannelState@e45a6ab{s=HANDLING rs=BLOCKING os=OPEN is=IDLE awp=false se=false i=true al=0} cp=org.eclipse.jetty.ee10.servlet.BlockingContentProducer@1a3acc37 eof=false"], :scheme :https, :request-method :get, :context-path ""}, :io.pedestal.http.route/path-params-decoded? true, :bindings {#'io.pedestal.http.route/*url-for* #object[clojure.lang.Delay 0x6388ce6b {:status :pending, :val nil}]}, :io.pedestal.interceptor.chain/terminators (#object[io.pedestal.http.response$terminate_when_response_STAR_ 0x148875fa "io.pedestal.http.response$terminate_when_response_STAR_@148875fa"]), :servlet-response #object[org.eclipse.jetty.ee10.servlet.ServletApiResponse 0x46e7cfbc "ServletApiResponse@46e7cfbc{org.eclipse.jetty.ee10.servlet.ServletContextResponse@284c7c2a,org.eclipse.jetty.ee10.servlet.ServletContextResponse@284c7c2a}"], :route {:path "/baseline2", :method :get, :path-parts ["baseline2"], :interceptors [#Interceptor{:name :httparena.pedestal.core/baseline-handler}], :route-name :httparena.pedestal.core/baseline-h2, :path-params [], :path-re #"/\Qbaseline2\E", :io.pedestal.http.route.internal/satisfies-constraints? #object[io.pedestal.http.route.internal$add_satisfies_constraints_QMARK_$fn__11349 0x4b57ae7 "io.pedestal.http.route.internal$add_satisfies_constraints_QMARK_$fn__11349@4b57ae7"]}, :servlet #object[io.pedestal.servlet.FnServlet 0x18594f42 "io.pedestal.servlet.FnServlet@18594f42"], :servlet-request #object[org.eclipse.jetty.ee10.servlet.ServletApiRequest 0x4d0e6a38 "ServletApiRequest@4d0e6a38{ServletContextRequest@6e6d1bdd{SecureRequestWithSslSessionData@160fb383{GET@5de93044 https://localhost:8443/baseline2?a=1&b=1 HTTP/2.0}}}"], :websocket-channel-source #object[org.eclipse.jetty.ee10.servlet.ServletApiRequest 0x4d0e6a38 "ServletApiRequest@4d0e6a38{ServletContextRequest@6e6d1bdd{SecureRequestWithSslSessionData@160fb383{GET@5de93044 https://localhost:8443/baseline2?a=1&b=1 HTTP/2.0}}}"], :io.pedestal.interceptor.chain/enter-async [#object[io.pedestal.http.impl.servlet_interceptor$start_servlet_async 0x4b11d6ea "io.pedestal.http.impl.servlet_interceptor$start_servlet_async@4b11d6ea"]], :url-for #object[clojure.lang.Delay 0x6388ce6b {:status :pending, :val nil}], :io.pedestal.interceptor.chain/execution-id 6342383, :servlet-config #object[org.eclipse.jetty.ee10.servlet.ServletHolder$Config 0x550e8ba5 "org.eclipse.jetty.ee10.servlet.ServletHolder$Config@550e8ba5"]}, :line 298}
clojure.lang.ExceptionInfo: java.io.EOFException in Interceptor :io.pedestal.http.impl.servlet-interceptor/ring-response - reset {:execution-id nil, :stage :leave, :interceptor :io.pedestal.http.impl.servlet-interceptor/ring-response, :exception-type :java.io.EOFException, :exception #error {
 :cause "reset"
 :via
 [{:type java.io.EOFException
   :message "reset"
   :at [org.eclipse.jetty.http2.HTTP2Stream reset "HTTP2Stream.java" 181]}]
 :trace
 [[org.eclipse.jetty.http2.HTTP2Stream reset "HTTP2Stream.java" 181]
  [org.eclipse.jetty.http2.HTTP2Session lambda$failStreams$0 "HTTP2Session.java" 747]
  [org.eclipse.jetty.util.Callback$4 completed "Callback.java" 227]
  [org.eclipse.jetty.util.Callback$Completing succeeded "Callback.java" 416]
  [org.eclipse.jetty.util.Callback$Nested succeeded "Callback.java" 467]
  [org.eclipse.jetty.http2.server.internal.HttpStreamOverHTTP2$FailureTask run "HttpStreamOverHTTP2.java" 711]
  [org.eclipse.jetty.util.thread.ReservedThreadExecutor$ReservedThread run "ReservedThreadExecutor.java" 311]
  [org.eclipse.jetty.util.thread.QueuedThreadPool runJob "QueuedThreadPool.java" 981]
  [org.eclipse.jetty.util.thread.QueuedThreadPool$Runner doRunJob "QueuedThreadPool.java" 1212]
  [org.eclipse.jetty.util.thread.QueuedThreadPool$Runner run "QueuedThreadPool.java" 1166]
  [java.lang.Thread run "Thread.java" 1516]]}}
	at io.pedestal.interceptor.chain$throwable__GT_ex_info.invokeStatic(chain.clj:41)
	at io.pedestal.interceptor.chain$throwable__GT_ex_info.invoke(chain.clj:35)
	at io.pedestal.interceptor.chain$begin_error.invokeStatic(chain.clj:74)
	at io.pedestal.interceptor.chain$begin_error.invoke(chain.clj:62)
	at io.pedestal.interceptor.chain$try_stage.invokeStatic(chain.clj:124)
	at io.pedestal.interceptor.chain$try_stage.invoke(chain.clj:108)
	at io.pedestal.interceptor.chain$execute_leave$fn__11043.invoke(chain.clj:270)
	at clojure.lang.AFn.applyToHelper(AFn.java:152)
	at clojure.lang.AFn.applyTo(AFn.java:144)
	at clojure.core$apply.invokeStatic(core.clj:667)
	at clojure.core$with_bindings_STAR_.invokeStatic(core.clj:1994)
	at clojure.core$with_bindings_STAR_.doInvoke(core.clj:1994)
	at clojure.lang.RestFn.invoke(RestFn.java:428)
	at io.pedestal.interceptor.chain$execute_leave.invokeStatic(chain.clj:250)
	at io.pedestal.interceptor.chain$execute_leave.invoke(chain.clj:243)
	at io.pedestal.interceptor.chain$execute_continue.invokeStatic(chain.clj:362)
	at io.pedestal.interceptor.chain$execute_continue.invoke(chain.clj:359)
	at io.pedestal.interceptor.chain$execute.invokeStatic(chain.clj:424)
	at io.pedestal.interceptor.chain$execute.invoke(chain.clj:373)
	at io.pedestal.interceptor.chain$execute.invokeStatic(chain.clj:429)
	at io.pedestal.interceptor.chain$execute.invoke(chain.clj:373)
	at io.pedestal.http.impl.servlet_interceptor$interceptor_service_fn$fn__16045.invoke(servlet_interceptor.clj:386)
	at io.pedestal.servlet.FnServlet.service(FnServlet.java:57)
	at jakarta.servlet.http.HttpServlet.service(HttpServlet.java:614)
	at org.eclipse.jetty.ee10.servlet.ServletHolder.handle(ServletHolder.java:753)
	at org.eclipse.jetty.ee10.servlet.ServletHandler$ChainEnd.doFilter(ServletHandler.java:1624)
	at org.eclipse.jetty.ee10.websocket.servlet.WebSocketUpgradeFilter.doFilter(WebSocketUpgradeFilter.java:195)
	at org.eclipse.jetty.ee10.servlet.FilterHolder.doFilter(FilterHolder.java:205)
	at org.eclipse.jetty.ee10.servlet.ServletHandler$Chain.doFilter(ServletHandler.java:1596)
	at org.eclipse.jetty.ee10.servlet.ServletHandler$MappedServlet.handle(ServletHandler.java:1557)
	at org.eclipse.jetty.ee10.servlet.ServletChannel.dispatch(ServletChannel.java:828)
	at org.eclipse.jetty.ee10.servlet.ServletChannel.handle(ServletChannel.java:438)
	at org.eclipse.jetty.ee10.servlet.ServletHandler.handle(ServletHandler.java:470)
	at org.eclipse.jetty.ee10.servlet.SessionHandler.handle(SessionHandler.java:717)
	at org.eclipse.jetty.server.handler.gzip.GzipHandler.handle(GzipHandler.java:613)
	at org.eclipse.jetty.server.handler.ContextHandler.handle(ContextHandler.java:1102)
	at org.eclipse.jetty.server.Server.handle(Server.java:182)
	at org.eclipse.jetty.server.internal.HttpChannelState$HandlerInvoker.run(HttpChannelState.java:772)
	at org.eclipse.jetty.util.thread.Invocable$ReadyTask.run(Invocable.java:177)
	at org.eclipse.jetty.http2.server.internal.HttpStreamOverHTTP2$1.run(HttpStreamOverHTTP2.java:144)
	at org.eclipse.jetty.util.thread.QueuedThreadPool.runJob(QueuedThreadPool.java:981)
	at org.eclipse.jetty.util.thread.QueuedThreadPool$Runner.doRunJob(QueuedThreadPool.java:1212)
	at org.eclipse.jetty.util.thread.QueuedThreadPool$Runner.run(QueuedThreadPool.java:1166)
	at java.base/java.lang.Thread.run(Thread.java:1516)
Caused by: java.io.EOFException: reset
	at org.eclipse.jetty.http2.HTTP2Stream.reset(HTTP2Stream.java:181)
	at org.eclipse.jetty.http2.HTTP2Session.lambda$failStreams$0(HTTP2Session.java:747)
	at org.eclipse.jetty.util.Callback$4.completed(Callback.java:227)
	at org.eclipse.jetty.util.Callback$Completing.succeeded(Callback.java:416)
	at org.eclipse.jetty.util.Callback$Nested.succeeded(Callback.java:467)
	at org.eclipse.jetty.http2.server.internal.HttpStreamOverHTTP2$FailureTask.run(HttpStreamOverHTTP2.java:711)
	at org.eclipse.jetty.util.thread.ReservedThreadExecutor$ReservedThread.run(ReservedThreadExecutor.java:311)
	... 4 more
[qtp1395846122-412] ERROR io.pedestal.http.impl.servlet-interceptor - {:msg "error-stylobate triggered", :context {:response {:status 200, :headers {"content-type" "text/plain", "Content-Type" "text/plain"}, :body "2"}, :io.pedestal.interceptor.chain/leave-queue (), :request {:protocol "HTTP/2.0", :async-supported? true, :remote-addr "127.0.0.1", :params {:a "1", :b "1"}, :servlet-response #object[org.eclipse.jetty.ee10.servlet.ServletApiResponse 0x7eb74280 "ServletApiResponse@7eb74280{org.eclipse.jetty.ee10.servlet.ServletContextResponse@4cd335a1,org.eclipse.jetty.ee10.servlet.ServletContextResponse@4cd335a1}"], :servlet #object[io.pedestal.servlet.FnServlet 0x18594f42 "io.pedestal.servlet.FnServlet@18594f42"], :headers {"user-agent" "h2load nghttp2/1.59.0"}, :server-port 8443, :servlet-request #object[org.eclipse.jetty.ee10.servlet.ServletApiRequest 0x15caa101 "ServletApiRequest@15caa101{ServletContextRequest@196f2cb5{SecureRequestWithSslSessionData@5d08de5a{GET@8a39667 https://localhost:8443/baseline2?a=1&b=1 HTTP/2.0}}}"], :query-params {:a "1", :b "1"}, :path-info "/baseline2", :url-for #object[clojure.lang.Delay 0x4821ecdb {:status :pending, :val nil}], :uri "/baseline2", :server-name "localhost", :query-string "a=1&b=1", :path-params {}, :body #object[org.eclipse.jetty.ee10.servlet.HttpInput 0x28cb7bee "HttpInput@684424174 cs=ServletChannelState@332a8aa3{s=HANDLING rs=BLOCKING os=OPEN is=IDLE awp=false se=false i=true al=0} cp=org.eclipse.jetty.ee10.servlet.BlockingContentProducer@27ae320f eof=false"], :scheme :https, :request-method :get, :context-path ""}, :io.pedestal.http.route/path-params-decoded? true, :bindings {#'io.pedestal.http.route/*url-for* #object[clojure.lang.Delay 0x4821ecdb {:status :pending, :val nil}]}, :io.pedestal.interceptor.chain/terminators (#object[io.pedestal.http.response$terminate_when_response_STAR_ 0x148875fa "io.pedestal.http.response$terminate_when_response_STAR_@148875fa"]), :servlet-response #object[org.eclipse.jetty.ee10.servlet.ServletApiResponse 0x7eb74280 "ServletApiResponse@7eb74280{org.eclipse.jetty.ee10.servlet.ServletContextResponse@4cd335a1,org.eclipse.jetty.ee10.servlet.ServletContextResponse@4cd335a1}"], :route {:path "/baseline2", :method :get, :path-parts ["baseline2"], :interceptors [#Interceptor{:name :httparena.pedestal.core/baseline-handler}], :route-name :httparena.pedestal.core/baseline-h2, :path-params [], :path-re #"/\Qbaseline2\E", :io.pedestal.http.route.internal/satisfies-constraints? #object[io.pedestal.http.route.internal$add_satisfies_constraints_QMARK_$fn__11349 0x4b57ae7 "io.pedestal.http.route.internal$add_satisfies_constraints_QMARK_$fn__11349@4b57ae7"]}, :servlet #object[io.pedestal.servlet.FnServlet 0x18594f42 "io.pedestal.servlet.FnServlet@18594f42"], :servlet-request #object[org.eclipse.jetty.ee10.servlet.ServletApiRequest 0x15caa101 "ServletApiRequest@15caa101{ServletContextRequest@196f2cb5{SecureRequestWithSslSessionData@5d08de5a{GET@8a39667 https://localhost:8443/baseline2?a=1&b=1 HTTP/2.0}}}"], :websocket-channel-source #object[org.eclipse.jetty.ee10.servlet.ServletApiRequest 0x15caa101 "ServletApiRequest@15caa101{ServletContextRequest@196f2cb5{SecureRequestWithSslSessionData@5d08de5a{GET@8a39667 https://localhost:8443/baseline2?a=1&b=1 HTTP/2.0}}}"], :io.pedestal.interceptor.chain/enter-async [#object[io.pedestal.http.impl.servlet_interceptor$start_servlet_async 0x4b11d6ea "io.pedestal.http.impl.servlet_interceptor$start_servlet_async@4b11d6ea"]], :url-for #object[clojure.lang.Delay 0x4821ecdb {:status :pending, :val nil}], :io.pedestal.interceptor.chain/execution-id 6342376, :servlet-config #object[org.eclipse.jetty.ee10.servlet.ServletHolder$Config 0x550e8ba5 "org.eclipse.jetty.ee10.servlet.ServletHolder$Config@550e8ba5"]}, :line 298}
clojure.lang.ExceptionInfo: java.io.EOFException in Interceptor :io.pedestal.http.impl.servlet-interceptor/ring-response - reset {:execution-id nil, :stage :leave, :interceptor :io.pedestal.http.impl.servlet-interceptor/ring-response, :exception-type :java.io.EOFException, :exception #error {
 :cause "reset"
 :via
 [{:type java.io.EOFException
   :message "reset"
   :at [org.eclipse.jetty.http2.HTTP2Stream reset "HTTP2Stream.java" 181]}]
 :trace
 [[org.eclipse.jetty.http2.HTTP2Stream reset "HTTP2Stream.java" 181]
  [org.eclipse.jetty.http2.HTTP2Session lambda$failStreams$0 "HTTP2Session.java" 747]
  [org.eclipse.jetty.util.Callback$4 completed "Callback.java" 227]
  [org.eclipse.jetty.util.Callback$Completing succeeded "Callback.java" 416]
  [org.eclipse.jetty.util.Callback$Nested succeeded "Callback.java" 467]
  [org.eclipse.jetty.http2.server.internal.HttpStreamOverHTTP2$FailureTask run "HttpStreamOverHTTP2.java" 711]
  [org.eclipse.jetty.util.thread.ReservedThreadExecutor$ReservedThread run "ReservedThreadExecutor.java" 311]
  [org.eclipse.jetty.util.thread.QueuedThreadPool runJob "QueuedThreadPool.java" 981]
  [org.eclipse.jetty.util.thread.QueuedThreadPool$Runner doRunJob "QueuedThreadPool.java" 1212]
  [org.eclipse.jetty.util.thread.QueuedThreadPool$Runner run "QueuedThreadPool.java" 1166]
  [java.lang.Thread run "Thread.java" 1516]]}}
	at io.pedestal.interceptor.chain$throwable__GT_ex_info.invokeStatic(chain.clj:41)
	at io.pedestal.interceptor.chain$throwable__GT_ex_info.invoke(chain.clj:35)
	at io.pedestal.interceptor.chain$begin_error.invokeStatic(chain.clj:74)
	at io.pedestal.interceptor.chain$begin_error.invoke(chain.clj:62)
	at io.pedestal.interceptor.chain$try_stage.invokeStatic(chain.clj:124)
	at io.pedestal.interceptor.chain$try_stage.invoke(chain.clj:108)
	at io.pedestal.interceptor.chain$execute_leave$fn__11043.invoke(chain.clj:270)
	at clojure.lang.AFn.applyToHelper(AFn.java:152)
	at clojure.lang.AFn.applyTo(AFn.java:144)
	at clojure.core$apply.invokeStatic(core.clj:667)
	at clojure.core$with_bindings_STAR_.invokeStatic(core.clj:1994)
	at clojure.core$with_bindings_STAR_.doInvoke(core.clj:1994)
	at clojure.lang.RestFn.invoke(RestFn.java:428)
	at io.pedestal.interceptor.chain$execute_leave.invokeStatic(chain.clj:250)
	at io.pedestal.interceptor.chain$execute_leave.invoke(chain.clj:243)
	at io.pedestal.interceptor.chain$execute_continue.invokeStatic(chain.clj:362)
	at io.pedestal.interceptor.chain$execute_continue.invoke(chain.clj:359)
	at io.pedestal.interceptor.chain$execute.invokeStatic(chain.clj:424)
	at io.pedestal.interceptor.chain$execute.invoke(chain.clj:373)
	at io.pedestal.interceptor.chain$execute.invokeStatic(chain.clj:429)
	at io.pedestal.interceptor.chain$execute.invoke(chain.clj:373)
	at io.pedestal.http.impl.servlet_interceptor$interceptor_service_fn$fn__16045.invoke(servlet_interceptor.clj:386)
	at io.pedestal.servlet.FnServlet.service(FnServlet.java:57)
	at jakarta.servlet.http.HttpServlet.service(HttpServlet.java:614)
	at org.eclipse.jetty.ee10.servlet.ServletHolder.handle(ServletHolder.java:753)
	at org.eclipse.jetty.ee10.servlet.ServletHandler$ChainEnd.doFilter(ServletHandler.java:1624)
	at org.eclipse.jetty.ee10.websocket.servlet.WebSocketUpgradeFilter.doFilter(WebSocketUpgradeFilter.java:195)
	at org.eclipse.jetty.ee10.servlet.FilterHolder.doFilter(FilterHolder.java:205)
	at org.eclipse.jetty.ee10.servlet.ServletHandler$Chain.doFilter(ServletHandler.java:1596)
	at org.eclipse.jetty.ee10.servlet.ServletHandler$MappedServlet.handle(ServletHandler.java:1557)
	at org.eclipse.jetty.ee10.servlet.ServletChannel.dispatch(ServletChannel.java:828)
	at org.eclipse.jetty.ee10.servlet.ServletChannel.handle(ServletChannel.java:438)
	at org.eclipse.jetty.ee10.servlet.ServletHandler.handle(ServletHandler.java:470)
	at org.eclipse.jetty.ee10.servlet.SessionHandler.handle(SessionHandler.java:717)
	at org.eclipse.jetty.server.handler.gzip.GzipHandler.handle(GzipHandler.java:613)
	at org.eclipse.jetty.server.handler.ContextHandler.handle(ContextHandler.java:1102)
	at org.eclipse.jetty.server.Server.handle(Server.java:182)
	at org.eclipse.jetty.server.internal.HttpChannelState$HandlerInvoker.run(HttpChannelState.java:772)
	at org.eclipse.jetty.util.thread.Invocable$ReadyTask.run(Invocable.java:177)
	at org.eclipse.jetty.http2.server.internal.HttpStreamOverHTTP2$1.run(HttpStreamOverHTTP2.java:144)
	at org.eclipse.jetty.util.thread.QueuedThreadPool.runJob(QueuedThreadPool.java:981)
	at org.eclipse.jetty.util.thread.QueuedThreadPool$Runner.doRunJob(QueuedThreadPool.java:1212)
	at org.eclipse.jetty.util.thread.QueuedThreadPool$Runner.run(QueuedThreadPool.java:1166)
	at java.base/java.lang.Thread.run(Thread.java:1516)
Caused by: java.io.EOFException: reset
	at org.eclipse.jetty.http2.HTTP2Stream.reset(HTTP2Stream.java:181)
	at org.eclipse.jetty.http2.HTTP2Session.lambda$failStreams$0(HTTP2Session.java:747)
	at org.eclipse.jetty.util.Callback$4.completed(Callback.java:227)
	at org.eclipse.jetty.util.Callback$Completing.succeeded(Callback.java:416)
	at org.eclipse.jetty.util.Callback$Nested.succeeded(Callback.java:467)
	at org.eclipse.jetty.http2.server.internal.HttpStreamOverHTTP2$FailureTask.run(HttpStreamOverHTTP2.java:711)
	at org.eclipse.jetty.util.thread.ReservedThreadExecutor$ReservedThread.run(ReservedThreadExecutor.java:311)
	... 4 more
[qtp1395846122-326] ERROR io.pedestal.http.impl.servlet-interceptor - {:msg "error-stylobate triggered", :context {:response {:status 200, :headers {"content-type" "text/plain", "Content-Type" "text/plain"}, :body "2"}, :io.pedestal.interceptor.chain/leave-queue (), :request {:protocol "HTTP/2.0", :async-supported? true, :remote-addr "127.0.0.1", :params {:a "1", :b "1"}, :servlet-response #object[org.eclipse.jetty.ee10.servlet.ServletApiResponse 0x42ec70d3 "ServletApiResponse@42ec70d3{org.eclipse.jetty.ee10.servlet.ServletContextResponse@5fa6e8b9,org.eclipse.jetty.ee10.servlet.ServletContextResponse@5fa6e8b9}"], :servlet #object[io.pedestal.servlet.FnServlet 0x18594f42 "io.pedestal.servlet.FnServlet@18594f42"], :headers {"user-agent" "h2load nghttp2/1.59.0"}, :server-port 8443, :servlet-request #object[org.eclipse.jetty.ee10.servlet.ServletApiRequest 0x651d6d1a "ServletApiRequest@651d6d1a{ServletContextRequest@5d2d85d7{SecureRequestWithSslSessionData@7ce61c49{GET@14edd04c https://localhost:8443/baseline2?a=1&b=1 HTTP/2.0}}}"], :query-params {:a "1", :b "1"}, :path-info "/baseline2", :url-for #object[clojure.lang.Delay 0x1a960a76 {:status :pending, :val nil}], :uri "/baseline2", :server-name "localhost", :query-string "a=1&b=1", :path-params {}, :body #object[org.eclipse.jetty.ee10.servlet.HttpInput 0x2b2427ce "HttpInput@723789774 cs=ServletChannelState@676c72b7{s=HANDLING rs=BLOCKING os=OPEN is=IDLE awp=false se=false i=true al=0} cp=org.eclipse.jetty.ee10.servlet.BlockingContentProducer@1df9a1a6 eof=false"], :scheme :https, :request-method :get, :context-path ""}, :io.pedestal.http.route/path-params-decoded? true, :bindings {#'io.pedestal.http.route/*url-for* #object[clojure.lang.Delay 0x1a960a76 {:status :pending, :val nil}]}, :io.pedestal.interceptor.chain/terminators (#object[io.pedestal.http.response$terminate_when_response_STAR_ 0x148875fa "io.pedestal.http.response$terminate_when_response_STAR_@148875fa"]), :servlet-response #object[org.eclipse.jetty.ee10.servlet.ServletApiResponse 0x42ec70d3 "ServletApiResponse@42ec70d3{org.eclipse.jetty.ee10.servlet.ServletContextResponse@5fa6e8b9,org.eclipse.jetty.ee10.servlet.ServletContextResponse@5fa6e8b9}"], :route {:path "/baseline2", :method :get, :path-parts ["baseline2"], :interceptors [#Interceptor{:name :httparena.pedestal.core/baseline-handler}], :route-name :httparena.pedestal.core/baseline-h2, :path-params [], :path-re #"/\Qbaseline2\E", :io.pedestal.http.route.internal/satisfies-constraints? #object[io.pedestal.http.route.internal$add_satisfies_constraints_QMARK_$fn__11349 0x4b57ae7 "io.pedestal.http.route.internal$add_satisfies_constraints_QMARK_$fn__11349@4b57ae7"]}, :servlet #object[io.pedestal.servlet.FnServlet 0x18594f42 "io.pedestal.servlet.FnServlet@18594f42"], :servlet-request #object[org.eclipse.jetty.ee10.servlet.ServletApiRequest 0x651d6d1a "ServletApiRequest@651d6d1a{ServletContextRequest@5d2d85d7{SecureRequestWithSslSessionData@7ce61c49{GET@14edd04c https://localhost:8443/baseline2?a=1&b=1 HTTP/2.0}}}"], :websocket-channel-source #object[org.eclipse.jetty.ee10.servlet.ServletApiRequest 0x651d6d1a "ServletApiRequest@651d6d1a{ServletContextRequest@5d2d85d7{SecureRequestWithSslSessionData@7ce61c49{GET@14edd04c https://localhost:8443/baseline2?a=1&b=1 HTTP/2.0}}}"], :io.pedestal.interceptor.chain/enter-async [#object[io.pedestal.http.impl.servlet_interceptor$start_servlet_async 0x4b11d6ea "io.pedestal.http.impl.servlet_interceptor$start_servlet_async@4b11d6ea"]], :url-for #object[clojure.lang.Delay 0x1a960a76 {:status :pending, :val nil}], :io.pedestal.interceptor.chain/execution-id 6342384, :servlet-config #object[org.eclipse.jetty.ee10.servlet.ServletHolder$Config 0x550e8ba5 "org.eclipse.jetty.ee10.servlet.ServletHolder$Config@550e8ba5"]}, :line 298}
clojure.lang.ExceptionInfo: java.io.EOFException in Interceptor :io.pedestal.http.impl.servlet-interceptor/ring-response - reset {:execution-id nil, :stage :leave, :interceptor :io.pedestal.http.impl.servlet-interceptor/ring-response, :exception-type :java.io.EOFException, :exception #error {
 :cause "reset"
 :via
 [{:type java.io.EOFException
   :message "reset"
   :at [org.eclipse.jetty.http2.HTTP2Stream reset "HTTP2Stream.java" 181]}]
 :trace
 [[org.eclipse.jetty.http2.HTTP2Stream reset "HTTP2Stream.java" 181]
  [org.eclipse.jetty.http2.HTTP2Session lambda$failStreams$0 "HTTP2Session.java" 747]
  [org.eclipse.jetty.util.Callback$4 completed "Callback.java" 227]
  [org.eclipse.jetty.util.Callback$Completing succeeded "Callback.java" 416]
  [org.eclipse.jetty.util.Callback$Nested succeeded "Callback.java" 467]
  [org.eclipse.jetty.http2.server.internal.HttpStreamOverHTTP2$FailureTask run "HttpStreamOverHTTP2.java" 711]
  [org.eclipse.jetty.util.thread.ReservedThreadExecutor$ReservedThread run "ReservedThreadExecutor.java" 311]
  [org.eclipse.jetty.util.thread.QueuedThreadPool runJob "QueuedThreadPool.java" 981]
  [org.eclipse.jetty.util.thread.QueuedThreadPool$Runner doRunJob "QueuedThreadPool.java" 1212]
  [org.eclipse.jetty.util.thread.QueuedThreadPool$Runner run "QueuedThreadPool.java" 1166]
  [java.lang.Thread run "Thread.java" 1516]]}}
	at io.pedestal.interceptor.chain$throwable__GT_ex_info.invokeStatic(chain.clj:41)
	at io.pedestal.interceptor.chain$throwable__GT_ex_info.invoke(chain.clj:35)
	at io.pedestal.interceptor.chain$begin_error.invokeStatic(chain.clj:74)
	at io.pedestal.interceptor.chain$begin_error.invoke(chain.clj:62)
	at io.pedestal.interceptor.chain$try_stage.invokeStatic(chain.clj:124)
	at io.pedestal.interceptor.chain$try_stage.invoke(chain.clj:108)
	at io.pedestal.interceptor.chain$execute_leave$fn__11043.invoke(chain.clj:270)
	at clojure.lang.AFn.applyToHelper(AFn.java:152)
	at clojure.lang.AFn.applyTo(AFn.java:144)
	at clojure.core$apply.invokeStatic(core.clj:667)
	at clojure.core$with_bindings_STAR_.invokeStatic(core.clj:1994)
	at clojure.core$with_bindings_STAR_.doInvoke(core.clj:1994)
	at clojure.lang.RestFn.invoke(RestFn.java:428)
	at io.pedestal.interceptor.chain$execute_leave.invokeStatic(chain.clj:250)
	at io.pedestal.interceptor.chain$execute_leave.invoke(chain.clj:243)
	at io.pedestal.interceptor.chain$execute_continue.invokeStatic(chain.clj:362)
	at io.pedestal.interceptor.chain$execute_continue.invoke(chain.clj:359)
	at io.pedestal.interceptor.chain$execute.invokeStatic(chain.clj:424)
	at io.pedestal.interceptor.chain$execute.invoke(chain.clj:373)
	at io.pedestal.interceptor.chain$execute.invokeStatic(chain.clj:429)
	at io.pedestal.interceptor.chain$execute.invoke(chain.clj:373)
	at io.pedestal.http.impl.servlet_interceptor$interceptor_service_fn$fn__16045.invoke(servlet_interceptor.clj:386)
	at io.pedestal.servlet.FnServlet.service(FnServlet.java:57)
	at jakarta.servlet.http.HttpServlet.service(HttpServlet.java:614)
	at org.eclipse.jetty.ee10.servlet.ServletHolder.handle(ServletHolder.java:753)
	at org.eclipse.jetty.ee10.servlet.ServletHandler$ChainEnd.doFilter(ServletHandler.java:1624)
	at org.eclipse.jetty.ee10.websocket.servlet.WebSocketUpgradeFilter.doFilter(WebSocketUpgradeFilter.java:195)
	at org.eclipse.jetty.ee10.servlet.FilterHolder.doFilter(FilterHolder.java:205)
	at org.eclipse.jetty.ee10.servlet.ServletHandler$Chain.doFilter(ServletHandler.java:1596)
	at org.eclipse.jetty.ee10.servlet.ServletHandler$MappedServlet.handle(ServletHandler.java:1557)
	at org.eclipse.jetty.ee10.servlet.ServletChannel.dispatch(ServletChannel.java:828)
	at org.eclipse.jetty.ee10.servlet.ServletChannel.handle(ServletChannel.java:438)
	at org.eclipse.jetty.ee10.servlet.ServletHandler.handle(ServletHandler.java:470)
	at org.eclipse.jetty.ee10.servlet.SessionHandler.handle(SessionHandler.java:717)
	at org.eclipse.jetty.server.handler.gzip.GzipHandler.handle(GzipHandler.java:613)
	at org.eclipse.jetty.server.handler.ContextHandler.handle(ContextHandler.java:1102)
	at org.eclipse.jetty.server.Server.handle(Server.java:182)
	at org.eclipse.jetty.server.internal.HttpChannelState$HandlerInvoker.run(HttpChannelState.java:772)
	at org.eclipse.jetty.util.thread.Invocable$ReadyTask.run(Invocable.java:177)
	at org.eclipse.jetty.http2.server.internal.HttpStreamOverHTTP2$1.run(HttpStreamOverHTTP2.java:144)
	at org.eclipse.jetty.util.thread.QueuedThreadPool.runJob(QueuedThreadPool.java:981)
	at org.eclipse.jetty.util.thread.QueuedThreadPool$Runner.doRunJob(QueuedThreadPool.java:1212)
	at org.eclipse.jetty.util.thread.QueuedThreadPool$Runner.run(QueuedThreadPool.java:1166)
	at java.base/java.lang.Thread.run(Thread.java:1516)
Caused by: java.io.EOFException: reset
	at org.eclipse.jetty.http2.HTTP2Stream.reset(HTTP2Stream.java:181)
	at org.eclipse.jetty.http2.HTTP2Session.lambda$failStreams$0(HTTP2Session.java:747)
	at org.eclipse.jetty.util.Callback$4.completed(Callback.java:227)
	at org.eclipse.jetty.util.Callback$Completing.succeeded(Callback.java:416)
	at org.eclipse.jetty.util.Callback$Nested.succeeded(Callback.java:467)
	at org.eclipse.jetty.http2.server.internal.HttpStreamOverHTTP2$FailureTask.run(HttpStreamOverHTTP2.java:711)
	at org.eclipse.jetty.util.thread.ReservedThreadExecutor$ReservedThread.run(ReservedThreadExecutor.java:311)
	... 4 more
[qtp1395846122-327] ERROR io.pedestal.http.impl.servlet-interceptor - {:msg "error-stylobate triggered", :context {:response {:status 200, :headers {"content-type" "text/plain", "Content-Type" "text/plain"}, :body "2"}, :io.pedestal.interceptor.chain/leave-queue (), :request {:protocol "HTTP/2.0", :async-supported? true, :remote-addr "127.0.0.1", :params {:a "1", :b "1"}, :servlet-response #object[org.eclipse.jetty.ee10.servlet.ServletApiResponse 0x7aba52be "ServletApiResponse@7aba52be{org.eclipse.jetty.ee10.servlet.ServletContextResponse@5ff8f946,org.eclipse.jetty.ee10.servlet.ServletContextResponse@5ff8f946}"], :servlet #object[io.pedestal.servlet.FnServlet 0x18594f42 "io.pedestal.servlet.FnServlet@18594f42"], :headers {"user-agent" "h2load nghttp2/1.59.0"}, :server-port 8443, :servlet-request #object[org.eclipse.jetty.ee10.servlet.ServletApiRequest 0x7365f8db "ServletApiRequest@7365f8db{ServletContextRequest@12a05f60{SecureRequestWithSslSessionData@3aa7c028{GET@228d2cf3 https://localhost:8443/baseline2?a=1&b=1 HTTP/2.0}}}"], :query-params {:a "1", :b "1"}, :path-info "/baseline2", :url-for #object[clojure.lang.Delay 0x7e72bb59 {:status :pending, :val nil}], :uri "/baseline2", :server-name "localhost", :query-string "a=1&b=1", :path-params {}, :body #object[org.eclipse.jetty.ee10.servlet.HttpInput 0x6eb9a0a8 "HttpInput@1857659048 cs=ServletChannelState@6a9b8bd7{s=HANDLING rs=BLOCKING os=OPEN is=IDLE awp=false se=false i=true al=0} cp=org.eclipse.jetty.ee10.servlet.BlockingContentProducer@21bac8c3 eof=false"], :scheme :https, :request-method :get, :context-path ""}, :io.pedestal.http.route/path-params-decoded? true, :bindings {#'io.pedestal.http.route/*url-for* #object[clojure.lang.Delay 0x7e72bb59 {:status :pending, :val nil}]}, :io.pedestal.interceptor.chain/terminators (#object[io.pedestal.http.response$terminate_when_response_STAR_ 0x148875fa "io.pedestal.http.response$terminate_when_response_STAR_@148875fa"]), :servlet-response #object[org.eclipse.jetty.ee10.servlet.ServletApiResponse 0x7aba52be "ServletApiResponse@7aba52be{org.eclipse.jetty.ee10.servlet.ServletContextResponse@5ff8f946,org.eclipse.jetty.ee10.servlet.ServletContextResponse@5ff8f946}"], :route {:path "/baseline2", :method :get, :path-parts ["baseline2"], :interceptors [#Interceptor{:name :httparena.pedestal.core/baseline-handler}], :route-name :httparena.pedestal.core/baseline-h2, :path-params [], :path-re #"/\Qbaseline2\E", :io.pedestal.http.route.internal/satisfies-constraints? #object[io.pedestal.http.route.internal$add_satisfies_constraints_QMARK_$fn__11349 0x4b57ae7 "io.pedestal.http.route.internal$add_satisfies_constraints_QMARK_$fn__11349@4b57ae7"]}, :servlet #object[io.pedestal.servlet.FnServlet 0x18594f42 "io.pedestal.servlet.FnServlet@18594f42"], :servlet-request #object[org.eclipse.jetty.ee10.servlet.ServletApiRequest 0x7365f8db "ServletApiRequest@7365f8db{ServletContextRequest@12a05f60{SecureRequestWithSslSessionData@3aa7c028{GET@228d2cf3 https://localhost:8443/baseline2?a=1&b=1 HTTP/2.0}}}"], :websocket-channel-source #object[org.eclipse.jetty.ee10.servlet.ServletApiRequest 0x7365f8db "ServletApiRequest@7365f8db{ServletContextRequest@12a05f60{SecureRequestWithSslSessionData@3aa7c028{GET@228d2cf3 https://localhost:8443/baseline2?a=1&b=1 HTTP/2.0}}}"], :io.pedestal.interceptor.chain/enter-async [#object[io.pedestal.http.impl.servlet_interceptor$start_servlet_async 0x4b11d6ea "io.pedestal.http.impl.servlet_interceptor$start_servlet_async@4b11d6ea"]], :url-for #object[clojure.lang.Delay 0x7e72bb59 {:status :pending, :val nil}], :io.pedestal.interceptor.chain/execution-id 6342392, :servlet-config #object[org.eclipse.jetty.ee10.servlet.ServletHolder$Config 0x550e8ba5 "org.eclipse.jetty.ee10.servlet.ServletHolder$Config@550e8ba5"]}, :line 298}
clojure.lang.ExceptionInfo: java.io.IOException in Interceptor :io.pedestal.http.impl.servlet-interceptor/ring-response - no_error/stop {:execution-id nil, :stage :leave, :interceptor :io.pedestal.http.impl.servlet-interceptor/ring-response, :exception-type :java.io.IOException, :exception #error {
 :cause "no_error/stop"
 :via
 [{:type java.io.IOException
   :message "no_error/stop"
   :at [org.eclipse.jetty.http2.HTTP2Session toFailure "HTTP2Session.java" 763]}]
 :trace
 [[org.eclipse.jetty.http2.HTTP2Session toFailure "HTTP2Session.java" 763]
  [org.eclipse.jetty.http2.HTTP2Session$StreamsState halt "HTTP2Session.java" 1982]
  [org.eclipse.jetty.http2.HTTP2Session doStop "HTTP2Session.java" 175]
  [org.eclipse.jetty.util.component.AbstractLifeCycle stop "AbstractLifeCycle.java" 132]
  [org.eclipse.jetty.util.component.LifeCycle stop "LifeCycle.java" 91]
  [org.eclipse.jetty.http2.SessionContainer onClosed "SessionContainer.java" 79]
  [org.eclipse.jetty.io.AbstractConnection onClosed "AbstractConnection.java" 248]
  [org.eclipse.jetty.io.AbstractConnection onClose "AbstractConnection.java" 240]
  [org.eclipse.jetty.http2.HTTP2Connection onClose "HTTP2Connection.java" 148]
  [org.eclipse.jetty.io.ssl.SslConnection onClose "SslConnection.java" 376]
  [org.eclipse.jetty.io.SelectorManager connectionClosed "SelectorManager.java" 363]
  [org.eclipse.jetty.io.ManagedSelector$DestroyEndPoint run "ManagedSelector.java" 1097]
  [org.eclipse.jetty.util.thread.QueuedThreadPool runJob "QueuedThreadPool.java" 981]
  [org.eclipse.jetty.util.thread.QueuedThreadPool$Runner doRunJob "QueuedThreadPool.java" 1212]
  [org.eclipse.jetty.util.thread.QueuedThreadPool$Runner run "QueuedThreadPool.java" 1166]
  [java.lang.Thread run "Thread.java" 1516]]}}
	at io.pedestal.interceptor.chain$throwable__GT_ex_info.invokeStatic(chain.clj:41)
	at io.pedestal.interceptor.chain$throwable__GT_ex_info.invoke(chain.clj:35)
	at io.pedestal.interceptor.chain$begin_error.invokeStatic(chain.clj:74)
	at io.pedestal.interceptor.chain$begin_error.invoke(chain.clj:62)
	at io.pedestal.interceptor.chain$try_stage.invokeStatic(chain.clj:124)
	at io.pedestal.interceptor.chain$try_stage.invoke(chain.clj:108)
	at io.pedestal.interceptor.chain$execute_leave$fn__11043.invoke(chain.clj:270)
	at clojure.lang.AFn.applyToHelper(AFn.java:152)
	at clojure.lang.AFn.applyTo(AFn.java:144)
	at clojure.core$apply.invokeStatic(core.clj:667)
	at clojure.core$with_bindings_STAR_.invokeStatic(core.clj:1994)
	at clojure.core$with_bindings_STAR_.doInvoke(core.clj:1994)
	at clojure.lang.RestFn.invoke(RestFn.java:428)
	at io.pedestal.interceptor.chain$execute_leave.invokeStatic(chain.clj:250)
	at io.pedestal.interceptor.chain$execute_leave.invoke(chain.clj:243)
	at io.pedestal.interceptor.chain$execute_continue.invokeStatic(chain.clj:362)
	at io.pedestal.interceptor.chain$execute_continue.invoke(chain.clj:359)
	at io.pedestal.interceptor.chain$execute.invokeStatic(chain.clj:424)
	at io.pedestal.interceptor.chain$execute.invoke(chain.clj:373)
	at io.pedestal.interceptor.chain$execute.invokeStatic(chain.clj:429)
	at io.pedestal.interceptor.chain$execute.invoke(chain.clj:373)
	at io.pedestal.http.impl.servlet_interceptor$interceptor_service_fn$fn__16045.invoke(servlet_interceptor.clj:386)
	at io.pedestal.servlet.FnServlet.service(FnServlet.java:57)
	at jakarta.servlet.http.HttpServlet.service(HttpServlet.java:614)
	at org.eclipse.jetty.ee10.servlet.ServletHolder.handle(ServletHolder.java:753)
	at org.eclipse.jetty.ee10.servlet.ServletHandler$ChainEnd.doFilter(ServletHandler.java:1624)
	at org.eclipse.jetty.ee10.websocket.servlet.WebSocketUpgradeFilter.doFilter(WebSocketUpgradeFilter.java:195)
	at org.eclipse.jetty.ee10.servlet.FilterHolder.doFilter(FilterHolder.java:205)
	at org.eclipse.jetty.ee10.servlet.ServletHandler$Chain.doFilter(ServletHandler.java:1596)
	at org.eclipse.jetty.ee10.servlet.ServletHandler$MappedServlet.handle(ServletHandler.java:1557)
	at org.eclipse.jetty.ee10.servlet.ServletChannel.dispatch(ServletChannel.java:828)
	at org.eclipse.jetty.ee10.servlet.ServletChannel.handle(ServletChannel.java:438)
	at org.eclipse.jetty.ee10.servlet.ServletHandler.handle(ServletHandler.java:470)
	at org.eclipse.jetty.ee10.servlet.SessionHandler.handle(SessionHandler.java:717)
	at org.eclipse.jetty.server.handler.gzip.GzipHandler.handle(GzipHandler.java:613)
	at org.eclipse.jetty.server.handler.ContextHandler.handle(ContextHandler.java:1102)
	at org.eclipse.jetty.server.Server.handle(Server.java:182)
	at org.eclipse.jetty.server.internal.HttpChannelState$HandlerInvoker.run(HttpChannelState.java:772)
	at org.eclipse.jetty.util.thread.Invocable$ReadyTask.run(Invocable.java:177)
	at org.eclipse.jetty.http2.server.internal.HttpStreamOverHTTP2$1.run(HttpStreamOverHTTP2.java:144)
	at org.eclipse.jetty.util.thread.QueuedThreadPool.runJob(QueuedThreadPool.java:981)
	at org.eclipse.jetty.util.thread.QueuedThreadPool$Runner.doRunJob(QueuedThreadPool.java:1212)
	at org.eclipse.jetty.util.thread.QueuedThreadPool$Runner.run(QueuedThreadPool.java:1166)
	at java.base/java.lang.Thread.run(Thread.java:1516)
Caused by: java.io.IOException: no_error/stop
	at org.eclipse.jetty.http2.HTTP2Session.toFailure(HTTP2Session.java:763)
	at org.eclipse.jetty.http2.HTTP2Session$StreamsState.halt(HTTP2Session.java:1982)
	at org.eclipse.jetty.http2.HTTP2Session.doStop(HTTP2Session.java:175)
	at org.eclipse.jetty.util.component.AbstractLifeCycle.stop(AbstractLifeCycle.java:132)
	at org.eclipse.jetty.util.component.LifeCycle.stop(LifeCycle.java:91)
	at org.eclipse.jetty.http2.SessionContainer.onClosed(SessionContainer.java:79)
	at org.eclipse.jetty.io.AbstractConnection.onClosed(AbstractConnection.java:248)
	at org.eclipse.jetty.io.AbstractConnection.onClose(AbstractConnection.java:240)
	at org.eclipse.jetty.http2.HTTP2Connection.onClose(HTTP2Connection.java:148)
	at org.eclipse.jetty.io.ssl.SslConnection.onClose(SslConnection.java:376)
	at org.eclipse.jetty.io.SelectorManager.connectionClosed(SelectorManager.java:363)
	at org.eclipse.jetty.io.ManagedSelector$DestroyEndPoint.run(ManagedSelector.java:1097)
	... 4 more
[qtp1395846122-238] ERROR io.pedestal.http.impl.servlet-interceptor - {:msg "error-stylobate triggered", :context {:response {:status 200, :headers {"content-type" "text/plain", "Content-Type" "text/plain"}, :body "2"}, :io.pedestal.interceptor.chain/leave-queue (), :request {:protocol "HTTP/2.0", :async-supported? true, :remote-addr "127.0.0.1", :params {:a "1", :b "1"}, :servlet-response #object[org.eclipse.jetty.ee10.servlet.ServletApiResponse 0x786d5b63 "ServletApiResponse@786d5b63{org.eclipse.jetty.ee10.servlet.ServletContextResponse@74a1e4aa,org.eclipse.jetty.ee10.servlet.ServletContextResponse@74a1e4aa}"], :servlet #object[io.pedestal.servlet.FnServlet 0x18594f42 "io.pedestal.servlet.FnServlet@18594f42"], :headers {"user-agent" "h2load nghttp2/1.59.0"}, :server-port 8443, :servlet-request #object[org.eclipse.jetty.ee10.servlet.ServletApiRequest 0x717755fd "ServletApiRequest@717755fd{ServletContextRequest@5e22f5d8{SecureRequestWithSslSessionData@4c860b3c{GET@377932b2 https://localhost:8443/baseline2?a=1&b=1 HTTP/2.0}}}"], :query-params {:a "1", :b "1"}, :path-info "/baseline2", :url-for #object[clojure.lang.Delay 0x7c6a511d {:status :pending, :val nil}], :uri "/baseline2", :server-name "localhost", :query-string "a=1&b=1", :path-params {}, :body #object[org.eclipse.jetty.ee10.servlet.HttpInput 0x35aff77d "HttpInput@900724605 cs=ServletChannelState@490cd51f{s=HANDLING rs=BLOCKING os=OPEN is=IDLE awp=false se=false i=true al=0} cp=org.eclipse.jetty.ee10.servlet.BlockingContentProducer@371e822e eof=false"], :scheme :https, :request-method :get, :context-path ""}, :io.pedestal.http.route/path-params-decoded? true, :bindings {#'io.pedestal.http.route/*url-for* #object[clojure.lang.Delay 0x7c6a511d {:status :pending, :val nil}]}, :io.pedestal.interceptor.chain/terminators (#object[io.pedestal.http.response$terminate_when_response_STAR_ 0x148875fa "io.pedestal.http.response$terminate_when_response_STAR_@148875fa"]), :servlet-response #object[org.eclipse.jetty.ee10.servlet.ServletApiResponse 0x786d5b63 "ServletApiResponse@786d5b63{org.eclipse.jetty.ee10.servlet.ServletContextResponse@74a1e4aa,org.eclipse.jetty.ee10.servlet.ServletContextResponse@74a1e4aa}"], :route {:path "/baseline2", :method :get, :path-parts ["baseline2"], :interceptors [#Interceptor{:name :httparena.pedestal.core/baseline-handler}], :route-name :httparena.pedestal.core/baseline-h2, :path-params [], :path-re #"/\Qbaseline2\E", :io.pedestal.http.route.internal/satisfies-constraints? #object[io.pedestal.http.route.internal$add_satisfies_constraints_QMARK_$fn__11349 0x4b57ae7 "io.pedestal.http.route.internal$add_satisfies_constraints_QMARK_$fn__11349@4b57ae7"]}, :servlet #object[io.pedestal.servlet.FnServlet 0x18594f42 "io.pedestal.servlet.FnServlet@18594f42"], :servlet-request #object[org.eclipse.jetty.ee10.servlet.ServletApiRequest 0x717755fd "ServletApiRequest@717755fd{ServletContextRequest@5e22f5d8{SecureRequestWithSslSessionData@4c860b3c{GET@377932b2 https://localhost:8443/baseline2?a=1&b=1 HTTP/2.0}}}"], :websocket-channel-source #object[org.eclipse.jetty.ee10.servlet.ServletApiRequest 0x717755fd "ServletApiRequest@717755fd{ServletContextRequest@5e22f5d8{SecureRequestWithSslSessionData@4c860b3c{GET@377932b2 https://localhost:8443/baseline2?a=1&b=1 HTTP/2.0}}}"], :io.pedestal.interceptor.chain/enter-async [#object[io.pedestal.http.impl.servlet_interceptor$start_servlet_async 0x4b11d6ea "io.pedestal.http.impl.servlet_interceptor$start_servlet_async@4b11d6ea"]], :url-for #object[clojure.lang.Delay 0x7c6a511d {:status :pending, :val nil}], :io.pedestal.interceptor.chain/execution-id 6342379, :servlet-config #object[org.eclipse.jetty.ee10.servlet.ServletHolder$Config 0x550e8ba5 "org.eclipse.jetty.ee10.servlet.ServletHolder$Config@550e8ba5"]}, :line 298}
clojure.lang.ExceptionInfo: java.io.EOFException in Interceptor :io.pedestal.http.impl.servlet-interceptor/ring-response - reset {:execution-id nil, :stage :leave, :interceptor :io.pedestal.http.impl.servlet-interceptor/ring-response, :exception-type :java.io.EOFException, :exception #error {
 :cause "reset"
 :via
 [{:type java.io.EOFException
   :message "reset"
   :at [org.eclipse.jetty.http2.HTTP2Stream reset "HTTP2Stream.java" 181]}]
 :trace
 [[org.eclipse.jetty.http2.HTTP2Stream reset "HTTP2Stream.java" 181]
  [org.eclipse.jetty.http2.HTTP2Session lambda$failStreams$0 "HTTP2Session.java" 747]
  [org.eclipse.jetty.util.Callback$4 completed "Callback.java" 227]
  [org.eclipse.jetty.util.Callback$Completing succeeded "Callback.java" 416]
  [org.eclipse.jetty.util.Callback$Nested succeeded "Callback.java" 467]
  [org.eclipse.jetty.http2.server.internal.HttpStreamOverHTTP2$FailureTask run "HttpStreamOverHTTP2.java" 711]
  [org.eclipse.jetty.util.thread.ReservedThreadExecutor$ReservedThread run "ReservedThreadExecutor.java" 311]
  [org.eclipse.jetty.util.thread.QueuedThreadPool runJob "QueuedThreadPool.java" 981]
  [org.eclipse.jetty.util.thread.QueuedThreadPool$Runner doRunJob "QueuedThreadPool.java" 1212]
  [org.eclipse.jetty.util.thread.QueuedThreadPool$Runner run "QueuedThreadPool.java" 1166]
  [java.lang.Thread run "Thread.java" 1516]]}}
	at io.pedestal.interceptor.chain$throwable__GT_ex_info.invokeStatic(chain.clj:41)
	at io.pedestal.interceptor.chain$throwable__GT_ex_info.invoke(chain.clj:35)
	at io.pedestal.interceptor.chain$begin_error.invokeStatic(chain.clj:74)
	at io.pedestal.interceptor.chain$begin_error.invoke(chain.clj:62)
	at io.pedestal.interceptor.chain$try_stage.invokeStatic(chain.clj:124)
	at io.pedestal.interceptor.chain$try_stage.invoke(chain.clj:108)
	at io.pedestal.interceptor.chain$execute_leave$fn__11043.invoke(chain.clj:270)
	at clojure.lang.AFn.applyToHelper(AFn.java:152)
	at clojure.lang.AFn.applyTo(AFn.java:144)
	at clojure.core$apply.invokeStatic(core.clj:667)
	at clojure.core$with_bindings_STAR_.invokeStatic(core.clj:1994)
	at clojure.core$with_bindings_STAR_.doInvoke(core.clj:1994)
	at clojure.lang.RestFn.invoke(RestFn.java:428)
	at io.pedestal.interceptor.chain$execute_leave.invokeStatic(chain.clj:250)
	at io.pedestal.interceptor.chain$execute_leave.invoke(chain.clj:243)
	at io.pedestal.interceptor.chain$execute_continue.invokeStatic(chain.clj:362)
	at io.pedestal.interceptor.chain$execute_continue.invoke(chain.clj:359)
	at io.pedestal.interceptor.chain$execute.invokeStatic(chain.clj:424)
	at io.pedestal.interceptor.chain$execute.invoke(chain.clj:373)
	at io.pedestal.interceptor.chain$execute.invokeStatic(chain.clj:429)
	at io.pedestal.interceptor.chain$execute.invoke(chain.clj:373)
	at io.pedestal.http.impl.servlet_interceptor$interceptor_service_fn$fn__16045.invoke(servlet_interceptor.clj:386)
	at io.pedestal.servlet.FnServlet.service(FnServlet.java:57)
	at jakarta.servlet.http.HttpServlet.service(HttpServlet.java:614)
	at org.eclipse.jetty.ee10.servlet.ServletHolder.handle(ServletHolder.java:753)
	at org.eclipse.jetty.ee10.servlet.ServletHandler$ChainEnd.doFilter(ServletHandler.java:1624)
	at org.eclipse.jetty.ee10.websocket.servlet.WebSocketUpgradeFilter.doFilter(WebSocketUpgradeFilter.java:195)
	at org.eclipse.jetty.ee10.servlet.FilterHolder.doFilter(FilterHolder.java:205)
	at org.eclipse.jetty.ee10.servlet.ServletHandler$Chain.doFilter(ServletHandler.java:1596)
	at org.eclipse.jetty.ee10.servlet.ServletHandler$MappedServlet.handle(ServletHandler.java:1557)
	at org.eclipse.jetty.ee10.servlet.ServletChannel.dispatch(ServletChannel.java:828)
	at org.eclipse.jetty.ee10.servlet.ServletChannel.handle(ServletChannel.java:438)
	at org.eclipse.jetty.ee10.servlet.ServletHandler.handle(ServletHandler.java:470)
	at org.eclipse.jetty.ee10.servlet.SessionHandler.handle(SessionHandler.java:717)
	at org.eclipse.jetty.server.handler.gzip.GzipHandler.handle(GzipHandler.java:613)
	at org.eclipse.jetty.server.handler.ContextHandler.handle(ContextHandler.java:1102)
	at org.eclipse.jetty.server.Server.handle(Server.java:182)
	at org.eclipse.jetty.server.internal.HttpChannelState$HandlerInvoker.run(HttpChannelState.java:772)
	at org.eclipse.jetty.util.thread.Invocable$ReadyTask.run(Invocable.java:177)
	at org.eclipse.jetty.http2.server.internal.HttpStreamOverHTTP2$1.run(HttpStreamOverHTTP2.java:144)
	at org.eclipse.jetty.util.thread.QueuedThreadPool.runJob(QueuedThreadPool.java:981)
	at org.eclipse.jetty.util.thread.QueuedThreadPool$Runner.doRunJob(QueuedThreadPool.java:1212)
	at org.eclipse.jetty.util.thread.QueuedThreadPool$Runner.run(QueuedThreadPool.java:1166)
	at java.base/java.lang.Thread.run(Thread.java:1516)
Caused by: java.io.EOFException: reset
	at org.eclipse.jetty.http2.HTTP2Stream.reset(HTTP2Stream.java:181)
	at org.eclipse.jetty.http2.HTTP2Session.lambda$failStreams$0(HTTP2Session.java:747)
	at org.eclipse.jetty.util.Callback$4.completed(Callback.java:227)
	at org.eclipse.jetty.util.Callback$Completing.succeeded(Callback.java:416)
	at org.eclipse.jetty.util.Callback$Nested.succeeded(Callback.java:467)
	at org.eclipse.jetty.http2.server.internal.HttpStreamOverHTTP2$FailureTask.run(HttpStreamOverHTTP2.java:711)
	at org.eclipse.jetty.util.thread.ReservedThreadExecutor$ReservedThread.run(ReservedThreadExecutor.java:311)
	... 4 more
[qtp1395846122-328] ERROR io.pedestal.http.impl.servlet-interceptor - {:msg "error-stylobate triggered", :context {:response {:status 200, :headers {"content-type" "text/plain", "Content-Type" "text/plain"}, :body "2"}, :io.pedestal.interceptor.chain/leave-queue (), :request {:protocol "HTTP/2.0", :async-supported? true, :remote-addr "127.0.0.1", :params {:a "1", :b "1"}, :servlet-response #object[org.eclipse.jetty.ee10.servlet.ServletApiResponse 0x25ee38bb "ServletApiResponse@25ee38bb{org.eclipse.jetty.ee10.servlet.ServletContextResponse@7965d6de,org.eclipse.jetty.ee10.servlet.ServletContextResponse@7965d6de}"], :servlet #object[io.pedestal.servlet.FnServlet 0x18594f42 "io.pedestal.servlet.FnServlet@18594f42"], :headers {"user-agent" "h2load nghttp2/1.59.0"}, :server-port 8443, :servlet-request #object[org.eclipse.jetty.ee10.servlet.ServletApiRequest 0x1b81f35 "ServletApiRequest@1b81f35{ServletContextRequest@6d5ebee8{SecureRequestWithSslSessionData@39216818{GET@6e258ac4 https://localhost:8443/baseline2?a=1&b=1 HTTP/2.0}}}"], :query-params {:a "1", :b "1"}, :path-info "/baseline2", :url-for #object[clojure.lang.Delay 0x2fa57182 {:status :pending, :val nil}], :uri "/baseline2", :server-name "localhost", :query-string "a=1&b=1", :path-params {}, :body #object[org.eclipse.jetty.ee10.servlet.HttpInput 0x37143360 "HttpInput@924070752 cs=ServletChannelState@5c7ec32{s=HANDLING rs=BLOCKING os=OPEN is=IDLE awp=false se=false i=true al=0} cp=org.eclipse.jetty.ee10.servlet.BlockingContentProducer@47f635e4 eof=false"], :scheme :https, :request-method :get, :context-path ""}, :io.pedestal.http.route/path-params-decoded? true, :bindings {#'io.pedestal.http.route/*url-for* #object[clojure.lang.Delay 0x2fa57182 {:status :pending, :val nil}]}, :io.pedestal.interceptor.chain/terminators (#object[io.pedestal.http.response$terminate_when_response_STAR_ 0x148875fa "io.pedestal.http.response$terminate_when_response_STAR_@148875fa"]), :servlet-response #object[org.eclipse.jetty.ee10.servlet.ServletApiResponse 0x25ee38bb "ServletApiResponse@25ee38bb{org.eclipse.jetty.ee10.servlet.ServletContextResponse@7965d6de,org.eclipse.jetty.ee10.servlet.ServletContextResponse@7965d6de}"], :route {:path "/baseline2", :method :get, :path-parts ["baseline2"], :interceptors [#Interceptor{:name :httparena.pedestal.core/baseline-handler}], :route-name :httparena.pedestal.core/baseline-h2, :path-params [], :path-re #"/\Qbaseline2\E", :io.pedestal.http.route.internal/satisfies-constraints? #object[io.pedestal.http.route.internal$add_satisfies_constraints_QMARK_$fn__11349 0x4b57ae7 "io.pedestal.http.route.internal$add_satisfies_constraints_QMARK_$fn__11349@4b57ae7"]}, :servlet #object[io.pedestal.servlet.FnServlet 0x18594f42 "io.pedestal.servlet.FnServlet@18594f42"], :servlet-request #object[org.eclipse.jetty.ee10.servlet.ServletApiRequest 0x1b81f35 "ServletApiRequest@1b81f35{ServletContextRequest@6d5ebee8{SecureRequestWithSslSessionData@39216818{GET@6e258ac4 https://localhost:8443/baseline2?a=1&b=1 HTTP/2.0}}}"], :websocket-channel-source #object[org.eclipse.jetty.ee10.servlet.ServletApiRequest 0x1b81f35 "ServletApiRequest@1b81f35{ServletContextRequest@6d5ebee8{SecureRequestWithSslSessionData@39216818{GET@6e258ac4 https://localhost:8443/baseline2?a=1&b=1 HTTP/2.0}}}"], :io.pedestal.interceptor.chain/enter-async [#object[io.pedestal.http.impl.servlet_interceptor$start_servlet_async 0x4b11d6ea "io.pedestal.http.impl.servlet_interceptor$start_servlet_async@4b11d6ea"]], :url-for #object[clojure.lang.Delay 0x2fa57182 {:status :pending, :val nil}], :io.pedestal.interceptor.chain/execution-id 7753643, :servlet-config #object[org.eclipse.jetty.ee10.servlet.ServletHolder$Config 0x550e8ba5 "org.eclipse.jetty.ee10.servlet.ServletHolder$Config@550e8ba5"]}, :line 298}
clojure.lang.ExceptionInfo: java.nio.channels.ClosedChannelException in Interceptor :io.pedestal.http.impl.servlet-interceptor/ring-response {:execution-id nil, :stage :leave, :interceptor :io.pedestal.http.impl.servlet-interceptor/ring-response, :exception-type :java.nio.channels.ClosedChannelException, :exception #error {
 :cause nil
 :via
 [{:type java.nio.channels.ClosedChannelException
   :message nil
   :at [org.eclipse.jetty.http2.HTTP2Session$StreamsState onShutdown "HTTP2Session.java" 2141]}]
 :trace
 [[org.eclipse.jetty.http2.HTTP2Session$StreamsState onShutdown "HTTP2Session.java" 2141]
  [org.eclipse.jetty.http2.HTTP2Session onShutdown "HTTP2Session.java" 1179]
  [org.eclipse.jetty.http2.HTTP2Connection$HTTP2Producer produce "HTTP2Connection.java" 389]
  [org.eclipse.jetty.util.thread.strategy.AdaptiveExecutionStrategy produceTask "AdaptiveExecutionStrategy.java" 526]
  [org.eclipse.jetty.util.thread.strategy.AdaptiveExecutionStrategy tryProduce "AdaptiveExecutionStrategy.java" 251]
  [org.eclipse.jetty.util.thread.strategy.AdaptiveExecutionStrategy run "AdaptiveExecutionStrategy.java" 204]
  [org.eclipse.jetty.util.thread.ReservedThreadExecutor$ReservedThread run "ReservedThreadExecutor.java" 311]
  [org.eclipse.jetty.util.thread.QueuedThreadPool runJob "QueuedThreadPool.java" 981]
  [org.eclipse.jetty.util.thread.QueuedThreadPool$Runner doRunJob "QueuedThreadPool.java" 1212]
  [org.eclipse.jetty.util.thread.QueuedThreadPool$Runner run "QueuedThreadPool.java" 1166]
  [java.lang.Thread run "Thread.java" 1516]]}}
	at io.pedestal.interceptor.chain$throwable__GT_ex_info.invokeStatic(chain.clj:41)
	at io.pedestal.interceptor.chain$throwable__GT_ex_info.invoke(chain.clj:35)
	at io.pedestal.interceptor.chain$begin_error.invokeStatic(chain.clj:74)
	at io.pedestal.interceptor.chain$begin_error.invoke(chain.clj:62)
	at io.pedestal.interceptor.chain$try_stage.invokeStatic(chain.clj:124)
	at io.pedestal.interceptor.chain$try_stage.invoke(chain.clj:108)
	at io.pedestal.interceptor.chain$execute_leave$fn__11043.invoke(chain.clj:270)
	at clojure.lang.AFn.applyToHelper(AFn.java:152)
	at clojure.lang.AFn.applyTo(AFn.java:144)
	at clojure.core$apply.invokeStatic(core.clj:667)
	at clojure.core$with_bindings_STAR_.invokeStatic(core.clj:1994)
	at clojure.core$with_bindings_STAR_.doInvoke(core.clj:1994)
	at clojure.lang.RestFn.invoke(RestFn.java:428)
	at io.pedestal.interceptor.chain$execute_leave.invokeStatic(chain.clj:250)
	at io.pedestal.interceptor.chain$execute_leave.invoke(chain.clj:243)
	at io.pedestal.interceptor.chain$execute_continue.invokeStatic(chain.clj:362)
	at io.pedestal.interceptor.chain$execute_continue.invoke(chain.clj:359)
	at io.pedestal.interceptor.chain$execute.invokeStatic(chain.clj:424)
	at io.pedestal.interceptor.chain$execute.invoke(chain.clj:373)
	at io.pedestal.interceptor.chain$execute.invokeStatic(chain.clj:429)
	at io.pedestal.interceptor.chain$execute.invoke(chain.clj:373)
	at io.pedestal.http.impl.servlet_interceptor$interceptor_service_fn$fn__16045.invoke(servlet_interceptor.clj:386)
	at io.pedestal.servlet.FnServlet.service(FnServlet.java:57)
	at jakarta.servlet.http.HttpServlet.service(HttpServlet.java:614)
	at org.eclipse.jetty.ee10.servlet.ServletHolder.handle(ServletHolder.java:753)
	at org.eclipse.jetty.ee10.servlet.ServletHandler$ChainEnd.doFilter(ServletHandler.java:1624)
	at org.eclipse.jetty.ee10.websocket.servlet.WebSocketUpgradeFilter.doFilter(WebSocketUpgradeFilter.java:195)
	at org.eclipse.jetty.ee10.servlet.FilterHolder.doFilter(FilterHolder.java:205)
	at org.eclipse.jetty.ee10.servlet.ServletHandler$Chain.doFilter(ServletHandler.java:1596)
	at org.eclipse.jetty.ee10.servlet.ServletHandler$MappedServlet.handle(ServletHandler.java:1557)
	at org.eclipse.jetty.ee10.servlet.ServletChannel.dispatch(ServletChannel.java:828)
	at org.eclipse.jetty.ee10.servlet.ServletChannel.handle(ServletChannel.java:438)
	at org.eclipse.jetty.ee10.servlet.ServletHandler.handle(ServletHandler.java:470)
	at org.eclipse.jetty.ee10.servlet.SessionHandler.handle(SessionHandler.java:717)
	at org.eclipse.jetty.server.handler.gzip.GzipHandler.handle(GzipHandler.java:613)
	at org.eclipse.jetty.server.handler.ContextHandler.handle(ContextHandler.java:1102)
	at org.eclipse.jetty.server.Server.handle(Server.java:182)
	at org.eclipse.jetty.server.internal.HttpChannelState$HandlerInvoker.run(HttpChannelState.java:772)
	at org.eclipse.jetty.util.thread.Invocable$ReadyTask.run(Invocable.java:177)
	at org.eclipse.jetty.http2.server.internal.HttpStreamOverHTTP2$1.run(HttpStreamOverHTTP2.java:144)
	at org.eclipse.jetty.util.thread.strategy.AdaptiveExecutionStrategy.runTask(AdaptiveExecutionStrategy.java:492)
	at org.eclipse.jetty.util.thread.strategy.AdaptiveExecutionStrategy.epcRunTask(AdaptiveExecutionStrategy.java:428)
	at org.eclipse.jetty.util.thread.strategy.AdaptiveExecutionStrategy.consumeTask(AdaptiveExecutionStrategy.java:401)
	at org.eclipse.jetty.util.thread.strategy.AdaptiveExecutionStrategy.tryProduce(AdaptiveExecutionStrategy.java:255)
	at org.eclipse.jetty.util.thread.strategy.AdaptiveExecutionStrategy.produce(AdaptiveExecutionStrategy.java:196)
	at org.eclipse.jetty.http2.HTTP2Connection.produce(HTTP2Connection.java:216)
	at org.eclipse.jetty.http2.HTTP2Connection.onFillable(HTTP2Connection.java:157)
	at org.eclipse.jetty.http2.HTTP2Connection$FillableCallback.succeeded(HTTP2Connection.java:468)
	at org.eclipse.jetty.io.FillInterest.fillable(FillInterest.java:105)
	at org.eclipse.jetty.io.ssl.SslConnection$SslEndPoint.onFillable(SslConnection.java:612)
	at org.eclipse.jetty.io.ssl.SslConnection.onFillable(SslConnection.java:413)
	at org.eclipse.jetty.io.ssl.SslConnection$2.succeeded(SslConnection.java:155)
	at org.eclipse.jetty.io.FillInterest.fillable(FillInterest.java:105)
	at org.eclipse.jetty.io.SelectableChannelEndPoint$1.run(SelectableChannelEndPoint.java:53)
	at org.eclipse.jetty.util.thread.strategy.AdaptiveExecutionStrategy.runTask(AdaptiveExecutionStrategy.java:492)
	at org.eclipse.jetty.util.thread.strategy.AdaptiveExecutionStrategy.epcRunTask(AdaptiveExecutionStrategy.java:428)
	at org.eclipse.jetty.util.thread.strategy.AdaptiveExecutionStrategy.consumeTask(AdaptiveExecutionStrategy.java:401)
	at org.eclipse.jetty.util.thread.strategy.AdaptiveExecutionStrategy.tryProduce(AdaptiveExecutionStrategy.java:255)
	at org.eclipse.jetty.util.thread.strategy.AdaptiveExecutionStrategy.run(AdaptiveExecutionStrategy.java:204)
	at org.eclipse.jetty.util.thread.ReservedThreadExecutor$ReservedThread.run(ReservedThreadExecutor.java:311)
	at org.eclipse.jetty.util.thread.QueuedThreadPool.runJob(QueuedThreadPool.java:981)
	at org.eclipse.jetty.util.thread.QueuedThreadPool$Runner.doRunJob(QueuedThreadPool.java:1212)
	at org.eclipse.jetty.util.thread.QueuedThreadPool$Runner.run(QueuedThreadPool.java:1166)
	at java.base/java.lang.Thread.run(Thread.java:1516)
Caused by: java.nio.channels.ClosedChannelException
	at org.eclipse.jetty.http2.HTTP2Session$StreamsState.onShutdown(HTTP2Session.java:2141)
	at org.eclipse.jetty.http2.HTTP2Session.onShutdown(HTTP2Session.java:1179)
	at org.eclipse.jetty.http2.HTTP2Connection$HTTP2Producer.produce(HTTP2Connection.java:389)
	at org.eclipse.jetty.util.thread.strategy.AdaptiveExecutionStrategy.produceTask(AdaptiveExecutionStrategy.java:526)
	at org.eclipse.jetty.util.thread.strategy.AdaptiveExecutionStrategy.tryProduce(AdaptiveExecutionStrategy.java:251)
	... 6 more
