Exec: /app/erts-17.0.1/bin/erlexec -noinput +Bd -boot /app/releases/0.1.0/start -mode embedded -boot_var SYSTEM_LIB_DIR /app/lib -config /app/releases/0.1.0/sys.config -args_file /app/releases/0.1.0/vm.args -- foreground
Root: /app
/app
=ESOCK WARNING MSG==== 01-Jun-2026::01:38:12.056123 ===
[UNIX-ESSIO] Failed open sctp dynamic library: libsctp.so.1
=NOTICE REPORT==== 1-Jun-2026::01:38:17.944144 ===
    reason: closed
    msg: roadrunner response send failed
    phase: sendfile_body
=NOTICE REPORT==== 1-Jun-2026::01:38:17.945732 ===
    reason: closed
    msg: roadrunner response send failed
    phase: sendfile_body
=NOTICE REPORT==== 1-Jun-2026::01:38:17.949050 ===
    reason: closed
    msg: roadrunner response send failed
    phase: sendfile_body
=NOTICE REPORT==== 1-Jun-2026::01:38:17.949223 ===
    reason: closed
    msg: roadrunner response send failed
    phase: sendfile_body
=NOTICE REPORT==== 1-Jun-2026::01:38:17.950739 ===
    reason: closed
    msg: roadrunner response send failed
    phase: sendfile_body
=NOTICE REPORT==== 1-Jun-2026::01:38:17.957181 ===
    reason: closed
    msg: roadrunner response send failed
    phase: sendfile_body
=NOTICE REPORT==== 1-Jun-2026::01:38:17.958433 ===
    reason: closed
    msg: roadrunner response send failed
    phase: sendfile_body
=NOTICE REPORT==== 1-Jun-2026::01:38:17.966431 ===
    reason: closed
    msg: roadrunner response send failed
    phase: sendfile_body
=NOTICE REPORT==== 1-Jun-2026::01:38:17.968348 ===
    reason: closed
    msg: roadrunner response send failed
    phase: sendfile_body
=NOTICE REPORT==== 1-Jun-2026::01:38:17.969105 ===
    reason: closed
    msg: roadrunner response send failed
    phase: sendfile_body
=NOTICE REPORT==== 1-Jun-2026::01:38:17.972604 ===
    reason: closed
    msg: roadrunner response send failed
    phase: sendfile_body
=NOTICE REPORT==== 1-Jun-2026::01:38:17.973308 ===
    reason: closed
    msg: roadrunner response send failed
    phase: sendfile_body
=NOTICE REPORT==== 1-Jun-2026::01:38:17.974506 ===
    reason: closed
    msg: roadrunner response send failed
    phase: sendfile_body
=NOTICE REPORT==== 1-Jun-2026::01:38:17.981945 ===
    reason: closed
    msg: roadrunner response send failed
    phase: sendfile_body
=NOTICE REPORT==== 1-Jun-2026::01:38:17.981997 ===
    reason: closed
    msg: roadrunner response send failed
    phase: sendfile_body
=NOTICE REPORT==== 1-Jun-2026::01:38:17.982141 ===
    reason: closed
    msg: roadrunner response send failed
    phase: sendfile_body
=NOTICE REPORT==== 1-Jun-2026::01:38:17.988296 ===
    reason: closed
    msg: roadrunner response send failed
    phase: sendfile_body
=NOTICE REPORT==== 1-Jun-2026::01:38:17.988399 ===
    reason: closed
    msg: roadrunner response send failed
    phase: sendfile_body
=NOTICE REPORT==== 1-Jun-2026::01:38:17.988394 ===
    reason: closed
    msg: roadrunner response send failed
    phase: sendfile_body
=NOTICE REPORT==== 1-Jun-2026::01:38:17.988482 ===
    reason: closed
    msg: roadrunner response send failed
    phase: sendfile_body
=NOTICE REPORT==== 1-Jun-2026::01:38:17.990191 ===
    reason: closed
    msg: roadrunner response send failed
    phase: sendfile_body
=NOTICE REPORT==== 1-Jun-2026::01:38:17.991340 ===
    reason: closed
    msg: roadrunner response send failed
    phase: sendfile_body
=NOTICE REPORT==== 1-Jun-2026::01:38:17.991347 ===
    reason: closed
    msg: roadrunner response send failed
    phase: sendfile_body
=NOTICE REPORT==== 1-Jun-2026::01:38:17.991383 ===
    reason: closed
    msg: roadrunner response send failed
    phase: sendfile_body
=NOTICE REPORT==== 1-Jun-2026::01:38:17.991437 ===
    reason: closed
    msg: roadrunner response send failed
    phase: sendfile_body
=NOTICE REPORT==== 1-Jun-2026::01:38:17.992471 ===
    reason: closed
    msg: roadrunner response send failed
    phase: sendfile_body
=NOTICE REPORT==== 1-Jun-2026::01:38:17.996129 ===
    reason: closed
    msg: roadrunner response send failed
    phase: sendfile_body
=NOTICE REPORT==== 1-Jun-2026::01:38:17.999434 ===
    reason: closed
    msg: roadrunner response send failed
    phase: sendfile_body
=NOTICE REPORT==== 1-Jun-2026::01:38:18.003867 ===
    reason: closed
    msg: roadrunner response send failed
    phase: sendfile_body
=NOTICE REPORT==== 1-Jun-2026::01:38:18.006423 ===
    reason: closed
    msg: roadrunner response send failed
    phase: sendfile_body
=NOTICE REPORT==== 1-Jun-2026::01:38:18.008661 ===
    reason: closed
    msg: roadrunner response send failed
    phase: sendfile_body
=NOTICE REPORT==== 1-Jun-2026::01:38:18.009600 ===
    reason: closed
    msg: roadrunner response send failed
    phase: sendfile_body
=NOTICE REPORT==== 1-Jun-2026::01:38:18.009786 ===
    reason: closed
    msg: roadrunner response send failed
    phase: sendfile_body
=NOTICE REPORT==== 1-Jun-2026::01:38:18.013386 ===
    reason: closed
    msg: roadrunner response send failed
    phase: sendfile_body
=NOTICE REPORT==== 1-Jun-2026::01:38:18.014827 ===
    reason: closed
    msg: roadrunner response send failed
    phase: sendfile_body
=NOTICE REPORT==== 1-Jun-2026::01:38:18.018246 ===
    reason: closed
    msg: roadrunner response send failed
    phase: sendfile_body
=NOTICE REPORT==== 1-Jun-2026::01:38:18.023298 ===
    reason: closed
    msg: roadrunner response send failed
    phase: sendfile_body
=NOTICE REPORT==== 1-Jun-2026::01:38:18.025990 ===
    reason: closed
    msg: roadrunner response send failed
    phase: sendfile_body
=NOTICE REPORT==== 1-Jun-2026::01:38:18.033198 ===
    reason: closed
    msg: roadrunner response send failed
    phase: sendfile_body
=NOTICE REPORT==== 1-Jun-2026::01:38:18.036024 ===
    reason: closed
    msg: roadrunner response send failed
    phase: sendfile_body
=NOTICE REPORT==== 1-Jun-2026::01:38:18.036014 ===
    reason: closed
    msg: roadrunner response send failed
    phase: sendfile_body
=NOTICE REPORT==== 1-Jun-2026::01:38:18.037207 ===
    reason: closed
    msg: roadrunner response send failed
    phase: sendfile_body
=NOTICE REPORT==== 1-Jun-2026::01:38:18.038500 ===
    reason: closed
    msg: roadrunner response send failed
    phase: sendfile_body
=NOTICE REPORT==== 1-Jun-2026::01:38:18.039497 ===
    reason: closed
    msg: roadrunner response send failed
    phase: sendfile_body
=NOTICE REPORT==== 1-Jun-2026::01:38:18.041871 ===
    reason: closed
    msg: roadrunner response send failed
    phase: sendfile_body
=NOTICE REPORT==== 1-Jun-2026::01:38:18.041979 ===
    reason: closed
    msg: roadrunner response send failed
    phase: sendfile_body
=NOTICE REPORT==== 1-Jun-2026::01:38:18.044545 ===
    reason: closed
    msg: roadrunner response send failed
    phase: sendfile_body
=NOTICE REPORT==== 1-Jun-2026::01:38:18.047975 ===
    reason: closed
    msg: roadrunner response send failed
    phase: sendfile_body
=NOTICE REPORT==== 1-Jun-2026::01:38:18.051464 ===
    reason: closed
    msg: roadrunner response send failed
    phase: sendfile_body
=NOTICE REPORT==== 1-Jun-2026::01:38:18.053146 ===
    reason: closed
    msg: roadrunner response send failed
    phase: sendfile_body
=NOTICE REPORT==== 1-Jun-2026::01:38:18.053208 ===
    reason: closed
    msg: roadrunner response send failed
    phase: sendfile_body
=NOTICE REPORT==== 1-Jun-2026::01:38:18.057278 ===
    reason: closed
    msg: roadrunner response send failed
    phase: sendfile_body
=NOTICE REPORT==== 1-Jun-2026::01:38:18.058625 ===
    reason: closed
    msg: roadrunner response send failed
    phase: sendfile_body
=NOTICE REPORT==== 1-Jun-2026::01:38:18.059805 ===
    reason: closed
    msg: roadrunner response send failed
    phase: sendfile_body
=NOTICE REPORT==== 1-Jun-2026::01:38:18.061836 ===
    reason: closed
    msg: roadrunner response send failed
    phase: sendfile_body
=NOTICE REPORT==== 1-Jun-2026::01:38:18.062143 ===
    reason: closed
    msg: roadrunner response send failed
    phase: sendfile_body
=NOTICE REPORT==== 1-Jun-2026::01:38:18.063277 ===
    reason: closed
    msg: roadrunner response send failed
    phase: sendfile_body
=NOTICE REPORT==== 1-Jun-2026::01:38:18.064504 ===
    reason: closed
    msg: roadrunner response send failed
    phase: sendfile_body
=NOTICE REPORT==== 1-Jun-2026::01:38:18.065652 ===
    reason: closed
    msg: roadrunner response send failed
    phase: sendfile_body
=NOTICE REPORT==== 1-Jun-2026::01:38:18.066734 ===
    reason: closed
    msg: roadrunner response send failed
    phase: sendfile_body
=NOTICE REPORT==== 1-Jun-2026::01:38:18.067936 ===
    reason: closed
    msg: roadrunner response send failed
    phase: sendfile_body
=NOTICE REPORT==== 1-Jun-2026::01:38:18.071135 ===
    reason: closed
    msg: roadrunner response send failed
    phase: sendfile_body
=NOTICE REPORT==== 1-Jun-2026::01:38:18.071609 ===
    reason: closed
    msg: roadrunner response send failed
    phase: sendfile_body
=NOTICE REPORT==== 1-Jun-2026::01:38:18.073415 ===
    reason: closed
    msg: roadrunner response send failed
    phase: sendfile_body
=NOTICE REPORT==== 1-Jun-2026::01:38:18.075898 ===
    reason: closed
    msg: roadrunner response send failed
    phase: sendfile_body
=NOTICE REPORT==== 1-Jun-2026::01:38:18.075899 ===
    reason: closed
    msg: roadrunner response send failed
    phase: sendfile_body
=NOTICE REPORT==== 1-Jun-2026::01:38:18.078442 ===
    reason: closed
    msg: roadrunner response send failed
    phase: sendfile_body
=NOTICE REPORT==== 1-Jun-2026::01:38:18.078483 ===
    reason: closed
    msg: roadrunner response send failed
    phase: sendfile_body
=NOTICE REPORT==== 1-Jun-2026::01:38:18.087464 ===
    reason: closed
    msg: roadrunner response send failed
    phase: sendfile_body
=NOTICE REPORT==== 1-Jun-2026::01:38:18.089007 ===
    reason: closed
    msg: roadrunner response send failed
    phase: sendfile_body
=NOTICE REPORT==== 1-Jun-2026::01:38:18.092397 ===
    reason: closed
    msg: roadrunner response send failed
    phase: sendfile_body
=NOTICE REPORT==== 1-Jun-2026::01:38:18.095771 ===
    reason: closed
    msg: roadrunner response send failed
    phase: sendfile_body
=NOTICE REPORT==== 1-Jun-2026::01:38:18.100525 ===
    reason: closed
    msg: roadrunner response send failed
    phase: sendfile_body
=NOTICE REPORT==== 1-Jun-2026::01:38:18.101972 ===
    reason: closed
    msg: roadrunner response send failed
    phase: sendfile_body
=NOTICE REPORT==== 1-Jun-2026::01:38:18.108783 ===
    reason: closed
    msg: roadrunner response send failed
    phase: sendfile_body
=NOTICE REPORT==== 1-Jun-2026::01:38:18.109956 ===
    reason: closed
    msg: roadrunner response send failed
    phase: sendfile_body
=NOTICE REPORT==== 1-Jun-2026::01:38:18.111928 ===
    reason: closed
    msg: roadrunner response send failed
    phase: sendfile_body
=NOTICE REPORT==== 1-Jun-2026::01:38:18.113326 ===
    reason: closed
    msg: roadrunner response send failed
    phase: sendfile_body
=NOTICE REPORT==== 1-Jun-2026::01:38:18.113628 ===
    reason: closed
    msg: roadrunner response send failed
    phase: sendfile_body
=NOTICE REPORT==== 1-Jun-2026::01:38:18.118114 ===
    reason: closed
    msg: roadrunner response send failed
    phase: sendfile_body
=NOTICE REPORT==== 1-Jun-2026::01:38:18.120344 ===
    reason: closed
    msg: roadrunner response send failed
    phase: sendfile_body
=NOTICE REPORT==== 1-Jun-2026::01:38:18.122367 ===
    reason: closed
    msg: roadrunner response send failed
    phase: sendfile_body
=NOTICE REPORT==== 1-Jun-2026::01:38:18.124165 ===
    reason: closed
    msg: roadrunner response send failed
    phase: sendfile_body
=NOTICE REPORT==== 1-Jun-2026::01:38:18.125511 ===
    reason: closed
    msg: roadrunner response send failed
    phase: sendfile_body
=NOTICE REPORT==== 1-Jun-2026::01:38:18.125936 ===
    reason: closed
    msg: roadrunner response send failed
    phase: sendfile_body
=NOTICE REPORT==== 1-Jun-2026::01:38:18.126714 ===
    reason: closed
    msg: roadrunner response send failed
    phase: sendfile_body
=NOTICE REPORT==== 1-Jun-2026::01:38:18.128781 ===
    reason: closed
    msg: roadrunner response send failed
    phase: sendfile_body
=NOTICE REPORT==== 1-Jun-2026::01:38:18.130146 ===
    reason: closed
    msg: roadrunner response send failed
    phase: sendfile_body
=NOTICE REPORT==== 1-Jun-2026::01:38:18.130610 ===
    reason: closed
    msg: roadrunner response send failed
    phase: sendfile_body
=NOTICE REPORT==== 1-Jun-2026::01:38:18.136730 ===
    reason: closed
    msg: roadrunner response send failed
    phase: sendfile_body
=NOTICE REPORT==== 1-Jun-2026::01:38:18.137959 ===
    reason: closed
    msg: roadrunner response send failed
    phase: sendfile_body
=NOTICE REPORT==== 1-Jun-2026::01:38:18.141134 ===
    reason: closed
    msg: roadrunner response send failed
    phase: sendfile_body
=NOTICE REPORT==== 1-Jun-2026::01:38:18.147132 ===
    reason: closed
    msg: roadrunner response send failed
    phase: sendfile_body
=NOTICE REPORT==== 1-Jun-2026::01:38:18.147277 ===
    reason: closed
    msg: roadrunner response send failed
    phase: sendfile_body
=NOTICE REPORT==== 1-Jun-2026::01:38:18.149943 ===
    reason: closed
    msg: roadrunner response send failed
    phase: sendfile_body
=NOTICE REPORT==== 1-Jun-2026::01:38:18.153761 ===
    reason: closed
    msg: roadrunner response send failed
    phase: sendfile_body
=NOTICE REPORT==== 1-Jun-2026::01:38:18.154922 ===
    reason: closed
    msg: roadrunner response send failed
    phase: sendfile_body
=NOTICE REPORT==== 1-Jun-2026::01:38:18.158330 ===
    reason: closed
    msg: roadrunner response send failed
    phase: sendfile_body
=NOTICE REPORT==== 1-Jun-2026::01:38:18.160764 ===
    reason: closed
    msg: roadrunner response send failed
    phase: sendfile_body
=NOTICE REPORT==== 1-Jun-2026::01:38:18.160758 ===
    reason: closed
    msg: roadrunner response send failed
    phase: sendfile_body
=NOTICE REPORT==== 1-Jun-2026::01:38:18.162377 ===
    reason: closed
    msg: roadrunner response send failed
    phase: sendfile_body
=NOTICE REPORT==== 1-Jun-2026::01:38:18.162671 ===
    reason: closed
    msg: roadrunner response send failed
    phase: sendfile_body
=NOTICE REPORT==== 1-Jun-2026::01:38:18.162719 ===
    reason: closed
    msg: roadrunner response send failed
    phase: sendfile_body
=NOTICE REPORT==== 1-Jun-2026::01:38:18.163769 ===
    reason: closed
    msg: roadrunner response send failed
    phase: sendfile_body
=NOTICE REPORT==== 1-Jun-2026::01:38:18.165146 ===
    reason: closed
    msg: roadrunner response send failed
    phase: sendfile_body
=NOTICE REPORT==== 1-Jun-2026::01:38:18.166789 ===
    reason: closed
    msg: roadrunner response send failed
    phase: sendfile_body
=NOTICE REPORT==== 1-Jun-2026::01:38:18.168155 ===
    reason: closed
    msg: roadrunner response send failed
    phase: sendfile_body
=NOTICE REPORT==== 1-Jun-2026::01:38:18.168577 ===
    reason: closed
    msg: roadrunner response send failed
    phase: sendfile_body
=NOTICE REPORT==== 1-Jun-2026::01:38:18.171854 ===
    reason: closed
    msg: roadrunner response send failed
    phase: sendfile_body
=NOTICE REPORT==== 1-Jun-2026::01:38:18.171879 ===
    reason: closed
    msg: roadrunner response send failed
    phase: sendfile_body
=NOTICE REPORT==== 1-Jun-2026::01:38:18.172910 ===
    reason: closed
    msg: roadrunner response send failed
    phase: sendfile_body
=NOTICE REPORT==== 1-Jun-2026::01:38:18.173896 ===
    reason: closed
    msg: roadrunner response send failed
    phase: sendfile_body
=NOTICE REPORT==== 1-Jun-2026::01:38:18.174440 ===
    reason: closed
    msg: roadrunner response send failed
    phase: sendfile_body
=NOTICE REPORT==== 1-Jun-2026::01:38:18.181747 ===
    reason: closed
    msg: roadrunner response send failed
    phase: sendfile_body
=NOTICE REPORT==== 1-Jun-2026::01:38:18.183766 ===
    reason: closed
    msg: roadrunner response send failed
    phase: sendfile_body
=NOTICE REPORT==== 1-Jun-2026::01:38:18.186049 ===
    reason: closed
    msg: roadrunner response send failed
    phase: sendfile_body
=NOTICE REPORT==== 1-Jun-2026::01:38:18.187203 ===
    reason: closed
    msg: roadrunner response send failed
    phase: sendfile_body
=NOTICE REPORT==== 1-Jun-2026::01:38:18.188314 ===
    reason: closed
    msg: roadrunner response send failed
    phase: sendfile_body
=NOTICE REPORT==== 1-Jun-2026::01:38:18.189343 ===
    reason: closed
    msg: roadrunner response send failed
    phase: sendfile_body
=NOTICE REPORT==== 1-Jun-2026::01:38:18.194003 ===
    reason: closed
    msg: roadrunner response send failed
    phase: sendfile_body
=NOTICE REPORT==== 1-Jun-2026::01:38:18.196058 ===
    reason: closed
    msg: roadrunner response send failed
    phase: sendfile_body
=NOTICE REPORT==== 1-Jun-2026::01:38:18.195652 ===
    reason: closed
    msg: roadrunner response send failed
    phase: sendfile_body
=NOTICE REPORT==== 1-Jun-2026::01:38:18.197250 ===
    reason: closed
    msg: roadrunner response send failed
    phase: sendfile_body
=NOTICE REPORT==== 1-Jun-2026::01:38:18.203901 ===
    reason: closed
    msg: roadrunner response send failed
    phase: sendfile_body
=NOTICE REPORT==== 1-Jun-2026::01:38:18.203956 ===
    reason: closed
    msg: roadrunner response send failed
    phase: sendfile_body
=NOTICE REPORT==== 1-Jun-2026::01:38:18.204997 ===
    reason: closed
    msg: roadrunner response send failed
    phase: sendfile_body
=NOTICE REPORT==== 1-Jun-2026::01:38:18.205083 ===
    reason: closed
    msg: roadrunner response send failed
    phase: sendfile_body
=NOTICE REPORT==== 1-Jun-2026::01:38:18.206510 ===
    reason: closed
    msg: roadrunner response send failed
    phase: sendfile_body
=NOTICE REPORT==== 1-Jun-2026::01:38:18.208312 ===
    reason: closed
    msg: roadrunner response send failed
    phase: sendfile_body
=NOTICE REPORT==== 1-Jun-2026::01:38:18.209211 ===
    reason: closed
    msg: roadrunner response send failed
    phase: sendfile_body
=NOTICE REPORT==== 1-Jun-2026::01:38:18.212241 ===
    reason: closed
    msg: roadrunner response send failed
    phase: sendfile_body
=NOTICE REPORT==== 1-Jun-2026::01:38:18.212253 ===
    reason: closed
    msg: roadrunner response send failed
    phase: sendfile_body
=NOTICE REPORT==== 1-Jun-2026::01:38:18.213306 ===
    reason: closed
    msg: roadrunner response send failed
    phase: sendfile_body
=NOTICE REPORT==== 1-Jun-2026::01:38:18.213596 ===
    reason: closed
    msg: roadrunner response send failed
    phase: sendfile_body
=NOTICE REPORT==== 1-Jun-2026::01:38:18.215077 ===
    reason: closed
    msg: roadrunner response send failed
    phase: sendfile_body
=NOTICE REPORT==== 1-Jun-2026::01:38:18.215733 ===
    reason: closed
    msg: roadrunner response send failed
    phase: sendfile_body
=NOTICE REPORT==== 1-Jun-2026::01:38:18.216692 ===
    reason: closed
    msg: roadrunner response send failed
    phase: sendfile_body
=NOTICE REPORT==== 1-Jun-2026::01:38:18.216844 ===
    reason: closed
    msg: roadrunner response send failed
    phase: sendfile_body
=NOTICE REPORT==== 1-Jun-2026::01:38:18.217846 ===
    reason: closed
    msg: roadrunner response send failed
    phase: sendfile_body
=NOTICE REPORT==== 1-Jun-2026::01:38:18.219357 ===
    reason: closed
    msg: roadrunner response send failed
    phase: sendfile_body
=NOTICE REPORT==== 1-Jun-2026::01:38:18.220344 ===
    reason: closed
    msg: roadrunner response send failed
    phase: sendfile_body
=NOTICE REPORT==== 1-Jun-2026::01:38:18.224846 ===
    reason: closed
    msg: roadrunner response send failed
    phase: sendfile_body
=NOTICE REPORT==== 1-Jun-2026::01:38:18.225886 ===
    reason: closed
    msg: roadrunner response send failed
    phase: sendfile_body
=NOTICE REPORT==== 1-Jun-2026::01:38:18.227435 ===
    reason: closed
    msg: roadrunner response send failed
    phase: sendfile_body
=NOTICE REPORT==== 1-Jun-2026::01:38:18.229357 ===
    reason: closed
    msg: roadrunner response send failed
    phase: sendfile_body
=NOTICE REPORT==== 1-Jun-2026::01:38:18.234327 ===
    reason: closed
    msg: roadrunner response send failed
    phase: sendfile_body
=NOTICE REPORT==== 1-Jun-2026::01:38:18.234334 ===
    reason: closed
    msg: roadrunner response send failed
    phase: sendfile_body
=NOTICE REPORT==== 1-Jun-2026::01:38:18.234353 ===
    reason: closed
    msg: roadrunner response send failed
    phase: sendfile_body
=NOTICE REPORT==== 1-Jun-2026::01:38:18.235608 ===
    reason: closed
    msg: roadrunner response send failed
    phase: sendfile_body
=NOTICE REPORT==== 1-Jun-2026::01:38:18.238465 ===
    reason: closed
    msg: roadrunner response send failed
    phase: sendfile_body
=NOTICE REPORT==== 1-Jun-2026::01:38:18.238765 ===
    reason: closed
    msg: roadrunner response send failed
    phase: sendfile_body
=NOTICE REPORT==== 1-Jun-2026::01:38:18.242368 ===
    reason: closed
    msg: roadrunner response send failed
    phase: sendfile_body
=NOTICE REPORT==== 1-Jun-2026::01:38:18.244582 ===
    reason: closed
    msg: roadrunner response send failed
    phase: sendfile_body
=NOTICE REPORT==== 1-Jun-2026::01:38:18.246634 ===
    reason: closed
    msg: roadrunner response send failed
    phase: sendfile_body
=NOTICE REPORT==== 1-Jun-2026::01:38:18.246668 ===
    reason: closed
    msg: roadrunner response send failed
    phase: sendfile_body
=NOTICE REPORT==== 1-Jun-2026::01:38:18.249164 ===
    reason: closed
    msg: roadrunner response send failed
    phase: sendfile_body
=NOTICE REPORT==== 1-Jun-2026::01:38:18.250181 ===
    reason: closed
    msg: roadrunner response send failed
    phase: sendfile_body
=NOTICE REPORT==== 1-Jun-2026::01:38:18.255324 ===
    reason: closed
    msg: roadrunner response send failed
    phase: sendfile_body
=NOTICE REPORT==== 1-Jun-2026::01:38:18.263527 ===
    reason: closed
    msg: roadrunner response send failed
    phase: sendfile_body
=NOTICE REPORT==== 1-Jun-2026::01:38:18.264067 ===
    reason: closed
    msg: roadrunner response send failed
    phase: sendfile_body
=NOTICE REPORT==== 1-Jun-2026::01:38:18.265071 ===
    reason: closed
    msg: roadrunner response send failed
    phase: sendfile_body
=NOTICE REPORT==== 1-Jun-2026::01:38:18.268950 ===
    reason: closed
    msg: roadrunner response send failed
    phase: sendfile_body
=NOTICE REPORT==== 1-Jun-2026::01:38:18.270227 ===
    reason: closed
    msg: roadrunner response send failed
    phase: sendfile_body
=NOTICE REPORT==== 1-Jun-2026::01:38:18.274691 ===
    reason: closed
    msg: roadrunner response send failed
    phase: sendfile_body
=NOTICE REPORT==== 1-Jun-2026::01:38:18.274741 ===
    reason: closed
    msg: roadrunner response send failed
    phase: sendfile_body
=NOTICE REPORT==== 1-Jun-2026::01:38:18.276258 ===
    reason: closed
    msg: roadrunner response send failed
    phase: sendfile_body
=NOTICE REPORT==== 1-Jun-2026::01:38:18.277880 ===
    reason: closed
    msg: roadrunner response send failed
    phase: sendfile_body
=NOTICE REPORT==== 1-Jun-2026::01:38:18.277927 ===
    reason: closed
    msg: roadrunner response send failed
    phase: sendfile_body
=NOTICE REPORT==== 1-Jun-2026::01:38:18.277961 ===
    reason: closed
    msg: roadrunner response send failed
    phase: sendfile_body
=NOTICE REPORT==== 1-Jun-2026::01:38:18.278084 ===
    reason: closed
    msg: roadrunner response send failed
    phase: sendfile_body
=NOTICE REPORT==== 1-Jun-2026::01:38:18.281466 ===
    reason: closed
    msg: roadrunner response send failed
    phase: sendfile_body
=NOTICE REPORT==== 1-Jun-2026::01:38:18.285725 ===
    reason: closed
    msg: roadrunner response send failed
    phase: sendfile_body
=NOTICE REPORT==== 1-Jun-2026::01:38:18.286767 ===
    reason: closed
    msg: roadrunner response send failed
    phase: sendfile_body
=NOTICE REPORT==== 1-Jun-2026::01:38:18.287742 ===
    reason: closed
    msg: roadrunner response send failed
    phase: sendfile_body
=NOTICE REPORT==== 1-Jun-2026::01:38:18.289020 ===
    reason: closed
    msg: roadrunner response send failed
    phase: sendfile_body
=NOTICE REPORT==== 1-Jun-2026::01:38:18.289166 ===
    reason: closed
    msg: roadrunner response send failed
    phase: sendfile_body
=NOTICE REPORT==== 1-Jun-2026::01:38:18.289225 ===
    reason: closed
    msg: roadrunner response send failed
    phase: sendfile_body
=NOTICE REPORT==== 1-Jun-2026::01:38:18.291237 ===
    reason: closed
    msg: roadrunner response send failed
    phase: sendfile_body
=NOTICE REPORT==== 1-Jun-2026::01:38:18.292684 ===
    reason: closed
    msg: roadrunner response send failed
    phase: sendfile_body
=NOTICE REPORT==== 1-Jun-2026::01:38:18.294497 ===
    reason: closed
    msg: roadrunner response send failed
    phase: sendfile_body
=NOTICE REPORT==== 1-Jun-2026::01:38:18.294925 ===
    reason: closed
    msg: roadrunner response send failed
    phase: sendfile_body
=NOTICE REPORT==== 1-Jun-2026::01:38:18.296164 ===
    reason: closed
    msg: roadrunner response send failed
    phase: sendfile_body
=NOTICE REPORT==== 1-Jun-2026::01:38:18.297156 ===
    reason: closed
    msg: roadrunner response send failed
    phase: sendfile_body
=NOTICE REPORT==== 1-Jun-2026::01:38:18.299020 ===
    reason: closed
    msg: roadrunner response send failed
    phase: sendfile_body
=NOTICE REPORT==== 1-Jun-2026::01:38:18.299206 ===
    reason: closed
    msg: roadrunner response send failed
    phase: sendfile_body
=NOTICE REPORT==== 1-Jun-2026::01:38:18.303540 ===
    reason: closed
    msg: roadrunner response send failed
    phase: sendfile_body
=NOTICE REPORT==== 1-Jun-2026::01:38:18.305810 ===
    reason: closed
    msg: roadrunner response send failed
    phase: sendfile_body
=NOTICE REPORT==== 1-Jun-2026::01:38:18.307048 ===
    reason: closed
    msg: roadrunner response send failed
    phase: sendfile_body
=NOTICE REPORT==== 1-Jun-2026::01:38:18.309749 ===
    reason: closed
    msg: roadrunner response send failed
    phase: sendfile_body
=NOTICE REPORT==== 1-Jun-2026::01:38:18.310978 ===
    reason: closed
    msg: roadrunner response send failed
    phase: sendfile_body
=NOTICE REPORT==== 1-Jun-2026::01:38:18.312341 ===
    reason: closed
    msg: roadrunner response send failed
    phase: sendfile_body
=NOTICE REPORT==== 1-Jun-2026::01:38:18.315215 ===
    reason: closed
    msg: roadrunner response send failed
    phase: sendfile_body
=NOTICE REPORT==== 1-Jun-2026::01:38:18.315779 ===
    reason: closed
    msg: roadrunner response send failed
    phase: sendfile_body
=NOTICE REPORT==== 1-Jun-2026::01:38:18.318021 ===
    reason: closed
    msg: roadrunner response send failed
    phase: sendfile_body
=NOTICE REPORT==== 1-Jun-2026::01:38:18.321508 ===
    reason: closed
    msg: roadrunner response send failed
    phase: sendfile_body
=NOTICE REPORT==== 1-Jun-2026::01:38:18.322546 ===
    reason: closed
    msg: roadrunner response send failed
    phase: sendfile_body
=NOTICE REPORT==== 1-Jun-2026::01:38:18.326242 ===
    reason: closed
    msg: roadrunner response send failed
    phase: sendfile_body
=NOTICE REPORT==== 1-Jun-2026::01:38:18.326368 ===
    reason: closed
    msg: roadrunner response send failed
    phase: sendfile_body
=NOTICE REPORT==== 1-Jun-2026::01:38:18.329481 ===
    reason: closed
    msg: roadrunner response send failed
    phase: sendfile_body
=NOTICE REPORT==== 1-Jun-2026::01:38:18.330541 ===
    reason: closed
    msg: roadrunner response send failed
    phase: sendfile_body
=NOTICE REPORT==== 1-Jun-2026::01:38:18.331700 ===
    reason: closed
    msg: roadrunner response send failed
    phase: sendfile_body
=NOTICE REPORT==== 1-Jun-2026::01:38:18.332774 ===
    reason: closed
    msg: roadrunner response send failed
    phase: sendfile_body
=NOTICE REPORT==== 1-Jun-2026::01:38:18.333910 ===
    reason: closed
    msg: roadrunner response send failed
    phase: sendfile_body
=NOTICE REPORT==== 1-Jun-2026::01:38:18.335087 ===
    reason: closed
    msg: roadrunner response send failed
    phase: sendfile_body
=NOTICE REPORT==== 1-Jun-2026::01:38:18.336248 ===
    reason: closed
    msg: roadrunner response send failed
    phase: sendfile_body
=NOTICE REPORT==== 1-Jun-2026::01:38:18.338096 ===
    reason: closed
    msg: roadrunner response send failed
    phase: sendfile_body
=NOTICE REPORT==== 1-Jun-2026::01:38:18.338406 ===
    reason: closed
    msg: roadrunner response send failed
    phase: sendfile_body
=NOTICE REPORT==== 1-Jun-2026::01:38:18.339586 ===
    reason: closed
    msg: roadrunner response send failed
    phase: sendfile_body
=NOTICE REPORT==== 1-Jun-2026::01:38:18.340708 ===
    reason: closed
    msg: roadrunner response send failed
    phase: sendfile_body
=NOTICE REPORT==== 1-Jun-2026::01:38:18.341592 ===
    reason: closed
    msg: roadrunner response send failed
    phase: sendfile_body
=NOTICE REPORT==== 1-Jun-2026::01:38:18.343019 ===
    reason: closed
    msg: roadrunner response send failed
    phase: sendfile_body
=NOTICE REPORT==== 1-Jun-2026::01:38:18.351366 ===
    reason: closed
    msg: roadrunner response send failed
    phase: sendfile_body
=NOTICE REPORT==== 1-Jun-2026::01:38:18.353837 ===
    reason: closed
    msg: roadrunner response send failed
    phase: sendfile_body
=NOTICE REPORT==== 1-Jun-2026::01:38:18.353895 ===
    reason: closed
    msg: roadrunner response send failed
    phase: sendfile_body
=NOTICE REPORT==== 1-Jun-2026::01:38:18.358479 ===
    reason: closed
    msg: roadrunner response send failed
    phase: sendfile_body
=NOTICE REPORT==== 1-Jun-2026::01:38:18.358712 ===
    reason: closed
    msg: roadrunner response send failed
    phase: sendfile_body
=NOTICE REPORT==== 1-Jun-2026::01:38:18.360026 ===
    reason: closed
    msg: roadrunner response send failed
    phase: sendfile_body
=NOTICE REPORT==== 1-Jun-2026::01:38:18.361812 ===
    reason: closed
    msg: roadrunner response send failed
    phase: sendfile_body
=NOTICE REPORT==== 1-Jun-2026::01:38:18.366458 ===
    reason: closed
    msg: roadrunner response send failed
    phase: sendfile_body
=NOTICE REPORT==== 1-Jun-2026::01:38:18.367518 ===
    reason: closed
    msg: roadrunner response send failed
    phase: sendfile_body
=NOTICE REPORT==== 1-Jun-2026::01:38:18.369489 ===
    reason: closed
    msg: roadrunner response send failed
    phase: sendfile_body
=NOTICE REPORT==== 1-Jun-2026::01:38:18.369805 ===
    reason: closed
    msg: roadrunner response send failed
    phase: sendfile_body
=NOTICE REPORT==== 1-Jun-2026::01:38:18.372409 ===
    reason: closed
    msg: roadrunner response send failed
    phase: sendfile_body
=NOTICE REPORT==== 1-Jun-2026::01:38:18.373411 ===
    reason: closed
    msg: roadrunner response send failed
    phase: sendfile_body
=NOTICE REPORT==== 1-Jun-2026::01:38:18.374728 ===
    reason: closed
    msg: roadrunner response send failed
    phase: sendfile_body
=NOTICE REPORT==== 1-Jun-2026::01:38:18.375343 ===
    reason: closed
    msg: roadrunner response send failed
    phase: sendfile_body
=NOTICE REPORT==== 1-Jun-2026::01:38:18.375363 ===
    reason: closed
    msg: roadrunner response send failed
    phase: sendfile_body
=NOTICE REPORT==== 1-Jun-2026::01:38:18.375426 ===
    reason: closed
    msg: roadrunner response send failed
    phase: sendfile_body
=NOTICE REPORT==== 1-Jun-2026::01:38:18.376170 ===
    reason: closed
    msg: roadrunner response send failed
    phase: sendfile_body
=NOTICE REPORT==== 1-Jun-2026::01:38:18.379303 ===
    reason: closed
    msg: roadrunner response send failed
    phase: sendfile_body
=NOTICE REPORT==== 1-Jun-2026::01:38:18.380426 ===
    reason: closed
    msg: roadrunner response send failed
    phase: sendfile_body
=NOTICE REPORT==== 1-Jun-2026::01:38:18.382170 ===
    reason: closed
    msg: roadrunner response send failed
    phase: sendfile_body
=NOTICE REPORT==== 1-Jun-2026::01:38:18.384075 ===
    reason: closed
    msg: roadrunner response send failed
    phase: sendfile_body
=NOTICE REPORT==== 1-Jun-2026::01:38:18.387011 ===
    reason: closed
    msg: roadrunner response send failed
    phase: sendfile_body
=NOTICE REPORT==== 1-Jun-2026::01:38:18.388737 ===
    reason: closed
    msg: roadrunner response send failed
    phase: sendfile_body
=NOTICE REPORT==== 1-Jun-2026::01:38:18.388820 ===
    reason: closed
    msg: roadrunner response send failed
    phase: sendfile_body
=NOTICE REPORT==== 1-Jun-2026::01:38:18.390169 ===
    reason: closed
    msg: roadrunner response send failed
    phase: sendfile_body
=NOTICE REPORT==== 1-Jun-2026::01:38:18.393730 ===
    reason: closed
    msg: roadrunner response send failed
    phase: sendfile_body
=NOTICE REPORT==== 1-Jun-2026::01:38:18.397581 ===
    reason: closed
    msg: roadrunner response send failed
    phase: sendfile_body
=NOTICE REPORT==== 1-Jun-2026::01:38:18.398862 ===
    reason: closed
    msg: roadrunner response send failed
    phase: sendfile_body
=NOTICE REPORT==== 1-Jun-2026::01:38:18.399740 ===
    reason: closed
    msg: roadrunner response send failed
    phase: sendfile_body
=NOTICE REPORT==== 1-Jun-2026::01:38:18.400316 ===
    reason: closed
    msg: roadrunner response send failed
    phase: sendfile_body
=NOTICE REPORT==== 1-Jun-2026::01:38:18.401989 ===
    reason: closed
    msg: roadrunner response send failed
    phase: sendfile_body
=NOTICE REPORT==== 1-Jun-2026::01:38:18.402151 ===
    reason: closed
    msg: roadrunner response send failed
    phase: sendfile_body
=NOTICE REPORT==== 1-Jun-2026::01:38:18.402164 ===
    reason: closed
    msg: roadrunner response send failed
    phase: sendfile_body
=NOTICE REPORT==== 1-Jun-2026::01:38:18.403107 ===
    reason: closed
    msg: roadrunner response send failed
    phase: sendfile_body
=NOTICE REPORT==== 1-Jun-2026::01:38:18.404049 ===
    reason: closed
    msg: roadrunner response send failed
    phase: sendfile_body
=NOTICE REPORT==== 1-Jun-2026::01:38:18.405086 ===
    reason: closed
    msg: roadrunner response send failed
    phase: sendfile_body
=NOTICE REPORT==== 1-Jun-2026::01:38:18.406067 ===
    reason: closed
    msg: roadrunner response send failed
    phase: sendfile_body
=NOTICE REPORT==== 1-Jun-2026::01:38:18.407245 ===
    reason: closed
    msg: roadrunner response send failed
    phase: sendfile_body
=NOTICE REPORT==== 1-Jun-2026::01:38:18.408084 ===
    reason: closed
    msg: roadrunner response send failed
    phase: sendfile_body
=NOTICE REPORT==== 1-Jun-2026::01:38:18.409725 ===
    reason: closed
    msg: roadrunner response send failed
    phase: sendfile_body
=NOTICE REPORT==== 1-Jun-2026::01:38:18.411458 ===
    reason: closed
    msg: roadrunner response send failed
    phase: sendfile_body
=NOTICE REPORT==== 1-Jun-2026::01:38:18.412325 ===
    reason: closed
    msg: roadrunner response send failed
    phase: sendfile_body
=NOTICE REPORT==== 1-Jun-2026::01:38:18.412462 ===
    reason: closed
    msg: roadrunner response send failed
    phase: sendfile_body
=NOTICE REPORT==== 1-Jun-2026::01:38:18.413753 ===
    reason: closed
    msg: roadrunner response send failed
    phase: sendfile_body
=NOTICE REPORT==== 1-Jun-2026::01:38:18.415896 ===
    reason: closed
    msg: roadrunner response send failed
    phase: sendfile_body
=NOTICE REPORT==== 1-Jun-2026::01:38:18.416102 ===
    reason: closed
    msg: roadrunner response send failed
    phase: sendfile_body
=NOTICE REPORT==== 1-Jun-2026::01:38:18.417514 ===
    reason: closed
    msg: roadrunner response send failed
    phase: sendfile_body
=NOTICE REPORT==== 1-Jun-2026::01:38:18.418129 ===
    reason: closed
    msg: roadrunner response send failed
    phase: sendfile_body
=NOTICE REPORT==== 1-Jun-2026::01:38:18.419248 ===
    reason: closed
    msg: roadrunner response send failed
    phase: sendfile_body
=NOTICE REPORT==== 1-Jun-2026::01:38:18.420007 ===
    reason: closed
    msg: roadrunner response send failed
    phase: sendfile_body
=NOTICE REPORT==== 1-Jun-2026::01:38:18.421603 ===
    reason: closed
    msg: roadrunner response send failed
    phase: sendfile_body
=NOTICE REPORT==== 1-Jun-2026::01:38:18.422067 ===
    reason: closed
    msg: roadrunner response send failed
    phase: sendfile_body
=NOTICE REPORT==== 1-Jun-2026::01:38:18.427766 ===
    reason: closed
    msg: roadrunner response send failed
    phase: sendfile_body
=NOTICE REPORT==== 1-Jun-2026::01:38:18.429230 ===
    reason: closed
    msg: roadrunner response send failed
    phase: sendfile_body
=NOTICE REPORT==== 1-Jun-2026::01:38:18.431539 ===
    reason: closed
    msg: roadrunner response send failed
    phase: sendfile_body
=NOTICE REPORT==== 1-Jun-2026::01:38:18.432367 ===
    reason: closed
    msg: roadrunner response send failed
    phase: sendfile_body
=NOTICE REPORT==== 1-Jun-2026::01:38:18.435726 ===
    reason: closed
    msg: roadrunner response send failed
    phase: sendfile_body
=NOTICE REPORT==== 1-Jun-2026::01:38:18.435950 ===
    reason: closed
    msg: roadrunner response send failed
    phase: sendfile_body
=NOTICE REPORT==== 1-Jun-2026::01:38:18.436796 ===
    reason: closed
    msg: roadrunner response send failed
    phase: sendfile_body
=NOTICE REPORT==== 1-Jun-2026::01:38:18.438057 ===
    reason: closed
    msg: roadrunner response send failed
    phase: sendfile_body
=NOTICE REPORT==== 1-Jun-2026::01:38:18.438630 ===
    reason: closed
    msg: roadrunner response send failed
    phase: sendfile_body
=NOTICE REPORT==== 1-Jun-2026::01:38:18.438620 ===
    reason: closed
    msg: roadrunner response send failed
    phase: sendfile_body
=NOTICE REPORT==== 1-Jun-2026::01:38:18.440717 ===
    reason: closed
    msg: roadrunner response send failed
    phase: sendfile_body
=NOTICE REPORT==== 1-Jun-2026::01:38:18.444129 ===
    reason: closed
    msg: roadrunner response send failed
    phase: sendfile_body
=NOTICE REPORT==== 1-Jun-2026::01:38:18.444218 ===
    reason: closed
    msg: roadrunner response send failed
    phase: sendfile_body
=NOTICE REPORT==== 1-Jun-2026::01:38:18.445358 ===
    reason: closed
    msg: roadrunner response send failed
    phase: sendfile_body
=NOTICE REPORT==== 1-Jun-2026::01:38:18.445336 ===
    reason: closed
    msg: roadrunner response send failed
    phase: sendfile_body
=NOTICE REPORT==== 1-Jun-2026::01:38:18.446316 ===
    reason: closed
    msg: roadrunner response send failed
    phase: sendfile_body
=NOTICE REPORT==== 1-Jun-2026::01:38:18.447269 ===
    reason: closed
    msg: roadrunner response send failed
    phase: sendfile_body
=NOTICE REPORT==== 1-Jun-2026::01:38:18.448390 ===
    reason: closed
    msg: roadrunner response send failed
    phase: sendfile_body
=NOTICE REPORT==== 1-Jun-2026::01:38:18.451419 ===
    reason: closed
    msg: roadrunner response send failed
    phase: sendfile_body
=NOTICE REPORT==== 1-Jun-2026::01:38:18.452422 ===
    reason: closed
    msg: roadrunner response send failed
    phase: sendfile_body
=NOTICE REPORT==== 1-Jun-2026::01:38:18.453689 ===
    reason: closed
    msg: roadrunner response send failed
    phase: sendfile_body
=NOTICE REPORT==== 1-Jun-2026::01:38:18.454013 ===
    reason: closed
    msg: roadrunner response send failed
    phase: sendfile_body
=NOTICE REPORT==== 1-Jun-2026::01:38:18.457671 ===
    reason: closed
    msg: roadrunner response send failed
    phase: sendfile_body
=NOTICE REPORT==== 1-Jun-2026::01:38:18.457732 ===
    reason: closed
    msg: roadrunner response send failed
    phase: sendfile_body
=NOTICE REPORT==== 1-Jun-2026::01:38:18.458801 ===
    reason: closed
    msg: roadrunner response send failed
    phase: sendfile_body
=NOTICE REPORT==== 1-Jun-2026::01:38:18.458807 ===
    reason: closed
    msg: roadrunner response send failed
    phase: sendfile_body
=NOTICE REPORT==== 1-Jun-2026::01:38:18.459760 ===
    reason: closed
    msg: roadrunner response send failed
    phase: sendfile_body
=NOTICE REPORT==== 1-Jun-2026::01:38:18.460725 ===
    reason: closed
    msg: roadrunner response send failed
    phase: sendfile_body
=NOTICE REPORT==== 1-Jun-2026::01:38:18.460752 ===
    reason: closed
    msg: roadrunner response send failed
    phase: sendfile_body
=NOTICE REPORT==== 1-Jun-2026::01:38:18.461688 ===
    reason: closed
    msg: roadrunner response send failed
    phase: sendfile_body
=NOTICE REPORT==== 1-Jun-2026::01:38:18.462851 ===
    reason: closed
    msg: roadrunner response send failed
    phase: sendfile_body
=NOTICE REPORT==== 1-Jun-2026::01:38:18.463924 ===
    reason: closed
    msg: roadrunner response send failed
    phase: sendfile_body
=NOTICE REPORT==== 1-Jun-2026::01:38:18.465916 ===
    reason: closed
    msg: roadrunner response send failed
    phase: sendfile_body
=NOTICE REPORT==== 1-Jun-2026::01:38:18.466643 ===
    reason: closed
    msg: roadrunner response send failed
    phase: sendfile_body
=NOTICE REPORT==== 1-Jun-2026::01:38:18.466810 ===
    reason: closed
    msg: roadrunner response send failed
    phase: sendfile_body
=NOTICE REPORT==== 1-Jun-2026::01:38:18.474076 ===
    reason: closed
    msg: roadrunner response send failed
    phase: sendfile_body
=NOTICE REPORT==== 1-Jun-2026::01:38:18.475317 ===
    reason: closed
    msg: roadrunner response send failed
    phase: sendfile_body
=NOTICE REPORT==== 1-Jun-2026::01:38:18.475445 ===
    reason: closed
    msg: roadrunner response send failed
    phase: sendfile_body
=NOTICE REPORT==== 1-Jun-2026::01:38:18.477086 ===
    reason: closed
    msg: roadrunner response send failed
    phase: sendfile_body
=NOTICE REPORT==== 1-Jun-2026::01:38:18.477189 ===
    reason: closed
    msg: roadrunner response send failed
    phase: sendfile_body
=NOTICE REPORT==== 1-Jun-2026::01:38:18.477199 ===
    reason: closed
    msg: roadrunner response send failed
    phase: sendfile_body
=NOTICE REPORT==== 1-Jun-2026::01:38:18.478022 ===
    reason: closed
    msg: roadrunner response send failed
    phase: sendfile_body
=NOTICE REPORT==== 1-Jun-2026::01:38:18.478994 ===
    reason: closed
    msg: roadrunner response send failed
    phase: sendfile_body
=NOTICE REPORT==== 1-Jun-2026::01:38:18.479244 ===
    reason: closed
    msg: roadrunner response send failed
    phase: sendfile_body
=NOTICE REPORT==== 1-Jun-2026::01:38:18.480121 ===
    reason: closed
    msg: roadrunner response send failed
    phase: sendfile_body
=NOTICE REPORT==== 1-Jun-2026::01:38:18.480138 ===
    reason: closed
    msg: roadrunner response send failed
    phase: sendfile_body
=NOTICE REPORT==== 1-Jun-2026::01:38:18.480162 ===
    reason: closed
    msg: roadrunner response send failed
    phase: sendfile_body
=NOTICE REPORT==== 1-Jun-2026::01:38:18.481818 ===
    reason: closed
    msg: roadrunner response send failed
    phase: sendfile_body
=NOTICE REPORT==== 1-Jun-2026::01:38:18.481944 ===
    reason: closed
    msg: roadrunner response send failed
    phase: sendfile_body
=NOTICE REPORT==== 1-Jun-2026::01:38:18.482778 ===
    reason: closed
    msg: roadrunner response send failed
    phase: sendfile_body
=NOTICE REPORT==== 1-Jun-2026::01:38:18.483538 ===
    reason: closed
    msg: roadrunner response send failed
    phase: sendfile_body
=NOTICE REPORT==== 1-Jun-2026::01:38:18.483988 ===
    reason: closed
    msg: roadrunner response send failed
    phase: sendfile_body
=NOTICE REPORT==== 1-Jun-2026::01:38:18.485272 ===
    reason: closed
    msg: roadrunner response send failed
    phase: sendfile_body
=NOTICE REPORT==== 1-Jun-2026::01:38:18.486372 ===
    reason: closed
    msg: roadrunner response send failed
    phase: sendfile_body
=NOTICE REPORT==== 1-Jun-2026::01:38:18.486383 ===
    reason: closed
    msg: roadrunner response send failed
    phase: sendfile_body
=NOTICE REPORT==== 1-Jun-2026::01:38:18.487207 ===
    reason: closed
    msg: roadrunner response send failed
    phase: sendfile_body
=NOTICE REPORT==== 1-Jun-2026::01:38:18.489154 ===
    reason: closed
    msg: roadrunner response send failed
    phase: sendfile_body
=NOTICE REPORT==== 1-Jun-2026::01:38:18.490133 ===
    reason: closed
    msg: roadrunner response send failed
    phase: sendfile_body
=NOTICE REPORT==== 1-Jun-2026::01:38:18.490901 ===
    reason: closed
    msg: roadrunner response send failed
    phase: sendfile_body
=NOTICE REPORT==== 1-Jun-2026::01:38:18.494410 ===
    reason: closed
    msg: roadrunner response send failed
    phase: sendfile_body
=NOTICE REPORT==== 1-Jun-2026::01:38:18.494602 ===
    reason: closed
    msg: roadrunner response send failed
    phase: sendfile_body
=NOTICE REPORT==== 1-Jun-2026::01:38:18.494713 ===
    reason: closed
    msg: roadrunner response send failed
    phase: sendfile_body
=NOTICE REPORT==== 1-Jun-2026::01:38:18.495620 ===
    reason: closed
    msg: roadrunner response send failed
    phase: sendfile_body
=NOTICE REPORT==== 1-Jun-2026::01:38:18.498774 ===
    reason: closed
    msg: roadrunner response send failed
    phase: sendfile_body
=NOTICE REPORT==== 1-Jun-2026::01:38:18.499548 ===
    reason: closed
    msg: roadrunner response send failed
    phase: sendfile_body
=NOTICE REPORT==== 1-Jun-2026::01:38:18.499816 ===
    reason: closed
    msg: roadrunner response send failed
    phase: sendfile_body
=NOTICE REPORT==== 1-Jun-2026::01:38:18.499829 ===
    reason: closed
    msg: roadrunner response send failed
    phase: sendfile_body
=NOTICE REPORT==== 1-Jun-2026::01:38:18.502961 ===
    reason: closed
    msg: roadrunner response send failed
    phase: sendfile_body
=NOTICE REPORT==== 1-Jun-2026::01:38:18.505107 ===
    reason: closed
    msg: roadrunner response send failed
    phase: sendfile_body
=NOTICE REPORT==== 1-Jun-2026::01:38:18.505953 ===
    reason: closed
    msg: roadrunner response send failed
    phase: sendfile_body
=NOTICE REPORT==== 1-Jun-2026::01:38:18.507410 ===
    reason: closed
    msg: roadrunner response send failed
    phase: sendfile_body
=NOTICE REPORT==== 1-Jun-2026::01:38:18.507425 ===
    reason: closed
    msg: roadrunner response send failed
    phase: sendfile_body
=NOTICE REPORT==== 1-Jun-2026::01:38:18.507422 ===
    reason: closed
    msg: roadrunner response send failed
    phase: sendfile_body
=NOTICE REPORT==== 1-Jun-2026::01:38:18.508839 ===
    reason: closed
    msg: roadrunner response send failed
    phase: sendfile_body
=NOTICE REPORT==== 1-Jun-2026::01:38:18.510035 ===
    reason: closed
    msg: roadrunner response send failed
    phase: sendfile_body
=NOTICE REPORT==== 1-Jun-2026::01:38:18.511040 ===
    reason: closed
    msg: roadrunner response send failed
    phase: sendfile_body
=NOTICE REPORT==== 1-Jun-2026::01:38:18.512828 ===
    reason: closed
    msg: roadrunner response send failed
    phase: sendfile_body
=NOTICE REPORT==== 1-Jun-2026::01:38:18.512869 ===
    reason: closed
    msg: roadrunner response send failed
    phase: sendfile_body
=NOTICE REPORT==== 1-Jun-2026::01:38:18.513695 ===
    reason: closed
    msg: roadrunner response send failed
    phase: sendfile_body
=NOTICE REPORT==== 1-Jun-2026::01:38:18.513982 ===
    reason: closed
    msg: roadrunner response send failed
    phase: sendfile_body
=NOTICE REPORT==== 1-Jun-2026::01:38:18.514466 ===
    reason: closed
    msg: roadrunner response send failed
    phase: sendfile_body
=NOTICE REPORT==== 1-Jun-2026::01:38:18.515301 ===
    reason: closed
    msg: roadrunner response send failed
    phase: sendfile_body
=NOTICE REPORT==== 1-Jun-2026::01:38:18.515313 ===
    reason: closed
    msg: roadrunner response send failed
    phase: sendfile_body
=NOTICE REPORT==== 1-Jun-2026::01:38:18.516103 ===
    reason: closed
    msg: roadrunner response send failed
    phase: sendfile_body
=NOTICE REPORT==== 1-Jun-2026::01:38:18.518183 ===
    reason: closed
    msg: roadrunner response send failed
    phase: sendfile_body
=NOTICE REPORT==== 1-Jun-2026::01:38:18.520300 ===
    reason: closed
    msg: roadrunner response send failed
    phase: sendfile_body
=NOTICE REPORT==== 1-Jun-2026::01:38:18.521306 ===
    reason: closed
    msg: roadrunner response send failed
    phase: sendfile_body
=NOTICE REPORT==== 1-Jun-2026::01:38:18.522339 ===
    reason: closed
    msg: roadrunner response send failed
    phase: sendfile_body
=NOTICE REPORT==== 1-Jun-2026::01:38:18.523909 ===
    reason: closed
    msg: roadrunner response send failed
    phase: sendfile_body
=NOTICE REPORT==== 1-Jun-2026::01:38:18.524661 ===
    reason: closed
    msg: roadrunner response send failed
    phase: sendfile_body
=NOTICE REPORT==== 1-Jun-2026::01:38:18.527919 ===
    reason: closed
    msg: roadrunner response send failed
    phase: sendfile_body
=NOTICE REPORT==== 1-Jun-2026::01:38:18.528257 ===
    reason: closed
    msg: roadrunner response send failed
    phase: sendfile_body
=NOTICE REPORT==== 1-Jun-2026::01:38:18.530335 ===
    reason: closed
    msg: roadrunner response send failed
    phase: sendfile_body
=NOTICE REPORT==== 1-Jun-2026::01:38:18.532183 ===
    reason: closed
    msg: roadrunner response send failed
    phase: sendfile_body
=NOTICE REPORT==== 1-Jun-2026::01:38:18.533066 ===
    reason: closed
    msg: roadrunner response send failed
    phase: sendfile_body
=NOTICE REPORT==== 1-Jun-2026::01:38:18.534061 ===
    reason: closed
    msg: roadrunner response send failed
    phase: sendfile_body
=NOTICE REPORT==== 1-Jun-2026::01:38:18.535544 ===
    reason: closed
    msg: roadrunner response send failed
    phase: sendfile_body
=NOTICE REPORT==== 1-Jun-2026::01:38:18.535783 ===
    reason: closed
    msg: roadrunner response send failed
    phase: sendfile_body
=NOTICE REPORT==== 1-Jun-2026::01:38:18.536259 ===
    reason: closed
    msg: roadrunner response send failed
    phase: sendfile_body
=NOTICE REPORT==== 1-Jun-2026::01:38:18.536160 ===
    reason: closed
    msg: roadrunner response send failed
    phase: sendfile_body
=NOTICE REPORT==== 1-Jun-2026::01:38:18.536105 ===
    reason: closed
    msg: roadrunner response send failed
    phase: sendfile_body
=NOTICE REPORT==== 1-Jun-2026::01:38:18.539699 ===
    reason: closed
    msg: roadrunner response send failed
    phase: sendfile_body
=NOTICE REPORT==== 1-Jun-2026::01:38:18.542832 ===
    reason: closed
    msg: roadrunner response send failed
    phase: sendfile_body
=NOTICE REPORT==== 1-Jun-2026::01:38:18.543704 ===
    reason: closed
    msg: roadrunner response send failed
    phase: sendfile_body
=NOTICE REPORT==== 1-Jun-2026::01:38:18.545373 ===
    reason: closed
    msg: roadrunner response send failed
    phase: sendfile_body
=NOTICE REPORT==== 1-Jun-2026::01:38:18.546036 ===
    reason: closed
    msg: roadrunner response send failed
    phase: sendfile_body
=NOTICE REPORT==== 1-Jun-2026::01:38:18.546196 ===
    reason: closed
    msg: roadrunner response send failed
    phase: sendfile_body
=NOTICE REPORT==== 1-Jun-2026::01:38:18.546294 ===
    reason: closed
    msg: roadrunner response send failed
    phase: sendfile_body
=NOTICE REPORT==== 1-Jun-2026::01:38:18.547024 ===
    reason: closed
    msg: roadrunner response send failed
    phase: sendfile_body
=NOTICE REPORT==== 1-Jun-2026::01:38:18.548606 ===
    reason: closed
    msg: roadrunner response send failed
    phase: sendfile_body
=NOTICE REPORT==== 1-Jun-2026::01:38:18.549384 ===
    reason: closed
    msg: roadrunner response send failed
    phase: sendfile_body
=NOTICE REPORT==== 1-Jun-2026::01:38:18.550673 ===
    reason: closed
    msg: roadrunner response send failed
    phase: sendfile_body
=NOTICE REPORT==== 1-Jun-2026::01:38:18.551049 ===
    reason: closed
    msg: roadrunner response send failed
    phase: sendfile_body
=NOTICE REPORT==== 1-Jun-2026::01:38:18.551876 ===
    reason: closed
    msg: roadrunner response send failed
    phase: sendfile_body
=NOTICE REPORT==== 1-Jun-2026::01:38:18.552712 ===
    reason: closed
    msg: roadrunner response send failed
    phase: sendfile_body
=NOTICE REPORT==== 1-Jun-2026::01:38:18.553134 ===
    reason: closed
    msg: roadrunner response send failed
    phase: sendfile_body
=NOTICE REPORT==== 1-Jun-2026::01:38:18.553612 ===
    reason: closed
    msg: roadrunner response send failed
    phase: sendfile_body
=NOTICE REPORT==== 1-Jun-2026::01:38:18.554370 ===
    reason: closed
    msg: roadrunner response send failed
    phase: sendfile_body
=NOTICE REPORT==== 1-Jun-2026::01:38:18.556686 ===
    reason: closed
    msg: roadrunner response send failed
    phase: sendfile_body
=NOTICE REPORT==== 1-Jun-2026::01:38:18.557201 ===
    reason: closed
    msg: roadrunner response send failed
    phase: sendfile_body
=NOTICE REPORT==== 1-Jun-2026::01:38:18.557457 ===
    reason: closed
    msg: roadrunner response send failed
    phase: sendfile_body
=NOTICE REPORT==== 1-Jun-2026::01:38:18.557582 ===
    reason: closed
    msg: roadrunner response send failed
    phase: sendfile_body
=NOTICE REPORT==== 1-Jun-2026::01:38:18.558225 ===
    reason: closed
    msg: roadrunner response send failed
    phase: sendfile_body
=NOTICE REPORT==== 1-Jun-2026::01:38:18.559198 ===
    reason: closed
    msg: roadrunner response send failed
    phase: sendfile_body
=NOTICE REPORT==== 1-Jun-2026::01:38:18.560132 ===
    reason: closed
    msg: roadrunner response send failed
    phase: sendfile_body
=NOTICE REPORT==== 1-Jun-2026::01:38:18.561189 ===
    reason: closed
    msg: roadrunner response send failed
    phase: sendfile_body
=NOTICE REPORT==== 1-Jun-2026::01:38:18.570875 ===
    reason: closed
    msg: roadrunner response send failed
    phase: sendfile_body
=NOTICE REPORT==== 1-Jun-2026::01:38:18.574449 ===
    reason: closed
    msg: roadrunner response send failed
    phase: sendfile_body
=NOTICE REPORT==== 1-Jun-2026::01:38:18.575672 ===
    reason: closed
    msg: roadrunner response send failed
    phase: sendfile_body
=NOTICE REPORT==== 1-Jun-2026::01:38:18.577190 ===
    reason: closed
    msg: roadrunner response send failed
    phase: sendfile_body
=NOTICE REPORT==== 1-Jun-2026::01:38:18.576858 ===
    reason: closed
    msg: roadrunner response send failed
    phase: sendfile_body
=NOTICE REPORT==== 1-Jun-2026::01:38:18.577296 ===
    reason: closed
    msg: roadrunner response send failed
    phase: sendfile_body
=NOTICE REPORT==== 1-Jun-2026::01:38:18.578913 ===
    reason: closed
    msg: roadrunner response send failed
    phase: sendfile_body
=NOTICE REPORT==== 1-Jun-2026::01:38:18.579047 ===
    reason: closed
    msg: roadrunner response send failed
    phase: sendfile_body
=NOTICE REPORT==== 1-Jun-2026::01:38:18.581755 ===
    reason: closed
    msg: roadrunner response send failed
    phase: sendfile_body
=NOTICE REPORT==== 1-Jun-2026::01:38:18.581876 ===
    reason: closed
    msg: roadrunner response send failed
    phase: sendfile_body
=NOTICE REPORT==== 1-Jun-2026::01:38:18.582791 ===
    reason: closed
    msg: roadrunner response send failed
    phase: sendfile_body
=NOTICE REPORT==== 1-Jun-2026::01:38:18.583511 ===
    reason: closed
    msg: roadrunner response send failed
    phase: sendfile_body
=NOTICE REPORT==== 1-Jun-2026::01:38:18.584301 ===
    reason: closed
    msg: roadrunner response send failed
    phase: sendfile_body
=NOTICE REPORT==== 1-Jun-2026::01:38:18.585274 ===
    reason: closed
    msg: roadrunner response send failed
    phase: sendfile_body
=NOTICE REPORT==== 1-Jun-2026::01:38:18.586137 ===
    reason: closed
    msg: roadrunner response send failed
    phase: sendfile_body
=NOTICE REPORT==== 1-Jun-2026::01:38:18.586796 ===
    reason: closed
    msg: roadrunner response send failed
    phase: sendfile_body
=NOTICE REPORT==== 1-Jun-2026::01:38:18.588322 ===
    reason: closed
    msg: roadrunner response send failed
    phase: sendfile_body
=NOTICE REPORT==== 1-Jun-2026::01:38:18.589029 ===
    reason: closed
    msg: roadrunner response send failed
    phase: sendfile_body
=NOTICE REPORT==== 1-Jun-2026::01:38:18.589788 ===
    reason: closed
    msg: roadrunner response send failed
    phase: sendfile_body
=NOTICE REPORT==== 1-Jun-2026::01:38:18.590604 ===
    reason: closed
    msg: roadrunner response send failed
    phase: sendfile_body
=NOTICE REPORT==== 1-Jun-2026::01:38:18.591749 ===
    reason: closed
    msg: roadrunner response send failed
    phase: sendfile_body
=NOTICE REPORT==== 1-Jun-2026::01:38:18.592477 ===
    reason: closed
    msg: roadrunner response send failed
    phase: sendfile_body
=NOTICE REPORT==== 1-Jun-2026::01:38:18.593168 ===
    reason: closed
    msg: roadrunner response send failed
    phase: sendfile_body
=NOTICE REPORT==== 1-Jun-2026::01:38:18.593933 ===
    reason: closed
    msg: roadrunner response send failed
    phase: sendfile_body
=NOTICE REPORT==== 1-Jun-2026::01:38:18.593939 ===
    reason: closed
    msg: roadrunner response send failed
    phase: sendfile_body
=NOTICE REPORT==== 1-Jun-2026::01:38:18.594010 ===
    reason: closed
    msg: roadrunner response send failed
    phase: sendfile_body
=NOTICE REPORT==== 1-Jun-2026::01:38:18.594896 ===
    reason: closed
    msg: roadrunner response send failed
    phase: sendfile_body
=NOTICE REPORT==== 1-Jun-2026::01:38:18.594919 ===
    reason: closed
    msg: roadrunner response send failed
    phase: sendfile_body
=NOTICE REPORT==== 1-Jun-2026::01:38:18.594928 ===
    reason: closed
    msg: roadrunner response send failed
    phase: sendfile_body
=NOTICE REPORT==== 1-Jun-2026::01:38:18.594986 ===
    reason: closed
    msg: roadrunner response send failed
    phase: sendfile_body
=NOTICE REPORT==== 1-Jun-2026::01:38:18.596364 ===
    reason: closed
    msg: roadrunner response send failed
    phase: sendfile_body
=NOTICE REPORT==== 1-Jun-2026::01:38:18.596480 ===
    reason: closed
    msg: roadrunner response send failed
    phase: sendfile_body
=NOTICE REPORT==== 1-Jun-2026::01:38:18.597248 ===
    reason: closed
    msg: roadrunner response send failed
    phase: sendfile_body
=NOTICE REPORT==== 1-Jun-2026::01:38:18.598047 ===
    reason: closed
    msg: roadrunner response send failed
    phase: sendfile_body
=NOTICE REPORT==== 1-Jun-2026::01:38:18.599797 ===
    reason: closed
    msg: roadrunner response send failed
    phase: sendfile_body
=NOTICE REPORT==== 1-Jun-2026::01:38:18.599911 ===
    reason: closed
    msg: roadrunner response send failed
    phase: sendfile_body
=NOTICE REPORT==== 1-Jun-2026::01:38:18.601414 ===
    reason: closed
    msg: roadrunner response send failed
    phase: sendfile_body
=NOTICE REPORT==== 1-Jun-2026::01:38:18.602757 ===
    reason: closed
    msg: roadrunner response send failed
    phase: sendfile_body
=NOTICE REPORT==== 1-Jun-2026::01:38:18.604942 ===
    reason: closed
    msg: roadrunner response send failed
    phase: sendfile_body
=NOTICE REPORT==== 1-Jun-2026::01:38:18.604992 ===
    reason: closed
    msg: roadrunner response send failed
    phase: sendfile_body
=NOTICE REPORT==== 1-Jun-2026::01:38:18.605757 ===
    reason: closed
    msg: roadrunner response send failed
    phase: sendfile_body
=NOTICE REPORT==== 1-Jun-2026::01:38:18.607358 ===
    reason: closed
    msg: roadrunner response send failed
    phase: sendfile_body
=NOTICE REPORT==== 1-Jun-2026::01:38:18.609591 ===
    reason: closed
    msg: roadrunner response send failed
    phase: sendfile_body
=NOTICE REPORT==== 1-Jun-2026::01:38:18.611931 ===
    reason: closed
    msg: roadrunner response send failed
    phase: sendfile_body
=NOTICE REPORT==== 1-Jun-2026::01:38:18.611971 ===
    reason: closed
    msg: roadrunner response send failed
    phase: sendfile_body
=NOTICE REPORT==== 1-Jun-2026::01:38:18.612614 ===
    reason: closed
    msg: roadrunner response send failed
    phase: sendfile_body
=NOTICE REPORT==== 1-Jun-2026::01:38:18.613577 ===
    reason: closed
    msg: roadrunner response send failed
    phase: sendfile_body
=NOTICE REPORT==== 1-Jun-2026::01:38:18.614541 ===
    reason: closed
    msg: roadrunner response send failed
    phase: sendfile_body
=NOTICE REPORT==== 1-Jun-2026::01:38:18.615268 ===
    reason: closed
    msg: roadrunner response send failed
    phase: sendfile_body
=NOTICE REPORT==== 1-Jun-2026::01:38:18.615935 ===
    reason: closed
    msg: roadrunner response send failed
    phase: sendfile_body
=NOTICE REPORT==== 1-Jun-2026::01:38:18.616719 ===
    reason: closed
    msg: roadrunner response send failed
    phase: sendfile_body
=NOTICE REPORT==== 1-Jun-2026::01:38:18.617451 ===
    reason: closed
    msg: roadrunner response send failed
    phase: sendfile_body
=NOTICE REPORT==== 1-Jun-2026::01:38:18.618074 ===
    reason: closed
    msg: roadrunner response send failed
    phase: sendfile_body
=NOTICE REPORT==== 1-Jun-2026::01:38:18.619038 ===
    reason: closed
    msg: roadrunner response send failed
    phase: sendfile_body
=NOTICE REPORT==== 1-Jun-2026::01:38:18.620174 ===
    reason: closed
    msg: roadrunner response send failed
    phase: sendfile_body
=NOTICE REPORT==== 1-Jun-2026::01:38:18.622154 ===
    reason: closed
    msg: roadrunner response send failed
    phase: sendfile_body
=NOTICE REPORT==== 1-Jun-2026::01:38:18.622222 ===
    reason: closed
    msg: roadrunner response send failed
    phase: sendfile_body
=NOTICE REPORT==== 1-Jun-2026::01:38:18.623053 ===
    reason: closed
    msg: roadrunner response send failed
    phase: sendfile_body
=NOTICE REPORT==== 1-Jun-2026::01:38:18.623974 ===
    reason: closed
    msg: roadrunner response send failed
    phase: sendfile_body
=NOTICE REPORT==== 1-Jun-2026::01:38:18.624011 ===
    reason: closed
    msg: roadrunner response send failed
    phase: sendfile_body
=NOTICE REPORT==== 1-Jun-2026::01:38:18.624862 ===
    reason: closed
    msg: roadrunner response send failed
    phase: sendfile_body
=NOTICE REPORT==== 1-Jun-2026::01:38:18.624874 ===
    reason: closed
    msg: roadrunner response send failed
    phase: sendfile_body
=NOTICE REPORT==== 1-Jun-2026::01:38:18.624907 ===
    reason: closed
    msg: roadrunner response send failed
    phase: sendfile_body
=NOTICE REPORT==== 1-Jun-2026::01:38:18.626186 ===
    reason: closed
    msg: roadrunner response send failed
    phase: sendfile_body
=NOTICE REPORT==== 1-Jun-2026::01:38:18.626342 ===
    reason: closed
    msg: roadrunner response send failed
    phase: sendfile_body
=NOTICE REPORT==== 1-Jun-2026::01:38:18.627059 ===
    reason: closed
    msg: roadrunner response send failed
    phase: sendfile_body
=NOTICE REPORT==== 1-Jun-2026::01:38:18.627121 ===
    reason: closed
    msg: roadrunner response send failed
    phase: sendfile_body
=NOTICE REPORT==== 1-Jun-2026::01:38:18.627516 ===
    reason: closed
    msg: roadrunner response send failed
    phase: sendfile_body
=NOTICE REPORT==== 1-Jun-2026::01:38:18.628532 ===
    reason: closed
    msg: roadrunner response send failed
    phase: sendfile_body
=NOTICE REPORT==== 1-Jun-2026::01:38:18.629192 ===
    reason: closed
    msg: roadrunner response send failed
    phase: sendfile_body
=NOTICE REPORT==== 1-Jun-2026::01:38:18.629882 ===
    reason: closed
    msg: roadrunner response send failed
    phase: sendfile_body
=NOTICE REPORT==== 1-Jun-2026::01:38:18.630817 ===
    reason: closed
    msg: roadrunner response send failed
    phase: sendfile_body
=NOTICE REPORT==== 1-Jun-2026::01:38:18.630959 ===
    reason: closed
    msg: roadrunner response send failed
    phase: sendfile_body
=NOTICE REPORT==== 1-Jun-2026::01:38:18.632368 ===
    reason: closed
    msg: roadrunner response send failed
    phase: sendfile_body
=NOTICE REPORT==== 1-Jun-2026::01:38:18.632689 ===
    reason: closed
    msg: roadrunner response send failed
    phase: sendfile_body
=NOTICE REPORT==== 1-Jun-2026::01:38:18.632694 ===
    reason: closed
    msg: roadrunner response send failed
    phase: sendfile_body
=NOTICE REPORT==== 1-Jun-2026::01:38:18.633595 ===
    reason: closed
    msg: roadrunner response send failed
    phase: sendfile_body
=NOTICE REPORT==== 1-Jun-2026::01:38:18.634301 ===
    reason: closed
    msg: roadrunner response send failed
    phase: sendfile_body
=NOTICE REPORT==== 1-Jun-2026::01:38:18.634849 ===
    reason: closed
    msg: roadrunner response send failed
    phase: sendfile_body
=NOTICE REPORT==== 1-Jun-2026::01:38:18.635496 ===
    reason: closed
    msg: roadrunner response send failed
    phase: sendfile_body
=NOTICE REPORT==== 1-Jun-2026::01:38:18.635555 ===
    reason: closed
    msg: roadrunner response send failed
    phase: sendfile_body
=NOTICE REPORT==== 1-Jun-2026::01:38:18.636329 ===
    reason: closed
    msg: roadrunner response send failed
    phase: sendfile_body
=NOTICE REPORT==== 1-Jun-2026::01:38:18.637185 ===
    reason: closed
    msg: roadrunner response send failed
    phase: sendfile_body
=NOTICE REPORT==== 1-Jun-2026::01:38:18.638577 ===
    reason: closed
    msg: roadrunner response send failed
    phase: sendfile_body
=NOTICE REPORT==== 1-Jun-2026::01:38:18.638639 ===
    reason: closed
    msg: roadrunner response send failed
    phase: sendfile_body
=NOTICE REPORT==== 1-Jun-2026::01:38:18.642555 ===
    reason: closed
    msg: roadrunner response send failed
    phase: sendfile_body
=NOTICE REPORT==== 1-Jun-2026::01:38:18.643152 ===
    reason: closed
    msg: roadrunner response send failed
    phase: sendfile_body
=NOTICE REPORT==== 1-Jun-2026::01:38:18.643291 ===
    reason: closed
    msg: roadrunner response send failed
    phase: sendfile_body
=NOTICE REPORT==== 1-Jun-2026::01:38:18.643840 ===
    reason: closed
    msg: roadrunner response send failed
    phase: sendfile_body
=NOTICE REPORT==== 1-Jun-2026::01:38:18.643905 ===
    reason: closed
    msg: roadrunner response send failed
    phase: sendfile_body
=NOTICE REPORT==== 1-Jun-2026::01:38:18.643930 ===
    reason: closed
    msg: roadrunner response send failed
    phase: sendfile_body
=NOTICE REPORT==== 1-Jun-2026::01:38:18.644950 ===
    reason: closed
    msg: roadrunner response send failed
    phase: sendfile_body
=NOTICE REPORT==== 1-Jun-2026::01:38:18.645875 ===
    reason: closed
    msg: roadrunner response send failed
    phase: sendfile_body
=NOTICE REPORT==== 1-Jun-2026::01:38:18.646615 ===
    reason: closed
    msg: roadrunner response send failed
    phase: sendfile_body
=NOTICE REPORT==== 1-Jun-2026::01:38:18.647970 ===
    reason: closed
    msg: roadrunner response send failed
    phase: sendfile_body
=NOTICE REPORT==== 1-Jun-2026::01:38:18.648759 ===
    reason: closed
    msg: roadrunner response send failed
    phase: sendfile_body
=NOTICE REPORT==== 1-Jun-2026::01:38:18.651546 ===
    reason: closed
    msg: roadrunner response send failed
    phase: sendfile_body
=NOTICE REPORT==== 1-Jun-2026::01:38:18.652886 ===
    reason: closed
    msg: roadrunner response send failed
    phase: sendfile_body
=NOTICE REPORT==== 1-Jun-2026::01:38:18.653771 ===
    reason: closed
    msg: roadrunner response send failed
    phase: sendfile_body
=NOTICE REPORT==== 1-Jun-2026::01:38:18.653819 ===
    reason: closed
    msg: roadrunner response send failed
    phase: sendfile_body
=NOTICE REPORT==== 1-Jun-2026::01:38:18.654840 ===
    reason: closed
    msg: roadrunner response send failed
    phase: sendfile_body
=NOTICE REPORT==== 1-Jun-2026::01:38:18.655134 ===
    reason: closed
    msg: roadrunner response send failed
    phase: sendfile_body
=NOTICE REPORT==== 1-Jun-2026::01:38:18.655938 ===
    reason: closed
    msg: roadrunner response send failed
    phase: sendfile_body
=NOTICE REPORT==== 1-Jun-2026::01:38:18.656707 ===
    reason: closed
    msg: roadrunner response send failed
    phase: sendfile_body
=NOTICE REPORT==== 1-Jun-2026::01:38:18.658156 ===
    reason: closed
    msg: roadrunner response send failed
    phase: sendfile_body
=NOTICE REPORT==== 1-Jun-2026::01:38:18.660866 ===
    reason: closed
    msg: roadrunner response send failed
    phase: sendfile_body
=NOTICE REPORT==== 1-Jun-2026::01:38:18.661462 ===
    reason: closed
    msg: roadrunner response send failed
    phase: sendfile_body
=NOTICE REPORT==== 1-Jun-2026::01:38:18.662164 ===
    reason: closed
    msg: roadrunner response send failed
    phase: sendfile_body
=NOTICE REPORT==== 1-Jun-2026::01:38:18.662190 ===
    reason: closed
    msg: roadrunner response send failed
    phase: sendfile_body
=NOTICE REPORT==== 1-Jun-2026::01:38:18.662187 ===
    reason: closed
    msg: roadrunner response send failed
    phase: sendfile_body
=NOTICE REPORT==== 1-Jun-2026::01:38:18.662222 ===
    reason: closed
    msg: roadrunner response send failed
    phase: sendfile_body
=NOTICE REPORT==== 1-Jun-2026::01:38:18.662265 ===
    reason: closed
    msg: roadrunner response send failed
    phase: sendfile_body
=NOTICE REPORT==== 1-Jun-2026::01:38:18.662816 ===
    reason: closed
    msg: roadrunner response send failed
    phase: sendfile_body
=NOTICE REPORT==== 1-Jun-2026::01:38:18.662917 ===
    reason: closed
    msg: roadrunner response send failed
    phase: sendfile_body
=NOTICE REPORT==== 1-Jun-2026::01:38:18.663530 ===
    reason: closed
    msg: roadrunner response send failed
    phase: sendfile_body
=NOTICE REPORT==== 1-Jun-2026::01:38:18.665038 ===
    reason: closed
    msg: roadrunner response send failed
    phase: sendfile_body
=NOTICE REPORT==== 1-Jun-2026::01:38:18.665123 ===
    reason: closed
    msg: roadrunner response send failed
    phase: sendfile_body
=NOTICE REPORT==== 1-Jun-2026::01:38:18.665851 ===
    reason: closed
    msg: roadrunner response send failed
    phase: sendfile_body
=NOTICE REPORT==== 1-Jun-2026::01:38:18.666981 ===
    reason: closed
    msg: roadrunner response send failed
    phase: sendfile_body
=NOTICE REPORT==== 1-Jun-2026::01:38:18.667123 ===
    reason: closed
    msg: roadrunner response send failed
    phase: sendfile_body
=NOTICE REPORT==== 1-Jun-2026::01:38:18.667707 ===
    reason: closed
    msg: roadrunner response send failed
    phase: sendfile_body
=NOTICE REPORT==== 1-Jun-2026::01:38:18.668719 ===
    reason: closed
    msg: roadrunner response send failed
    phase: sendfile_body
=NOTICE REPORT==== 1-Jun-2026::01:38:18.669344 ===
    reason: closed
    msg: roadrunner response send failed
    phase: sendfile_body
=NOTICE REPORT==== 1-Jun-2026::01:38:18.669887 ===
    reason: closed
    msg: roadrunner response send failed
    phase: sendfile_body
=NOTICE REPORT==== 1-Jun-2026::01:38:18.670702 ===
    reason: closed
    msg: roadrunner response send failed
    phase: sendfile_body
=NOTICE REPORT==== 1-Jun-2026::01:38:18.671352 ===
    reason: closed
    msg: roadrunner response send failed
    phase: sendfile_body
=NOTICE REPORT==== 1-Jun-2026::01:38:18.671931 ===
    reason: closed
    msg: roadrunner response send failed
    phase: sendfile_body
=NOTICE REPORT==== 1-Jun-2026::01:38:18.672535 ===
    reason: closed
    msg: roadrunner response send failed
    phase: sendfile_body
=NOTICE REPORT==== 1-Jun-2026::01:38:18.675268 ===
    reason: closed
    msg: roadrunner response send failed
    phase: sendfile_body
=NOTICE REPORT==== 1-Jun-2026::01:38:18.675528 ===
    reason: closed
    msg: roadrunner response send failed
    phase: sendfile_body
=NOTICE REPORT==== 1-Jun-2026::01:38:18.676395 ===
    reason: closed
    msg: roadrunner response send failed
    phase: sendfile_body
=NOTICE REPORT==== 1-Jun-2026::01:38:18.677278 ===
    reason: closed
    msg: roadrunner response send failed
    phase: sendfile_body
=NOTICE REPORT==== 1-Jun-2026::01:38:18.678444 ===
    reason: closed
    msg: roadrunner response send failed
    phase: sendfile_body
=NOTICE REPORT==== 1-Jun-2026::01:38:18.679450 ===
    reason: closed
    msg: roadrunner response send failed
    phase: sendfile_body
=NOTICE REPORT==== 1-Jun-2026::01:38:18.680008 ===
    reason: closed
    msg: roadrunner response send failed
    phase: sendfile_body
=NOTICE REPORT==== 1-Jun-2026::01:38:18.681275 ===
    reason: closed
    msg: roadrunner response send failed
    phase: sendfile_body
=NOTICE REPORT==== 1-Jun-2026::01:38:18.682273 ===
    reason: closed
    msg: roadrunner response send failed
    phase: sendfile_body
=NOTICE REPORT==== 1-Jun-2026::01:38:18.682297 ===
    reason: closed
    msg: roadrunner response send failed
    phase: sendfile_body
=NOTICE REPORT==== 1-Jun-2026::01:38:18.682306 ===
    reason: closed
    msg: roadrunner response send failed
    phase: sendfile_body
=NOTICE REPORT==== 1-Jun-2026::01:38:18.682945 ===
    reason: closed
    msg: roadrunner response send failed
    phase: sendfile_body
=NOTICE REPORT==== 1-Jun-2026::01:38:18.683724 ===
    reason: closed
    msg: roadrunner response send failed
    phase: sendfile_body
=NOTICE REPORT==== 1-Jun-2026::01:38:18.685258 ===
    reason: closed
    msg: roadrunner response send failed
    phase: sendfile_body
=NOTICE REPORT==== 1-Jun-2026::01:38:18.685274 ===
    reason: closed
    msg: roadrunner response send failed
    phase: sendfile_body
=NOTICE REPORT==== 1-Jun-2026::01:38:18.685942 ===
    reason: closed
    msg: roadrunner response send failed
    phase: sendfile_body
=NOTICE REPORT==== 1-Jun-2026::01:38:18.686496 ===
    reason: closed
    msg: roadrunner response send failed
    phase: sendfile_body
=NOTICE REPORT==== 1-Jun-2026::01:38:18.687270 ===
    reason: closed
    msg: roadrunner response send failed
    phase: sendfile_body
=NOTICE REPORT==== 1-Jun-2026::01:38:18.688034 ===
    reason: closed
    msg: roadrunner response send failed
    phase: sendfile_body
=NOTICE REPORT==== 1-Jun-2026::01:38:18.689182 ===
    reason: closed
    msg: roadrunner response send failed
    phase: sendfile_body
=NOTICE REPORT==== 1-Jun-2026::01:38:18.689378 ===
    reason: closed
    msg: roadrunner response send failed
    phase: sendfile_body
=NOTICE REPORT==== 1-Jun-2026::01:38:18.689401 ===
    reason: closed
    msg: roadrunner response send failed
    phase: sendfile_body
=NOTICE REPORT==== 1-Jun-2026::01:38:18.689419 ===
    reason: closed
    msg: roadrunner response send failed
    phase: sendfile_body
=NOTICE REPORT==== 1-Jun-2026::01:38:18.690394 ===
    reason: closed
    msg: roadrunner response send failed
    phase: sendfile_body
=NOTICE REPORT==== 1-Jun-2026::01:38:18.692340 ===
    reason: closed
    msg: roadrunner response send failed
    phase: sendfile_body
=NOTICE REPORT==== 1-Jun-2026::01:38:18.692962 ===
    reason: closed
    msg: roadrunner response send failed
    phase: sendfile_body
=NOTICE REPORT==== 1-Jun-2026::01:38:18.693130 ===
    reason: closed
    msg: roadrunner response send failed
    phase: sendfile_body
=NOTICE REPORT==== 1-Jun-2026::01:38:18.694804 ===
    reason: closed
    msg: roadrunner response send failed
    phase: sendfile_body
=NOTICE REPORT==== 1-Jun-2026::01:38:18.695367 ===
    reason: closed
    msg: roadrunner response send failed
    phase: sendfile_body
=NOTICE REPORT==== 1-Jun-2026::01:38:18.697230 ===
    reason: closed
    msg: roadrunner response send failed
    phase: sendfile_body
=NOTICE REPORT==== 1-Jun-2026::01:38:18.697311 ===
    reason: closed
    msg: roadrunner response send failed
    phase: sendfile_body
=NOTICE REPORT==== 1-Jun-2026::01:38:18.697357 ===
    reason: closed
    msg: roadrunner response send failed
    phase: sendfile_body
=NOTICE REPORT==== 1-Jun-2026::01:38:18.697394 ===
    reason: closed
    msg: roadrunner response send failed
    phase: sendfile_body
=NOTICE REPORT==== 1-Jun-2026::01:38:18.697424 ===
    reason: closed
    msg: roadrunner response send failed
    phase: sendfile_body
=NOTICE REPORT==== 1-Jun-2026::01:38:18.697376 ===
    reason: closed
    msg: roadrunner response send failed
    phase: sendfile_body
=NOTICE REPORT==== 1-Jun-2026::01:38:18.697599 ===
    reason: closed
    msg: roadrunner response send failed
    phase: sendfile_body
=NOTICE REPORT==== 1-Jun-2026::01:38:18.698039 ===
    reason: closed
    msg: roadrunner response send failed
    phase: sendfile_body
=NOTICE REPORT==== 1-Jun-2026::01:38:18.698607 ===
    reason: closed
    msg: roadrunner response send failed
    phase: sendfile_body
=NOTICE REPORT==== 1-Jun-2026::01:38:18.698834 ===
    reason: closed
    msg: roadrunner response send failed
    phase: sendfile_body
=NOTICE REPORT==== 1-Jun-2026::01:38:18.699386 ===
    reason: closed
    msg: roadrunner response send failed
    phase: sendfile_body
=NOTICE REPORT==== 1-Jun-2026::01:38:18.699951 ===
    reason: closed
    msg: roadrunner response send failed
    phase: sendfile_body
=NOTICE REPORT==== 1-Jun-2026::01:38:18.700341 ===
    reason: closed
    msg: roadrunner response send failed
    phase: sendfile_body
=NOTICE REPORT==== 1-Jun-2026::01:38:18.700545 ===
    reason: closed
    msg: roadrunner response send failed
    phase: sendfile_body
=NOTICE REPORT==== 1-Jun-2026::01:38:18.702476 ===
    reason: closed
    msg: roadrunner response send failed
    phase: sendfile_body
=NOTICE REPORT==== 1-Jun-2026::01:38:18.702588 ===
    reason: closed
    msg: roadrunner response send failed
    phase: sendfile_body
=NOTICE REPORT==== 1-Jun-2026::01:38:18.703163 ===
    reason: closed
    msg: roadrunner response send failed
    phase: sendfile_body
=NOTICE REPORT==== 1-Jun-2026::01:38:18.703753 ===
    reason: closed
    msg: roadrunner response send failed
    phase: sendfile_body
=NOTICE REPORT==== 1-Jun-2026::01:38:18.704653 ===
    reason: closed
    msg: roadrunner response send failed
    phase: sendfile_body
=NOTICE REPORT==== 1-Jun-2026::01:38:18.704737 ===
    reason: closed
    msg: roadrunner response send failed
    phase: sendfile_body
=NOTICE REPORT==== 1-Jun-2026::01:38:18.705448 ===
    reason: closed
    msg: roadrunner response send failed
    phase: sendfile_body
=NOTICE REPORT==== 1-Jun-2026::01:38:18.706167 ===
    reason: closed
    msg: roadrunner response send failed
    phase: sendfile_body
=NOTICE REPORT==== 1-Jun-2026::01:38:18.706874 ===
    reason: closed
    msg: roadrunner response send failed
    phase: sendfile_body
=NOTICE REPORT==== 1-Jun-2026::01:38:18.707526 ===
    reason: closed
    msg: roadrunner response send failed
    phase: sendfile_body
=NOTICE REPORT==== 1-Jun-2026::01:38:18.707799 ===
    reason: closed
    msg: roadrunner response send failed
    phase: sendfile_body
=NOTICE REPORT==== 1-Jun-2026::01:38:18.708377 ===
    reason: closed
    msg: roadrunner response send failed
    phase: sendfile_body
=NOTICE REPORT==== 1-Jun-2026::01:38:18.708538 ===
    reason: closed
    msg: roadrunner response send failed
    phase: sendfile_body
=NOTICE REPORT==== 1-Jun-2026::01:38:18.709387 ===
    reason: closed
    msg: roadrunner response send failed
    phase: sendfile_body
=NOTICE REPORT==== 1-Jun-2026::01:38:18.710014 ===
    reason: closed
    msg: roadrunner response send failed
    phase: sendfile_body
=NOTICE REPORT==== 1-Jun-2026::01:38:18.711223 ===
    reason: closed
    msg: roadrunner response send failed
    phase: sendfile_body
=NOTICE REPORT==== 1-Jun-2026::01:38:18.711256 ===
    reason: closed
    msg: roadrunner response send failed
    phase: sendfile_body
=NOTICE REPORT==== 1-Jun-2026::01:38:18.711425 ===
    reason: closed
    msg: roadrunner response send failed
    phase: sendfile_body
=NOTICE REPORT==== 1-Jun-2026::01:38:18.711957 ===
    reason: closed
    msg: roadrunner response send failed
    phase: sendfile_body
=NOTICE REPORT==== 1-Jun-2026::01:38:18.712035 ===
    reason: closed
    msg: roadrunner response send failed
    phase: sendfile_body
=NOTICE REPORT==== 1-Jun-2026::01:38:18.712888 ===
    reason: closed
    msg: roadrunner response send failed
    phase: sendfile_body
=NOTICE REPORT==== 1-Jun-2026::01:38:18.714179 ===
    reason: closed
    msg: roadrunner response send failed
    phase: sendfile_body
=NOTICE REPORT==== 1-Jun-2026::01:38:18.714216 ===
    reason: closed
    msg: roadrunner response send failed
    phase: sendfile_body
=NOTICE REPORT==== 1-Jun-2026::01:38:18.714257 ===
    reason: closed
    msg: roadrunner response send failed
    phase: sendfile_body
=NOTICE REPORT==== 1-Jun-2026::01:38:18.714311 ===
    reason: closed
    msg: roadrunner response send failed
    phase: sendfile_body
=NOTICE REPORT==== 1-Jun-2026::01:38:18.714926 ===
    reason: closed
    msg: roadrunner response send failed
    phase: sendfile_body
=NOTICE REPORT==== 1-Jun-2026::01:38:18.715472 ===
    reason: closed
    msg: roadrunner response send failed
    phase: sendfile_body
=NOTICE REPORT==== 1-Jun-2026::01:38:18.716686 ===
    reason: closed
    msg: roadrunner response send failed
    phase: sendfile_body
=NOTICE REPORT==== 1-Jun-2026::01:38:18.716668 ===
    reason: closed
    msg: roadrunner response send failed
    phase: sendfile_body
=NOTICE REPORT==== 1-Jun-2026::01:38:18.716710 ===
    reason: closed
    msg: roadrunner response send failed
    phase: sendfile_body
=NOTICE REPORT==== 1-Jun-2026::01:38:18.716717 ===
    reason: closed
    msg: roadrunner response send failed
    phase: sendfile_body
=NOTICE REPORT==== 1-Jun-2026::01:38:18.716714 ===
    reason: closed
    msg: roadrunner response send failed
    phase: sendfile_body
=NOTICE REPORT==== 1-Jun-2026::01:38:18.717321 ===
    reason: closed
    msg: roadrunner response send failed
    phase: sendfile_body
=NOTICE REPORT==== 1-Jun-2026::01:38:18.718052 ===
    reason: closed
    msg: roadrunner response send failed
    phase: sendfile_body
=NOTICE REPORT==== 1-Jun-2026::01:38:18.718087 ===
    reason: closed
    msg: roadrunner response send failed
    phase: sendfile_body
=NOTICE REPORT==== 1-Jun-2026::01:38:18.718614 ===
    reason: closed
    msg: roadrunner response send failed
    phase: sendfile_body
=NOTICE REPORT==== 1-Jun-2026::01:38:18.719161 ===
    reason: closed
    msg: roadrunner response send failed
    phase: sendfile_body
=NOTICE REPORT==== 1-Jun-2026::01:38:18.720003 ===
    reason: closed
    msg: roadrunner response send failed
    phase: sendfile_body
=NOTICE REPORT==== 1-Jun-2026::01:38:18.721162 ===
    reason: closed
    msg: roadrunner response send failed
    phase: sendfile_body
=NOTICE REPORT==== 1-Jun-2026::01:38:18.721168 ===
    reason: closed
    msg: roadrunner response send failed
    phase: sendfile_body
=NOTICE REPORT==== 1-Jun-2026::01:38:18.725000 ===
    reason: closed
    msg: roadrunner response send failed
    phase: sendfile_body
=NOTICE REPORT==== 1-Jun-2026::01:38:18.725049 ===
    reason: closed
    msg: roadrunner response send failed
    phase: sendfile_body
=NOTICE REPORT==== 1-Jun-2026::01:38:18.725806 ===
    reason: closed
    msg: roadrunner response send failed
    phase: sendfile_body
=NOTICE REPORT==== 1-Jun-2026::01:38:18.726288 ===
    reason: closed
    msg: roadrunner response send failed
    phase: sendfile_body
=NOTICE REPORT==== 1-Jun-2026::01:38:18.726315 ===
    reason: closed
    msg: roadrunner response send failed
    phase: sendfile_body
=NOTICE REPORT==== 1-Jun-2026::01:38:18.726378 ===
    reason: closed
    msg: roadrunner response send failed
    phase: sendfile_body
=NOTICE REPORT==== 1-Jun-2026::01:38:18.726377 ===
    reason: closed
    msg: roadrunner response send failed
    phase: sendfile_body
=NOTICE REPORT==== 1-Jun-2026::01:38:18.726953 ===
    reason: closed
    msg: roadrunner response send failed
    phase: sendfile_body
=NOTICE REPORT==== 1-Jun-2026::01:38:18.727533 ===
    reason: closed
    msg: roadrunner response send failed
    phase: sendfile_body
=NOTICE REPORT==== 1-Jun-2026::01:38:18.728237 ===
    reason: closed
    msg: roadrunner response send failed
    phase: sendfile_body
=NOTICE REPORT==== 1-Jun-2026::01:38:18.728928 ===
    reason: closed
    msg: roadrunner response send failed
    phase: sendfile_body
=NOTICE REPORT==== 1-Jun-2026::01:38:18.729526 ===
    reason: closed
    msg: roadrunner response send failed
    phase: sendfile_body
=NOTICE REPORT==== 1-Jun-2026::01:38:18.729783 ===
    reason: closed
    msg: roadrunner response send failed
    phase: sendfile_body
=NOTICE REPORT==== 1-Jun-2026::01:38:18.730092 ===
    reason: closed
    msg: roadrunner response send failed
    phase: sendfile_body
=NOTICE REPORT==== 1-Jun-2026::01:38:18.730671 ===
    reason: closed
    msg: roadrunner response send failed
    phase: sendfile_body
=NOTICE REPORT==== 1-Jun-2026::01:38:18.731223 ===
    reason: closed
    msg: roadrunner response send failed
    phase: sendfile_body
=NOTICE REPORT==== 1-Jun-2026::01:38:18.731850 ===
    reason: closed
    msg: roadrunner response send failed
    phase: sendfile_body
=NOTICE REPORT==== 1-Jun-2026::01:38:18.733205 ===
    reason: closed
    msg: roadrunner response send failed
    phase: sendfile_body
=NOTICE REPORT==== 1-Jun-2026::01:38:18.733299 ===
    reason: closed
    msg: roadrunner response send failed
    phase: sendfile_body
=NOTICE REPORT==== 1-Jun-2026::01:38:18.733818 ===
    reason: closed
    msg: roadrunner response send failed
    phase: sendfile_body
=NOTICE REPORT==== 1-Jun-2026::01:38:18.734373 ===
    reason: closed
    msg: roadrunner response send failed
    phase: sendfile_body
=NOTICE REPORT==== 1-Jun-2026::01:38:18.734935 ===
    reason: closed
    msg: roadrunner response send failed
    phase: sendfile_body
=NOTICE REPORT==== 1-Jun-2026::01:38:18.736915 ===
    reason: closed
    msg: roadrunner response send failed
    phase: sendfile_body
=NOTICE REPORT==== 1-Jun-2026::01:38:18.736955 ===
    reason: closed
    msg: roadrunner response send failed
    phase: sendfile_body
=NOTICE REPORT==== 1-Jun-2026::01:38:18.737512 ===
    reason: closed
    msg: roadrunner response send failed
    phase: sendfile_body
=NOTICE REPORT==== 1-Jun-2026::01:38:18.738230 ===
    reason: closed
    msg: roadrunner response send failed
    phase: sendfile_body
=NOTICE REPORT==== 1-Jun-2026::01:38:18.738292 ===
    reason: closed
    msg: roadrunner response send failed
    phase: sendfile_body
=NOTICE REPORT==== 1-Jun-2026::01:38:18.738275 ===
    reason: closed
    msg: roadrunner response send failed
    phase: sendfile_body
=NOTICE REPORT==== 1-Jun-2026::01:38:18.738349 ===
    reason: closed
    msg: roadrunner response send failed
    phase: sendfile_body
=NOTICE REPORT==== 1-Jun-2026::01:38:18.738409 ===
    reason: closed
    msg: roadrunner response send failed
    phase: sendfile_body
=NOTICE REPORT==== 1-Jun-2026::01:38:18.738891 ===
    reason: closed
    msg: roadrunner response send failed
    phase: sendfile_body
=NOTICE REPORT==== 1-Jun-2026::01:38:18.739464 ===
    reason: closed
    msg: roadrunner response send failed
    phase: sendfile_body
=NOTICE REPORT==== 1-Jun-2026::01:38:18.740119 ===
    reason: closed
    msg: roadrunner response send failed
    phase: sendfile_body
=NOTICE REPORT==== 1-Jun-2026::01:38:18.740220 ===
    reason: closed
    msg: roadrunner response send failed
    phase: sendfile_body
=NOTICE REPORT==== 1-Jun-2026::01:38:18.740470 ===
    reason: closed
    msg: roadrunner response send failed
    phase: sendfile_body
=NOTICE REPORT==== 1-Jun-2026::01:38:18.740679 ===
    reason: closed
    msg: roadrunner response send failed
    phase: sendfile_body
=NOTICE REPORT==== 1-Jun-2026::01:38:18.741434 ===
    reason: closed
    msg: roadrunner response send failed
    phase: sendfile_body
=NOTICE REPORT==== 1-Jun-2026::01:38:18.741490 ===
    reason: closed
    msg: roadrunner response send failed
    phase: sendfile_body
=NOTICE REPORT==== 1-Jun-2026::01:38:18.741476 ===
    reason: closed
    msg: roadrunner response send failed
    phase: sendfile_body
=NOTICE REPORT==== 1-Jun-2026::01:38:18.741996 ===
    reason: closed
    msg: roadrunner response send failed
    phase: sendfile_body
=NOTICE REPORT==== 1-Jun-2026::01:38:18.743679 ===
    reason: closed
    msg: roadrunner response send failed
    phase: sendfile_body
=NOTICE REPORT==== 1-Jun-2026::01:38:18.745038 ===
    reason: closed
    msg: roadrunner response send failed
    phase: sendfile_body
=NOTICE REPORT==== 1-Jun-2026::01:38:18.745709 ===
    reason: closed
    msg: roadrunner response send failed
    phase: sendfile_body
=NOTICE REPORT==== 1-Jun-2026::01:38:18.746348 ===
    reason: closed
    msg: roadrunner response send failed
    phase: sendfile_body
=NOTICE REPORT==== 1-Jun-2026::01:38:18.746389 ===
    reason: closed
    msg: roadrunner response send failed
    phase: sendfile_body
=NOTICE REPORT==== 1-Jun-2026::01:38:18.746384 ===
    reason: closed
    msg: roadrunner response send failed
    phase: sendfile_body
=NOTICE REPORT==== 1-Jun-2026::01:38:18.746432 ===
    reason: closed
    msg: roadrunner response send failed
    phase: sendfile_body
=NOTICE REPORT==== 1-Jun-2026::01:38:18.746416 ===
    reason: closed
    msg: roadrunner response send failed
    phase: sendfile_body
=NOTICE REPORT==== 1-Jun-2026::01:38:18.746966 ===
    reason: closed
    msg: roadrunner response send failed
    phase: sendfile_body
=NOTICE REPORT==== 1-Jun-2026::01:38:18.747659 ===
    reason: closed
    msg: roadrunner response send failed
    phase: sendfile_body
=NOTICE REPORT==== 1-Jun-2026::01:38:18.748092 ===
    reason: closed
    msg: roadrunner response send failed
    phase: sendfile_body
=NOTICE REPORT==== 1-Jun-2026::01:38:18.748664 ===
    reason: closed
    msg: roadrunner response send failed
    phase: sendfile_body
=NOTICE REPORT==== 1-Jun-2026::01:38:18.749336 ===
    reason: closed
    msg: roadrunner response send failed
    phase: sendfile_body
=NOTICE REPORT==== 1-Jun-2026::01:38:18.750038 ===
    reason: closed
    msg: roadrunner response send failed
    phase: sendfile_body
=NOTICE REPORT==== 1-Jun-2026::01:38:18.751355 ===
    reason: closed
    msg: roadrunner response send failed
    phase: sendfile_body
=NOTICE REPORT==== 1-Jun-2026::01:38:18.751573 ===
    reason: closed
    msg: roadrunner response send failed
    phase: sendfile_body
=NOTICE REPORT==== 1-Jun-2026::01:38:18.751601 ===
    reason: closed
    msg: roadrunner response send failed
    phase: sendfile_body
=NOTICE REPORT==== 1-Jun-2026::01:38:18.752410 ===
    reason: closed
    msg: roadrunner response send failed
    phase: sendfile_body
=NOTICE REPORT==== 1-Jun-2026::01:38:18.752436 ===
    reason: closed
    msg: roadrunner response send failed
    phase: sendfile_body
=NOTICE REPORT==== 1-Jun-2026::01:38:18.753035 ===
    reason: closed
    msg: roadrunner response send failed
    phase: sendfile_body
=NOTICE REPORT==== 1-Jun-2026::01:38:18.753770 ===
    reason: closed
    msg: roadrunner response send failed
    phase: sendfile_body
=NOTICE REPORT==== 1-Jun-2026::01:38:18.753780 ===
    reason: closed
    msg: roadrunner response send failed
    phase: sendfile_body
=NOTICE REPORT==== 1-Jun-2026::01:38:18.753803 ===
    reason: closed
    msg: roadrunner response send failed
    phase: sendfile_body
=NOTICE REPORT==== 1-Jun-2026::01:38:18.753810 ===
    reason: closed
    msg: roadrunner response send failed
    phase: sendfile_body
=NOTICE REPORT==== 1-Jun-2026::01:38:18.753865 ===
    reason: closed
    msg: roadrunner response send failed
    phase: sendfile_body
=NOTICE REPORT==== 1-Jun-2026::01:38:18.754484 ===
    reason: closed
    msg: roadrunner response send failed
    phase: sendfile_body
=NOTICE REPORT==== 1-Jun-2026::01:38:18.755070 ===
    reason: closed
    msg: roadrunner response send failed
    phase: sendfile_body
=NOTICE REPORT==== 1-Jun-2026::01:38:18.755175 ===
    reason: closed
    msg: roadrunner response send failed
    phase: sendfile_body
=NOTICE REPORT==== 1-Jun-2026::01:38:18.755619 ===
    reason: closed
    msg: roadrunner response send failed
    phase: sendfile_body
=NOTICE REPORT==== 1-Jun-2026::01:38:18.756118 ===
    reason: closed
    msg: roadrunner response send failed
    phase: sendfile_body
=NOTICE REPORT==== 1-Jun-2026::01:38:18.756154 ===
    reason: closed
    msg: roadrunner response send failed
    phase: sendfile_body
=NOTICE REPORT==== 1-Jun-2026::01:38:18.756344 ===
    reason: closed
    msg: roadrunner response send failed
    phase: sendfile_body
=NOTICE REPORT==== 1-Jun-2026::01:38:18.756678 ===
    reason: closed
    msg: roadrunner response send failed
    phase: sendfile_body
=NOTICE REPORT==== 1-Jun-2026::01:38:18.756683 ===
    reason: closed
    msg: roadrunner response send failed
    phase: sendfile_body
=NOTICE REPORT==== 1-Jun-2026::01:38:18.757107 ===
    reason: closed
    msg: roadrunner response send failed
    phase: sendfile_body
=NOTICE REPORT==== 1-Jun-2026::01:38:18.757207 ===
    reason: closed
    msg: roadrunner response send failed
    phase: sendfile_body
=NOTICE REPORT==== 1-Jun-2026::01:38:18.757738 ===
    reason: closed
    msg: roadrunner response send failed
    phase: sendfile_body
=NOTICE REPORT==== 1-Jun-2026::01:38:18.758231 ===
    reason: closed
    msg: roadrunner response send failed
    phase: sendfile_body
=NOTICE REPORT==== 1-Jun-2026::01:38:18.758242 ===
    reason: closed
    msg: roadrunner response send failed
    phase: sendfile_body
=NOTICE REPORT==== 1-Jun-2026::01:38:18.758672 ===
    reason: closed
    msg: roadrunner response send failed
    phase: sendfile_body
=NOTICE REPORT==== 1-Jun-2026::01:38:18.759297 ===
    reason: closed
    msg: roadrunner response send failed
    phase: sendfile_body
=NOTICE REPORT==== 1-Jun-2026::01:38:18.759781 ===
    reason: closed
    msg: roadrunner response send failed
    phase: sendfile_body
=NOTICE REPORT==== 1-Jun-2026::01:38:18.762746 ===
    reason: closed
    msg: roadrunner response send failed
    phase: sendfile_body
=NOTICE REPORT==== 1-Jun-2026::01:38:18.762778 ===
    reason: closed
    msg: roadrunner response send failed
    phase: sendfile_body
=NOTICE REPORT==== 1-Jun-2026::01:38:18.763293 ===
    reason: closed
    msg: roadrunner response send failed
    phase: sendfile_body
=NOTICE REPORT==== 1-Jun-2026::01:38:18.764527 ===
    reason: closed
    msg: roadrunner response send failed
    phase: sendfile_body
=NOTICE REPORT==== 1-Jun-2026::01:38:18.764743 ===
    reason: closed
    msg: roadrunner response send failed
    phase: sendfile_body
=NOTICE REPORT==== 1-Jun-2026::01:38:18.764796 ===
    reason: closed
    msg: roadrunner response send failed
    phase: sendfile_body
=NOTICE REPORT==== 1-Jun-2026::01:38:18.764846 ===
    reason: closed
    msg: roadrunner response send failed
    phase: sendfile_body
=NOTICE REPORT==== 1-Jun-2026::01:38:18.765455 ===
    reason: closed
    msg: roadrunner response send failed
    phase: sendfile_body
=NOTICE REPORT==== 1-Jun-2026::01:38:18.765811 ===
    reason: closed
    msg: roadrunner response send failed
    phase: sendfile_body
=NOTICE REPORT==== 1-Jun-2026::01:38:18.766311 ===
    reason: closed
    msg: roadrunner response send failed
    phase: sendfile_body
=NOTICE REPORT==== 1-Jun-2026::01:38:18.766355 ===
    reason: closed
    msg: roadrunner response send failed
    phase: sendfile_body
=NOTICE REPORT==== 1-Jun-2026::01:38:18.766382 ===
    reason: closed
    msg: roadrunner response send failed
    phase: sendfile_body
=NOTICE REPORT==== 1-Jun-2026::01:38:18.766367 ===
    reason: closed
    msg: roadrunner response send failed
    phase: sendfile_body
=NOTICE REPORT==== 1-Jun-2026::01:38:18.766854 ===
    reason: closed
    msg: roadrunner response send failed
    phase: sendfile_body
=NOTICE REPORT==== 1-Jun-2026::01:38:18.768662 ===
    reason: closed
    msg: roadrunner response send failed
    phase: sendfile_body
=NOTICE REPORT==== 1-Jun-2026::01:38:18.768686 ===
    reason: closed
    msg: roadrunner response send failed
    phase: sendfile_body
=NOTICE REPORT==== 1-Jun-2026::01:38:18.769347 ===
    reason: closed
    msg: roadrunner response send failed
    phase: sendfile_body
=NOTICE REPORT==== 1-Jun-2026::01:38:18.769530 ===
    reason: closed
    msg: roadrunner response send failed
    phase: sendfile_body
=NOTICE REPORT==== 1-Jun-2026::01:38:18.770192 ===
    reason: closed
    msg: roadrunner response send failed
    phase: sendfile_body
=NOTICE REPORT==== 1-Jun-2026::01:38:18.770980 ===
    reason: closed
    msg: roadrunner response send failed
    phase: sendfile_body
=NOTICE REPORT==== 1-Jun-2026::01:38:18.771933 ===
    reason: closed
    msg: roadrunner response send failed
    phase: sendfile_body
=NOTICE REPORT==== 1-Jun-2026::01:38:18.772038 ===
    reason: closed
    msg: roadrunner response send failed
    phase: sendfile_body
=NOTICE REPORT==== 1-Jun-2026::01:38:18.772637 ===
    reason: closed
    msg: roadrunner response send failed
    phase: sendfile_body
=NOTICE REPORT==== 1-Jun-2026::01:38:18.773111 ===
    reason: closed
    msg: roadrunner response send failed
    phase: sendfile_body
=NOTICE REPORT==== 1-Jun-2026::01:38:18.773332 ===
    reason: closed
    msg: roadrunner response send failed
    phase: sendfile_body
=NOTICE REPORT==== 1-Jun-2026::01:38:18.773796 ===
    reason: closed
    msg: roadrunner response send failed
    phase: sendfile_body
=NOTICE REPORT==== 1-Jun-2026::01:38:18.774275 ===
    reason: closed
    msg: roadrunner response send failed
    phase: sendfile_body
=NOTICE REPORT==== 1-Jun-2026::01:38:18.775162 ===
    reason: closed
    msg: roadrunner response send failed
    phase: sendfile_body
=NOTICE REPORT==== 1-Jun-2026::01:38:18.775779 ===
    reason: closed
    msg: roadrunner response send failed
    phase: sendfile_body
=NOTICE REPORT==== 1-Jun-2026::01:38:18.775764 ===
    reason: closed
    msg: roadrunner response send failed
    phase: sendfile_body
=NOTICE REPORT==== 1-Jun-2026::01:38:18.775878 ===
    reason: closed
    msg: roadrunner response send failed
    phase: sendfile_body
=NOTICE REPORT==== 1-Jun-2026::01:38:18.776380 ===
    reason: closed
    msg: roadrunner response send failed
    phase: sendfile_body
=NOTICE REPORT==== 1-Jun-2026::01:38:18.776893 ===
    reason: closed
    msg: roadrunner response send failed
    phase: sendfile_body
=NOTICE REPORT==== 1-Jun-2026::01:38:18.777620 ===
    reason: closed
    msg: roadrunner response send failed
    phase: sendfile_body
=NOTICE REPORT==== 1-Jun-2026::01:38:18.778813 ===
    reason: closed
    msg: roadrunner response send failed
    phase: sendfile_body
=NOTICE REPORT==== 1-Jun-2026::01:38:18.778871 ===
    reason: closed
    msg: roadrunner response send failed
    phase: sendfile_body
=NOTICE REPORT==== 1-Jun-2026::01:38:18.778890 ===
    reason: closed
    msg: roadrunner response send failed
    phase: sendfile_body
=NOTICE REPORT==== 1-Jun-2026::01:38:18.779266 ===
    reason: closed
    msg: roadrunner response send failed
    phase: sendfile_body
=NOTICE REPORT==== 1-Jun-2026::01:38:18.779324 ===
    reason: closed
    msg: roadrunner response send failed
    phase: sendfile_body
=NOTICE REPORT==== 1-Jun-2026::01:38:18.779793 ===
    reason: closed
    msg: roadrunner response send failed
    phase: sendfile_body
=NOTICE REPORT==== 1-Jun-2026::01:38:18.780490 ===
    reason: closed
    msg: roadrunner response send failed
    phase: sendfile_body
=NOTICE REPORT==== 1-Jun-2026::01:38:18.780830 ===
    reason: closed
    msg: roadrunner response send failed
    phase: sendfile_body
=NOTICE REPORT==== 1-Jun-2026::01:38:18.782140 ===
    reason: closed
    msg: roadrunner response send failed
    phase: sendfile_body
=NOTICE REPORT==== 1-Jun-2026::01:38:18.782958 ===
    reason: closed
    msg: roadrunner response send failed
    phase: sendfile_body
=NOTICE REPORT==== 1-Jun-2026::01:38:18.783009 ===
    reason: closed
    msg: roadrunner response send failed
    phase: sendfile_body
=NOTICE REPORT==== 1-Jun-2026::01:38:18.783040 ===
    reason: closed
    msg: roadrunner response send failed
    phase: sendfile_body
=NOTICE REPORT==== 1-Jun-2026::01:38:18.783029 ===
    reason: closed
    msg: roadrunner response send failed
    phase: sendfile_body
=NOTICE REPORT==== 1-Jun-2026::01:38:18.783068 ===
    reason: closed
    msg: roadrunner response send failed
    phase: sendfile_body
=NOTICE REPORT==== 1-Jun-2026::01:38:18.783473 ===
    reason: closed
    msg: roadrunner response send failed
    phase: sendfile_body
=NOTICE REPORT==== 1-Jun-2026::01:38:18.785540 ===
    reason: closed
    msg: roadrunner response send failed
    phase: sendfile_body
=NOTICE REPORT==== 1-Jun-2026::01:38:18.787539 ===
    reason: closed
    msg: roadrunner response send failed
    phase: sendfile_body
=NOTICE REPORT==== 1-Jun-2026::01:38:18.787724 ===
    reason: closed
    msg: roadrunner response send failed
    phase: sendfile_body
=NOTICE REPORT==== 1-Jun-2026::01:38:18.788109 ===
    reason: closed
    msg: roadrunner response send failed
    phase: sendfile_body
=NOTICE REPORT==== 1-Jun-2026::01:38:18.788464 ===
    reason: closed
    msg: roadrunner response send failed
    phase: sendfile_body
=NOTICE REPORT==== 1-Jun-2026::01:38:18.789554 ===
    reason: closed
    msg: roadrunner response send failed
    phase: sendfile_body
=NOTICE REPORT==== 1-Jun-2026::01:38:18.789962 ===
    reason: closed
    msg: roadrunner response send failed
    phase: sendfile_body
=NOTICE REPORT==== 1-Jun-2026::01:38:18.790381 ===
    reason: closed
    msg: roadrunner response send failed
    phase: sendfile_body
=NOTICE REPORT==== 1-Jun-2026::01:38:18.790497 ===
    reason: closed
    msg: roadrunner response send failed
    phase: sendfile_body
=NOTICE REPORT==== 1-Jun-2026::01:38:18.792884 ===
    reason: closed
    msg: roadrunner response send failed
    phase: sendfile_body
=NOTICE REPORT==== 1-Jun-2026::01:38:18.793890 ===
    reason: closed
    msg: roadrunner response send failed
    phase: sendfile_body
=NOTICE REPORT==== 1-Jun-2026::01:38:18.794345 ===
    reason: closed
    msg: roadrunner response send failed
    phase: sendfile_body
=NOTICE REPORT==== 1-Jun-2026::01:38:18.794809 ===
    reason: closed
    msg: roadrunner response send failed
    phase: sendfile_body
=NOTICE REPORT==== 1-Jun-2026::01:38:18.794774 ===
    reason: closed
    msg: roadrunner response send failed
    phase: sendfile_body
=NOTICE REPORT==== 1-Jun-2026::01:38:18.795416 ===
    reason: closed
    msg: roadrunner response send failed
    phase: sendfile_body
=NOTICE REPORT==== 1-Jun-2026::01:38:18.795576 ===
    reason: closed
    msg: roadrunner response send failed
    phase: sendfile_body
=NOTICE REPORT==== 1-Jun-2026::01:38:18.795617 ===
    reason: closed
    msg: roadrunner response send failed
    phase: sendfile_body
=NOTICE REPORT==== 1-Jun-2026::01:38:18.796170 ===
    reason: closed
    msg: roadrunner response send failed
    phase: sendfile_body
=NOTICE REPORT==== 1-Jun-2026::01:38:18.796224 ===
    reason: closed
    msg: roadrunner response send failed
    phase: sendfile_body
=NOTICE REPORT==== 1-Jun-2026::01:38:18.796235 ===
    reason: closed
    msg: roadrunner response send failed
    phase: sendfile_body
=NOTICE REPORT==== 1-Jun-2026::01:38:18.796696 ===
    reason: closed
    msg: roadrunner response send failed
    phase: sendfile_body
=NOTICE REPORT==== 1-Jun-2026::01:38:18.796760 ===
    reason: closed
    msg: roadrunner response send failed
    phase: sendfile_body
=NOTICE REPORT==== 1-Jun-2026::01:38:18.797187 ===
    reason: closed
    msg: roadrunner response send failed
    phase: sendfile_body
=NOTICE REPORT==== 1-Jun-2026::01:38:18.798359 ===
    reason: closed
    msg: roadrunner response send failed
    phase: sendfile_body
=NOTICE REPORT==== 1-Jun-2026::01:38:18.799122 ===
    reason: closed
    msg: roadrunner response send failed
    phase: sendfile_body
=NOTICE REPORT==== 1-Jun-2026::01:38:18.799649 ===
    reason: closed
    msg: roadrunner response send failed
    phase: sendfile_body
=NOTICE REPORT==== 1-Jun-2026::01:38:18.800079 ===
    reason: closed
    msg: roadrunner response send failed
    phase: sendfile_body
=NOTICE REPORT==== 1-Jun-2026::01:38:18.800231 ===
    reason: closed
    msg: roadrunner response send failed
    phase: sendfile_body
=NOTICE REPORT==== 1-Jun-2026::01:38:18.800304 ===
    reason: closed
    msg: roadrunner response send failed
    phase: sendfile_body
=NOTICE REPORT==== 1-Jun-2026::01:38:18.800338 ===
    reason: closed
    msg: roadrunner response send failed
    phase: sendfile_body
=NOTICE REPORT==== 1-Jun-2026::01:38:18.800416 ===
    reason: closed
    msg: roadrunner response send failed
    phase: sendfile_body
=NOTICE REPORT==== 1-Jun-2026::01:38:18.800418 ===
    reason: closed
    msg: roadrunner response send failed
    phase: sendfile_body
=NOTICE REPORT==== 1-Jun-2026::01:38:18.800907 ===
    reason: closed
    msg: roadrunner response send failed
    phase: sendfile_body
=NOTICE REPORT==== 1-Jun-2026::01:38:18.801343 ===
    reason: closed
    msg: roadrunner response send failed
    phase: sendfile_body
=NOTICE REPORT==== 1-Jun-2026::01:38:18.802049 ===
    reason: closed
    msg: roadrunner response send failed
    phase: sendfile_body
=NOTICE REPORT==== 1-Jun-2026::01:38:18.802524 ===
    reason: closed
    msg: roadrunner response send failed
    phase: sendfile_body
=NOTICE REPORT==== 1-Jun-2026::01:38:18.802986 ===
    reason: closed
    msg: roadrunner response send failed
    phase: sendfile_body
=NOTICE REPORT==== 1-Jun-2026::01:38:18.803541 ===
    reason: closed
    msg: roadrunner response send failed
    phase: sendfile_body
=NOTICE REPORT==== 1-Jun-2026::01:38:18.804466 ===
    reason: closed
    msg: roadrunner response send failed
    phase: sendfile_body
=NOTICE REPORT==== 1-Jun-2026::01:38:18.805184 ===
    reason: closed
    msg: roadrunner response send failed
    phase: sendfile_body
=NOTICE REPORT==== 1-Jun-2026::01:38:18.805215 ===
    reason: closed
    msg: roadrunner response send failed
    phase: sendfile_body
=NOTICE REPORT==== 1-Jun-2026::01:38:18.805654 ===
    reason: closed
    msg: roadrunner response send failed
    phase: sendfile_body
=NOTICE REPORT==== 1-Jun-2026::01:38:18.806121 ===
    reason: closed
    msg: roadrunner response send failed
    phase: sendfile_body
=NOTICE REPORT==== 1-Jun-2026::01:38:18.806481 ===
    reason: closed
    msg: roadrunner response send failed
    phase: sendfile_body
=NOTICE REPORT==== 1-Jun-2026::01:38:18.806881 ===
    reason: closed
    msg: roadrunner response send failed
    phase: sendfile_body
=NOTICE REPORT==== 1-Jun-2026::01:38:18.806903 ===
    reason: closed
    msg: roadrunner response send failed
    phase: sendfile_body
=NOTICE REPORT==== 1-Jun-2026::01:38:18.807471 ===
    reason: closed
    msg: roadrunner response send failed
    phase: sendfile_body
=NOTICE REPORT==== 1-Jun-2026::01:38:18.808120 ===
    reason: closed
    msg: roadrunner response send failed
    phase: sendfile_body
=NOTICE REPORT==== 1-Jun-2026::01:38:18.808521 ===
    reason: closed
    msg: roadrunner response send failed
    phase: sendfile_body
=NOTICE REPORT==== 1-Jun-2026::01:38:18.808504 ===
    reason: closed
    msg: roadrunner response send failed
    phase: sendfile_body
=NOTICE REPORT==== 1-Jun-2026::01:38:18.808499 ===
    reason: closed
    msg: roadrunner response send failed
    phase: sendfile_body
=NOTICE REPORT==== 1-Jun-2026::01:38:18.808541 ===
    reason: closed
    msg: roadrunner response send failed
    phase: sendfile_body
=NOTICE REPORT==== 1-Jun-2026::01:38:18.808588 ===
    reason: closed
    msg: roadrunner response send failed
    phase: sendfile_body
=NOTICE REPORT==== 1-Jun-2026::01:38:18.808920 ===
    reason: closed
    msg: roadrunner response send failed
    phase: sendfile_body
=NOTICE REPORT==== 1-Jun-2026::01:38:18.809371 ===
    reason: closed
    msg: roadrunner response send failed
    phase: sendfile_body
=NOTICE REPORT==== 1-Jun-2026::01:38:18.809552 ===
    reason: closed
    msg: roadrunner response send failed
    phase: sendfile_body
=NOTICE REPORT==== 1-Jun-2026::01:38:18.809526 ===
    reason: closed
    msg: roadrunner response send failed
    phase: sendfile_body
=NOTICE REPORT==== 1-Jun-2026::01:38:18.809551 ===
    reason: closed
    msg: roadrunner response send failed
    phase: sendfile_body
=NOTICE REPORT==== 1-Jun-2026::01:38:18.810243 ===
    reason: closed
    msg: roadrunner response send failed
    phase: sendfile_body
=NOTICE REPORT==== 1-Jun-2026::01:38:18.810648 ===
    reason: closed
    msg: roadrunner response send failed
    phase: sendfile_body
=NOTICE REPORT==== 1-Jun-2026::01:38:18.810655 ===
    reason: closed
    msg: roadrunner response send failed
    phase: sendfile_body
=NOTICE REPORT==== 1-Jun-2026::01:38:18.811336 ===
    reason: closed
    msg: roadrunner response send failed
    phase: sendfile_body
=NOTICE REPORT==== 1-Jun-2026::01:38:18.813382 ===
    reason: closed
    msg: roadrunner response send failed
    phase: sendfile_body
=NOTICE REPORT==== 1-Jun-2026::01:38:18.813715 ===
    reason: closed
    msg: roadrunner response send failed
    phase: sendfile_body
=NOTICE REPORT==== 1-Jun-2026::01:38:18.814201 ===
    reason: closed
    msg: roadrunner response send failed
    phase: sendfile_body
=NOTICE REPORT==== 1-Jun-2026::01:38:18.814254 ===
    reason: closed
    msg: roadrunner response send failed
    phase: sendfile_body
=NOTICE REPORT==== 1-Jun-2026::01:38:18.814725 ===
    reason: closed
    msg: roadrunner response send failed
    phase: sendfile_body
=NOTICE REPORT==== 1-Jun-2026::01:38:18.815529 ===
    reason: closed
    msg: roadrunner response send failed
    phase: sendfile_body
=NOTICE REPORT==== 1-Jun-2026::01:38:18.815733 ===
    reason: closed
    msg: roadrunner response send failed
    phase: sendfile_body
=NOTICE REPORT==== 1-Jun-2026::01:38:18.815925 ===
    reason: closed
    msg: roadrunner response send failed
    phase: sendfile_body
=NOTICE REPORT==== 1-Jun-2026::01:38:18.816335 ===
    reason: closed
    msg: roadrunner response send failed
    phase: sendfile_body
=NOTICE REPORT==== 1-Jun-2026::01:38:18.816364 ===
    reason: closed
    msg: roadrunner response send failed
    phase: sendfile_body
=NOTICE REPORT==== 1-Jun-2026::01:38:18.816760 ===
    reason: closed
    msg: roadrunner response send failed
    phase: sendfile_body
=NOTICE REPORT==== 1-Jun-2026::01:38:18.818247 ===
    reason: closed
    msg: roadrunner response send failed
    phase: sendfile_body
=NOTICE REPORT==== 1-Jun-2026::01:38:18.818855 ===
    reason: closed
    msg: roadrunner response send failed
    phase: sendfile_body
=NOTICE REPORT==== 1-Jun-2026::01:38:18.819354 ===
    reason: closed
    msg: roadrunner response send failed
    phase: sendfile_body
=NOTICE REPORT==== 1-Jun-2026::01:38:18.819913 ===
    reason: closed
    msg: roadrunner response send failed
    phase: sendfile_body
=NOTICE REPORT==== 1-Jun-2026::01:38:18.820411 ===
    reason: closed
    msg: roadrunner response send failed
    phase: sendfile_body
=NOTICE REPORT==== 1-Jun-2026::01:38:18.821085 ===
    reason: closed
    msg: roadrunner response send failed
    phase: sendfile_body
=NOTICE REPORT==== 1-Jun-2026::01:38:18.821309 ===
    reason: closed
    msg: roadrunner response send failed
    phase: sendfile_body
=NOTICE REPORT==== 1-Jun-2026::01:38:18.821427 ===
    reason: closed
    msg: roadrunner response send failed
    phase: sendfile_body
=NOTICE REPORT==== 1-Jun-2026::01:38:18.821826 ===
    reason: closed
    msg: roadrunner response send failed
    phase: sendfile_body
=NOTICE REPORT==== 1-Jun-2026::01:38:18.822423 ===
    reason: closed
    msg: roadrunner response send failed
    phase: sendfile_body
=NOTICE REPORT==== 1-Jun-2026::01:38:18.822826 ===
    reason: closed
    msg: roadrunner response send failed
    phase: sendfile_body
=NOTICE REPORT==== 1-Jun-2026::01:38:18.823270 ===
    reason: closed
    msg: roadrunner response send failed
    phase: sendfile_body
=NOTICE REPORT==== 1-Jun-2026::01:38:18.823719 ===
    reason: closed
    msg: roadrunner response send failed
    phase: sendfile_body
=NOTICE REPORT==== 1-Jun-2026::01:38:18.823867 ===
    reason: closed
    msg: roadrunner response send failed
    phase: sendfile_body
=NOTICE REPORT==== 1-Jun-2026::01:38:18.824119 ===
    reason: closed
    msg: roadrunner response send failed
    phase: sendfile_body
=NOTICE REPORT==== 1-Jun-2026::01:38:18.824607 ===
    reason: closed
    msg: roadrunner response send failed
    phase: sendfile_body
=NOTICE REPORT==== 1-Jun-2026::01:38:18.826070 ===
    reason: closed
    msg: roadrunner response send failed
    phase: sendfile_body
=NOTICE REPORT==== 1-Jun-2026::01:38:18.826469 ===
    reason: closed
    msg: roadrunner response send failed
    phase: sendfile_body
=NOTICE REPORT==== 1-Jun-2026::01:38:18.826527 ===
    reason: closed
    msg: roadrunner response send failed
    phase: sendfile_body
=NOTICE REPORT==== 1-Jun-2026::01:38:18.826945 ===
    reason: closed
    msg: roadrunner response send failed
    phase: sendfile_body
=NOTICE REPORT==== 1-Jun-2026::01:38:18.826951 ===
    reason: closed
    msg: roadrunner response send failed
    phase: sendfile_body
=NOTICE REPORT==== 1-Jun-2026::01:38:18.826967 ===
    reason: closed
    msg: roadrunner response send failed
    phase: sendfile_body
=NOTICE REPORT==== 1-Jun-2026::01:38:18.827721 ===
    reason: closed
    msg: roadrunner response send failed
    phase: sendfile_body
=NOTICE REPORT==== 1-Jun-2026::01:38:18.828089 ===
    reason: closed
    msg: roadrunner response send failed
    phase: sendfile_body
=NOTICE REPORT==== 1-Jun-2026::01:38:18.828096 ===
    reason: closed
    msg: roadrunner response send failed
    phase: sendfile_body
=NOTICE REPORT==== 1-Jun-2026::01:38:18.828464 ===
    reason: closed
    msg: roadrunner response send failed
    phase: sendfile_body
=NOTICE REPORT==== 1-Jun-2026::01:38:18.828845 ===
    reason: closed
    msg: roadrunner response send failed
    phase: sendfile_body
=NOTICE REPORT==== 1-Jun-2026::01:38:18.828922 ===
    reason: closed
    msg: roadrunner response send failed
    phase: sendfile_body
=NOTICE REPORT==== 1-Jun-2026::01:38:18.828961 ===
    reason: closed
    msg: roadrunner response send failed
    phase: sendfile_body
=NOTICE REPORT==== 1-Jun-2026::01:38:18.828929 ===
    reason: closed
    msg: roadrunner response send failed
    phase: sendfile_body
=NOTICE REPORT==== 1-Jun-2026::01:38:18.828973 ===
    reason: closed
    msg: roadrunner response send failed
    phase: sendfile_body
=NOTICE REPORT==== 1-Jun-2026::01:38:18.829063 ===
    reason: closed
    msg: roadrunner response send failed
    phase: sendfile_body
=NOTICE REPORT==== 1-Jun-2026::01:38:18.829345 ===
    reason: closed
    msg: roadrunner response send failed
    phase: sendfile_body
=NOTICE REPORT==== 1-Jun-2026::01:38:18.829675 ===
    reason: closed
    msg: roadrunner response send failed
    phase: sendfile_body
=NOTICE REPORT==== 1-Jun-2026::01:38:18.829782 ===
    reason: closed
    msg: roadrunner response send failed
    phase: sendfile_body
=NOTICE REPORT==== 1-Jun-2026::01:38:18.830157 ===
    reason: closed
    msg: roadrunner response send failed
    phase: sendfile_body
=NOTICE REPORT==== 1-Jun-2026::01:38:18.830145 ===
    reason: closed
    msg: roadrunner response send failed
    phase: sendfile_body
=NOTICE REPORT==== 1-Jun-2026::01:38:18.830494 ===
    reason: closed
    msg: roadrunner response send failed
    phase: sendfile_body
=NOTICE REPORT==== 1-Jun-2026::01:38:18.830694 ===
    reason: closed
    msg: roadrunner response send failed
    phase: sendfile_body
=NOTICE REPORT==== 1-Jun-2026::01:38:18.830840 ===
    reason: closed
    msg: roadrunner response send failed
    phase: sendfile_body
=NOTICE REPORT==== 1-Jun-2026::01:38:18.831085 ===
    reason: closed
    msg: roadrunner response send failed
    phase: sendfile_body
=NOTICE REPORT==== 1-Jun-2026::01:38:18.831610 ===
    reason: closed
    msg: roadrunner response send failed
    phase: sendfile_body
=NOTICE REPORT==== 1-Jun-2026::01:38:18.831996 ===
    reason: closed
    msg: roadrunner response send failed
    phase: sendfile_body
=NOTICE REPORT==== 1-Jun-2026::01:38:18.832009 ===
    reason: closed
    msg: roadrunner response send failed
    phase: sendfile_body
=NOTICE REPORT==== 1-Jun-2026::01:38:18.832028 ===
    reason: closed
    msg: roadrunner response send failed
    phase: sendfile_body
=NOTICE REPORT==== 1-Jun-2026::01:38:18.832087 ===
    reason: closed
    msg: roadrunner response send failed
    phase: sendfile_body
=NOTICE REPORT==== 1-Jun-2026::01:38:18.832393 ===
    reason: closed
    msg: roadrunner response send failed
    phase: sendfile_body
=NOTICE REPORT==== 1-Jun-2026::01:38:18.832379 ===
    reason: closed
    msg: roadrunner response send failed
    phase: sendfile_body
=NOTICE REPORT==== 1-Jun-2026::01:38:18.832389 ===
    reason: closed
    msg: roadrunner response send failed
    phase: sendfile_body
=NOTICE REPORT==== 1-Jun-2026::01:38:18.832440 ===
    reason: closed
    msg: roadrunner response send failed
    phase: sendfile_body
=NOTICE REPORT==== 1-Jun-2026::01:38:18.832761 ===
    reason: closed
    msg: roadrunner response send failed
    phase: sendfile_body
=NOTICE REPORT==== 1-Jun-2026::01:38:18.832740 ===
    reason: closed
    msg: roadrunner response send failed
    phase: sendfile_body
=NOTICE REPORT==== 1-Jun-2026::01:38:18.832783 ===
    reason: closed
    msg: roadrunner response send failed
    phase: sendfile_body
=NOTICE REPORT==== 1-Jun-2026::01:38:18.832772 ===
    reason: closed
    msg: roadrunner response send failed
    phase: sendfile_body
=NOTICE REPORT==== 1-Jun-2026::01:38:18.832771 ===
    reason: closed
    msg: roadrunner response send failed
    phase: sendfile_body
=NOTICE REPORT==== 1-Jun-2026::01:38:18.832794 ===
    reason: closed
    msg: roadrunner response send failed
    phase: sendfile_body
=NOTICE REPORT==== 1-Jun-2026::01:38:18.832816 ===
    reason: closed
    msg: roadrunner response send failed
    phase: sendfile_body
=NOTICE REPORT==== 1-Jun-2026::01:38:18.833465 ===
    reason: closed
    msg: roadrunner response send failed
    phase: sendfile_body
=NOTICE REPORT==== 1-Jun-2026::01:38:18.833464 ===
    reason: closed
    msg: roadrunner response send failed
    phase: sendfile_body
=NOTICE REPORT==== 1-Jun-2026::01:38:18.833491 ===
    reason: closed
    msg: roadrunner response send failed
    phase: sendfile_body
=NOTICE REPORT==== 1-Jun-2026::01:38:18.833474 ===
    reason: closed
    msg: roadrunner response send failed
    phase: sendfile_body
=NOTICE REPORT==== 1-Jun-2026::01:38:18.834072 ===
    reason: closed
    msg: roadrunner response send failed
    phase: sendfile_body
=NOTICE REPORT==== 1-Jun-2026::01:38:18.834139 ===
    reason: closed
    msg: roadrunner response send failed
    phase: sendfile_body
=NOTICE REPORT==== 1-Jun-2026::01:38:18.834671 ===
    reason: closed
    msg: roadrunner response send failed
    phase: sendfile_body
=NOTICE REPORT==== 1-Jun-2026::01:38:18.834766 ===
    reason: closed
    msg: roadrunner response send failed
    phase: sendfile_body
=NOTICE REPORT==== 1-Jun-2026::01:38:18.834882 ===
    reason: closed
    msg: roadrunner response send failed
    phase: sendfile_body
=NOTICE REPORT==== 1-Jun-2026::01:38:18.836025 ===
    reason: closed
    msg: roadrunner response send failed
    phase: sendfile_body
=NOTICE REPORT==== 1-Jun-2026::01:38:18.836292 ===
    reason: closed
    msg: roadrunner response send failed
    phase: sendfile_body
=NOTICE REPORT==== 1-Jun-2026::01:38:18.836744 ===
    reason: closed
    msg: roadrunner response send failed
    phase: sendfile_body
=NOTICE REPORT==== 1-Jun-2026::01:38:18.836762 ===
    reason: closed
    msg: roadrunner response send failed
    phase: sendfile_body
=NOTICE REPORT==== 1-Jun-2026::01:38:18.836787 ===
    reason: closed
    msg: roadrunner response send failed
    phase: sendfile_body
=NOTICE REPORT==== 1-Jun-2026::01:38:18.836787 ===
    reason: closed
    msg: roadrunner response send failed
    phase: sendfile_body
=NOTICE REPORT==== 1-Jun-2026::01:38:18.837027 ===
    reason: closed
    msg: roadrunner response send failed
    phase: sendfile_body
=NOTICE REPORT==== 1-Jun-2026::01:38:18.837627 ===
    reason: closed
    msg: roadrunner response send failed
    phase: sendfile_body
=NOTICE REPORT==== 1-Jun-2026::01:38:18.838128 ===
    reason: closed
    msg: roadrunner response send failed
    phase: sendfile_body
=NOTICE REPORT==== 1-Jun-2026::01:38:18.838892 ===
    reason: closed
    msg: roadrunner response send failed
    phase: sendfile_body
=NOTICE REPORT==== 1-Jun-2026::01:38:18.839277 ===
    reason: closed
    msg: roadrunner response send failed
    phase: sendfile_body
=NOTICE REPORT==== 1-Jun-2026::01:38:18.839906 ===
    reason: closed
    msg: roadrunner response send failed
    phase: sendfile_body
=NOTICE REPORT==== 1-Jun-2026::01:38:18.840375 ===
    reason: closed
    msg: roadrunner response send failed
    phase: sendfile_body
=NOTICE REPORT==== 1-Jun-2026::01:38:18.841073 ===
    reason: closed
    msg: roadrunner response send failed
    phase: sendfile_body
=NOTICE REPORT==== 1-Jun-2026::01:38:18.841383 ===
    reason: closed
    msg: roadrunner response send failed
    phase: sendfile_body
=NOTICE REPORT==== 1-Jun-2026::01:38:18.841666 ===
    reason: closed
    msg: roadrunner response send failed
    phase: sendfile_body
=NOTICE REPORT==== 1-Jun-2026::01:38:18.841938 ===
    reason: closed
    msg: roadrunner response send failed
    phase: sendfile_body
=NOTICE REPORT==== 1-Jun-2026::01:38:18.842364 ===
    reason: closed
    msg: roadrunner response send failed
    phase: sendfile_body
=NOTICE REPORT==== 1-Jun-2026::01:38:18.842370 ===
    reason: closed
    msg: roadrunner response send failed
    phase: sendfile_body
=NOTICE REPORT==== 1-Jun-2026::01:38:18.842707 ===
    reason: closed
    msg: roadrunner response send failed
    phase: sendfile_body
=NOTICE REPORT==== 1-Jun-2026::01:38:18.842742 ===
    reason: closed
    msg: roadrunner response send failed
    phase: sendfile_body
=NOTICE REPORT==== 1-Jun-2026::01:38:18.843141 ===
    reason: closed
    msg: roadrunner response send failed
    phase: sendfile_body
=NOTICE REPORT==== 1-Jun-2026::01:38:18.843432 ===
    reason: closed
    msg: roadrunner response send failed
    phase: sendfile_body
=NOTICE REPORT==== 1-Jun-2026::01:38:18.843881 ===
    reason: closed
    msg: roadrunner response send failed
    phase: sendfile_body
=NOTICE REPORT==== 1-Jun-2026::01:38:18.844158 ===
    reason: closed
    msg: roadrunner response send failed
    phase: sendfile_body
=NOTICE REPORT==== 1-Jun-2026::01:38:18.844269 ===
    reason: closed
    msg: roadrunner response send failed
    phase: sendfile_body
=NOTICE REPORT==== 1-Jun-2026::01:38:18.844450 ===
    reason: closed
    msg: roadrunner response send failed
    phase: sendfile_body
=NOTICE REPORT==== 1-Jun-2026::01:38:18.844763 ===
    reason: closed
    msg: roadrunner response send failed
    phase: sendfile_body
=NOTICE REPORT==== 1-Jun-2026::01:38:18.844937 ===
    reason: closed
    msg: roadrunner response send failed
    phase: sendfile_body
=NOTICE REPORT==== 1-Jun-2026::01:38:18.845143 ===
    reason: closed
    msg: roadrunner response send failed
    phase: sendfile_body
=NOTICE REPORT==== 1-Jun-2026::01:38:18.845181 ===
    reason: closed
    msg: roadrunner response send failed
    phase: sendfile_body
=NOTICE REPORT==== 1-Jun-2026::01:38:18.845356 ===
    reason: closed
    msg: roadrunner response send failed
    phase: sendfile_body
=NOTICE REPORT==== 1-Jun-2026::01:38:18.845448 ===
    reason: closed
    msg: roadrunner response send failed
    phase: sendfile_body
=NOTICE REPORT==== 1-Jun-2026::01:38:18.845672 ===
    reason: closed
    msg: roadrunner response send failed
    phase: sendfile_body
=NOTICE REPORT==== 1-Jun-2026::01:38:18.846183 ===
    reason: closed
    msg: roadrunner response send failed
    phase: sendfile_body
=NOTICE REPORT==== 1-Jun-2026::01:38:18.846406 ===
    reason: closed
    msg: roadrunner response send failed
    phase: sendfile_body
=NOTICE REPORT==== 1-Jun-2026::01:38:18.846867 ===
    reason: closed
    msg: roadrunner response send failed
    phase: sendfile_body
=NOTICE REPORT==== 1-Jun-2026::01:38:18.846984 ===
    reason: closed
    msg: roadrunner response send failed
    phase: sendfile_body
=NOTICE REPORT==== 1-Jun-2026::01:38:18.847185 ===
    reason: closed
    msg: roadrunner response send failed
    phase: sendfile_body
=NOTICE REPORT==== 1-Jun-2026::01:38:18.847611 ===
    reason: closed
    msg: roadrunner response send failed
    phase: sendfile_body
=NOTICE REPORT==== 1-Jun-2026::01:38:18.847973 ===
    reason: closed
    msg: roadrunner response send failed
    phase: sendfile_body
=NOTICE REPORT==== 1-Jun-2026::01:38:18.848039 ===
    reason: closed
    msg: roadrunner response send failed
    phase: sendfile_body
=NOTICE REPORT==== 1-Jun-2026::01:38:18.848299 ===
    reason: closed
    msg: roadrunner response send failed
    phase: sendfile_body
=NOTICE REPORT==== 1-Jun-2026::01:38:18.848838 ===
    reason: closed
    msg: roadrunner response send failed
    phase: sendfile_body
=NOTICE REPORT==== 1-Jun-2026::01:38:18.849250 ===
    reason: closed
    msg: roadrunner response send failed
    phase: sendfile_body
=NOTICE REPORT==== 1-Jun-2026::01:38:18.850182 ===
    reason: closed
    msg: roadrunner response send failed
    phase: sendfile_body
=NOTICE REPORT==== 1-Jun-2026::01:38:18.850183 ===
    reason: closed
    msg: roadrunner response send failed
    phase: sendfile_body
=NOTICE REPORT==== 1-Jun-2026::01:38:18.850199 ===
    reason: closed
    msg: roadrunner response send failed
    phase: sendfile_body
=NOTICE REPORT==== 1-Jun-2026::01:38:18.850236 ===
    reason: closed
    msg: roadrunner response send failed
    phase: sendfile_body
=NOTICE REPORT==== 1-Jun-2026::01:38:18.850471 ===
    reason: closed
    msg: roadrunner response send failed
    phase: sendfile_body
=NOTICE REPORT==== 1-Jun-2026::01:38:18.850836 ===
    reason: closed
    msg: roadrunner response send failed
    phase: sendfile_body
=NOTICE REPORT==== 1-Jun-2026::01:38:18.850975 ===
    reason: closed
    msg: roadrunner response send failed
    phase: sendfile_body
=NOTICE REPORT==== 1-Jun-2026::01:38:18.851251 ===
    reason: closed
    msg: roadrunner response send failed
    phase: sendfile_body
=NOTICE REPORT==== 1-Jun-2026::01:38:18.851245 ===
    reason: closed
    msg: roadrunner response send failed
    phase: sendfile_body
=NOTICE REPORT==== 1-Jun-2026::01:38:18.852357 ===
    reason: closed
    msg: roadrunner response send failed
    phase: sendfile_body
=NOTICE REPORT==== 1-Jun-2026::01:38:18.852372 ===
    reason: closed
    msg: roadrunner response send failed
    phase: sendfile_body
=NOTICE REPORT==== 1-Jun-2026::01:38:18.852763 ===
    reason: closed
    msg: roadrunner response send failed
    phase: sendfile_body
=NOTICE REPORT==== 1-Jun-2026::01:38:18.852885 ===
    reason: closed
    msg: roadrunner response send failed
    phase: sendfile_body
=NOTICE REPORT==== 1-Jun-2026::01:38:18.854088 ===
    reason: closed
    msg: roadrunner response send failed
    phase: sendfile_body
=NOTICE REPORT==== 1-Jun-2026::01:38:18.854088 ===
    reason: closed
    msg: roadrunner response send failed
    phase: sendfile_body
=NOTICE REPORT==== 1-Jun-2026::01:38:18.854117 ===
    reason: closed
    msg: roadrunner response send failed
    phase: sendfile_body
=NOTICE REPORT==== 1-Jun-2026::01:38:18.854168 ===
    reason: closed
    msg: roadrunner response send failed
    phase: sendfile_body
=NOTICE REPORT==== 1-Jun-2026::01:38:18.854174 ===
    reason: closed
    msg: roadrunner response send failed
    phase: sendfile_body
=NOTICE REPORT==== 1-Jun-2026::01:38:18.854599 ===
    reason: closed
    msg: roadrunner response send failed
    phase: sendfile_body
=NOTICE REPORT==== 1-Jun-2026::01:38:18.854885 ===
    reason: closed
    msg: roadrunner response send failed
    phase: sendfile_body
=NOTICE REPORT==== 1-Jun-2026::01:38:18.855046 ===
    reason: closed
    msg: roadrunner response send failed
    phase: sendfile_body
=NOTICE REPORT==== 1-Jun-2026::01:38:18.855365 ===
    reason: closed
    msg: roadrunner response send failed
    phase: sendfile_body
=NOTICE REPORT==== 1-Jun-2026::01:38:18.855662 ===
    reason: closed
    msg: roadrunner response send failed
    phase: sendfile_body
=NOTICE REPORT==== 1-Jun-2026::01:38:18.855945 ===
    reason: closed
    msg: roadrunner response send failed
    phase: sendfile_body
=NOTICE REPORT==== 1-Jun-2026::01:38:18.856037 ===
    reason: closed
    msg: roadrunner response send failed
    phase: sendfile_body
=NOTICE REPORT==== 1-Jun-2026::01:38:18.856483 ===
    reason: closed
    msg: roadrunner response send failed
    phase: sendfile_body
=NOTICE REPORT==== 1-Jun-2026::01:38:18.856700 ===
    reason: closed
    msg: roadrunner response send failed
    phase: sendfile_body
=NOTICE REPORT==== 1-Jun-2026::01:38:18.856867 ===
    reason: closed
    msg: roadrunner response send failed
    phase: sendfile_body
=NOTICE REPORT==== 1-Jun-2026::01:38:18.857287 ===
    reason: closed
    msg: roadrunner response send failed
    phase: sendfile_body
=NOTICE REPORT==== 1-Jun-2026::01:38:18.857732 ===
    reason: closed
    msg: roadrunner response send failed
    phase: sendfile_body
=NOTICE REPORT==== 1-Jun-2026::01:38:18.858857 ===
    reason: closed
    msg: roadrunner response send failed
    phase: sendfile_body
=NOTICE REPORT==== 1-Jun-2026::01:38:18.858877 ===
    reason: closed
    msg: roadrunner response send failed
    phase: sendfile_body
=NOTICE REPORT==== 1-Jun-2026::01:38:18.858857 ===
    reason: closed
    msg: roadrunner response send failed
    phase: sendfile_body
=NOTICE REPORT==== 1-Jun-2026::01:38:18.858899 ===
    reason: closed
    msg: roadrunner response send failed
    phase: sendfile_body
=NOTICE REPORT==== 1-Jun-2026::01:38:18.859009 ===
    reason: closed
    msg: roadrunner response send failed
    phase: sendfile_body
=NOTICE REPORT==== 1-Jun-2026::01:38:18.859271 ===
    reason: closed
    msg: roadrunner response send failed
    phase: sendfile_body
=NOTICE REPORT==== 1-Jun-2026::01:38:18.860001 ===
    reason: closed
    msg: roadrunner response send failed
    phase: sendfile_body
=NOTICE REPORT==== 1-Jun-2026::01:38:18.860031 ===
    reason: closed
    msg: roadrunner response send failed
    phase: sendfile_body
=NOTICE REPORT==== 1-Jun-2026::01:38:18.860028 ===
    reason: closed
    msg: roadrunner response send failed
    phase: sendfile_body
=NOTICE REPORT==== 1-Jun-2026::01:38:18.860062 ===
    reason: closed
    msg: roadrunner response send failed
    phase: sendfile_body
=NOTICE REPORT==== 1-Jun-2026::01:38:18.860214 ===
    reason: closed
    msg: roadrunner response send failed
    phase: sendfile_body
=NOTICE REPORT==== 1-Jun-2026::01:38:18.860462 ===
    reason: closed
    msg: roadrunner response send failed
    phase: sendfile_body
=NOTICE REPORT==== 1-Jun-2026::01:38:18.860793 ===
    reason: closed
    msg: roadrunner response send failed
    phase: sendfile_body
=NOTICE REPORT==== 1-Jun-2026::01:38:18.861945 ===
    reason: closed
    msg: roadrunner response send failed
    phase: sendfile_body
=NOTICE REPORT==== 1-Jun-2026::01:38:18.861956 ===
    reason: closed
    msg: roadrunner response send failed
    phase: sendfile_body
=NOTICE REPORT==== 1-Jun-2026::01:38:18.861994 ===
    reason: closed
    msg: roadrunner response send failed
    phase: sendfile_body
=NOTICE REPORT==== 1-Jun-2026::01:38:18.862239 ===
    reason: closed
    msg: roadrunner response send failed
    phase: sendfile_body
=NOTICE REPORT==== 1-Jun-2026::01:38:18.863408 ===
    reason: closed
    msg: roadrunner response send failed
    phase: sendfile_body
=NOTICE REPORT==== 1-Jun-2026::01:38:18.863458 ===
    reason: closed
    msg: roadrunner response send failed
    phase: sendfile_body
=NOTICE REPORT==== 1-Jun-2026::01:38:18.863477 ===
    reason: closed
    msg: roadrunner response send failed
    phase: sendfile_body
=NOTICE REPORT==== 1-Jun-2026::01:38:18.863497 ===
    reason: closed
    msg: roadrunner response send failed
    phase: sendfile_body
=NOTICE REPORT==== 1-Jun-2026::01:38:18.863814 ===
    reason: closed
    msg: roadrunner response send failed
    phase: sendfile_body
=NOTICE REPORT==== 1-Jun-2026::01:38:18.863896 ===
    reason: closed
    msg: roadrunner response send failed
    phase: sendfile_body
=NOTICE REPORT==== 1-Jun-2026::01:38:18.864520 ===
    reason: closed
    msg: roadrunner response send failed
    phase: sendfile_body
=NOTICE REPORT==== 1-Jun-2026::01:38:18.864550 ===
    reason: closed
    msg: roadrunner response send failed
    phase: sendfile_body
=NOTICE REPORT==== 1-Jun-2026::01:38:18.864597 ===
    reason: closed
    msg: roadrunner response send failed
    phase: sendfile_body
=NOTICE REPORT==== 1-Jun-2026::01:38:18.864640 ===
    reason: closed
    msg: roadrunner response send failed
    phase: sendfile_body
=NOTICE REPORT==== 1-Jun-2026::01:38:18.864597 ===
    reason: closed
    msg: roadrunner response send failed
    phase: sendfile_body
=NOTICE REPORT==== 1-Jun-2026::01:38:18.864641 ===
    reason: closed
    msg: roadrunner response send failed
    phase: sendfile_body
=NOTICE REPORT==== 1-Jun-2026::01:38:25.156825 ===
    reason: closed
    msg: roadrunner response send failed
    phase: sendfile_body
=NOTICE REPORT==== 1-Jun-2026::01:38:25.160894 ===
    reason: closed
    msg: roadrunner response send failed
    phase: sendfile_body
=NOTICE REPORT==== 1-Jun-2026::01:38:25.164029 ===
    reason: closed
    msg: roadrunner response send failed
    phase: sendfile_body
=NOTICE REPORT==== 1-Jun-2026::01:38:25.169554 ===
    reason: closed
    msg: roadrunner response send failed
    phase: sendfile_body
=NOTICE REPORT==== 1-Jun-2026::01:38:25.177717 ===
    reason: closed
    msg: roadrunner response send failed
    phase: sendfile_body
=NOTICE REPORT==== 1-Jun-2026::01:38:25.178319 ===
    reason: closed
    msg: roadrunner response send failed
    phase: sendfile_body
=NOTICE REPORT==== 1-Jun-2026::01:38:25.178401 ===
    reason: closed
    msg: roadrunner response send failed
    phase: sendfile_body
=NOTICE REPORT==== 1-Jun-2026::01:38:25.186722 ===
    reason: closed
    msg: roadrunner response send failed
    phase: sendfile_body
=NOTICE REPORT==== 1-Jun-2026::01:38:25.186768 ===
    reason: closed
    msg: roadrunner response send failed
    phase: sendfile_body
=NOTICE REPORT==== 1-Jun-2026::01:38:25.186780 ===
    reason: closed
    msg: roadrunner response send failed
    phase: sendfile_body
=NOTICE REPORT==== 1-Jun-2026::01:38:25.189610 ===
    reason: closed
    msg: roadrunner response send failed
    phase: sendfile_body
=NOTICE REPORT==== 1-Jun-2026::01:38:25.190865 ===
    reason: closed
    msg: roadrunner response send failed
    phase: sendfile_body
=NOTICE REPORT==== 1-Jun-2026::01:38:25.196510 ===
    reason: closed
    msg: roadrunner response send failed
    phase: sendfile_body
=NOTICE REPORT==== 1-Jun-2026::01:38:25.197963 ===
    reason: closed
    msg: roadrunner response send failed
    phase: sendfile_body
=NOTICE REPORT==== 1-Jun-2026::01:38:25.199309 ===
    reason: closed
    msg: roadrunner response send failed
    phase: sendfile_body
=NOTICE REPORT==== 1-Jun-2026::01:38:25.208073 ===
    reason: closed
    msg: roadrunner response send failed
    phase: sendfile_body
=NOTICE REPORT==== 1-Jun-2026::01:38:25.208105 ===
    reason: closed
    msg: roadrunner response send failed
    phase: sendfile_body
=NOTICE REPORT==== 1-Jun-2026::01:38:25.209383 ===
    reason: closed
    msg: roadrunner response send failed
    phase: sendfile_body
=NOTICE REPORT==== 1-Jun-2026::01:38:25.209441 ===
    reason: closed
    msg: roadrunner response send failed
    phase: sendfile_body
=NOTICE REPORT==== 1-Jun-2026::01:38:25.210350 ===
    reason: closed
    msg: roadrunner response send failed
    phase: sendfile_body
=NOTICE REPORT==== 1-Jun-2026::01:38:25.214007 ===
    reason: closed
    msg: roadrunner response send failed
    phase: sendfile_body
=NOTICE REPORT==== 1-Jun-2026::01:38:25.215889 ===
    reason: closed
    msg: roadrunner response send failed
    phase: sendfile_body
=NOTICE REPORT==== 1-Jun-2026::01:38:25.217520 ===
    reason: closed
    msg: roadrunner response send failed
    phase: sendfile_body
=NOTICE REPORT==== 1-Jun-2026::01:38:25.218538 ===
    reason: closed
    msg: roadrunner response send failed
    phase: sendfile_body
=NOTICE REPORT==== 1-Jun-2026::01:38:25.219769 ===
    reason: closed
    msg: roadrunner response send failed
    phase: sendfile_body
=NOTICE REPORT==== 1-Jun-2026::01:38:25.219986 ===
    reason: closed
    msg: roadrunner response send failed
    phase: sendfile_body
=NOTICE REPORT==== 1-Jun-2026::01:38:25.222418 ===
    reason: closed
    msg: roadrunner response send failed
    phase: sendfile_body
=NOTICE REPORT==== 1-Jun-2026::01:38:25.229305 ===
    reason: closed
    msg: roadrunner response send failed
    phase: sendfile_body
=NOTICE REPORT==== 1-Jun-2026::01:38:25.230153 ===
    reason: closed
    msg: roadrunner response send failed
    phase: sendfile_body
=NOTICE REPORT==== 1-Jun-2026::01:38:25.240967 ===
    reason: closed
    msg: roadrunner response send failed
    phase: sendfile_body
=NOTICE REPORT==== 1-Jun-2026::01:38:25.241034 ===
    reason: closed
    msg: roadrunner response send failed
    phase: sendfile_body
=NOTICE REPORT==== 1-Jun-2026::01:38:25.243577 ===
    reason: closed
    msg: roadrunner response send failed
    phase: sendfile_body
=NOTICE REPORT==== 1-Jun-2026::01:38:25.245020 ===
    reason: closed
    msg: roadrunner response send failed
    phase: sendfile_body
=NOTICE REPORT==== 1-Jun-2026::01:38:25.245031 ===
    reason: closed
    msg: roadrunner response send failed
    phase: sendfile_body
=NOTICE REPORT==== 1-Jun-2026::01:38:25.247314 ===
    reason: closed
    msg: roadrunner response send failed
    phase: sendfile_body
=NOTICE REPORT==== 1-Jun-2026::01:38:25.254434 ===
    reason: closed
    msg: roadrunner response send failed
    phase: sendfile_body
=NOTICE REPORT==== 1-Jun-2026::01:38:25.263460 ===
    reason: closed
    msg: roadrunner response send failed
    phase: sendfile_body
=NOTICE REPORT==== 1-Jun-2026::01:38:25.266933 ===
    reason: closed
    msg: roadrunner response send failed
    phase: sendfile_body
=NOTICE REPORT==== 1-Jun-2026::01:38:25.267583 ===
    reason: closed
    msg: roadrunner response send failed
    phase: sendfile_body
=NOTICE REPORT==== 1-Jun-2026::01:38:25.267595 ===
    reason: closed
    msg: roadrunner response send failed
    phase: sendfile_body
=NOTICE REPORT==== 1-Jun-2026::01:38:25.269985 ===
    reason: closed
    msg: roadrunner response send failed
    phase: sendfile_body
=NOTICE REPORT==== 1-Jun-2026::01:38:25.271246 ===
    reason: closed
    msg: roadrunner response send failed
    phase: sendfile_body
=NOTICE REPORT==== 1-Jun-2026::01:38:25.272476 ===
    reason: closed
    msg: roadrunner response send failed
    phase: sendfile_body
=NOTICE REPORT==== 1-Jun-2026::01:38:25.274280 ===
    reason: closed
    msg: roadrunner response send failed
    phase: sendfile_body
=NOTICE REPORT==== 1-Jun-2026::01:38:25.275529 ===
    reason: closed
    msg: roadrunner response send failed
    phase: sendfile_body
=NOTICE REPORT==== 1-Jun-2026::01:38:25.281189 ===
    reason: closed
    msg: roadrunner response send failed
    phase: sendfile_body
=NOTICE REPORT==== 1-Jun-2026::01:38:25.282186 ===
    reason: closed
    msg: roadrunner response send failed
    phase: sendfile_body
=NOTICE REPORT==== 1-Jun-2026::01:38:25.283501 ===
    reason: closed
    msg: roadrunner response send failed
    phase: sendfile_body
=NOTICE REPORT==== 1-Jun-2026::01:38:25.284796 ===
    reason: closed
    msg: roadrunner response send failed
    phase: sendfile_body
=NOTICE REPORT==== 1-Jun-2026::01:38:25.284786 ===
    reason: closed
    msg: roadrunner response send failed
    phase: sendfile_body
=NOTICE REPORT==== 1-Jun-2026::01:38:25.286102 ===
    reason: closed
    msg: roadrunner response send failed
    phase: sendfile_body
=NOTICE REPORT==== 1-Jun-2026::01:38:25.288434 ===
    reason: closed
    msg: roadrunner response send failed
    phase: sendfile_body
=NOTICE REPORT==== 1-Jun-2026::01:38:25.288440 ===
    reason: closed
    msg: roadrunner response send failed
    phase: sendfile_body
=NOTICE REPORT==== 1-Jun-2026::01:38:25.289655 ===
    reason: closed
    msg: roadrunner response send failed
    phase: sendfile_body
=NOTICE REPORT==== 1-Jun-2026::01:38:25.291300 ===
    reason: closed
    msg: roadrunner response send failed
    phase: sendfile_body
=NOTICE REPORT==== 1-Jun-2026::01:38:25.302238 ===
    reason: closed
    msg: roadrunner response send failed
    phase: sendfile_body
=NOTICE REPORT==== 1-Jun-2026::01:38:25.305678 ===
    reason: closed
    msg: roadrunner response send failed
    phase: sendfile_body
=NOTICE REPORT==== 1-Jun-2026::01:38:25.312329 ===
    reason: closed
    msg: roadrunner response send failed
    phase: sendfile_body
=NOTICE REPORT==== 1-Jun-2026::01:38:25.318963 ===
    reason: closed
    msg: roadrunner response send failed
    phase: sendfile_body
=NOTICE REPORT==== 1-Jun-2026::01:38:25.320269 ===
    reason: closed
    msg: roadrunner response send failed
    phase: sendfile_body
=NOTICE REPORT==== 1-Jun-2026::01:38:25.320377 ===
    reason: closed
    msg: roadrunner response send failed
    phase: sendfile_body
=NOTICE REPORT==== 1-Jun-2026::01:38:25.321805 ===
    reason: closed
    msg: roadrunner response send failed
    phase: sendfile_body
=NOTICE REPORT==== 1-Jun-2026::01:38:25.321829 ===
    reason: closed
    msg: roadrunner response send failed
    phase: sendfile_body
=NOTICE REPORT==== 1-Jun-2026::01:38:25.324215 ===
    reason: closed
    msg: roadrunner response send failed
    phase: sendfile_body
=NOTICE REPORT==== 1-Jun-2026::01:38:25.326334 ===
    reason: closed
    msg: roadrunner response send failed
    phase: sendfile_body
=NOTICE REPORT==== 1-Jun-2026::01:38:25.326352 ===
    reason: closed
    msg: roadrunner response send failed
    phase: sendfile_body
=NOTICE REPORT==== 1-Jun-2026::01:38:25.327749 ===
    reason: closed
    msg: roadrunner response send failed
    phase: sendfile_body
=NOTICE REPORT==== 1-Jun-2026::01:38:25.327756 ===
    reason: closed
    msg: roadrunner response send failed
    phase: sendfile_body
=NOTICE REPORT==== 1-Jun-2026::01:38:25.329863 ===
    reason: closed
    msg: roadrunner response send failed
    phase: sendfile_body
=NOTICE REPORT==== 1-Jun-2026::01:38:25.331726 ===
    reason: closed
    msg: roadrunner response send failed
    phase: sendfile_body
=NOTICE REPORT==== 1-Jun-2026::01:38:25.336609 ===
    reason: closed
    msg: roadrunner response send failed
    phase: sendfile_body
=NOTICE REPORT==== 1-Jun-2026::01:38:25.338293 ===
    reason: closed
    msg: roadrunner response send failed
    phase: sendfile_body
=NOTICE REPORT==== 1-Jun-2026::01:38:25.346535 ===
    reason: closed
    msg: roadrunner response send failed
    phase: sendfile_body
=NOTICE REPORT==== 1-Jun-2026::01:38:25.346535 ===
    reason: closed
    msg: roadrunner response send failed
    phase: sendfile_body
=NOTICE REPORT==== 1-Jun-2026::01:38:25.348249 ===
    reason: closed
    msg: roadrunner response send failed
    phase: sendfile_body
=NOTICE REPORT==== 1-Jun-2026::01:38:25.349436 ===
    reason: closed
    msg: roadrunner response send failed
    phase: sendfile_body
=NOTICE REPORT==== 1-Jun-2026::01:38:25.350746 ===
    reason: closed
    msg: roadrunner response send failed
    phase: sendfile_body
=NOTICE REPORT==== 1-Jun-2026::01:38:25.352366 ===
    reason: closed
    msg: roadrunner response send failed
    phase: sendfile_body
=NOTICE REPORT==== 1-Jun-2026::01:38:25.354590 ===
    reason: closed
    msg: roadrunner response send failed
    phase: sendfile_body
=NOTICE REPORT==== 1-Jun-2026::01:38:25.358855 ===
    reason: closed
    msg: roadrunner response send failed
    phase: sendfile_body
=NOTICE REPORT==== 1-Jun-2026::01:38:25.359875 ===
    reason: closed
    msg: roadrunner response send failed
    phase: sendfile_body
=NOTICE REPORT==== 1-Jun-2026::01:38:25.360458 ===
    reason: closed
    msg: roadrunner response send failed
    phase: sendfile_body
=NOTICE REPORT==== 1-Jun-2026::01:38:25.361135 ===
    reason: closed
    msg: roadrunner response send failed
    phase: sendfile_body
=NOTICE REPORT==== 1-Jun-2026::01:38:25.361175 ===
    reason: closed
    msg: roadrunner response send failed
    phase: sendfile_body
=NOTICE REPORT==== 1-Jun-2026::01:38:25.362965 ===
    reason: closed
    msg: roadrunner response send failed
    phase: sendfile_body
=NOTICE REPORT==== 1-Jun-2026::01:38:25.363499 ===
    reason: closed
    msg: roadrunner response send failed
    phase: sendfile_body
=NOTICE REPORT==== 1-Jun-2026::01:38:25.363578 ===
    reason: closed
    msg: roadrunner response send failed
    phase: sendfile_body
=NOTICE REPORT==== 1-Jun-2026::01:38:25.365870 ===
    reason: closed
    msg: roadrunner response send failed
    phase: sendfile_body
=NOTICE REPORT==== 1-Jun-2026::01:38:25.366468 ===
    reason: closed
    msg: roadrunner response send failed
    phase: sendfile_body
=NOTICE REPORT==== 1-Jun-2026::01:38:25.367749 ===
    reason: closed
    msg: roadrunner response send failed
    phase: sendfile_body
=NOTICE REPORT==== 1-Jun-2026::01:38:25.370483 ===
    reason: closed
    msg: roadrunner response send failed
    phase: sendfile_body
=NOTICE REPORT==== 1-Jun-2026::01:38:25.371680 ===
    reason: closed
    msg: roadrunner response send failed
    phase: sendfile_body
=NOTICE REPORT==== 1-Jun-2026::01:38:25.371762 ===
    reason: closed
    msg: roadrunner response send failed
    phase: sendfile_body
=NOTICE REPORT==== 1-Jun-2026::01:38:25.374857 ===
    reason: closed
    msg: roadrunner response send failed
    phase: sendfile_body
=NOTICE REPORT==== 1-Jun-2026::01:38:25.378900 ===
    reason: closed
    msg: roadrunner response send failed
    phase: sendfile_body
=NOTICE REPORT==== 1-Jun-2026::01:38:25.380082 ===
    reason: closed
    msg: roadrunner response send failed
    phase: sendfile_body
=NOTICE REPORT==== 1-Jun-2026::01:38:25.381295 ===
    reason: closed
    msg: roadrunner response send failed
    phase: sendfile_body
=NOTICE REPORT==== 1-Jun-2026::01:38:25.385171 ===
    reason: closed
    msg: roadrunner response send failed
    phase: sendfile_body
=NOTICE REPORT==== 1-Jun-2026::01:38:25.386486 ===
    reason: closed
    msg: roadrunner response send failed
    phase: sendfile_body
=NOTICE REPORT==== 1-Jun-2026::01:38:25.387483 ===
    reason: closed
    msg: roadrunner response send failed
    phase: sendfile_body
=NOTICE REPORT==== 1-Jun-2026::01:38:25.388953 ===
    reason: closed
    msg: roadrunner response send failed
    phase: sendfile_body
=NOTICE REPORT==== 1-Jun-2026::01:38:25.390325 ===
    reason: closed
    msg: roadrunner response send failed
    phase: sendfile_body
=NOTICE REPORT==== 1-Jun-2026::01:38:25.403005 ===
    reason: closed
    msg: roadrunner response send failed
    phase: sendfile_body
=NOTICE REPORT==== 1-Jun-2026::01:38:25.403085 ===
    reason: closed
    msg: roadrunner response send failed
    phase: sendfile_body
=NOTICE REPORT==== 1-Jun-2026::01:38:25.407952 ===
    reason: closed
    msg: roadrunner response send failed
    phase: sendfile_body
=NOTICE REPORT==== 1-Jun-2026::01:38:25.408559 ===
    reason: closed
    msg: roadrunner response send failed
    phase: sendfile_body
=NOTICE REPORT==== 1-Jun-2026::01:38:25.411325 ===
    reason: closed
    msg: roadrunner response send failed
    phase: sendfile_body
=NOTICE REPORT==== 1-Jun-2026::01:38:25.412404 ===
    reason: closed
    msg: roadrunner response send failed
    phase: sendfile_body
=NOTICE REPORT==== 1-Jun-2026::01:38:25.413577 ===
    reason: closed
    msg: roadrunner response send failed
    phase: sendfile_body
=NOTICE REPORT==== 1-Jun-2026::01:38:25.414897 ===
    reason: closed
    msg: roadrunner response send failed
    phase: sendfile_body
=NOTICE REPORT==== 1-Jun-2026::01:38:25.416044 ===
    reason: closed
    msg: roadrunner response send failed
    phase: sendfile_body
=NOTICE REPORT==== 1-Jun-2026::01:38:25.418468 ===
    reason: closed
    msg: roadrunner response send failed
    phase: sendfile_body
=NOTICE REPORT==== 1-Jun-2026::01:38:25.418471 ===
    reason: closed
    msg: roadrunner response send failed
    phase: sendfile_body
=NOTICE REPORT==== 1-Jun-2026::01:38:25.419868 ===
    reason: closed
    msg: roadrunner response send failed
    phase: sendfile_body
=NOTICE REPORT==== 1-Jun-2026::01:38:25.422390 ===
    reason: closed
    msg: roadrunner response send failed
    phase: sendfile_body
=NOTICE REPORT==== 1-Jun-2026::01:38:25.422499 ===
    reason: closed
    msg: roadrunner response send failed
    phase: sendfile_body
=NOTICE REPORT==== 1-Jun-2026::01:38:25.423640 ===
    reason: closed
    msg: roadrunner response send failed
    phase: sendfile_body
=NOTICE REPORT==== 1-Jun-2026::01:38:25.423790 ===
    reason: closed
    msg: roadrunner response send failed
    phase: sendfile_body
=NOTICE REPORT==== 1-Jun-2026::01:38:25.427165 ===
    reason: closed
    msg: roadrunner response send failed
    phase: sendfile_body
=NOTICE REPORT==== 1-Jun-2026::01:38:25.429051 ===
    reason: closed
    msg: roadrunner response send failed
    phase: sendfile_body
=NOTICE REPORT==== 1-Jun-2026::01:38:25.431074 ===
    reason: closed
    msg: roadrunner response send failed
    phase: sendfile_body
=NOTICE REPORT==== 1-Jun-2026::01:38:25.431186 ===
    reason: closed
    msg: roadrunner response send failed
    phase: sendfile_body
=NOTICE REPORT==== 1-Jun-2026::01:38:25.431293 ===
    reason: closed
    msg: roadrunner response send failed
    phase: sendfile_body
=NOTICE REPORT==== 1-Jun-2026::01:38:25.432923 ===
    reason: closed
    msg: roadrunner response send failed
    phase: sendfile_body
=NOTICE REPORT==== 1-Jun-2026::01:38:25.435249 ===
    reason: closed
    msg: roadrunner response send failed
    phase: sendfile_body
=NOTICE REPORT==== 1-Jun-2026::01:38:25.436721 ===
    reason: closed
    msg: roadrunner response send failed
    phase: sendfile_body
=NOTICE REPORT==== 1-Jun-2026::01:38:25.436952 ===
    reason: closed
    msg: roadrunner response send failed
    phase: sendfile_body
=NOTICE REPORT==== 1-Jun-2026::01:38:25.440735 ===
    reason: closed
    msg: roadrunner response send failed
    phase: sendfile_body
=NOTICE REPORT==== 1-Jun-2026::01:38:25.440276 ===
    reason: closed
    msg: roadrunner response send failed
    phase: sendfile_body
=NOTICE REPORT==== 1-Jun-2026::01:38:25.441928 ===
    reason: closed
    msg: roadrunner response send failed
    phase: sendfile_body
=NOTICE REPORT==== 1-Jun-2026::01:38:25.443236 ===
    reason: closed
    msg: roadrunner response send failed
    phase: sendfile_body
=NOTICE REPORT==== 1-Jun-2026::01:38:25.443250 ===
    reason: closed
    msg: roadrunner response send failed
    phase: sendfile_body
=NOTICE REPORT==== 1-Jun-2026::01:38:25.444378 ===
    reason: closed
    msg: roadrunner response send failed
    phase: sendfile_body
=NOTICE REPORT==== 1-Jun-2026::01:38:25.444404 ===
    reason: closed
    msg: roadrunner response send failed
    phase: sendfile_body
=NOTICE REPORT==== 1-Jun-2026::01:38:25.444409 ===
    reason: closed
    msg: roadrunner response send failed
    phase: sendfile_body
=NOTICE REPORT==== 1-Jun-2026::01:38:25.446218 ===
    reason: closed
    msg: roadrunner response send failed
    phase: sendfile_body
=NOTICE REPORT==== 1-Jun-2026::01:38:25.446355 ===
    reason: closed
    msg: roadrunner response send failed
    phase: sendfile_body
=NOTICE REPORT==== 1-Jun-2026::01:38:25.447352 ===
    reason: closed
    msg: roadrunner response send failed
    phase: sendfile_body
=NOTICE REPORT==== 1-Jun-2026::01:38:25.447362 ===
    reason: closed
    msg: roadrunner response send failed
    phase: sendfile_body
=NOTICE REPORT==== 1-Jun-2026::01:38:25.447423 ===
    reason: closed
    msg: roadrunner response send failed
    phase: sendfile_body
=NOTICE REPORT==== 1-Jun-2026::01:38:25.452058 ===
    reason: closed
    msg: roadrunner response send failed
    phase: sendfile_body
=NOTICE REPORT==== 1-Jun-2026::01:38:25.453286 ===
    reason: closed
    msg: roadrunner response send failed
    phase: sendfile_body
=NOTICE REPORT==== 1-Jun-2026::01:38:25.454935 ===
    reason: closed
    msg: roadrunner response send failed
    phase: sendfile_body
=NOTICE REPORT==== 1-Jun-2026::01:38:25.456273 ===
    reason: closed
    msg: roadrunner response send failed
    phase: sendfile_body
=NOTICE REPORT==== 1-Jun-2026::01:38:25.458165 ===
    reason: closed
    msg: roadrunner response send failed
    phase: sendfile_body
=NOTICE REPORT==== 1-Jun-2026::01:38:25.458192 ===
    reason: closed
    msg: roadrunner response send failed
    phase: sendfile_body
=NOTICE REPORT==== 1-Jun-2026::01:38:25.458267 ===
    reason: closed
    msg: roadrunner response send failed
    phase: sendfile_body
=NOTICE REPORT==== 1-Jun-2026::01:38:25.459516 ===
    reason: closed
    msg: roadrunner response send failed
    phase: sendfile_body
=NOTICE REPORT==== 1-Jun-2026::01:38:25.460639 ===
    reason: closed
    msg: roadrunner response send failed
    phase: sendfile_body
=NOTICE REPORT==== 1-Jun-2026::01:38:25.461828 ===
    reason: closed
    msg: roadrunner response send failed
    phase: sendfile_body
=NOTICE REPORT==== 1-Jun-2026::01:38:25.466292 ===
    reason: closed
    msg: roadrunner response send failed
    phase: sendfile_body
=NOTICE REPORT==== 1-Jun-2026::01:38:25.469492 ===
    reason: closed
    msg: roadrunner response send failed
    phase: sendfile_body
=NOTICE REPORT==== 1-Jun-2026::01:38:25.469736 ===
    reason: closed
    msg: roadrunner response send failed
    phase: sendfile_body
=NOTICE REPORT==== 1-Jun-2026::01:38:25.470779 ===
    reason: closed
    msg: roadrunner response send failed
    phase: sendfile_body
=NOTICE REPORT==== 1-Jun-2026::01:38:25.472226 ===
    reason: closed
    msg: roadrunner response send failed
    phase: sendfile_body
=NOTICE REPORT==== 1-Jun-2026::01:38:25.475524 ===
    reason: closed
    msg: roadrunner response send failed
    phase: sendfile_body
=NOTICE REPORT==== 1-Jun-2026::01:38:25.476484 ===
    reason: closed
    msg: roadrunner response send failed
    phase: sendfile_body
=NOTICE REPORT==== 1-Jun-2026::01:38:25.479503 ===
    reason: closed
    msg: roadrunner response send failed
    phase: sendfile_body
=NOTICE REPORT==== 1-Jun-2026::01:38:25.479540 ===
    reason: closed
    msg: roadrunner response send failed
    phase: sendfile_body
=NOTICE REPORT==== 1-Jun-2026::01:38:25.480941 ===
    reason: closed
    msg: roadrunner response send failed
    phase: sendfile_body
=NOTICE REPORT==== 1-Jun-2026::01:38:25.482642 ===
    reason: closed
    msg: roadrunner response send failed
    phase: sendfile_body
=NOTICE REPORT==== 1-Jun-2026::01:38:25.483398 ===
    reason: closed
    msg: roadrunner response send failed
    phase: sendfile_body
=NOTICE REPORT==== 1-Jun-2026::01:38:25.484200 ===
    reason: closed
    msg: roadrunner response send failed
    phase: sendfile_body
=NOTICE REPORT==== 1-Jun-2026::01:38:25.485403 ===
    reason: closed
    msg: roadrunner response send failed
    phase: sendfile_body
=NOTICE REPORT==== 1-Jun-2026::01:38:25.488772 ===
    reason: closed
    msg: roadrunner response send failed
    phase: sendfile_body
=NOTICE REPORT==== 1-Jun-2026::01:38:25.490608 ===
    reason: closed
    msg: roadrunner response send failed
    phase: sendfile_body
=NOTICE REPORT==== 1-Jun-2026::01:38:25.491751 ===
    reason: closed
    msg: roadrunner response send failed
    phase: sendfile_body
=NOTICE REPORT==== 1-Jun-2026::01:38:25.495041 ===
    reason: closed
    msg: roadrunner response send failed
    phase: sendfile_body
=NOTICE REPORT==== 1-Jun-2026::01:38:25.498046 ===
    reason: closed
    msg: roadrunner response send failed
    phase: sendfile_body
=NOTICE REPORT==== 1-Jun-2026::01:38:25.498738 ===
    reason: closed
    msg: roadrunner response send failed
    phase: sendfile_body
=NOTICE REPORT==== 1-Jun-2026::01:38:25.499782 ===
    reason: closed
    msg: roadrunner response send failed
    phase: sendfile_body
=NOTICE REPORT==== 1-Jun-2026::01:38:25.501070 ===
    reason: closed
    msg: roadrunner response send failed
    phase: sendfile_body
=NOTICE REPORT==== 1-Jun-2026::01:38:25.502187 ===
    reason: closed
    msg: roadrunner response send failed
    phase: sendfile_body
=NOTICE REPORT==== 1-Jun-2026::01:38:25.503156 ===
    reason: closed
    msg: roadrunner response send failed
    phase: sendfile_body
=NOTICE REPORT==== 1-Jun-2026::01:38:25.504261 ===
    reason: closed
    msg: roadrunner response send failed
    phase: sendfile_body
=NOTICE REPORT==== 1-Jun-2026::01:38:25.505570 ===
    reason: closed
    msg: roadrunner response send failed
    phase: sendfile_body
=NOTICE REPORT==== 1-Jun-2026::01:38:25.507869 ===
    reason: closed
    msg: roadrunner response send failed
    phase: sendfile_body
=NOTICE REPORT==== 1-Jun-2026::01:38:25.508583 ===
    reason: closed
    msg: roadrunner response send failed
    phase: sendfile_body
=NOTICE REPORT==== 1-Jun-2026::01:38:25.514286 ===
    reason: closed
    msg: roadrunner response send failed
    phase: sendfile_body
=NOTICE REPORT==== 1-Jun-2026::01:38:25.515453 ===
    reason: closed
    msg: roadrunner response send failed
    phase: sendfile_body
=NOTICE REPORT==== 1-Jun-2026::01:38:25.518686 ===
    reason: closed
    msg: roadrunner response send failed
    phase: sendfile_body
=NOTICE REPORT==== 1-Jun-2026::01:38:25.519718 ===
    reason: closed
    msg: roadrunner response send failed
    phase: sendfile_body
=NOTICE REPORT==== 1-Jun-2026::01:38:25.520610 ===
    reason: closed
    msg: roadrunner response send failed
    phase: sendfile_body
=NOTICE REPORT==== 1-Jun-2026::01:38:25.520753 ===
    reason: closed
    msg: roadrunner response send failed
    phase: sendfile_body
=NOTICE REPORT==== 1-Jun-2026::01:38:25.525676 ===
    reason: closed
    msg: roadrunner response send failed
    phase: sendfile_body
=NOTICE REPORT==== 1-Jun-2026::01:38:25.527914 ===
    reason: closed
    msg: roadrunner response send failed
    phase: sendfile_body
=NOTICE REPORT==== 1-Jun-2026::01:38:25.529076 ===
    reason: closed
    msg: roadrunner response send failed
    phase: sendfile_body
=NOTICE REPORT==== 1-Jun-2026::01:38:25.530238 ===
    reason: closed
    msg: roadrunner response send failed
    phase: sendfile_body
=NOTICE REPORT==== 1-Jun-2026::01:38:25.531291 ===
    reason: closed
    msg: roadrunner response send failed
    phase: sendfile_body
=NOTICE REPORT==== 1-Jun-2026::01:38:25.534248 ===
    reason: closed
    msg: roadrunner response send failed
    phase: sendfile_body
=NOTICE REPORT==== 1-Jun-2026::01:38:25.535090 ===
    reason: closed
    msg: roadrunner response send failed
    phase: sendfile_body
=NOTICE REPORT==== 1-Jun-2026::01:38:25.535475 ===
    reason: closed
    msg: roadrunner response send failed
    phase: sendfile_body
=NOTICE REPORT==== 1-Jun-2026::01:38:25.536519 ===
    reason: closed
    msg: roadrunner response send failed
    phase: sendfile_body
=NOTICE REPORT==== 1-Jun-2026::01:38:25.537126 ===
    reason: closed
    msg: roadrunner response send failed
    phase: sendfile_body
=NOTICE REPORT==== 1-Jun-2026::01:38:25.539319 ===
    reason: closed
    msg: roadrunner response send failed
    phase: sendfile_body
=NOTICE REPORT==== 1-Jun-2026::01:38:25.541659 ===
    reason: closed
    msg: roadrunner response send failed
    phase: sendfile_body
=NOTICE REPORT==== 1-Jun-2026::01:38:25.543805 ===
    reason: closed
    msg: roadrunner response send failed
    phase: sendfile_body
=NOTICE REPORT==== 1-Jun-2026::01:38:25.546261 ===
    reason: closed
    msg: roadrunner response send failed
    phase: sendfile_body
=NOTICE REPORT==== 1-Jun-2026::01:38:25.550719 ===
    reason: closed
    msg: roadrunner response send failed
    phase: sendfile_body
=NOTICE REPORT==== 1-Jun-2026::01:38:25.550807 ===
    reason: closed
    msg: roadrunner response send failed
    phase: sendfile_body
=NOTICE REPORT==== 1-Jun-2026::01:38:25.550822 ===
    reason: closed
    msg: roadrunner response send failed
    phase: sendfile_body
=NOTICE REPORT==== 1-Jun-2026::01:38:25.552032 ===
    reason: closed
    msg: roadrunner response send failed
    phase: sendfile_body
=NOTICE REPORT==== 1-Jun-2026::01:38:25.553265 ===
    reason: closed
    msg: roadrunner response send failed
    phase: sendfile_body
=NOTICE REPORT==== 1-Jun-2026::01:38:25.554270 ===
    reason: closed
    msg: roadrunner response send failed
    phase: sendfile_body
=NOTICE REPORT==== 1-Jun-2026::01:38:25.557729 ===
    reason: closed
    msg: roadrunner response send failed
    phase: sendfile_body
=NOTICE REPORT==== 1-Jun-2026::01:38:25.558817 ===
    reason: closed
    msg: roadrunner response send failed
    phase: sendfile_body
=NOTICE REPORT==== 1-Jun-2026::01:38:25.559929 ===
    reason: closed
    msg: roadrunner response send failed
    phase: sendfile_body
=NOTICE REPORT==== 1-Jun-2026::01:38:25.561511 ===
    reason: closed
    msg: roadrunner response send failed
    phase: sendfile_body
=NOTICE REPORT==== 1-Jun-2026::01:38:25.567062 ===
    reason: closed
    msg: roadrunner response send failed
    phase: sendfile_body
=NOTICE REPORT==== 1-Jun-2026::01:38:25.570214 ===
    reason: closed
    msg: roadrunner response send failed
    phase: sendfile_body
=NOTICE REPORT==== 1-Jun-2026::01:38:25.571230 ===
    reason: closed
    msg: roadrunner response send failed
    phase: sendfile_body
=NOTICE REPORT==== 1-Jun-2026::01:38:25.572256 ===
    reason: closed
    msg: roadrunner response send failed
    phase: sendfile_body
=NOTICE REPORT==== 1-Jun-2026::01:38:25.573339 ===
    reason: closed
    msg: roadrunner response send failed
    phase: sendfile_body
=NOTICE REPORT==== 1-Jun-2026::01:38:25.574302 ===
    reason: closed
    msg: roadrunner response send failed
    phase: sendfile_body
=NOTICE REPORT==== 1-Jun-2026::01:38:25.574470 ===
    reason: closed
    msg: roadrunner response send failed
    phase: sendfile_body
=NOTICE REPORT==== 1-Jun-2026::01:38:25.575580 ===
    reason: closed
    msg: roadrunner response send failed
    phase: sendfile_body
=NOTICE REPORT==== 1-Jun-2026::01:38:25.579159 ===
    reason: closed
    msg: roadrunner response send failed
    phase: sendfile_body
=NOTICE REPORT==== 1-Jun-2026::01:38:25.580173 ===
    reason: closed
    msg: roadrunner response send failed
    phase: sendfile_body
=NOTICE REPORT==== 1-Jun-2026::01:38:25.580830 ===
    reason: closed
    msg: roadrunner response send failed
    phase: sendfile_body
=NOTICE REPORT==== 1-Jun-2026::01:38:25.581288 ===
    reason: closed
    msg: roadrunner response send failed
    phase: sendfile_body
=NOTICE REPORT==== 1-Jun-2026::01:38:25.584223 ===
    reason: closed
    msg: roadrunner response send failed
    phase: sendfile_body
=NOTICE REPORT==== 1-Jun-2026::01:38:25.594090 ===
    reason: closed
    msg: roadrunner response send failed
    phase: sendfile_body
=NOTICE REPORT==== 1-Jun-2026::01:38:25.599066 ===
    reason: closed
    msg: roadrunner response send failed
    phase: sendfile_body
=NOTICE REPORT==== 1-Jun-2026::01:38:25.600023 ===
    reason: closed
    msg: roadrunner response send failed
    phase: sendfile_body
=NOTICE REPORT==== 1-Jun-2026::01:38:25.600096 ===
    reason: closed
    msg: roadrunner response send failed
    phase: sendfile_body
=NOTICE REPORT==== 1-Jun-2026::01:38:25.603005 ===
    reason: closed
    msg: roadrunner response send failed
    phase: sendfile_body
=NOTICE REPORT==== 1-Jun-2026::01:38:25.604022 ===
    reason: closed
    msg: roadrunner response send failed
    phase: sendfile_body
=NOTICE REPORT==== 1-Jun-2026::01:38:25.605464 ===
    reason: closed
    msg: roadrunner response send failed
    phase: sendfile_body
=NOTICE REPORT==== 1-Jun-2026::01:38:25.606111 ===
    reason: closed
    msg: roadrunner response send failed
    phase: sendfile_body
=NOTICE REPORT==== 1-Jun-2026::01:38:25.617919 ===
    reason: closed
    msg: roadrunner response send failed
    phase: sendfile_body
=NOTICE REPORT==== 1-Jun-2026::01:38:25.619915 ===
    reason: closed
    msg: roadrunner response send failed
    phase: sendfile_body
=NOTICE REPORT==== 1-Jun-2026::01:38:25.621962 ===
    reason: closed
    msg: roadrunner response send failed
    phase: sendfile_body
=NOTICE REPORT==== 1-Jun-2026::01:38:25.623443 ===
    reason: closed
    msg: roadrunner response send failed
    phase: sendfile_body
=NOTICE REPORT==== 1-Jun-2026::01:38:25.624119 ===
    reason: closed
    msg: roadrunner response send failed
    phase: sendfile_body
=NOTICE REPORT==== 1-Jun-2026::01:38:25.624645 ===
    reason: closed
    msg: roadrunner response send failed
    phase: sendfile_body
=NOTICE REPORT==== 1-Jun-2026::01:38:25.625015 ===
    reason: closed
    msg: roadrunner response send failed
    phase: sendfile_body
=NOTICE REPORT==== 1-Jun-2026::01:38:25.627982 ===
    reason: closed
    msg: roadrunner response send failed
    phase: sendfile_body
=NOTICE REPORT==== 1-Jun-2026::01:38:25.628074 ===
    reason: closed
    msg: roadrunner response send failed
    phase: sendfile_body
=NOTICE REPORT==== 1-Jun-2026::01:38:25.629262 ===
    reason: closed
    msg: roadrunner response send failed
    phase: sendfile_body
=NOTICE REPORT==== 1-Jun-2026::01:38:25.630817 ===
    reason: closed
    msg: roadrunner response send failed
    phase: sendfile_body
=NOTICE REPORT==== 1-Jun-2026::01:38:25.632677 ===
    reason: closed
    msg: roadrunner response send failed
    phase: sendfile_body
=NOTICE REPORT==== 1-Jun-2026::01:38:25.632913 ===
    reason: closed
    msg: roadrunner response send failed
    phase: sendfile_body
=NOTICE REPORT==== 1-Jun-2026::01:38:25.634006 ===
    reason: closed
    msg: roadrunner response send failed
    phase: sendfile_body
=NOTICE REPORT==== 1-Jun-2026::01:38:25.634027 ===
    reason: closed
    msg: roadrunner response send failed
    phase: sendfile_body
=NOTICE REPORT==== 1-Jun-2026::01:38:25.636469 ===
    reason: closed
    msg: roadrunner response send failed
    phase: sendfile_body
=NOTICE REPORT==== 1-Jun-2026::01:38:25.636609 ===
    reason: closed
    msg: roadrunner response send failed
    phase: sendfile_body
=NOTICE REPORT==== 1-Jun-2026::01:38:25.636682 ===
    reason: closed
    msg: roadrunner response send failed
    phase: sendfile_body
=NOTICE REPORT==== 1-Jun-2026::01:38:25.636731 ===
    reason: closed
    msg: roadrunner response send failed
    phase: sendfile_body
=NOTICE REPORT==== 1-Jun-2026::01:38:25.637738 ===
    reason: closed
    msg: roadrunner response send failed
    phase: sendfile_body
=NOTICE REPORT==== 1-Jun-2026::01:38:25.638853 ===
    reason: closed
    msg: roadrunner response send failed
    phase: sendfile_body
=NOTICE REPORT==== 1-Jun-2026::01:38:25.639870 ===
    reason: closed
    msg: roadrunner response send failed
    phase: sendfile_body
=NOTICE REPORT==== 1-Jun-2026::01:38:25.641363 ===
    reason: closed
    msg: roadrunner response send failed
    phase: sendfile_body
=NOTICE REPORT==== 1-Jun-2026::01:38:25.641964 ===
    reason: closed
    msg: roadrunner response send failed
    phase: sendfile_body
=NOTICE REPORT==== 1-Jun-2026::01:38:25.643094 ===
    reason: closed
    msg: roadrunner response send failed
    phase: sendfile_body
=NOTICE REPORT==== 1-Jun-2026::01:38:25.644278 ===
    reason: closed
    msg: roadrunner response send failed
    phase: sendfile_body
=NOTICE REPORT==== 1-Jun-2026::01:38:25.645033 ===
    reason: closed
    msg: roadrunner response send failed
    phase: sendfile_body
=NOTICE REPORT==== 1-Jun-2026::01:38:25.645308 ===
    reason: closed
    msg: roadrunner response send failed
    phase: sendfile_body
=NOTICE REPORT==== 1-Jun-2026::01:38:25.647281 ===
    reason: closed
    msg: roadrunner response send failed
    phase: sendfile_body
=NOTICE REPORT==== 1-Jun-2026::01:38:25.648846 ===
    reason: closed
    msg: roadrunner response send failed
    phase: sendfile_body
=NOTICE REPORT==== 1-Jun-2026::01:38:25.650001 ===
    reason: closed
    msg: roadrunner response send failed
    phase: sendfile_body
=NOTICE REPORT==== 1-Jun-2026::01:38:25.650834 ===
    reason: closed
    msg: roadrunner response send failed
    phase: sendfile_body
=NOTICE REPORT==== 1-Jun-2026::01:38:25.650852 ===
    reason: closed
    msg: roadrunner response send failed
    phase: sendfile_body
=NOTICE REPORT==== 1-Jun-2026::01:38:25.652132 ===
    reason: closed
    msg: roadrunner response send failed
    phase: sendfile_body
=NOTICE REPORT==== 1-Jun-2026::01:38:25.654415 ===
    reason: closed
    msg: roadrunner response send failed
    phase: sendfile_body
=NOTICE REPORT==== 1-Jun-2026::01:38:25.654500 ===
    reason: closed
    msg: roadrunner response send failed
    phase: sendfile_body
=NOTICE REPORT==== 1-Jun-2026::01:38:25.655920 ===
    reason: closed
    msg: roadrunner response send failed
    phase: sendfile_body
=NOTICE REPORT==== 1-Jun-2026::01:38:25.656410 ===
    reason: closed
    msg: roadrunner response send failed
    phase: sendfile_body
=NOTICE REPORT==== 1-Jun-2026::01:38:25.657418 ===
    reason: closed
    msg: roadrunner response send failed
    phase: sendfile_body
=NOTICE REPORT==== 1-Jun-2026::01:38:25.658321 ===
    reason: closed
    msg: roadrunner response send failed
    phase: sendfile_body
=NOTICE REPORT==== 1-Jun-2026::01:38:25.658490 ===
    reason: closed
    msg: roadrunner response send failed
    phase: sendfile_body
=NOTICE REPORT==== 1-Jun-2026::01:38:25.659695 ===
    reason: closed
    msg: roadrunner response send failed
    phase: sendfile_body
=NOTICE REPORT==== 1-Jun-2026::01:38:25.660603 ===
    reason: closed
    msg: roadrunner response send failed
    phase: sendfile_body
=NOTICE REPORT==== 1-Jun-2026::01:38:25.661681 ===
    reason: closed
    msg: roadrunner response send failed
    phase: sendfile_body
=NOTICE REPORT==== 1-Jun-2026::01:38:25.661950 ===
    reason: closed
    msg: roadrunner response send failed
    phase: sendfile_body
=NOTICE REPORT==== 1-Jun-2026::01:38:25.662483 ===
    reason: closed
    msg: roadrunner response send failed
    phase: sendfile_body
=NOTICE REPORT==== 1-Jun-2026::01:38:25.663759 ===
    reason: closed
    msg: roadrunner response send failed
    phase: sendfile_body
=NOTICE REPORT==== 1-Jun-2026::01:38:25.668134 ===
    reason: closed
    msg: roadrunner response send failed
    phase: sendfile_body
=NOTICE REPORT==== 1-Jun-2026::01:38:25.669153 ===
    reason: closed
    msg: roadrunner response send failed
    phase: sendfile_body
=NOTICE REPORT==== 1-Jun-2026::01:38:25.671380 ===
    reason: closed
    msg: roadrunner response send failed
    phase: sendfile_body
=NOTICE REPORT==== 1-Jun-2026::01:38:25.671398 ===
    reason: closed
    msg: roadrunner response send failed
    phase: sendfile_body
=NOTICE REPORT==== 1-Jun-2026::01:38:25.672444 ===
    reason: closed
    msg: roadrunner response send failed
    phase: sendfile_body
=NOTICE REPORT==== 1-Jun-2026::01:38:25.673524 ===
    reason: closed
    msg: roadrunner response send failed
    phase: sendfile_body
=NOTICE REPORT==== 1-Jun-2026::01:38:25.674375 ===
    reason: closed
    msg: roadrunner response send failed
    phase: sendfile_body
=NOTICE REPORT==== 1-Jun-2026::01:38:25.674468 ===
    reason: closed
    msg: roadrunner response send failed
    phase: sendfile_body
=NOTICE REPORT==== 1-Jun-2026::01:38:25.678573 ===
    reason: closed
    msg: roadrunner response send failed
    phase: sendfile_body
=NOTICE REPORT==== 1-Jun-2026::01:38:25.681626 ===
    reason: closed
    msg: roadrunner response send failed
    phase: sendfile_body
=NOTICE REPORT==== 1-Jun-2026::01:38:25.681677 ===
    reason: closed
    msg: roadrunner response send failed
    phase: sendfile_body
=NOTICE REPORT==== 1-Jun-2026::01:38:25.683288 ===
    reason: closed
    msg: roadrunner response send failed
    phase: sendfile_body
=NOTICE REPORT==== 1-Jun-2026::01:38:25.684214 ===
    reason: closed
    msg: roadrunner response send failed
    phase: sendfile_body
=NOTICE REPORT==== 1-Jun-2026::01:38:25.685263 ===
    reason: closed
    msg: roadrunner response send failed
    phase: sendfile_body
=NOTICE REPORT==== 1-Jun-2026::01:38:25.686197 ===
    reason: closed
    msg: roadrunner response send failed
    phase: sendfile_body
=NOTICE REPORT==== 1-Jun-2026::01:38:25.686573 ===
    reason: closed
    msg: roadrunner response send failed
    phase: sendfile_body
=NOTICE REPORT==== 1-Jun-2026::01:38:25.687124 ===
    reason: closed
    msg: roadrunner response send failed
    phase: sendfile_body
=NOTICE REPORT==== 1-Jun-2026::01:38:25.688149 ===
    reason: closed
    msg: roadrunner response send failed
    phase: sendfile_body
=NOTICE REPORT==== 1-Jun-2026::01:38:25.689062 ===
    reason: closed
    msg: roadrunner response send failed
    phase: sendfile_body
=NOTICE REPORT==== 1-Jun-2026::01:38:25.692726 ===
    reason: closed
    msg: roadrunner response send failed
    phase: sendfile_body
=NOTICE REPORT==== 1-Jun-2026::01:38:25.692830 ===
    reason: closed
    msg: roadrunner response send failed
    phase: sendfile_body
=NOTICE REPORT==== 1-Jun-2026::01:38:25.692867 ===
    reason: closed
    msg: roadrunner response send failed
    phase: sendfile_body
=NOTICE REPORT==== 1-Jun-2026::01:38:25.692816 ===
    reason: closed
    msg: roadrunner response send failed
    phase: sendfile_body
=NOTICE REPORT==== 1-Jun-2026::01:38:25.697574 ===
    reason: closed
    msg: roadrunner response send failed
    phase: sendfile_body
=NOTICE REPORT==== 1-Jun-2026::01:38:25.698651 ===
    reason: closed
    msg: roadrunner response send failed
    phase: sendfile_body
=NOTICE REPORT==== 1-Jun-2026::01:38:25.699662 ===
    reason: closed
    msg: roadrunner response send failed
    phase: sendfile_body
=NOTICE REPORT==== 1-Jun-2026::01:38:25.699705 ===
    reason: closed
    msg: roadrunner response send failed
    phase: sendfile_body
=NOTICE REPORT==== 1-Jun-2026::01:38:25.700589 ===
    reason: closed
    msg: roadrunner response send failed
    phase: sendfile_body
=NOTICE REPORT==== 1-Jun-2026::01:38:25.700638 ===
    reason: closed
    msg: roadrunner response send failed
    phase: sendfile_body
=NOTICE REPORT==== 1-Jun-2026::01:38:25.702100 ===
    reason: closed
    msg: roadrunner response send failed
    phase: sendfile_body
=NOTICE REPORT==== 1-Jun-2026::01:38:25.703082 ===
    reason: closed
    msg: roadrunner response send failed
    phase: sendfile_body
=NOTICE REPORT==== 1-Jun-2026::01:38:25.704554 ===
    reason: closed
    msg: roadrunner response send failed
    phase: sendfile_body
=NOTICE REPORT==== 1-Jun-2026::01:38:25.704758 ===
    reason: closed
    msg: roadrunner response send failed
    phase: sendfile_body
=NOTICE REPORT==== 1-Jun-2026::01:38:25.705726 ===
    reason: closed
    msg: roadrunner response send failed
    phase: sendfile_body
=NOTICE REPORT==== 1-Jun-2026::01:38:25.707908 ===
    reason: closed
    msg: roadrunner response send failed
    phase: sendfile_body
=NOTICE REPORT==== 1-Jun-2026::01:38:25.708419 ===
    reason: closed
    msg: roadrunner response send failed
    phase: sendfile_body
=NOTICE REPORT==== 1-Jun-2026::01:38:25.711613 ===
    reason: closed
    msg: roadrunner response send failed
    phase: sendfile_body
=NOTICE REPORT==== 1-Jun-2026::01:38:25.711681 ===
    reason: closed
    msg: roadrunner response send failed
    phase: sendfile_body
=NOTICE REPORT==== 1-Jun-2026::01:38:25.713309 ===
    reason: closed
    msg: roadrunner response send failed
    phase: sendfile_body
=NOTICE REPORT==== 1-Jun-2026::01:38:25.715055 ===
    reason: closed
    msg: roadrunner response send failed
    phase: sendfile_body
=NOTICE REPORT==== 1-Jun-2026::01:38:25.717114 ===
    reason: closed
    msg: roadrunner response send failed
    phase: sendfile_body
=NOTICE REPORT==== 1-Jun-2026::01:38:25.717180 ===
    reason: closed
    msg: roadrunner response send failed
    phase: sendfile_body
=NOTICE REPORT==== 1-Jun-2026::01:38:25.718853 ===
    reason: closed
    msg: roadrunner response send failed
    phase: sendfile_body
=NOTICE REPORT==== 1-Jun-2026::01:38:25.719943 ===
    reason: closed
    msg: roadrunner response send failed
    phase: sendfile_body
=NOTICE REPORT==== 1-Jun-2026::01:38:25.719914 ===
    reason: closed
    msg: roadrunner response send failed
    phase: sendfile_body
=NOTICE REPORT==== 1-Jun-2026::01:38:25.720721 ===
    reason: closed
    msg: roadrunner response send failed
    phase: sendfile_body
=NOTICE REPORT==== 1-Jun-2026::01:38:25.721919 ===
    reason: closed
    msg: roadrunner response send failed
    phase: sendfile_body
=NOTICE REPORT==== 1-Jun-2026::01:38:25.724469 ===
    reason: closed
    msg: roadrunner response send failed
    phase: sendfile_body
=NOTICE REPORT==== 1-Jun-2026::01:38:25.725512 ===
    reason: closed
    msg: roadrunner response send failed
    phase: sendfile_body
=NOTICE REPORT==== 1-Jun-2026::01:38:25.726475 ===
    reason: closed
    msg: roadrunner response send failed
    phase: sendfile_body
=NOTICE REPORT==== 1-Jun-2026::01:38:25.727121 ===
    reason: closed
    msg: roadrunner response send failed
    phase: sendfile_body
=NOTICE REPORT==== 1-Jun-2026::01:38:25.727274 ===
    reason: closed
    msg: roadrunner response send failed
    phase: sendfile_body
=NOTICE REPORT==== 1-Jun-2026::01:38:25.729943 ===
    reason: closed
    msg: roadrunner response send failed
    phase: sendfile_body
=NOTICE REPORT==== 1-Jun-2026::01:38:25.730004 ===
    reason: closed
    msg: roadrunner response send failed
    phase: sendfile_body
=NOTICE REPORT==== 1-Jun-2026::01:38:25.732661 ===
    reason: closed
    msg: roadrunner response send failed
    phase: sendfile_body
=NOTICE REPORT==== 1-Jun-2026::01:38:25.733539 ===
    reason: closed
    msg: roadrunner response send failed
    phase: sendfile_body
=NOTICE REPORT==== 1-Jun-2026::01:38:25.733588 ===
    reason: closed
    msg: roadrunner response send failed
    phase: sendfile_body
=NOTICE REPORT==== 1-Jun-2026::01:38:25.734470 ===
    reason: closed
    msg: roadrunner response send failed
    phase: sendfile_body
=NOTICE REPORT==== 1-Jun-2026::01:38:25.735540 ===
    reason: closed
    msg: roadrunner response send failed
    phase: sendfile_body
=NOTICE REPORT==== 1-Jun-2026::01:38:25.739001 ===
    reason: closed
    msg: roadrunner response send failed
    phase: sendfile_body
=NOTICE REPORT==== 1-Jun-2026::01:38:25.739796 ===
    reason: closed
    msg: roadrunner response send failed
    phase: sendfile_body
=NOTICE REPORT==== 1-Jun-2026::01:38:25.739925 ===
    reason: closed
    msg: roadrunner response send failed
    phase: sendfile_body
=NOTICE REPORT==== 1-Jun-2026::01:38:25.740062 ===
    reason: closed
    msg: roadrunner response send failed
    phase: sendfile_body
=NOTICE REPORT==== 1-Jun-2026::01:38:25.743590 ===
    reason: closed
    msg: roadrunner response send failed
    phase: sendfile_body
=NOTICE REPORT==== 1-Jun-2026::01:38:25.745204 ===
    reason: closed
    msg: roadrunner response send failed
    phase: sendfile_body
=NOTICE REPORT==== 1-Jun-2026::01:38:25.746500 ===
    reason: closed
    msg: roadrunner response send failed
    phase: sendfile_body
=NOTICE REPORT==== 1-Jun-2026::01:38:25.746548 ===
    reason: closed
    msg: roadrunner response send failed
    phase: sendfile_body
=NOTICE REPORT==== 1-Jun-2026::01:38:25.746967 ===
    reason: closed
    msg: roadrunner response send failed
    phase: sendfile_body
=NOTICE REPORT==== 1-Jun-2026::01:38:25.748154 ===
    reason: closed
    msg: roadrunner response send failed
    phase: sendfile_body
=NOTICE REPORT==== 1-Jun-2026::01:38:25.749085 ===
    reason: closed
    msg: roadrunner response send failed
    phase: sendfile_body
=NOTICE REPORT==== 1-Jun-2026::01:38:25.749970 ===
    reason: closed
    msg: roadrunner response send failed
    phase: sendfile_body
=NOTICE REPORT==== 1-Jun-2026::01:38:25.750316 ===
    reason: closed
    msg: roadrunner response send failed
    phase: sendfile_body
=NOTICE REPORT==== 1-Jun-2026::01:38:25.750897 ===
    reason: closed
    msg: roadrunner response send failed
    phase: sendfile_body
=NOTICE REPORT==== 1-Jun-2026::01:38:25.755345 ===
    reason: closed
    msg: roadrunner response send failed
    phase: sendfile_body
=NOTICE REPORT==== 1-Jun-2026::01:38:25.757507 ===
    reason: closed
    msg: roadrunner response send failed
    phase: sendfile_body
=NOTICE REPORT==== 1-Jun-2026::01:38:25.758248 ===
    reason: closed
    msg: roadrunner response send failed
    phase: sendfile_body
=NOTICE REPORT==== 1-Jun-2026::01:38:25.758374 ===
    reason: closed
    msg: roadrunner response send failed
    phase: sendfile_body
=NOTICE REPORT==== 1-Jun-2026::01:38:25.758375 ===
    reason: closed
    msg: roadrunner response send failed
    phase: sendfile_body
=NOTICE REPORT==== 1-Jun-2026::01:38:25.758469 ===
    reason: closed
    msg: roadrunner response send failed
    phase: sendfile_body
=NOTICE REPORT==== 1-Jun-2026::01:38:25.759459 ===
    reason: closed
    msg: roadrunner response send failed
    phase: sendfile_body
=NOTICE REPORT==== 1-Jun-2026::01:38:25.761502 ===
    reason: closed
    msg: roadrunner response send failed
    phase: sendfile_body
=NOTICE REPORT==== 1-Jun-2026::01:38:25.761764 ===
    reason: closed
    msg: roadrunner response send failed
    phase: sendfile_body
=NOTICE REPORT==== 1-Jun-2026::01:38:25.762709 ===
    reason: closed
    msg: roadrunner response send failed
    phase: sendfile_body
=NOTICE REPORT==== 1-Jun-2026::01:38:25.763674 ===
    reason: closed
    msg: roadrunner response send failed
    phase: sendfile_body
=NOTICE REPORT==== 1-Jun-2026::01:38:25.764760 ===
    reason: closed
    msg: roadrunner response send failed
    phase: sendfile_body
=NOTICE REPORT==== 1-Jun-2026::01:38:25.767303 ===
    reason: closed
    msg: roadrunner response send failed
    phase: sendfile_body
=NOTICE REPORT==== 1-Jun-2026::01:38:25.768367 ===
    reason: closed
    msg: roadrunner response send failed
    phase: sendfile_body
=NOTICE REPORT==== 1-Jun-2026::01:38:25.769424 ===
    reason: closed
    msg: roadrunner response send failed
    phase: sendfile_body
=NOTICE REPORT==== 1-Jun-2026::01:38:25.770872 ===
    reason: closed
    msg: roadrunner response send failed
    phase: sendfile_body
=NOTICE REPORT==== 1-Jun-2026::01:38:25.771310 ===
    reason: closed
    msg: roadrunner response send failed
    phase: sendfile_body
=NOTICE REPORT==== 1-Jun-2026::01:38:25.772248 ===
    reason: closed
    msg: roadrunner response send failed
    phase: sendfile_body
=NOTICE REPORT==== 1-Jun-2026::01:38:25.773104 ===
    reason: closed
    msg: roadrunner response send failed
    phase: sendfile_body
=NOTICE REPORT==== 1-Jun-2026::01:38:25.774848 ===
    reason: closed
    msg: roadrunner response send failed
    phase: sendfile_body
=NOTICE REPORT==== 1-Jun-2026::01:38:25.779406 ===
    reason: closed
    msg: roadrunner response send failed
    phase: sendfile_body
=NOTICE REPORT==== 1-Jun-2026::01:38:25.779504 ===
    reason: closed
    msg: roadrunner response send failed
    phase: sendfile_body
=NOTICE REPORT==== 1-Jun-2026::01:38:25.779503 ===
    reason: closed
    msg: roadrunner response send failed
    phase: sendfile_body
=NOTICE REPORT==== 1-Jun-2026::01:38:25.781353 ===
    reason: closed
    msg: roadrunner response send failed
    phase: sendfile_body
=NOTICE REPORT==== 1-Jun-2026::01:38:25.783041 ===
    reason: closed
    msg: roadrunner response send failed
    phase: sendfile_body
=NOTICE REPORT==== 1-Jun-2026::01:38:25.783127 ===
    reason: closed
    msg: roadrunner response send failed
    phase: sendfile_body
=NOTICE REPORT==== 1-Jun-2026::01:38:25.784123 ===
    reason: closed
    msg: roadrunner response send failed
    phase: sendfile_body
=NOTICE REPORT==== 1-Jun-2026::01:38:25.785132 ===
    reason: closed
    msg: roadrunner response send failed
    phase: sendfile_body
=NOTICE REPORT==== 1-Jun-2026::01:38:25.785805 ===
    reason: closed
    msg: roadrunner response send failed
    phase: sendfile_body
=NOTICE REPORT==== 1-Jun-2026::01:38:25.785944 ===
    reason: closed
    msg: roadrunner response send failed
    phase: sendfile_body
=NOTICE REPORT==== 1-Jun-2026::01:38:25.787545 ===
    reason: closed
    msg: roadrunner response send failed
    phase: sendfile_body
=NOTICE REPORT==== 1-Jun-2026::01:38:25.790597 ===
    reason: closed
    msg: roadrunner response send failed
    phase: sendfile_body
=NOTICE REPORT==== 1-Jun-2026::01:38:25.790674 ===
    reason: closed
    msg: roadrunner response send failed
    phase: sendfile_body
=NOTICE REPORT==== 1-Jun-2026::01:38:25.790673 ===
    reason: closed
    msg: roadrunner response send failed
    phase: sendfile_body
=NOTICE REPORT==== 1-Jun-2026::01:38:25.791602 ===
    reason: closed
    msg: roadrunner response send failed
    phase: sendfile_body
=NOTICE REPORT==== 1-Jun-2026::01:38:25.793130 ===
    reason: closed
    msg: roadrunner response send failed
    phase: sendfile_body
=NOTICE REPORT==== 1-Jun-2026::01:38:25.793145 ===
    reason: closed
    msg: roadrunner response send failed
    phase: sendfile_body
=NOTICE REPORT==== 1-Jun-2026::01:38:25.793258 ===
    reason: closed
    msg: roadrunner response send failed
    phase: sendfile_body
=NOTICE REPORT==== 1-Jun-2026::01:38:25.794054 ===
    reason: closed
    msg: roadrunner response send failed
    phase: sendfile_body
=NOTICE REPORT==== 1-Jun-2026::01:38:25.794998 ===
    reason: closed
    msg: roadrunner response send failed
    phase: sendfile_body
=NOTICE REPORT==== 1-Jun-2026::01:38:25.797660 ===
    reason: closed
    msg: roadrunner response send failed
    phase: sendfile_body
=NOTICE REPORT==== 1-Jun-2026::01:38:25.798494 ===
    reason: closed
    msg: roadrunner response send failed
    phase: sendfile_body
=NOTICE REPORT==== 1-Jun-2026::01:38:25.799208 ===
    reason: closed
    msg: roadrunner response send failed
    phase: sendfile_body
=NOTICE REPORT==== 1-Jun-2026::01:38:25.799332 ===
    reason: closed
    msg: roadrunner response send failed
    phase: sendfile_body
=NOTICE REPORT==== 1-Jun-2026::01:38:25.800149 ===
    reason: closed
    msg: roadrunner response send failed
    phase: sendfile_body
=NOTICE REPORT==== 1-Jun-2026::01:38:25.802100 ===
    reason: closed
    msg: roadrunner response send failed
    phase: sendfile_body
=NOTICE REPORT==== 1-Jun-2026::01:38:25.802943 ===
    reason: closed
    msg: roadrunner response send failed
    phase: sendfile_body
=NOTICE REPORT==== 1-Jun-2026::01:38:25.804427 ===
    reason: closed
    msg: roadrunner response send failed
    phase: sendfile_body
=NOTICE REPORT==== 1-Jun-2026::01:38:25.804629 ===
    reason: closed
    msg: roadrunner response send failed
    phase: sendfile_body
=NOTICE REPORT==== 1-Jun-2026::01:38:25.805544 ===
    reason: closed
    msg: roadrunner response send failed
    phase: sendfile_body
=NOTICE REPORT==== 1-Jun-2026::01:38:25.806716 ===
    reason: closed
    msg: roadrunner response send failed
    phase: sendfile_body
=NOTICE REPORT==== 1-Jun-2026::01:38:25.807370 ===
    reason: closed
    msg: roadrunner response send failed
    phase: sendfile_body
=NOTICE REPORT==== 1-Jun-2026::01:38:25.811632 ===
    reason: closed
    msg: roadrunner response send failed
    phase: sendfile_body
=NOTICE REPORT==== 1-Jun-2026::01:38:25.812626 ===
    reason: closed
    msg: roadrunner response send failed
    phase: sendfile_body
=NOTICE REPORT==== 1-Jun-2026::01:38:25.814097 ===
    reason: closed
    msg: roadrunner response send failed
    phase: sendfile_body
=NOTICE REPORT==== 1-Jun-2026::01:38:25.815250 ===
    reason: closed
    msg: roadrunner response send failed
    phase: sendfile_body
=NOTICE REPORT==== 1-Jun-2026::01:38:25.815388 ===
    reason: closed
    msg: roadrunner response send failed
    phase: sendfile_body
=NOTICE REPORT==== 1-Jun-2026::01:38:25.819570 ===
    reason: closed
    msg: roadrunner response send failed
    phase: sendfile_body
=NOTICE REPORT==== 1-Jun-2026::01:38:25.819610 ===
    reason: closed
    msg: roadrunner response send failed
    phase: sendfile_body
=NOTICE REPORT==== 1-Jun-2026::01:38:25.820532 ===
    reason: closed
    msg: roadrunner response send failed
    phase: sendfile_body
=NOTICE REPORT==== 1-Jun-2026::01:38:25.821444 ===
    reason: closed
    msg: roadrunner response send failed
    phase: sendfile_body
=NOTICE REPORT==== 1-Jun-2026::01:38:25.822451 ===
    reason: closed
    msg: roadrunner response send failed
    phase: sendfile_body
=NOTICE REPORT==== 1-Jun-2026::01:38:25.823412 ===
    reason: closed
    msg: roadrunner response send failed
    phase: sendfile_body
=NOTICE REPORT==== 1-Jun-2026::01:38:25.823813 ===
    reason: closed
    msg: roadrunner response send failed
    phase: sendfile_body
=NOTICE REPORT==== 1-Jun-2026::01:38:25.825302 ===
    reason: closed
    msg: roadrunner response send failed
    phase: sendfile_body
=NOTICE REPORT==== 1-Jun-2026::01:38:25.826246 ===
    reason: closed
    msg: roadrunner response send failed
    phase: sendfile_body
=NOTICE REPORT==== 1-Jun-2026::01:38:25.826879 ===
    reason: closed
    msg: roadrunner response send failed
    phase: sendfile_body
=NOTICE REPORT==== 1-Jun-2026::01:38:25.827745 ===
    reason: closed
    msg: roadrunner response send failed
    phase: sendfile_body
=NOTICE REPORT==== 1-Jun-2026::01:38:25.828880 ===
    reason: closed
    msg: roadrunner response send failed
    phase: sendfile_body
=NOTICE REPORT==== 1-Jun-2026::01:38:25.829906 ===
    reason: closed
    msg: roadrunner response send failed
    phase: sendfile_body
=NOTICE REPORT==== 1-Jun-2026::01:38:25.835569 ===
    reason: closed
    msg: roadrunner response send failed
    phase: sendfile_body
=NOTICE REPORT==== 1-Jun-2026::01:38:25.836463 ===
    reason: closed
    msg: roadrunner response send failed
    phase: sendfile_body
=NOTICE REPORT==== 1-Jun-2026::01:38:25.837416 ===
    reason: closed
    msg: roadrunner response send failed
    phase: sendfile_body
=NOTICE REPORT==== 1-Jun-2026::01:38:25.838772 ===
    reason: closed
    msg: roadrunner response send failed
    phase: sendfile_body
=NOTICE REPORT==== 1-Jun-2026::01:38:25.840191 ===
    reason: closed
    msg: roadrunner response send failed
    phase: sendfile_body
=NOTICE REPORT==== 1-Jun-2026::01:38:25.840519 ===
    reason: closed
    msg: roadrunner response send failed
    phase: sendfile_body
=NOTICE REPORT==== 1-Jun-2026::01:38:25.841849 ===
    reason: closed
    msg: roadrunner response send failed
    phase: sendfile_body
=NOTICE REPORT==== 1-Jun-2026::01:38:25.842050 ===
    reason: closed
    msg: roadrunner response send failed
    phase: sendfile_body
=NOTICE REPORT==== 1-Jun-2026::01:38:25.842059 ===
    reason: closed
    msg: roadrunner response send failed
    phase: sendfile_body
=NOTICE REPORT==== 1-Jun-2026::01:38:25.842126 ===
    reason: closed
    msg: roadrunner response send failed
    phase: sendfile_body
=NOTICE REPORT==== 1-Jun-2026::01:38:25.843054 ===
    reason: closed
    msg: roadrunner response send failed
    phase: sendfile_body
=NOTICE REPORT==== 1-Jun-2026::01:38:25.843751 ===
    reason: closed
    msg: roadrunner response send failed
    phase: sendfile_body
=NOTICE REPORT==== 1-Jun-2026::01:38:25.843941 ===
    reason: closed
    msg: roadrunner response send failed
    phase: sendfile_body
=NOTICE REPORT==== 1-Jun-2026::01:38:25.843932 ===
    reason: closed
    msg: roadrunner response send failed
    phase: sendfile_body
=NOTICE REPORT==== 1-Jun-2026::01:38:25.846157 ===
    reason: closed
    msg: roadrunner response send failed
    phase: sendfile_body
=NOTICE REPORT==== 1-Jun-2026::01:38:25.847000 ===
    reason: closed
    msg: roadrunner response send failed
    phase: sendfile_body
=NOTICE REPORT==== 1-Jun-2026::01:38:25.847115 ===
    reason: closed
    msg: roadrunner response send failed
    phase: sendfile_body
=NOTICE REPORT==== 1-Jun-2026::01:38:25.847906 ===
    reason: closed
    msg: roadrunner response send failed
    phase: sendfile_body
=NOTICE REPORT==== 1-Jun-2026::01:38:25.848858 ===
    reason: closed
    msg: roadrunner response send failed
    phase: sendfile_body
=NOTICE REPORT==== 1-Jun-2026::01:38:25.848861 ===
    reason: closed
    msg: roadrunner response send failed
    phase: sendfile_body
=NOTICE REPORT==== 1-Jun-2026::01:38:25.848942 ===
    reason: closed
    msg: roadrunner response send failed
    phase: sendfile_body
=NOTICE REPORT==== 1-Jun-2026::01:38:25.849617 ===
    reason: closed
    msg: roadrunner response send failed
    phase: sendfile_body
=NOTICE REPORT==== 1-Jun-2026::01:38:25.852890 ===
    reason: closed
    msg: roadrunner response send failed
    phase: sendfile_body
=NOTICE REPORT==== 1-Jun-2026::01:38:25.853681 ===
    reason: closed
    msg: roadrunner response send failed
    phase: sendfile_body
=NOTICE REPORT==== 1-Jun-2026::01:38:25.854532 ===
    reason: closed
    msg: roadrunner response send failed
    phase: sendfile_body
=NOTICE REPORT==== 1-Jun-2026::01:38:25.855161 ===
    reason: closed
    msg: roadrunner response send failed
    phase: sendfile_body
=NOTICE REPORT==== 1-Jun-2026::01:38:25.856257 ===
    reason: closed
    msg: roadrunner response send failed
    phase: sendfile_body
=NOTICE REPORT==== 1-Jun-2026::01:38:25.857081 ===
    reason: closed
    msg: roadrunner response send failed
    phase: sendfile_body
=NOTICE REPORT==== 1-Jun-2026::01:38:25.861608 ===
    reason: closed
    msg: roadrunner response send failed
    phase: sendfile_body
=NOTICE REPORT==== 1-Jun-2026::01:38:25.861854 ===
    reason: closed
    msg: roadrunner response send failed
    phase: sendfile_body
=NOTICE REPORT==== 1-Jun-2026::01:38:25.862480 ===
    reason: closed
    msg: roadrunner response send failed
    phase: sendfile_body
=NOTICE REPORT==== 1-Jun-2026::01:38:25.862534 ===
    reason: closed
    msg: roadrunner response send failed
    phase: sendfile_body
=NOTICE REPORT==== 1-Jun-2026::01:38:25.863164 ===
    reason: closed
    msg: roadrunner response send failed
    phase: sendfile_body
=NOTICE REPORT==== 1-Jun-2026::01:38:25.864122 ===
    reason: closed
    msg: roadrunner response send failed
    phase: sendfile_body
=NOTICE REPORT==== 1-Jun-2026::01:38:25.864159 ===
    reason: closed
    msg: roadrunner response send failed
    phase: sendfile_body
=NOTICE REPORT==== 1-Jun-2026::01:38:25.864544 ===
    reason: closed
    msg: roadrunner response send failed
    phase: sendfile_body
=NOTICE REPORT==== 1-Jun-2026::01:38:25.864922 ===
    reason: closed
    msg: roadrunner response send failed
    phase: sendfile_body
=NOTICE REPORT==== 1-Jun-2026::01:38:25.866299 ===
    reason: closed
    msg: roadrunner response send failed
    phase: sendfile_body
=NOTICE REPORT==== 1-Jun-2026::01:38:25.868353 ===
    reason: closed
    msg: roadrunner response send failed
    phase: sendfile_body
=NOTICE REPORT==== 1-Jun-2026::01:38:25.868414 ===
    reason: closed
    msg: roadrunner response send failed
    phase: sendfile_body
=NOTICE REPORT==== 1-Jun-2026::01:38:25.870672 ===
    reason: closed
    msg: roadrunner response send failed
    phase: sendfile_body
=NOTICE REPORT==== 1-Jun-2026::01:38:25.871313 ===
    reason: closed
    msg: roadrunner response send failed
    phase: sendfile_body
=NOTICE REPORT==== 1-Jun-2026::01:38:25.872207 ===
    reason: closed
    msg: roadrunner response send failed
    phase: sendfile_body
=NOTICE REPORT==== 1-Jun-2026::01:38:25.873947 ===
    reason: closed
    msg: roadrunner response send failed
    phase: sendfile_body
=NOTICE REPORT==== 1-Jun-2026::01:38:25.875229 ===
    reason: closed
    msg: roadrunner response send failed
    phase: sendfile_body
=NOTICE REPORT==== 1-Jun-2026::01:38:25.875447 ===
    reason: closed
    msg: roadrunner response send failed
    phase: sendfile_body
=NOTICE REPORT==== 1-Jun-2026::01:38:25.875652 ===
    reason: closed
    msg: roadrunner response send failed
    phase: sendfile_body
=NOTICE REPORT==== 1-Jun-2026::01:38:25.880545 ===
    reason: closed
    msg: roadrunner response send failed
    phase: sendfile_body
=NOTICE REPORT==== 1-Jun-2026::01:38:25.880712 ===
    reason: closed
    msg: roadrunner response send failed
    phase: sendfile_body
=NOTICE REPORT==== 1-Jun-2026::01:38:25.881646 ===
    reason: closed
    msg: roadrunner response send failed
    phase: sendfile_body
=NOTICE REPORT==== 1-Jun-2026::01:38:25.882414 ===
    reason: closed
    msg: roadrunner response send failed
    phase: sendfile_body
=NOTICE REPORT==== 1-Jun-2026::01:38:25.882461 ===
    reason: closed
    msg: roadrunner response send failed
    phase: sendfile_body
=NOTICE REPORT==== 1-Jun-2026::01:38:25.883151 ===
    reason: closed
    msg: roadrunner response send failed
    phase: sendfile_body
=NOTICE REPORT==== 1-Jun-2026::01:38:25.885061 ===
    reason: closed
    msg: roadrunner response send failed
    phase: sendfile_body
=NOTICE REPORT==== 1-Jun-2026::01:38:25.886201 ===
    reason: closed
    msg: roadrunner response send failed
    phase: sendfile_body
=NOTICE REPORT==== 1-Jun-2026::01:38:25.886964 ===
    reason: closed
    msg: roadrunner response send failed
    phase: sendfile_body
=NOTICE REPORT==== 1-Jun-2026::01:38:25.887159 ===
    reason: closed
    msg: roadrunner response send failed
    phase: sendfile_body
=NOTICE REPORT==== 1-Jun-2026::01:38:25.887991 ===
    reason: closed
    msg: roadrunner response send failed
    phase: sendfile_body
=NOTICE REPORT==== 1-Jun-2026::01:38:25.888697 ===
    reason: closed
    msg: roadrunner response send failed
    phase: sendfile_body
=NOTICE REPORT==== 1-Jun-2026::01:38:25.889527 ===
    reason: closed
    msg: roadrunner response send failed
    phase: sendfile_body
=NOTICE REPORT==== 1-Jun-2026::01:38:25.890329 ===
    reason: closed
    msg: roadrunner response send failed
    phase: sendfile_body
=NOTICE REPORT==== 1-Jun-2026::01:38:25.890425 ===
    reason: closed
    msg: roadrunner response send failed
    phase: sendfile_body
=NOTICE REPORT==== 1-Jun-2026::01:38:25.890469 ===
    reason: closed
    msg: roadrunner response send failed
    phase: sendfile_body
=NOTICE REPORT==== 1-Jun-2026::01:38:25.890502 ===
    reason: closed
    msg: roadrunner response send failed
    phase: sendfile_body
=NOTICE REPORT==== 1-Jun-2026::01:38:25.891218 ===
    reason: closed
    msg: roadrunner response send failed
    phase: sendfile_body
=NOTICE REPORT==== 1-Jun-2026::01:38:25.891303 ===
    reason: closed
    msg: roadrunner response send failed
    phase: sendfile_body
=NOTICE REPORT==== 1-Jun-2026::01:38:25.892067 ===
    reason: closed
    msg: roadrunner response send failed
    phase: sendfile_body
=NOTICE REPORT==== 1-Jun-2026::01:38:25.892925 ===
    reason: closed
    msg: roadrunner response send failed
    phase: sendfile_body
=NOTICE REPORT==== 1-Jun-2026::01:38:25.892997 ===
    reason: closed
    msg: roadrunner response send failed
    phase: sendfile_body
=NOTICE REPORT==== 1-Jun-2026::01:38:25.894042 ===
    reason: closed
    msg: roadrunner response send failed
    phase: sendfile_body
=NOTICE REPORT==== 1-Jun-2026::01:38:25.897063 ===
    reason: closed
    msg: roadrunner response send failed
    phase: sendfile_body
=NOTICE REPORT==== 1-Jun-2026::01:38:25.897904 ===
    reason: closed
    msg: roadrunner response send failed
    phase: sendfile_body
=NOTICE REPORT==== 1-Jun-2026::01:38:25.898571 ===
    reason: closed
    msg: roadrunner response send failed
    phase: sendfile_body
=NOTICE REPORT==== 1-Jun-2026::01:38:25.899775 ===
    reason: closed
    msg: roadrunner response send failed
    phase: sendfile_body
=NOTICE REPORT==== 1-Jun-2026::01:38:25.903644 ===
    reason: closed
    msg: roadrunner response send failed
    phase: sendfile_body
=NOTICE REPORT==== 1-Jun-2026::01:38:25.903710 ===
    reason: closed
    msg: roadrunner response send failed
    phase: sendfile_body
=NOTICE REPORT==== 1-Jun-2026::01:38:25.904615 ===
    reason: closed
    msg: roadrunner response send failed
    phase: sendfile_body
=NOTICE REPORT==== 1-Jun-2026::01:38:25.905162 ===
    reason: closed
    msg: roadrunner response send failed
    phase: sendfile_body
=NOTICE REPORT==== 1-Jun-2026::01:38:25.906188 ===
    reason: closed
    msg: roadrunner response send failed
    phase: sendfile_body
=NOTICE REPORT==== 1-Jun-2026::01:38:25.907754 ===
    reason: closed
    msg: roadrunner response send failed
    phase: sendfile_body
=NOTICE REPORT==== 1-Jun-2026::01:38:25.908998 ===
    reason: closed
    msg: roadrunner response send failed
    phase: sendfile_body
=NOTICE REPORT==== 1-Jun-2026::01:38:25.910657 ===
    reason: closed
    msg: roadrunner response send failed
    phase: sendfile_body
=NOTICE REPORT==== 1-Jun-2026::01:38:25.911665 ===
    reason: closed
    msg: roadrunner response send failed
    phase: sendfile_body
=NOTICE REPORT==== 1-Jun-2026::01:38:25.911667 ===
    reason: closed
    msg: roadrunner response send failed
    phase: sendfile_body
=NOTICE REPORT==== 1-Jun-2026::01:38:25.912370 ===
    reason: closed
    msg: roadrunner response send failed
    phase: sendfile_body
=NOTICE REPORT==== 1-Jun-2026::01:38:25.913145 ===
    reason: closed
    msg: roadrunner response send failed
    phase: sendfile_body
=NOTICE REPORT==== 1-Jun-2026::01:38:25.915254 ===
    reason: closed
    msg: roadrunner response send failed
    phase: sendfile_body
=NOTICE REPORT==== 1-Jun-2026::01:38:25.915208 ===
    reason: closed
    msg: roadrunner response send failed
    phase: sendfile_body
=NOTICE REPORT==== 1-Jun-2026::01:38:25.916067 ===
    reason: closed
    msg: roadrunner response send failed
    phase: sendfile_body
=NOTICE REPORT==== 1-Jun-2026::01:38:25.916060 ===
    reason: closed
    msg: roadrunner response send failed
    phase: sendfile_body
=NOTICE REPORT==== 1-Jun-2026::01:38:25.916807 ===
    reason: closed
    msg: roadrunner response send failed
    phase: sendfile_body
=NOTICE REPORT==== 1-Jun-2026::01:38:25.916906 ===
    reason: closed
    msg: roadrunner response send failed
    phase: sendfile_body
=NOTICE REPORT==== 1-Jun-2026::01:38:25.916967 ===
    reason: closed
    msg: roadrunner response send failed
    phase: sendfile_body
=NOTICE REPORT==== 1-Jun-2026::01:38:25.917685 ===
    reason: closed
    msg: roadrunner response send failed
    phase: sendfile_body
=NOTICE REPORT==== 1-Jun-2026::01:38:25.918803 ===
    reason: closed
    msg: roadrunner response send failed
    phase: sendfile_body
=NOTICE REPORT==== 1-Jun-2026::01:38:25.918931 ===
    reason: closed
    msg: roadrunner response send failed
    phase: sendfile_body
=NOTICE REPORT==== 1-Jun-2026::01:38:25.919617 ===
    reason: closed
    msg: roadrunner response send failed
    phase: sendfile_body
=NOTICE REPORT==== 1-Jun-2026::01:38:25.919723 ===
    reason: closed
    msg: roadrunner response send failed
    phase: sendfile_body
=NOTICE REPORT==== 1-Jun-2026::01:38:25.920502 ===
    reason: closed
    msg: roadrunner response send failed
    phase: sendfile_body
=NOTICE REPORT==== 1-Jun-2026::01:38:25.920529 ===
    reason: closed
    msg: roadrunner response send failed
    phase: sendfile_body
=NOTICE REPORT==== 1-Jun-2026::01:38:25.921675 ===
    reason: closed
    msg: roadrunner response send failed
    phase: sendfile_body
=NOTICE REPORT==== 1-Jun-2026::01:38:25.922283 ===
    reason: closed
    msg: roadrunner response send failed
    phase: sendfile_body
=NOTICE REPORT==== 1-Jun-2026::01:38:25.922304 ===
    reason: closed
    msg: roadrunner response send failed
    phase: sendfile_body
=NOTICE REPORT==== 1-Jun-2026::01:38:25.922419 ===
    reason: closed
    msg: roadrunner response send failed
    phase: sendfile_body
=NOTICE REPORT==== 1-Jun-2026::01:38:25.923381 ===
    reason: closed
    msg: roadrunner response send failed
    phase: sendfile_body
=NOTICE REPORT==== 1-Jun-2026::01:38:25.924085 ===
    reason: closed
    msg: roadrunner response send failed
    phase: sendfile_body
=NOTICE REPORT==== 1-Jun-2026::01:38:25.924786 ===
    reason: closed
    msg: roadrunner response send failed
    phase: sendfile_body
=NOTICE REPORT==== 1-Jun-2026::01:38:25.925543 ===
    reason: closed
    msg: roadrunner response send failed
    phase: sendfile_body
=NOTICE REPORT==== 1-Jun-2026::01:38:25.926308 ===
    reason: closed
    msg: roadrunner response send failed
    phase: sendfile_body
=NOTICE REPORT==== 1-Jun-2026::01:38:25.927224 ===
    reason: closed
    msg: roadrunner response send failed
    phase: sendfile_body
=NOTICE REPORT==== 1-Jun-2026::01:38:25.927982 ===
    reason: closed
    msg: roadrunner response send failed
    phase: sendfile_body
=NOTICE REPORT==== 1-Jun-2026::01:38:25.928516 ===
    reason: closed
    msg: roadrunner response send failed
    phase: sendfile_body
=NOTICE REPORT==== 1-Jun-2026::01:38:25.929631 ===
    reason: closed
    msg: roadrunner response send failed
    phase: sendfile_body
=NOTICE REPORT==== 1-Jun-2026::01:38:25.930288 ===
    reason: closed
    msg: roadrunner response send failed
    phase: sendfile_body
=NOTICE REPORT==== 1-Jun-2026::01:38:25.930342 ===
    reason: closed
    msg: roadrunner response send failed
    phase: sendfile_body
=NOTICE REPORT==== 1-Jun-2026::01:38:25.931276 ===
    reason: closed
    msg: roadrunner response send failed
    phase: sendfile_body
=NOTICE REPORT==== 1-Jun-2026::01:38:25.932487 ===
    reason: closed
    msg: roadrunner response send failed
    phase: sendfile_body
=NOTICE REPORT==== 1-Jun-2026::01:38:25.932538 ===
    reason: closed
    msg: roadrunner response send failed
    phase: sendfile_body
=NOTICE REPORT==== 1-Jun-2026::01:38:25.932617 ===
    reason: closed
    msg: roadrunner response send failed
    phase: sendfile_body
=NOTICE REPORT==== 1-Jun-2026::01:38:25.933200 ===
    reason: closed
    msg: roadrunner response send failed
    phase: sendfile_body
=NOTICE REPORT==== 1-Jun-2026::01:38:25.933237 ===
    reason: closed
    msg: roadrunner response send failed
    phase: sendfile_body
=NOTICE REPORT==== 1-Jun-2026::01:38:25.934059 ===
    reason: closed
    msg: roadrunner response send failed
    phase: sendfile_body
=NOTICE REPORT==== 1-Jun-2026::01:38:25.935030 ===
    reason: closed
    msg: roadrunner response send failed
    phase: sendfile_body
=NOTICE REPORT==== 1-Jun-2026::01:38:25.935785 ===
    reason: closed
    msg: roadrunner response send failed
    phase: sendfile_body
=NOTICE REPORT==== 1-Jun-2026::01:38:25.935836 ===
    reason: closed
    msg: roadrunner response send failed
    phase: sendfile_body
=NOTICE REPORT==== 1-Jun-2026::01:38:25.936640 ===
    reason: closed
    msg: roadrunner response send failed
    phase: sendfile_body
=NOTICE REPORT==== 1-Jun-2026::01:38:25.937312 ===
    reason: closed
    msg: roadrunner response send failed
    phase: sendfile_body
=NOTICE REPORT==== 1-Jun-2026::01:38:25.938027 ===
    reason: closed
    msg: roadrunner response send failed
    phase: sendfile_body
=NOTICE REPORT==== 1-Jun-2026::01:38:25.938091 ===
    reason: closed
    msg: roadrunner response send failed
    phase: sendfile_body
=NOTICE REPORT==== 1-Jun-2026::01:38:25.939296 ===
    reason: closed
    msg: roadrunner response send failed
    phase: sendfile_body
=NOTICE REPORT==== 1-Jun-2026::01:38:25.940822 ===
    reason: closed
    msg: roadrunner response send failed
    phase: sendfile_body
=NOTICE REPORT==== 1-Jun-2026::01:38:25.942132 ===
    reason: closed
    msg: roadrunner response send failed
    phase: sendfile_body
=NOTICE REPORT==== 1-Jun-2026::01:38:25.942653 ===
    reason: closed
    msg: roadrunner response send failed
    phase: sendfile_body
=NOTICE REPORT==== 1-Jun-2026::01:38:25.942695 ===
    reason: closed
    msg: roadrunner response send failed
    phase: sendfile_body
=NOTICE REPORT==== 1-Jun-2026::01:38:25.943389 ===
    reason: closed
    msg: roadrunner response send failed
    phase: sendfile_body
=NOTICE REPORT==== 1-Jun-2026::01:38:25.946514 ===
    reason: closed
    msg: roadrunner response send failed
    phase: sendfile_body
=NOTICE REPORT==== 1-Jun-2026::01:38:25.947218 ===
    reason: closed
    msg: roadrunner response send failed
    phase: sendfile_body
=NOTICE REPORT==== 1-Jun-2026::01:38:25.947892 ===
    reason: closed
    msg: roadrunner response send failed
    phase: sendfile_body
=NOTICE REPORT==== 1-Jun-2026::01:38:25.949434 ===
    reason: closed
    msg: roadrunner response send failed
    phase: sendfile_body
=NOTICE REPORT==== 1-Jun-2026::01:38:25.953357 ===
    reason: closed
    msg: roadrunner response send failed
    phase: sendfile_body
=NOTICE REPORT==== 1-Jun-2026::01:38:25.954230 ===
    reason: closed
    msg: roadrunner response send failed
    phase: sendfile_body
=NOTICE REPORT==== 1-Jun-2026::01:38:25.954962 ===
    reason: closed
    msg: roadrunner response send failed
    phase: sendfile_body
=NOTICE REPORT==== 1-Jun-2026::01:38:25.955040 ===
    reason: closed
    msg: roadrunner response send failed
    phase: sendfile_body
=NOTICE REPORT==== 1-Jun-2026::01:38:25.955700 ===
    reason: closed
    msg: roadrunner response send failed
    phase: sendfile_body
=NOTICE REPORT==== 1-Jun-2026::01:38:25.955694 ===
    reason: closed
    msg: roadrunner response send failed
    phase: sendfile_body
=NOTICE REPORT==== 1-Jun-2026::01:38:25.955752 ===
    reason: closed
    msg: roadrunner response send failed
    phase: sendfile_body
=NOTICE REPORT==== 1-Jun-2026::01:38:25.956457 ===
    reason: closed
    msg: roadrunner response send failed
    phase: sendfile_body
=NOTICE REPORT==== 1-Jun-2026::01:38:25.956476 ===
    reason: closed
    msg: roadrunner response send failed
    phase: sendfile_body
=NOTICE REPORT==== 1-Jun-2026::01:38:25.958063 ===
    reason: closed
    msg: roadrunner response send failed
    phase: sendfile_body
=NOTICE REPORT==== 1-Jun-2026::01:38:25.958839 ===
    reason: closed
    msg: roadrunner response send failed
    phase: sendfile_body
=NOTICE REPORT==== 1-Jun-2026::01:38:25.959574 ===
    reason: closed
    msg: roadrunner response send failed
    phase: sendfile_body
=NOTICE REPORT==== 1-Jun-2026::01:38:25.960334 ===
    reason: closed
    msg: roadrunner response send failed
    phase: sendfile_body
=NOTICE REPORT==== 1-Jun-2026::01:38:25.961214 ===
    reason: closed
    msg: roadrunner response send failed
    phase: sendfile_body
=NOTICE REPORT==== 1-Jun-2026::01:38:25.962195 ===
    reason: closed
    msg: roadrunner response send failed
    phase: sendfile_body
=NOTICE REPORT==== 1-Jun-2026::01:38:25.962997 ===
    reason: closed
    msg: roadrunner response send failed
    phase: sendfile_body
=NOTICE REPORT==== 1-Jun-2026::01:38:25.963774 ===
    reason: closed
    msg: roadrunner response send failed
    phase: sendfile_body
=NOTICE REPORT==== 1-Jun-2026::01:38:25.964393 ===
    reason: closed
    msg: roadrunner response send failed
    phase: sendfile_body
=NOTICE REPORT==== 1-Jun-2026::01:38:25.964611 ===
    reason: closed
    msg: roadrunner response send failed
    phase: sendfile_body
=NOTICE REPORT==== 1-Jun-2026::01:38:25.964865 ===
    reason: closed
    msg: roadrunner response send failed
    phase: sendfile_body
=NOTICE REPORT==== 1-Jun-2026::01:38:25.964995 ===
    reason: closed
    msg: roadrunner response send failed
    phase: sendfile_body
=NOTICE REPORT==== 1-Jun-2026::01:38:25.965684 ===
    reason: closed
    msg: roadrunner response send failed
    phase: sendfile_body
=NOTICE REPORT==== 1-Jun-2026::01:38:25.965709 ===
    reason: closed
    msg: roadrunner response send failed
    phase: sendfile_body
=NOTICE REPORT==== 1-Jun-2026::01:38:25.966405 ===
    reason: closed
    msg: roadrunner response send failed
    phase: sendfile_body
=NOTICE REPORT==== 1-Jun-2026::01:38:25.967723 ===
    reason: closed
    msg: roadrunner response send failed
    phase: sendfile_body
=NOTICE REPORT==== 1-Jun-2026::01:38:25.968133 ===
    reason: closed
    msg: roadrunner response send failed
    phase: sendfile_body
=NOTICE REPORT==== 1-Jun-2026::01:38:25.969321 ===
    reason: closed
    msg: roadrunner response send failed
    phase: sendfile_body
=NOTICE REPORT==== 1-Jun-2026::01:38:25.970006 ===
    reason: closed
    msg: roadrunner response send failed
    phase: sendfile_body
=NOTICE REPORT==== 1-Jun-2026::01:38:25.973737 ===
    reason: closed
    msg: roadrunner response send failed
    phase: sendfile_body
=NOTICE REPORT==== 1-Jun-2026::01:38:25.974313 ===
    reason: closed
    msg: roadrunner response send failed
    phase: sendfile_body
=NOTICE REPORT==== 1-Jun-2026::01:38:25.976910 ===
    reason: closed
    msg: roadrunner response send failed
    phase: sendfile_body
=NOTICE REPORT==== 1-Jun-2026::01:38:25.977667 ===
    reason: closed
    msg: roadrunner response send failed
    phase: sendfile_body
=NOTICE REPORT==== 1-Jun-2026::01:38:25.978200 ===
    reason: closed
    msg: roadrunner response send failed
    phase: sendfile_body
=NOTICE REPORT==== 1-Jun-2026::01:38:25.978881 ===
    reason: closed
    msg: roadrunner response send failed
    phase: sendfile_body
=NOTICE REPORT==== 1-Jun-2026::01:38:25.979516 ===
    reason: closed
    msg: roadrunner response send failed
    phase: sendfile_body
=NOTICE REPORT==== 1-Jun-2026::01:38:25.980097 ===
    reason: closed
    msg: roadrunner response send failed
    phase: sendfile_body
=NOTICE REPORT==== 1-Jun-2026::01:38:25.980119 ===
    reason: closed
    msg: roadrunner response send failed
    phase: sendfile_body
=NOTICE REPORT==== 1-Jun-2026::01:38:25.980730 ===
    reason: closed
    msg: roadrunner response send failed
    phase: sendfile_body
=NOTICE REPORT==== 1-Jun-2026::01:38:25.980746 ===
    reason: closed
    msg: roadrunner response send failed
    phase: sendfile_body
=NOTICE REPORT==== 1-Jun-2026::01:38:25.980796 ===
    reason: closed
    msg: roadrunner response send failed
    phase: sendfile_body
=NOTICE REPORT==== 1-Jun-2026::01:38:25.981433 ===
    reason: closed
    msg: roadrunner response send failed
    phase: sendfile_body
=NOTICE REPORT==== 1-Jun-2026::01:38:25.981668 ===
    reason: closed
    msg: roadrunner response send failed
    phase: sendfile_body
=NOTICE REPORT==== 1-Jun-2026::01:38:25.981929 ===
    reason: closed
    msg: roadrunner response send failed
    phase: sendfile_body
=NOTICE REPORT==== 1-Jun-2026::01:38:25.984235 ===
    reason: closed
    msg: roadrunner response send failed
    phase: sendfile_body
=NOTICE REPORT==== 1-Jun-2026::01:38:25.984829 ===
    reason: closed
    msg: roadrunner response send failed
    phase: sendfile_body
=NOTICE REPORT==== 1-Jun-2026::01:38:25.985941 ===
    reason: closed
    msg: roadrunner response send failed
    phase: sendfile_body
=NOTICE REPORT==== 1-Jun-2026::01:38:25.985953 ===
    reason: closed
    msg: roadrunner response send failed
    phase: sendfile_body
=NOTICE REPORT==== 1-Jun-2026::01:38:25.985993 ===
    reason: closed
    msg: roadrunner response send failed
    phase: sendfile_body
=NOTICE REPORT==== 1-Jun-2026::01:38:25.986982 ===
    reason: closed
    msg: roadrunner response send failed
    phase: sendfile_body
=NOTICE REPORT==== 1-Jun-2026::01:38:25.987290 ===
    reason: closed
    msg: roadrunner response send failed
    phase: sendfile_body
=NOTICE REPORT==== 1-Jun-2026::01:38:25.988203 ===
    reason: closed
    msg: roadrunner response send failed
    phase: sendfile_body
=NOTICE REPORT==== 1-Jun-2026::01:38:25.988787 ===
    reason: closed
    msg: roadrunner response send failed
    phase: sendfile_body
=NOTICE REPORT==== 1-Jun-2026::01:38:25.990233 ===
    reason: closed
    msg: roadrunner response send failed
    phase: sendfile_body
=NOTICE REPORT==== 1-Jun-2026::01:38:25.992246 ===
    reason: closed
    msg: roadrunner response send failed
    phase: sendfile_body
=NOTICE REPORT==== 1-Jun-2026::01:38:25.992335 ===
    reason: closed
    msg: roadrunner response send failed
    phase: sendfile_body
=NOTICE REPORT==== 1-Jun-2026::01:38:25.993827 ===
    reason: closed
    msg: roadrunner response send failed
    phase: sendfile_body
=NOTICE REPORT==== 1-Jun-2026::01:38:25.994480 ===
    reason: closed
    msg: roadrunner response send failed
    phase: sendfile_body
=NOTICE REPORT==== 1-Jun-2026::01:38:25.994523 ===
    reason: closed
    msg: roadrunner response send failed
    phase: sendfile_body
=NOTICE REPORT==== 1-Jun-2026::01:38:25.994573 ===
    reason: closed
    msg: roadrunner response send failed
    phase: sendfile_body
=NOTICE REPORT==== 1-Jun-2026::01:38:25.994602 ===
    reason: closed
    msg: roadrunner response send failed
    phase: sendfile_body
=NOTICE REPORT==== 1-Jun-2026::01:38:25.995154 ===
    reason: closed
    msg: roadrunner response send failed
    phase: sendfile_body
=NOTICE REPORT==== 1-Jun-2026::01:38:25.995958 ===
    reason: closed
    msg: roadrunner response send failed
    phase: sendfile_body
=NOTICE REPORT==== 1-Jun-2026::01:38:25.999339 ===
    reason: closed
    msg: roadrunner response send failed
    phase: sendfile_body
=NOTICE REPORT==== 1-Jun-2026::01:38:25.999365 ===
    reason: closed
    msg: roadrunner response send failed
    phase: sendfile_body
=NOTICE REPORT==== 1-Jun-2026::01:38:25.999981 ===
    reason: closed
    msg: roadrunner response send failed
    phase: sendfile_body
=NOTICE REPORT==== 1-Jun-2026::01:38:25.999994 ===
    reason: closed
    msg: roadrunner response send failed
    phase: sendfile_body
=NOTICE REPORT==== 1-Jun-2026::01:38:26.000573 ===
    reason: closed
    msg: roadrunner response send failed
    phase: sendfile_body
=NOTICE REPORT==== 1-Jun-2026::01:38:26.001138 ===
    reason: closed
    msg: roadrunner response send failed
    phase: sendfile_body
=NOTICE REPORT==== 1-Jun-2026::01:38:26.005465 ===
    reason: closed
    msg: roadrunner response send failed
    phase: sendfile_body
=NOTICE REPORT==== 1-Jun-2026::01:38:26.006060 ===
    reason: closed
    msg: roadrunner response send failed
    phase: sendfile_body
=NOTICE REPORT==== 1-Jun-2026::01:38:26.006119 ===
    reason: closed
    msg: roadrunner response send failed
    phase: sendfile_body
=NOTICE REPORT==== 1-Jun-2026::01:38:26.006636 ===
    reason: closed
    msg: roadrunner response send failed
    phase: sendfile_body
=NOTICE REPORT==== 1-Jun-2026::01:38:26.007234 ===
    reason: closed
    msg: roadrunner response send failed
    phase: sendfile_body
=NOTICE REPORT==== 1-Jun-2026::01:38:26.008205 ===
    reason: closed
    msg: roadrunner response send failed
    phase: sendfile_body
=NOTICE REPORT==== 1-Jun-2026::01:38:26.008545 ===
    reason: closed
    msg: roadrunner response send failed
    phase: sendfile_body
=NOTICE REPORT==== 1-Jun-2026::01:38:26.008884 ===
    reason: closed
    msg: roadrunner response send failed
    phase: sendfile_body
=NOTICE REPORT==== 1-Jun-2026::01:38:26.009003 ===
    reason: closed
    msg: roadrunner response send failed
    phase: sendfile_body
=NOTICE REPORT==== 1-Jun-2026::01:38:26.011932 ===
    reason: closed
    msg: roadrunner response send failed
    phase: sendfile_body
=NOTICE REPORT==== 1-Jun-2026::01:38:26.015581 ===
    reason: closed
    msg: roadrunner response send failed
    phase: sendfile_body
=NOTICE REPORT==== 1-Jun-2026::01:38:26.017869 ===
    reason: closed
    msg: roadrunner response send failed
    phase: sendfile_body
=NOTICE REPORT==== 1-Jun-2026::01:38:26.022093 ===
    reason: closed
    msg: roadrunner response send failed
    phase: sendfile_body
=NOTICE REPORT==== 1-Jun-2026::01:38:26.022654 ===
    reason: closed
    msg: roadrunner response send failed
    phase: sendfile_body
=NOTICE REPORT==== 1-Jun-2026::01:38:26.022758 ===
    reason: closed
    msg: roadrunner response send failed
    phase: sendfile_body
=NOTICE REPORT==== 1-Jun-2026::01:38:26.023393 ===
    reason: closed
    msg: roadrunner response send failed
    phase: sendfile_body
=NOTICE REPORT==== 1-Jun-2026::01:38:26.023986 ===
    reason: closed
    msg: roadrunner response send failed
    phase: sendfile_body
=NOTICE REPORT==== 1-Jun-2026::01:38:26.024981 ===
    reason: closed
    msg: roadrunner response send failed
    phase: sendfile_body
=NOTICE REPORT==== 1-Jun-2026::01:38:26.025060 ===
    reason: closed
    msg: roadrunner response send failed
    phase: sendfile_body
=NOTICE REPORT==== 1-Jun-2026::01:38:26.026493 ===
    reason: closed
    msg: roadrunner response send failed
    phase: sendfile_body
=NOTICE REPORT==== 1-Jun-2026::01:38:26.027077 ===
    reason: closed
    msg: roadrunner response send failed
    phase: sendfile_body
=NOTICE REPORT==== 1-Jun-2026::01:38:26.027586 ===
    reason: closed
    msg: roadrunner response send failed
    phase: sendfile_body
=NOTICE REPORT==== 1-Jun-2026::01:38:26.028233 ===
    reason: closed
    msg: roadrunner response send failed
    phase: sendfile_body
=NOTICE REPORT==== 1-Jun-2026::01:38:26.029260 ===
    reason: closed
    msg: roadrunner response send failed
    phase: sendfile_body
=NOTICE REPORT==== 1-Jun-2026::01:38:26.029810 ===
    reason: closed
    msg: roadrunner response send failed
    phase: sendfile_body
=NOTICE REPORT==== 1-Jun-2026::01:38:26.030758 ===
    reason: closed
    msg: roadrunner response send failed
    phase: sendfile_body
=NOTICE REPORT==== 1-Jun-2026::01:38:26.030870 ===
    reason: closed
    msg: roadrunner response send failed
    phase: sendfile_body
=NOTICE REPORT==== 1-Jun-2026::01:38:26.031406 ===
    reason: closed
    msg: roadrunner response send failed
    phase: sendfile_body
=NOTICE REPORT==== 1-Jun-2026::01:38:26.032573 ===
    reason: closed
    msg: roadrunner response send failed
    phase: sendfile_body
=NOTICE REPORT==== 1-Jun-2026::01:38:26.033162 ===
    reason: closed
    msg: roadrunner response send failed
    phase: sendfile_body
=NOTICE REPORT==== 1-Jun-2026::01:38:26.033817 ===
    reason: closed
    msg: roadrunner response send failed
    phase: sendfile_body
=NOTICE REPORT==== 1-Jun-2026::01:38:26.034383 ===
    reason: closed
    msg: roadrunner response send failed
    phase: sendfile_body
=NOTICE REPORT==== 1-Jun-2026::01:38:26.035073 ===
    reason: closed
    msg: roadrunner response send failed
    phase: sendfile_body
=NOTICE REPORT==== 1-Jun-2026::01:38:26.035332 ===
    reason: closed
    msg: roadrunner response send failed
    phase: sendfile_body
=NOTICE REPORT==== 1-Jun-2026::01:38:26.036391 ===
    reason: closed
    msg: roadrunner response send failed
    phase: sendfile_body
=NOTICE REPORT==== 1-Jun-2026::01:38:26.037072 ===
    reason: closed
    msg: roadrunner response send failed
    phase: sendfile_body
=NOTICE REPORT==== 1-Jun-2026::01:38:26.037610 ===
    reason: closed
    msg: roadrunner response send failed
    phase: sendfile_body
=NOTICE REPORT==== 1-Jun-2026::01:38:26.040649 ===
    reason: closed
    msg: roadrunner response send failed
    phase: sendfile_body
=NOTICE REPORT==== 1-Jun-2026::01:38:26.040659 ===
    reason: closed
    msg: roadrunner response send failed
    phase: sendfile_body
=NOTICE REPORT==== 1-Jun-2026::01:38:26.042408 ===
    reason: closed
    msg: roadrunner response send failed
    phase: sendfile_body
=NOTICE REPORT==== 1-Jun-2026::01:38:26.042494 ===
    reason: closed
    msg: roadrunner response send failed
    phase: sendfile_body
=NOTICE REPORT==== 1-Jun-2026::01:38:26.043043 ===
    reason: closed
    msg: roadrunner response send failed
    phase: sendfile_body
=NOTICE REPORT==== 1-Jun-2026::01:38:26.043629 ===
    reason: closed
    msg: roadrunner response send failed
    phase: sendfile_body
=NOTICE REPORT==== 1-Jun-2026::01:38:26.044464 ===
    reason: closed
    msg: roadrunner response send failed
    phase: sendfile_body
=NOTICE REPORT==== 1-Jun-2026::01:38:26.045335 ===
    reason: closed
    msg: roadrunner response send failed
    phase: sendfile_body
=NOTICE REPORT==== 1-Jun-2026::01:38:26.045572 ===
    reason: closed
    msg: roadrunner response send failed
    phase: sendfile_body
=NOTICE REPORT==== 1-Jun-2026::01:38:26.045639 ===
    reason: closed
    msg: roadrunner response send failed
    phase: sendfile_body
=NOTICE REPORT==== 1-Jun-2026::01:38:26.048573 ===
    reason: closed
    msg: roadrunner response send failed
    phase: sendfile_body
=NOTICE REPORT==== 1-Jun-2026::01:38:26.050062 ===
    reason: closed
    msg: roadrunner response send failed
    phase: sendfile_body
=NOTICE REPORT==== 1-Jun-2026::01:38:26.050126 ===
    reason: closed
    msg: roadrunner response send failed
    phase: sendfile_body
=NOTICE REPORT==== 1-Jun-2026::01:38:26.051078 ===
    reason: closed
    msg: roadrunner response send failed
    phase: sendfile_body
=NOTICE REPORT==== 1-Jun-2026::01:38:26.052467 ===
    reason: closed
    msg: roadrunner response send failed
    phase: sendfile_body
=NOTICE REPORT==== 1-Jun-2026::01:38:26.052525 ===
    reason: closed
    msg: roadrunner response send failed
    phase: sendfile_body
=NOTICE REPORT==== 1-Jun-2026::01:38:26.052532 ===
    reason: closed
    msg: roadrunner response send failed
    phase: sendfile_body
=NOTICE REPORT==== 1-Jun-2026::01:38:26.053480 ===
    reason: closed
    msg: roadrunner response send failed
    phase: sendfile_body
=NOTICE REPORT==== 1-Jun-2026::01:38:26.053644 ===
    reason: closed
    msg: roadrunner response send failed
    phase: sendfile_body
=NOTICE REPORT==== 1-Jun-2026::01:38:26.054231 ===
    reason: closed
    msg: roadrunner response send failed
    phase: sendfile_body
=NOTICE REPORT==== 1-Jun-2026::01:38:26.054222 ===
    reason: closed
    msg: roadrunner response send failed
    phase: sendfile_body
=NOTICE REPORT==== 1-Jun-2026::01:38:26.054271 ===
    reason: closed
    msg: roadrunner response send failed
    phase: sendfile_body
=NOTICE REPORT==== 1-Jun-2026::01:38:26.056689 ===
    reason: closed
    msg: roadrunner response send failed
    phase: sendfile_body
=NOTICE REPORT==== 1-Jun-2026::01:38:26.057162 ===
    reason: closed
    msg: roadrunner response send failed
    phase: sendfile_body
=NOTICE REPORT==== 1-Jun-2026::01:38:26.057261 ===
    reason: closed
    msg: roadrunner response send failed
    phase: sendfile_body
=NOTICE REPORT==== 1-Jun-2026::01:38:26.057790 ===
    reason: closed
    msg: roadrunner response send failed
    phase: sendfile_body
=NOTICE REPORT==== 1-Jun-2026::01:38:26.060637 ===
    reason: closed
    msg: roadrunner response send failed
    phase: sendfile_body
=NOTICE REPORT==== 1-Jun-2026::01:38:26.061229 ===
    reason: closed
    msg: roadrunner response send failed
    phase: sendfile_body
=NOTICE REPORT==== 1-Jun-2026::01:38:26.064014 ===
    reason: closed
    msg: roadrunner response send failed
    phase: sendfile_body
=NOTICE REPORT==== 1-Jun-2026::01:38:26.064541 ===
    reason: closed
    msg: roadrunner response send failed
    phase: sendfile_body
=NOTICE REPORT==== 1-Jun-2026::01:38:26.065912 ===
    reason: closed
    msg: roadrunner response send failed
    phase: sendfile_body
=NOTICE REPORT==== 1-Jun-2026::01:38:26.066650 ===
    reason: closed
    msg: roadrunner response send failed
    phase: sendfile_body
=NOTICE REPORT==== 1-Jun-2026::01:38:26.066891 ===
    reason: closed
    msg: roadrunner response send failed
    phase: sendfile_body
=NOTICE REPORT==== 1-Jun-2026::01:38:26.067384 ===
    reason: closed
    msg: roadrunner response send failed
    phase: sendfile_body
=NOTICE REPORT==== 1-Jun-2026::01:38:26.067880 ===
    reason: closed
    msg: roadrunner response send failed
    phase: sendfile_body
=NOTICE REPORT==== 1-Jun-2026::01:38:26.069658 ===
    reason: closed
    msg: roadrunner response send failed
    phase: sendfile_body
=NOTICE REPORT==== 1-Jun-2026::01:38:26.070274 ===
    reason: closed
    msg: roadrunner response send failed
    phase: sendfile_body
=NOTICE REPORT==== 1-Jun-2026::01:38:26.070306 ===
    reason: closed
    msg: roadrunner response send failed
    phase: sendfile_body
=NOTICE REPORT==== 1-Jun-2026::01:38:26.071150 ===
    reason: closed
    msg: roadrunner response send failed
    phase: sendfile_body
=NOTICE REPORT==== 1-Jun-2026::01:38:26.071444 ===
    reason: closed
    msg: roadrunner response send failed
    phase: sendfile_body
=NOTICE REPORT==== 1-Jun-2026::01:38:26.072090 ===
    reason: closed
    msg: roadrunner response send failed
    phase: sendfile_body
=NOTICE REPORT==== 1-Jun-2026::01:38:26.072084 ===
    reason: closed
    msg: roadrunner response send failed
    phase: sendfile_body
=NOTICE REPORT==== 1-Jun-2026::01:38:26.072669 ===
    reason: closed
    msg: roadrunner response send failed
    phase: sendfile_body
=NOTICE REPORT==== 1-Jun-2026::01:38:26.073066 ===
    reason: closed
    msg: roadrunner response send failed
    phase: sendfile_body
=NOTICE REPORT==== 1-Jun-2026::01:38:26.073089 ===
    reason: closed
    msg: roadrunner response send failed
    phase: sendfile_body
=NOTICE REPORT==== 1-Jun-2026::01:38:26.073670 ===
    reason: closed
    msg: roadrunner response send failed
    phase: sendfile_body
=NOTICE REPORT==== 1-Jun-2026::01:38:26.074619 ===
    reason: closed
    msg: roadrunner response send failed
    phase: sendfile_body
=NOTICE REPORT==== 1-Jun-2026::01:38:26.075100 ===
    reason: closed
    msg: roadrunner response send failed
    phase: sendfile_body
=NOTICE REPORT==== 1-Jun-2026::01:38:26.076096 ===
    reason: closed
    msg: roadrunner response send failed
    phase: sendfile_body
=NOTICE REPORT==== 1-Jun-2026::01:38:26.076790 ===
    reason: closed
    msg: roadrunner response send failed
    phase: sendfile_body
=NOTICE REPORT==== 1-Jun-2026::01:38:26.076812 ===
    reason: closed
    msg: roadrunner response send failed
    phase: sendfile_body
=NOTICE REPORT==== 1-Jun-2026::01:38:26.077224 ===
    reason: closed
    msg: roadrunner response send failed
    phase: sendfile_body
=NOTICE REPORT==== 1-Jun-2026::01:38:26.078046 ===
    reason: closed
    msg: roadrunner response send failed
    phase: sendfile_body
=NOTICE REPORT==== 1-Jun-2026::01:38:26.078154 ===
    reason: closed
    msg: roadrunner response send failed
    phase: sendfile_body
=NOTICE REPORT==== 1-Jun-2026::01:38:26.078164 ===
    reason: closed
    msg: roadrunner response send failed
    phase: sendfile_body
=NOTICE REPORT==== 1-Jun-2026::01:38:26.078726 ===
    reason: closed
    msg: roadrunner response send failed
    phase: sendfile_body
=NOTICE REPORT==== 1-Jun-2026::01:38:26.079059 ===
    reason: closed
    msg: roadrunner response send failed
    phase: sendfile_body
=NOTICE REPORT==== 1-Jun-2026::01:38:26.079629 ===
    reason: closed
    msg: roadrunner response send failed
    phase: sendfile_body
=NOTICE REPORT==== 1-Jun-2026::01:38:26.080401 ===
    reason: closed
    msg: roadrunner response send failed
    phase: sendfile_body
=NOTICE REPORT==== 1-Jun-2026::01:38:26.081285 ===
    reason: closed
    msg: roadrunner response send failed
    phase: sendfile_body
=NOTICE REPORT==== 1-Jun-2026::01:38:26.081775 ===
    reason: closed
    msg: roadrunner response send failed
    phase: sendfile_body
=NOTICE REPORT==== 1-Jun-2026::01:38:26.082172 ===
    reason: closed
    msg: roadrunner response send failed
    phase: sendfile_body
=NOTICE REPORT==== 1-Jun-2026::01:38:26.082760 ===
    reason: closed
    msg: roadrunner response send failed
    phase: sendfile_body
=NOTICE REPORT==== 1-Jun-2026::01:38:26.083167 ===
    reason: closed
    msg: roadrunner response send failed
    phase: sendfile_body
=NOTICE REPORT==== 1-Jun-2026::01:38:26.083550 ===
    reason: closed
    msg: roadrunner response send failed
    phase: sendfile_body
=NOTICE REPORT==== 1-Jun-2026::01:38:26.083974 ===
    reason: closed
    msg: roadrunner response send failed
    phase: sendfile_body
=NOTICE REPORT==== 1-Jun-2026::01:38:26.084502 ===
    reason: closed
    msg: roadrunner response send failed
    phase: sendfile_body
=NOTICE REPORT==== 1-Jun-2026::01:38:26.084979 ===
    reason: closed
    msg: roadrunner response send failed
    phase: sendfile_body
=NOTICE REPORT==== 1-Jun-2026::01:38:26.085010 ===
    reason: closed
    msg: roadrunner response send failed
    phase: sendfile_body
=NOTICE REPORT==== 1-Jun-2026::01:38:26.085917 ===
    reason: closed
    msg: roadrunner response send failed
    phase: sendfile_body
=NOTICE REPORT==== 1-Jun-2026::01:38:26.086816 ===
    reason: closed
    msg: roadrunner response send failed
    phase: sendfile_body
=NOTICE REPORT==== 1-Jun-2026::01:38:26.086832 ===
    reason: closed
    msg: roadrunner response send failed
    phase: sendfile_body
=NOTICE REPORT==== 1-Jun-2026::01:38:26.088262 ===
    reason: closed
    msg: roadrunner response send failed
    phase: sendfile_body
=NOTICE REPORT==== 1-Jun-2026::01:38:26.090068 ===
    reason: closed
    msg: roadrunner response send failed
    phase: sendfile_body
=NOTICE REPORT==== 1-Jun-2026::01:38:26.090473 ===
    reason: closed
    msg: roadrunner response send failed
    phase: sendfile_body
=NOTICE REPORT==== 1-Jun-2026::01:38:26.090961 ===
    reason: closed
    msg: roadrunner response send failed
    phase: sendfile_body
=NOTICE REPORT==== 1-Jun-2026::01:38:26.092212 ===
    reason: closed
    msg: roadrunner response send failed
    phase: sendfile_body
=NOTICE REPORT==== 1-Jun-2026::01:38:26.092756 ===
    reason: closed
    msg: roadrunner response send failed
    phase: sendfile_body
=NOTICE REPORT==== 1-Jun-2026::01:38:26.093873 ===
    reason: closed
    msg: roadrunner response send failed
    phase: sendfile_body
=NOTICE REPORT==== 1-Jun-2026::01:38:26.094084 ===
    reason: closed
    msg: roadrunner response send failed
    phase: sendfile_body
=NOTICE REPORT==== 1-Jun-2026::01:38:26.094085 ===
    reason: closed
    msg: roadrunner response send failed
    phase: sendfile_body
=NOTICE REPORT==== 1-Jun-2026::01:38:26.094372 ===
    reason: closed
    msg: roadrunner response send failed
    phase: sendfile_body
=NOTICE REPORT==== 1-Jun-2026::01:38:26.095277 ===
    reason: closed
    msg: roadrunner response send failed
    phase: sendfile_body
=NOTICE REPORT==== 1-Jun-2026::01:38:26.095296 ===
    reason: closed
    msg: roadrunner response send failed
    phase: sendfile_body
=NOTICE REPORT==== 1-Jun-2026::01:38:26.096217 ===
    reason: closed
    msg: roadrunner response send failed
    phase: sendfile_body
=NOTICE REPORT==== 1-Jun-2026::01:38:26.097780 ===
    reason: closed
    msg: roadrunner response send failed
    phase: sendfile_body
=NOTICE REPORT==== 1-Jun-2026::01:38:26.099316 ===
    reason: closed
    msg: roadrunner response send failed
    phase: sendfile_body
=NOTICE REPORT==== 1-Jun-2026::01:38:26.099728 ===
    reason: closed
    msg: roadrunner response send failed
    phase: sendfile_body
=NOTICE REPORT==== 1-Jun-2026::01:38:26.099814 ===
    reason: closed
    msg: roadrunner response send failed
    phase: sendfile_body
=NOTICE REPORT==== 1-Jun-2026::01:38:26.100181 ===
    reason: closed
    msg: roadrunner response send failed
    phase: sendfile_body
=NOTICE REPORT==== 1-Jun-2026::01:38:26.100749 ===
    reason: closed
    msg: roadrunner response send failed
    phase: sendfile_body
=NOTICE REPORT==== 1-Jun-2026::01:38:26.100993 ===
    reason: closed
    msg: roadrunner response send failed
    phase: sendfile_body
=NOTICE REPORT==== 1-Jun-2026::01:38:26.101064 ===
    reason: closed
    msg: roadrunner response send failed
    phase: sendfile_body
=NOTICE REPORT==== 1-Jun-2026::01:38:26.101204 ===
    reason: closed
    msg: roadrunner response send failed
    phase: sendfile_body
=NOTICE REPORT==== 1-Jun-2026::01:38:26.101250 ===
    reason: closed
    msg: roadrunner response send failed
    phase: sendfile_body
=NOTICE REPORT==== 1-Jun-2026::01:38:26.101748 ===
    reason: closed
    msg: roadrunner response send failed
    phase: sendfile_body
=NOTICE REPORT==== 1-Jun-2026::01:38:26.102217 ===
    reason: closed
    msg: roadrunner response send failed
    phase: sendfile_body
=NOTICE REPORT==== 1-Jun-2026::01:38:26.102603 ===
    reason: closed
    msg: roadrunner response send failed
    phase: sendfile_body
=NOTICE REPORT==== 1-Jun-2026::01:38:26.102995 ===
    reason: closed
    msg: roadrunner response send failed
    phase: sendfile_body
=NOTICE REPORT==== 1-Jun-2026::01:38:26.103533 ===
    reason: closed
    msg: roadrunner response send failed
    phase: sendfile_body
=NOTICE REPORT==== 1-Jun-2026::01:38:26.103924 ===
    reason: closed
    msg: roadrunner response send failed
    phase: sendfile_body
=NOTICE REPORT==== 1-Jun-2026::01:38:26.104731 ===
    reason: closed
    msg: roadrunner response send failed
    phase: sendfile_body
=NOTICE REPORT==== 1-Jun-2026::01:38:26.105075 ===
    reason: closed
    msg: roadrunner response send failed
    phase: sendfile_body
=NOTICE REPORT==== 1-Jun-2026::01:38:26.105350 ===
    reason: closed
    msg: roadrunner response send failed
    phase: sendfile_body
=NOTICE REPORT==== 1-Jun-2026::01:38:26.105744 ===
    reason: closed
    msg: roadrunner response send failed
    phase: sendfile_body
=NOTICE REPORT==== 1-Jun-2026::01:38:26.105941 ===
    reason: closed
    msg: roadrunner response send failed
    phase: sendfile_body
=NOTICE REPORT==== 1-Jun-2026::01:38:26.107924 ===
    reason: closed
    msg: roadrunner response send failed
    phase: sendfile_body
=NOTICE REPORT==== 1-Jun-2026::01:38:26.108120 ===
    reason: closed
    msg: roadrunner response send failed
    phase: sendfile_body
=NOTICE REPORT==== 1-Jun-2026::01:38:26.108016 ===
    reason: closed
    msg: roadrunner response send failed
    phase: sendfile_body
=NOTICE REPORT==== 1-Jun-2026::01:38:26.108275 ===
    reason: closed
    msg: roadrunner response send failed
    phase: sendfile_body
=NOTICE REPORT==== 1-Jun-2026::01:38:26.108955 ===
    reason: closed
    msg: roadrunner response send failed
    phase: sendfile_body
=NOTICE REPORT==== 1-Jun-2026::01:38:26.108971 ===
    reason: closed
    msg: roadrunner response send failed
    phase: sendfile_body
=NOTICE REPORT==== 1-Jun-2026::01:38:26.109329 ===
    reason: closed
    msg: roadrunner response send failed
    phase: sendfile_body
=NOTICE REPORT==== 1-Jun-2026::01:38:26.109801 ===
    reason: closed
    msg: roadrunner response send failed
    phase: sendfile_body
=NOTICE REPORT==== 1-Jun-2026::01:38:26.110166 ===
    reason: closed
    msg: roadrunner response send failed
    phase: sendfile_body
=NOTICE REPORT==== 1-Jun-2026::01:38:26.111092 ===
    reason: closed
    msg: roadrunner response send failed
    phase: sendfile_body
=NOTICE REPORT==== 1-Jun-2026::01:38:26.111294 ===
    reason: closed
    msg: roadrunner response send failed
    phase: sendfile_body
=NOTICE REPORT==== 1-Jun-2026::01:38:26.111164 ===
    reason: closed
    msg: roadrunner response send failed
    phase: sendfile_body
=NOTICE REPORT==== 1-Jun-2026::01:38:26.111425 ===
    reason: closed
    msg: roadrunner response send failed
    phase: sendfile_body
=NOTICE REPORT==== 1-Jun-2026::01:38:26.111537 ===
    reason: closed
    msg: roadrunner response send failed
    phase: sendfile_body
=NOTICE REPORT==== 1-Jun-2026::01:38:26.112048 ===
    reason: closed
    msg: roadrunner response send failed
    phase: sendfile_body
=NOTICE REPORT==== 1-Jun-2026::01:38:26.112959 ===
    reason: closed
    msg: roadrunner response send failed
    phase: sendfile_body
=NOTICE REPORT==== 1-Jun-2026::01:38:26.113659 ===
    reason: closed
    msg: roadrunner response send failed
    phase: sendfile_body
=NOTICE REPORT==== 1-Jun-2026::01:38:26.113665 ===
    reason: closed
    msg: roadrunner response send failed
    phase: sendfile_body
=NOTICE REPORT==== 1-Jun-2026::01:38:26.113735 ===
    reason: closed
    msg: roadrunner response send failed
    phase: sendfile_body
=NOTICE REPORT==== 1-Jun-2026::01:38:26.114241 ===
    reason: closed
    msg: roadrunner response send failed
    phase: sendfile_body
=NOTICE REPORT==== 1-Jun-2026::01:38:26.114893 ===
    reason: closed
    msg: roadrunner response send failed
    phase: sendfile_body
=NOTICE REPORT==== 1-Jun-2026::01:38:26.115324 ===
    reason: closed
    msg: roadrunner response send failed
    phase: sendfile_body
=NOTICE REPORT==== 1-Jun-2026::01:38:26.115603 ===
    reason: closed
    msg: roadrunner response send failed
    phase: sendfile_body
=NOTICE REPORT==== 1-Jun-2026::01:38:26.116731 ===
    reason: closed
    msg: roadrunner response send failed
    phase: sendfile_body
=NOTICE REPORT==== 1-Jun-2026::01:38:26.116911 ===
    reason: closed
    msg: roadrunner response send failed
    phase: sendfile_body
=NOTICE REPORT==== 1-Jun-2026::01:38:26.117200 ===
    reason: closed
    msg: roadrunner response send failed
    phase: sendfile_body
=NOTICE REPORT==== 1-Jun-2026::01:38:26.118451 ===
    reason: closed
    msg: roadrunner response send failed
    phase: sendfile_body
=NOTICE REPORT==== 1-Jun-2026::01:38:26.118464 ===
    reason: closed
    msg: roadrunner response send failed
    phase: sendfile_body
=NOTICE REPORT==== 1-Jun-2026::01:38:26.118480 ===
    reason: closed
    msg: roadrunner response send failed
    phase: sendfile_body
=NOTICE REPORT==== 1-Jun-2026::01:38:26.118495 ===
    reason: closed
    msg: roadrunner response send failed
    phase: sendfile_body
=NOTICE REPORT==== 1-Jun-2026::01:38:26.119020 ===
    reason: closed
    msg: roadrunner response send failed
    phase: sendfile_body
=NOTICE REPORT==== 1-Jun-2026::01:38:26.119723 ===
    reason: closed
    msg: roadrunner response send failed
    phase: sendfile_body
=NOTICE REPORT==== 1-Jun-2026::01:38:26.119995 ===
    reason: closed
    msg: roadrunner response send failed
    phase: sendfile_body
=NOTICE REPORT==== 1-Jun-2026::01:38:26.120066 ===
    reason: closed
    msg: roadrunner response send failed
    phase: sendfile_body
=NOTICE REPORT==== 1-Jun-2026::01:38:26.120084 ===
    reason: closed
    msg: roadrunner response send failed
    phase: sendfile_body
=NOTICE REPORT==== 1-Jun-2026::01:38:26.120840 ===
    reason: closed
    msg: roadrunner response send failed
    phase: sendfile_body
=NOTICE REPORT==== 1-Jun-2026::01:38:26.121028 ===
    reason: closed
    msg: roadrunner response send failed
    phase: sendfile_body
=NOTICE REPORT==== 1-Jun-2026::01:38:26.121679 ===
    reason: closed
    msg: roadrunner response send failed
    phase: sendfile_body
=NOTICE REPORT==== 1-Jun-2026::01:38:26.121728 ===
    reason: closed
    msg: roadrunner response send failed
    phase: sendfile_body
=NOTICE REPORT==== 1-Jun-2026::01:38:26.122153 ===
    reason: closed
    msg: roadrunner response send failed
    phase: sendfile_body
=NOTICE REPORT==== 1-Jun-2026::01:38:26.122279 ===
    reason: closed
    msg: roadrunner response send failed
    phase: sendfile_body
=NOTICE REPORT==== 1-Jun-2026::01:38:26.122395 ===
    reason: closed
    msg: roadrunner response send failed
    phase: sendfile_body
=NOTICE REPORT==== 1-Jun-2026::01:38:26.122552 ===
    reason: closed
    msg: roadrunner response send failed
    phase: sendfile_body
=NOTICE REPORT==== 1-Jun-2026::01:38:26.122716 ===
    reason: closed
    msg: roadrunner response send failed
    phase: sendfile_body
=NOTICE REPORT==== 1-Jun-2026::01:38:26.122707 ===
    reason: closed
    msg: roadrunner response send failed
    phase: sendfile_body
=NOTICE REPORT==== 1-Jun-2026::01:38:26.122821 ===
    reason: closed
    msg: roadrunner response send failed
    phase: sendfile_body
=NOTICE REPORT==== 1-Jun-2026::01:38:26.122962 ===
    reason: closed
    msg: roadrunner response send failed
    phase: sendfile_body
=NOTICE REPORT==== 1-Jun-2026::01:38:26.124019 ===
    reason: closed
    msg: roadrunner response send failed
    phase: sendfile_body
=NOTICE REPORT==== 1-Jun-2026::01:38:26.124115 ===
    reason: closed
    msg: roadrunner response send failed
    phase: sendfile_body
=NOTICE REPORT==== 1-Jun-2026::01:38:26.125261 ===
    reason: closed
    msg: roadrunner response send failed
    phase: sendfile_body
=NOTICE REPORT==== 1-Jun-2026::01:38:26.125606 ===
    reason: closed
    msg: roadrunner response send failed
    phase: sendfile_body
=NOTICE REPORT==== 1-Jun-2026::01:38:26.125550 ===
    reason: closed
    msg: roadrunner response send failed
    phase: sendfile_body
=NOTICE REPORT==== 1-Jun-2026::01:38:26.125999 ===
    reason: closed
    msg: roadrunner response send failed
    phase: sendfile_body
=NOTICE REPORT==== 1-Jun-2026::01:38:26.126544 ===
    reason: closed
    msg: roadrunner response send failed
    phase: sendfile_body
=NOTICE REPORT==== 1-Jun-2026::01:38:26.126925 ===
    reason: closed
    msg: roadrunner response send failed
    phase: sendfile_body
=NOTICE REPORT==== 1-Jun-2026::01:38:26.128055 ===
    reason: closed
    msg: roadrunner response send failed
    phase: sendfile_body
=NOTICE REPORT==== 1-Jun-2026::01:38:26.128323 ===
    reason: closed
    msg: roadrunner response send failed
    phase: sendfile_body
=NOTICE REPORT==== 1-Jun-2026::01:38:26.129030 ===
    reason: closed
    msg: roadrunner response send failed
    phase: sendfile_body
=NOTICE REPORT==== 1-Jun-2026::01:38:26.129184 ===
    reason: closed
    msg: roadrunner response send failed
    phase: sendfile_body
=NOTICE REPORT==== 1-Jun-2026::01:38:26.129153 ===
    reason: closed
    msg: roadrunner response send failed
    phase: sendfile_body
=NOTICE REPORT==== 1-Jun-2026::01:38:26.129925 ===
    reason: closed
    msg: roadrunner response send failed
    phase: sendfile_body
=NOTICE REPORT==== 1-Jun-2026::01:38:26.130091 ===
    reason: closed
    msg: roadrunner response send failed
    phase: sendfile_body
=NOTICE REPORT==== 1-Jun-2026::01:38:26.130858 ===
    reason: closed
    msg: roadrunner response send failed
    phase: sendfile_body
=NOTICE REPORT==== 1-Jun-2026::01:38:26.131516 ===
    reason: closed
    msg: roadrunner response send failed
    phase: sendfile_body
=NOTICE REPORT==== 1-Jun-2026::01:38:26.131870 ===
    reason: closed
    msg: roadrunner response send failed
    phase: sendfile_body
=NOTICE REPORT==== 1-Jun-2026::01:38:26.132167 ===
    reason: closed
    msg: roadrunner response send failed
    phase: sendfile_body
=NOTICE REPORT==== 1-Jun-2026::01:38:26.132749 ===
    reason: closed
    msg: roadrunner response send failed
    phase: sendfile_body
=NOTICE REPORT==== 1-Jun-2026::01:38:26.133172 ===
    reason: closed
    msg: roadrunner response send failed
    phase: sendfile_body
=NOTICE REPORT==== 1-Jun-2026::01:38:26.133820 ===
    reason: closed
    msg: roadrunner response send failed
    phase: sendfile_body
=NOTICE REPORT==== 1-Jun-2026::01:38:26.133897 ===
    reason: closed
    msg: roadrunner response send failed
    phase: sendfile_body
=NOTICE REPORT==== 1-Jun-2026::01:38:26.134238 ===
    reason: closed
    msg: roadrunner response send failed
    phase: sendfile_body
=NOTICE REPORT==== 1-Jun-2026::01:38:26.134811 ===
    reason: closed
    msg: roadrunner response send failed
    phase: sendfile_body
=NOTICE REPORT==== 1-Jun-2026::01:38:26.134934 ===
    reason: closed
    msg: roadrunner response send failed
    phase: sendfile_body
=NOTICE REPORT==== 1-Jun-2026::01:38:26.135441 ===
    reason: closed
    msg: roadrunner response send failed
    phase: sendfile_body
=NOTICE REPORT==== 1-Jun-2026::01:38:26.135638 ===
    reason: closed
    msg: roadrunner response send failed
    phase: sendfile_body
=NOTICE REPORT==== 1-Jun-2026::01:38:26.136136 ===
    reason: closed
    msg: roadrunner response send failed
    phase: sendfile_body
=NOTICE REPORT==== 1-Jun-2026::01:38:26.136158 ===
    reason: closed
    msg: roadrunner response send failed
    phase: sendfile_body
=NOTICE REPORT==== 1-Jun-2026::01:38:26.136191 ===
    reason: closed
    msg: roadrunner response send failed
    phase: sendfile_body
=NOTICE REPORT==== 1-Jun-2026::01:38:26.136242 ===
    reason: closed
    msg: roadrunner response send failed
    phase: sendfile_body
=NOTICE REPORT==== 1-Jun-2026::01:38:26.136241 ===
    reason: closed
    msg: roadrunner response send failed
    phase: sendfile_body
=NOTICE REPORT==== 1-Jun-2026::01:38:26.136580 ===
    reason: closed
    msg: roadrunner response send failed
    phase: sendfile_body
=NOTICE REPORT==== 1-Jun-2026::01:38:26.136874 ===
    reason: closed
    msg: roadrunner response send failed
    phase: sendfile_body
=NOTICE REPORT==== 1-Jun-2026::01:38:26.137249 ===
    reason: closed
    msg: roadrunner response send failed
    phase: sendfile_body
=NOTICE REPORT==== 1-Jun-2026::01:38:26.137647 ===
    reason: closed
    msg: roadrunner response send failed
    phase: sendfile_body
=NOTICE REPORT==== 1-Jun-2026::01:38:26.138043 ===
    reason: closed
    msg: roadrunner response send failed
    phase: sendfile_body
=NOTICE REPORT==== 1-Jun-2026::01:38:26.138175 ===
    reason: closed
    msg: roadrunner response send failed
    phase: sendfile_body
=NOTICE REPORT==== 1-Jun-2026::01:38:26.138584 ===
    reason: closed
    msg: roadrunner response send failed
    phase: sendfile_body
=NOTICE REPORT==== 1-Jun-2026::01:38:26.139546 ===
    reason: closed
    msg: roadrunner response send failed
    phase: sendfile_body
=NOTICE REPORT==== 1-Jun-2026::01:38:26.139969 ===
    reason: closed
    msg: roadrunner response send failed
    phase: sendfile_body
=NOTICE REPORT==== 1-Jun-2026::01:38:26.140230 ===
    reason: closed
    msg: roadrunner response send failed
    phase: sendfile_body
=NOTICE REPORT==== 1-Jun-2026::01:38:26.140386 ===
    reason: closed
    msg: roadrunner response send failed
    phase: sendfile_body
=NOTICE REPORT==== 1-Jun-2026::01:38:26.140527 ===
    reason: closed
    msg: roadrunner response send failed
    phase: sendfile_body
=NOTICE REPORT==== 1-Jun-2026::01:38:26.141388 ===
    reason: closed
    msg: roadrunner response send failed
    phase: sendfile_body
=NOTICE REPORT==== 1-Jun-2026::01:38:26.141881 ===
    reason: closed
    msg: roadrunner response send failed
    phase: sendfile_body
=NOTICE REPORT==== 1-Jun-2026::01:38:26.142200 ===
    reason: closed
    msg: roadrunner response send failed
    phase: sendfile_body
=NOTICE REPORT==== 1-Jun-2026::01:38:26.142197 ===
    reason: closed
    msg: roadrunner response send failed
    phase: sendfile_body
=NOTICE REPORT==== 1-Jun-2026::01:38:26.142605 ===
    reason: closed
    msg: roadrunner response send failed
    phase: sendfile_body
=NOTICE REPORT==== 1-Jun-2026::01:38:26.142830 ===
    reason: closed
    msg: roadrunner response send failed
    phase: sendfile_body
=NOTICE REPORT==== 1-Jun-2026::01:38:26.143840 ===
    reason: closed
    msg: roadrunner response send failed
    phase: sendfile_body
=NOTICE REPORT==== 1-Jun-2026::01:38:26.144349 ===
    reason: closed
    msg: roadrunner response send failed
    phase: sendfile_body
=NOTICE REPORT==== 1-Jun-2026::01:38:26.144487 ===
    reason: closed
    msg: roadrunner response send failed
    phase: sendfile_body
=NOTICE REPORT==== 1-Jun-2026::01:38:26.144719 ===
    reason: closed
    msg: roadrunner response send failed
    phase: sendfile_body
=NOTICE REPORT==== 1-Jun-2026::01:38:26.144963 ===
    reason: closed
    msg: roadrunner response send failed
    phase: sendfile_body
=NOTICE REPORT==== 1-Jun-2026::01:38:26.144989 ===
    reason: closed
    msg: roadrunner response send failed
    phase: sendfile_body
=NOTICE REPORT==== 1-Jun-2026::01:38:26.145010 ===
    reason: closed
    msg: roadrunner response send failed
    phase: sendfile_body
=NOTICE REPORT==== 1-Jun-2026::01:38:26.145570 ===
    reason: closed
    msg: roadrunner response send failed
    phase: sendfile_body
=NOTICE REPORT==== 1-Jun-2026::01:38:26.145792 ===
    reason: closed
    msg: roadrunner response send failed
    phase: sendfile_body
=NOTICE REPORT==== 1-Jun-2026::01:38:26.146056 ===
    reason: closed
    msg: roadrunner response send failed
    phase: sendfile_body
=NOTICE REPORT==== 1-Jun-2026::01:38:26.146486 ===
    reason: closed
    msg: roadrunner response send failed
    phase: sendfile_body
=NOTICE REPORT==== 1-Jun-2026::01:38:26.146939 ===
    reason: closed
    msg: roadrunner response send failed
    phase: sendfile_body
=NOTICE REPORT==== 1-Jun-2026::01:38:26.147138 ===
    reason: closed
    msg: roadrunner response send failed
    phase: sendfile_body
=NOTICE REPORT==== 1-Jun-2026::01:38:26.147152 ===
    reason: closed
    msg: roadrunner response send failed
    phase: sendfile_body
=NOTICE REPORT==== 1-Jun-2026::01:38:26.147516 ===
    reason: closed
    msg: roadrunner response send failed
    phase: sendfile_body
=NOTICE REPORT==== 1-Jun-2026::01:38:26.147499 ===
    reason: closed
    msg: roadrunner response send failed
    phase: sendfile_body
=NOTICE REPORT==== 1-Jun-2026::01:38:26.147981 ===
    reason: closed
    msg: roadrunner response send failed
    phase: sendfile_body
=NOTICE REPORT==== 1-Jun-2026::01:38:26.148012 ===
    reason: closed
    msg: roadrunner response send failed
    phase: sendfile_body
=NOTICE REPORT==== 1-Jun-2026::01:38:26.148480 ===
    reason: closed
    msg: roadrunner response send failed
    phase: sendfile_body
=NOTICE REPORT==== 1-Jun-2026::01:38:26.148514 ===
    reason: closed
    msg: roadrunner response send failed
    phase: sendfile_body
=NOTICE REPORT==== 1-Jun-2026::01:38:26.148516 ===
    reason: closed
    msg: roadrunner response send failed
    phase: sendfile_body
=NOTICE REPORT==== 1-Jun-2026::01:38:26.148493 ===
    reason: closed
    msg: roadrunner response send failed
    phase: sendfile_body
=NOTICE REPORT==== 1-Jun-2026::01:38:26.148579 ===
    reason: closed
    msg: roadrunner response send failed
    phase: sendfile_body
=NOTICE REPORT==== 1-Jun-2026::01:38:26.148828 ===
    reason: closed
    msg: roadrunner response send failed
    phase: sendfile_body
=NOTICE REPORT==== 1-Jun-2026::01:38:26.149076 ===
    reason: closed
    msg: roadrunner response send failed
    phase: sendfile_body
=NOTICE REPORT==== 1-Jun-2026::01:38:26.149460 ===
    reason: closed
    msg: roadrunner response send failed
    phase: sendfile_body
=NOTICE REPORT==== 1-Jun-2026::01:38:26.149493 ===
    reason: closed
    msg: roadrunner response send failed
    phase: sendfile_body
=NOTICE REPORT==== 1-Jun-2026::01:38:26.149501 ===
    reason: closed
    msg: roadrunner response send failed
    phase: sendfile_body
=NOTICE REPORT==== 1-Jun-2026::01:38:26.150015 ===
    reason: closed
    msg: roadrunner response send failed
    phase: sendfile_body
=NOTICE REPORT==== 1-Jun-2026::01:38:26.150866 ===
    reason: closed
    msg: roadrunner response send failed
    phase: sendfile_body
=NOTICE REPORT==== 1-Jun-2026::01:38:26.150891 ===
    reason: closed
    msg: roadrunner response send failed
    phase: sendfile_body
=NOTICE REPORT==== 1-Jun-2026::01:38:26.151094 ===
    reason: closed
    msg: roadrunner response send failed
    phase: sendfile_body
=NOTICE REPORT==== 1-Jun-2026::01:38:26.151280 ===
    reason: closed
    msg: roadrunner response send failed
    phase: sendfile_body
=NOTICE REPORT==== 1-Jun-2026::01:38:26.151327 ===
    reason: closed
    msg: roadrunner response send failed
    phase: sendfile_body
=NOTICE REPORT==== 1-Jun-2026::01:38:26.151768 ===
    reason: closed
    msg: roadrunner response send failed
    phase: sendfile_body
=NOTICE REPORT==== 1-Jun-2026::01:38:26.151794 ===
    reason: closed
    msg: roadrunner response send failed
    phase: sendfile_body
=NOTICE REPORT==== 1-Jun-2026::01:38:26.151794 ===
    reason: closed
    msg: roadrunner response send failed
    phase: sendfile_body
=NOTICE REPORT==== 1-Jun-2026::01:38:26.152186 ===
    reason: closed
    msg: roadrunner response send failed
    phase: sendfile_body
=NOTICE REPORT==== 1-Jun-2026::01:38:26.152603 ===
    reason: closed
    msg: roadrunner response send failed
    phase: sendfile_body
=NOTICE REPORT==== 1-Jun-2026::01:38:26.152796 ===
    reason: closed
    msg: roadrunner response send failed
    phase: sendfile_body
=NOTICE REPORT==== 1-Jun-2026::01:38:26.152956 ===
    reason: closed
    msg: roadrunner response send failed
    phase: sendfile_body
=NOTICE REPORT==== 1-Jun-2026::01:38:26.152951 ===
    reason: closed
    msg: roadrunner response send failed
    phase: sendfile_body
=NOTICE REPORT==== 1-Jun-2026::01:38:26.153002 ===
    reason: closed
    msg: roadrunner response send failed
    phase: sendfile_body
=NOTICE REPORT==== 1-Jun-2026::01:38:26.153476 ===
    reason: closed
    msg: roadrunner response send failed
    phase: sendfile_body
=NOTICE REPORT==== 1-Jun-2026::01:38:26.153956 ===
    reason: closed
    msg: roadrunner response send failed
    phase: sendfile_body
=NOTICE REPORT==== 1-Jun-2026::01:38:26.154392 ===
    reason: closed
    msg: roadrunner response send failed
    phase: sendfile_body
=NOTICE REPORT==== 1-Jun-2026::01:38:26.154809 ===
    reason: closed
    msg: roadrunner response send failed
    phase: sendfile_body
=NOTICE REPORT==== 1-Jun-2026::01:38:26.154832 ===
    reason: closed
    msg: roadrunner response send failed
    phase: sendfile_body
=NOTICE REPORT==== 1-Jun-2026::01:38:26.154855 ===
    reason: closed
    msg: roadrunner response send failed
    phase: sendfile_body
=NOTICE REPORT==== 1-Jun-2026::01:38:26.154905 ===
    reason: closed
    msg: roadrunner response send failed
    phase: sendfile_body
=NOTICE REPORT==== 1-Jun-2026::01:38:26.155395 ===
    reason: closed
    msg: roadrunner response send failed
    phase: sendfile_body
=NOTICE REPORT==== 1-Jun-2026::01:38:26.156635 ===
    reason: closed
    msg: roadrunner response send failed
    phase: sendfile_body
=NOTICE REPORT==== 1-Jun-2026::01:38:26.156973 ===
    reason: closed
    msg: roadrunner response send failed
    phase: sendfile_body
=NOTICE REPORT==== 1-Jun-2026::01:38:26.157940 ===
    reason: closed
    msg: roadrunner response send failed
    phase: sendfile_body
=NOTICE REPORT==== 1-Jun-2026::01:38:26.157938 ===
    reason: closed
    msg: roadrunner response send failed
    phase: sendfile_body
=NOTICE REPORT==== 1-Jun-2026::01:38:26.158512 ===
    reason: closed
    msg: roadrunner response send failed
    phase: sendfile_body
=NOTICE REPORT==== 1-Jun-2026::01:38:26.158575 ===
    reason: closed
    msg: roadrunner response send failed
    phase: sendfile_body
=NOTICE REPORT==== 1-Jun-2026::01:38:26.158620 ===
    reason: closed
    msg: roadrunner response send failed
    phase: sendfile_body
=NOTICE REPORT==== 1-Jun-2026::01:38:26.158861 ===
    reason: closed
    msg: roadrunner response send failed
    phase: sendfile_body
=NOTICE REPORT==== 1-Jun-2026::01:38:26.158873 ===
    reason: closed
    msg: roadrunner response send failed
    phase: sendfile_body
=NOTICE REPORT==== 1-Jun-2026::01:38:26.158886 ===
    reason: closed
    msg: roadrunner response send failed
    phase: sendfile_body
=NOTICE REPORT==== 1-Jun-2026::01:38:26.159077 ===
    reason: closed
    msg: roadrunner response send failed
    phase: sendfile_body
=NOTICE REPORT==== 1-Jun-2026::01:38:26.159179 ===
    reason: closed
    msg: roadrunner response send failed
    phase: sendfile_body
=NOTICE REPORT==== 1-Jun-2026::01:38:26.160389 ===
    reason: closed
    msg: roadrunner response send failed
    phase: sendfile_body
=NOTICE REPORT==== 1-Jun-2026::01:38:26.161231 ===
    reason: closed
    msg: roadrunner response send failed
    phase: sendfile_body
=NOTICE REPORT==== 1-Jun-2026::01:38:26.161393 ===
    reason: closed
    msg: roadrunner response send failed
    phase: sendfile_body
=NOTICE REPORT==== 1-Jun-2026::01:38:26.161596 ===
    reason: closed
    msg: roadrunner response send failed
    phase: sendfile_body
=NOTICE REPORT==== 1-Jun-2026::01:38:26.161592 ===
    reason: closed
    msg: roadrunner response send failed
    phase: sendfile_body
=NOTICE REPORT==== 1-Jun-2026::01:38:26.162018 ===
    reason: closed
    msg: roadrunner response send failed
    phase: sendfile_body
=NOTICE REPORT==== 1-Jun-2026::01:38:26.161987 ===
    reason: closed
    msg: roadrunner response send failed
    phase: sendfile_body
=NOTICE REPORT==== 1-Jun-2026::01:38:26.162397 ===
    reason: closed
    msg: roadrunner response send failed
    phase: sendfile_body
=NOTICE REPORT==== 1-Jun-2026::01:38:26.163415 ===
    reason: closed
    msg: roadrunner response send failed
    phase: sendfile_body
=NOTICE REPORT==== 1-Jun-2026::01:38:26.163488 ===
    reason: closed
    msg: roadrunner response send failed
    phase: sendfile_body
=NOTICE REPORT==== 1-Jun-2026::01:38:26.163738 ===
    reason: closed
    msg: roadrunner response send failed
    phase: sendfile_body
=NOTICE REPORT==== 1-Jun-2026::01:38:26.164320 ===
    reason: closed
    msg: roadrunner response send failed
    phase: sendfile_body
=NOTICE REPORT==== 1-Jun-2026::01:38:26.164351 ===
    reason: closed
    msg: roadrunner response send failed
    phase: sendfile_body
=NOTICE REPORT==== 1-Jun-2026::01:38:26.164332 ===
    reason: closed
    msg: roadrunner response send failed
    phase: sendfile_body
=NOTICE REPORT==== 1-Jun-2026::01:38:26.164354 ===
    reason: closed
    msg: roadrunner response send failed
    phase: sendfile_body
=NOTICE REPORT==== 1-Jun-2026::01:38:26.164756 ===
    reason: closed
    msg: roadrunner response send failed
    phase: sendfile_body
=NOTICE REPORT==== 1-Jun-2026::01:38:26.164975 ===
    reason: closed
    msg: roadrunner response send failed
    phase: sendfile_body
=NOTICE REPORT==== 1-Jun-2026::01:38:26.165033 ===
    reason: closed
    msg: roadrunner response send failed
    phase: sendfile_body
=NOTICE REPORT==== 1-Jun-2026::01:38:26.165413 ===
    reason: closed
    msg: roadrunner response send failed
    phase: sendfile_body
=NOTICE REPORT==== 1-Jun-2026::01:38:26.165595 ===
    reason: closed
    msg: roadrunner response send failed
    phase: sendfile_body
=NOTICE REPORT==== 1-Jun-2026::01:38:26.166037 ===
    reason: closed
    msg: roadrunner response send failed
    phase: sendfile_body
=NOTICE REPORT==== 1-Jun-2026::01:38:26.166397 ===
    reason: closed
    msg: roadrunner response send failed
    phase: sendfile_body
=NOTICE REPORT==== 1-Jun-2026::01:38:26.166734 ===
    reason: closed
    msg: roadrunner response send failed
    phase: sendfile_body
=NOTICE REPORT==== 1-Jun-2026::01:38:26.166929 ===
    reason: closed
    msg: roadrunner response send failed
    phase: sendfile_body
=NOTICE REPORT==== 1-Jun-2026::01:38:26.167403 ===
    reason: closed
    msg: roadrunner response send failed
    phase: sendfile_body
=NOTICE REPORT==== 1-Jun-2026::01:38:26.167438 ===
    reason: closed
    msg: roadrunner response send failed
    phase: sendfile_body
=NOTICE REPORT==== 1-Jun-2026::01:38:26.167631 ===
    reason: closed
    msg: roadrunner response send failed
    phase: sendfile_body
=NOTICE REPORT==== 1-Jun-2026::01:38:26.167727 ===
    reason: closed
    msg: roadrunner response send failed
    phase: sendfile_body
=NOTICE REPORT==== 1-Jun-2026::01:38:26.168650 ===
    reason: closed
    msg: roadrunner response send failed
    phase: sendfile_body
=NOTICE REPORT==== 1-Jun-2026::01:38:26.169067 ===
    reason: closed
    msg: roadrunner response send failed
    phase: sendfile_body
=NOTICE REPORT==== 1-Jun-2026::01:38:26.169344 ===
    reason: closed
    msg: roadrunner response send failed
    phase: sendfile_body
=NOTICE REPORT==== 1-Jun-2026::01:38:26.169378 ===
    reason: closed
    msg: roadrunner response send failed
    phase: sendfile_body
=NOTICE REPORT==== 1-Jun-2026::01:38:26.169408 ===
    reason: closed
    msg: roadrunner response send failed
    phase: sendfile_body
=NOTICE REPORT==== 1-Jun-2026::01:38:26.169869 ===
    reason: closed
    msg: roadrunner response send failed
    phase: sendfile_body
=NOTICE REPORT==== 1-Jun-2026::01:38:26.170488 ===
    reason: closed
    msg: roadrunner response send failed
    phase: sendfile_body
=NOTICE REPORT==== 1-Jun-2026::01:38:26.170503 ===
    reason: closed
    msg: roadrunner response send failed
    phase: sendfile_body
=NOTICE REPORT==== 1-Jun-2026::01:38:26.171092 ===
    reason: closed
    msg: roadrunner response send failed
    phase: sendfile_body
=NOTICE REPORT==== 1-Jun-2026::01:38:26.171436 ===
    reason: closed
    msg: roadrunner response send failed
    phase: sendfile_body
=NOTICE REPORT==== 1-Jun-2026::01:38:26.171718 ===
    reason: closed
    msg: roadrunner response send failed
    phase: sendfile_body
=NOTICE REPORT==== 1-Jun-2026::01:38:26.172017 ===
    reason: closed
    msg: roadrunner response send failed
    phase: sendfile_body
=NOTICE REPORT==== 1-Jun-2026::01:38:26.172434 ===
    reason: closed
    msg: roadrunner response send failed
    phase: sendfile_body
=NOTICE REPORT==== 1-Jun-2026::01:38:26.172933 ===
    reason: closed
    msg: roadrunner response send failed
    phase: sendfile_body
=NOTICE REPORT==== 1-Jun-2026::01:38:26.173341 ===
    reason: closed
    msg: roadrunner response send failed
    phase: sendfile_body
=NOTICE REPORT==== 1-Jun-2026::01:38:26.173827 ===
    reason: closed
    msg: roadrunner response send failed
    phase: sendfile_body
=NOTICE REPORT==== 1-Jun-2026::01:38:26.173909 ===
    reason: closed
    msg: roadrunner response send failed
    phase: sendfile_body
=NOTICE REPORT==== 1-Jun-2026::01:38:26.174654 ===
    reason: closed
    msg: roadrunner response send failed
    phase: sendfile_body
=NOTICE REPORT==== 1-Jun-2026::01:38:26.174859 ===
    reason: closed
    msg: roadrunner response send failed
    phase: sendfile_body
=NOTICE REPORT==== 1-Jun-2026::01:38:26.174889 ===
    reason: closed
    msg: roadrunner response send failed
    phase: sendfile_body
=NOTICE REPORT==== 1-Jun-2026::01:38:26.175238 ===
    reason: closed
    msg: roadrunner response send failed
    phase: sendfile_body
=NOTICE REPORT==== 1-Jun-2026::01:38:26.175456 ===
    reason: closed
    msg: roadrunner response send failed
    phase: sendfile_body
=NOTICE REPORT==== 1-Jun-2026::01:38:26.175473 ===
    reason: closed
    msg: roadrunner response send failed
    phase: sendfile_body
=NOTICE REPORT==== 1-Jun-2026::01:38:26.175554 ===
    reason: closed
    msg: roadrunner response send failed
    phase: sendfile_body
=NOTICE REPORT==== 1-Jun-2026::01:38:26.175776 ===
    reason: closed
    msg: roadrunner response send failed
    phase: sendfile_body
=NOTICE REPORT==== 1-Jun-2026::01:38:26.176180 ===
    reason: closed
    msg: roadrunner response send failed
    phase: sendfile_body
=NOTICE REPORT==== 1-Jun-2026::01:38:26.177283 ===
    reason: closed
    msg: roadrunner response send failed
    phase: sendfile_body
=NOTICE REPORT==== 1-Jun-2026::01:38:26.177343 ===
    reason: closed
    msg: roadrunner response send failed
    phase: sendfile_body
=NOTICE REPORT==== 1-Jun-2026::01:38:26.177609 ===
    reason: closed
    msg: roadrunner response send failed
    phase: sendfile_body
=NOTICE REPORT==== 1-Jun-2026::01:38:26.178169 ===
    reason: closed
    msg: roadrunner response send failed
    phase: sendfile_body
=NOTICE REPORT==== 1-Jun-2026::01:38:26.178248 ===
    reason: closed
    msg: roadrunner response send failed
    phase: sendfile_body
=NOTICE REPORT==== 1-Jun-2026::01:38:26.178466 ===
    reason: closed
    msg: roadrunner response send failed
    phase: sendfile_body
=NOTICE REPORT==== 1-Jun-2026::01:38:26.178737 ===
    reason: closed
    msg: roadrunner response send failed
    phase: sendfile_body
=NOTICE REPORT==== 1-Jun-2026::01:38:26.179413 ===
    reason: closed
    msg: roadrunner response send failed
    phase: sendfile_body
=NOTICE REPORT==== 1-Jun-2026::01:38:26.179431 ===
    reason: closed
    msg: roadrunner response send failed
    phase: sendfile_body
=NOTICE REPORT==== 1-Jun-2026::01:38:26.179724 ===
    reason: closed
    msg: roadrunner response send failed
    phase: sendfile_body
=NOTICE REPORT==== 1-Jun-2026::01:38:26.179986 ===
    reason: closed
    msg: roadrunner response send failed
    phase: sendfile_body
=NOTICE REPORT==== 1-Jun-2026::01:38:26.180235 ===
    reason: closed
    msg: roadrunner response send failed
    phase: sendfile_body
=NOTICE REPORT==== 1-Jun-2026::01:38:26.181073 ===
    reason: closed
    msg: roadrunner response send failed
    phase: sendfile_body
=NOTICE REPORT==== 1-Jun-2026::01:38:26.181332 ===
    reason: closed
    msg: roadrunner response send failed
    phase: sendfile_body
=NOTICE REPORT==== 1-Jun-2026::01:38:26.181368 ===
    reason: closed
    msg: roadrunner response send failed
    phase: sendfile_body
=NOTICE REPORT==== 1-Jun-2026::01:38:26.181360 ===
    reason: closed
    msg: roadrunner response send failed
    phase: sendfile_body
=NOTICE REPORT==== 1-Jun-2026::01:38:26.181845 ===
    reason: closed
    msg: roadrunner response send failed
    phase: sendfile_body
=NOTICE REPORT==== 1-Jun-2026::01:38:32.380785 ===
    reason: closed
    msg: roadrunner response send failed
    phase: sendfile_body
=NOTICE REPORT==== 1-Jun-2026::01:38:32.386709 ===
    reason: closed
    msg: roadrunner response send failed
    phase: sendfile_body
=NOTICE REPORT==== 1-Jun-2026::01:38:32.389759 ===
    reason: closed
    msg: roadrunner response send failed
    phase: sendfile_body
=NOTICE REPORT==== 1-Jun-2026::01:38:32.391073 ===
    reason: closed
    msg: roadrunner response send failed
    phase: sendfile_body
=NOTICE REPORT==== 1-Jun-2026::01:38:32.392352 ===
    reason: closed
    msg: roadrunner response send failed
    phase: sendfile_body
=NOTICE REPORT==== 1-Jun-2026::01:38:32.392426 ===
    reason: closed
    msg: roadrunner response send failed
    phase: sendfile_body
=NOTICE REPORT==== 1-Jun-2026::01:38:32.396370 ===
    reason: closed
    msg: roadrunner response send failed
    phase: sendfile_body
=NOTICE REPORT==== 1-Jun-2026::01:38:32.396553 ===
    reason: closed
    msg: roadrunner response send failed
    phase: sendfile_body
=NOTICE REPORT==== 1-Jun-2026::01:38:32.397769 ===
    reason: closed
    msg: roadrunner response send failed
    phase: sendfile_body
=NOTICE REPORT==== 1-Jun-2026::01:38:32.397842 ===
    reason: closed
    msg: roadrunner response send failed
    phase: sendfile_body
=NOTICE REPORT==== 1-Jun-2026::01:38:32.397854 ===
    reason: closed
    msg: roadrunner response send failed
    phase: sendfile_body
=NOTICE REPORT==== 1-Jun-2026::01:38:32.397885 ===
    reason: closed
    msg: roadrunner response send failed
    phase: sendfile_body
=NOTICE REPORT==== 1-Jun-2026::01:38:32.399074 ===
    reason: closed
    msg: roadrunner response send failed
    phase: sendfile_body
=NOTICE REPORT==== 1-Jun-2026::01:38:32.400537 ===
    reason: closed
    msg: roadrunner response send failed
    phase: sendfile_body
=NOTICE REPORT==== 1-Jun-2026::01:38:32.401928 ===
    reason: closed
    msg: roadrunner response send failed
    phase: sendfile_body
=NOTICE REPORT==== 1-Jun-2026::01:38:32.404454 ===
    reason: closed
    msg: roadrunner response send failed
    phase: sendfile_body
=NOTICE REPORT==== 1-Jun-2026::01:38:32.404555 ===
    reason: closed
    msg: roadrunner response send failed
    phase: sendfile_body
=NOTICE REPORT==== 1-Jun-2026::01:38:32.404530 ===
    reason: closed
    msg: roadrunner response send failed
    phase: sendfile_body
=NOTICE REPORT==== 1-Jun-2026::01:38:32.405800 ===
    reason: closed
    msg: roadrunner response send failed
    phase: sendfile_body
=NOTICE REPORT==== 1-Jun-2026::01:38:32.407123 ===
    reason: closed
    msg: roadrunner response send failed
    phase: sendfile_body
=NOTICE REPORT==== 1-Jun-2026::01:38:32.411122 ===
    reason: closed
    msg: roadrunner response send failed
    phase: sendfile_body
=NOTICE REPORT==== 1-Jun-2026::01:38:32.412350 ===
    reason: closed
    msg: roadrunner response send failed
    phase: sendfile_body
=NOTICE REPORT==== 1-Jun-2026::01:38:32.414291 ===
    reason: closed
    msg: roadrunner response send failed
    phase: sendfile_body
=NOTICE REPORT==== 1-Jun-2026::01:38:32.415545 ===
    reason: closed
    msg: roadrunner response send failed
    phase: sendfile_body
=NOTICE REPORT==== 1-Jun-2026::01:38:32.415575 ===
    reason: closed
    msg: roadrunner response send failed
    phase: sendfile_body
=NOTICE REPORT==== 1-Jun-2026::01:38:32.416598 ===
    reason: closed
    msg: roadrunner response send failed
    phase: sendfile_body
=NOTICE REPORT==== 1-Jun-2026::01:38:32.417834 ===
    reason: closed
    msg: roadrunner response send failed
    phase: sendfile_body
=NOTICE REPORT==== 1-Jun-2026::01:38:32.419228 ===
    reason: closed
    msg: roadrunner response send failed
    phase: sendfile_body
=NOTICE REPORT==== 1-Jun-2026::01:38:32.421197 ===
    reason: closed
    msg: roadrunner response send failed
    phase: sendfile_body
=NOTICE REPORT==== 1-Jun-2026::01:38:32.421244 ===
    reason: closed
    msg: roadrunner response send failed
    phase: sendfile_body
=NOTICE REPORT==== 1-Jun-2026::01:38:32.421282 ===
    reason: closed
    msg: roadrunner response send failed
    phase: sendfile_body
=NOTICE REPORT==== 1-Jun-2026::01:38:32.422937 ===
    reason: closed
    msg: roadrunner response send failed
    phase: sendfile_body
=NOTICE REPORT==== 1-Jun-2026::01:38:32.425775 ===
    reason: closed
    msg: roadrunner response send failed
    phase: sendfile_body
=NOTICE REPORT==== 1-Jun-2026::01:38:32.426111 ===
    reason: closed
    msg: roadrunner response send failed
    phase: sendfile_body
=NOTICE REPORT==== 1-Jun-2026::01:38:32.426159 ===
    reason: closed
    msg: roadrunner response send failed
    phase: sendfile_body
=NOTICE REPORT==== 1-Jun-2026::01:38:32.431031 ===
    reason: closed
    msg: roadrunner response send failed
    phase: sendfile_body
=NOTICE REPORT==== 1-Jun-2026::01:38:32.432243 ===
    reason: closed
    msg: roadrunner response send failed
    phase: sendfile_body
=NOTICE REPORT==== 1-Jun-2026::01:38:32.434745 ===
    reason: closed
    msg: roadrunner response send failed
    phase: sendfile_body
=NOTICE REPORT==== 1-Jun-2026::01:38:32.434860 ===
    reason: closed
    msg: roadrunner response send failed
    phase: sendfile_body
=NOTICE REPORT==== 1-Jun-2026::01:38:32.435962 ===
    reason: closed
    msg: roadrunner response send failed
    phase: sendfile_body
=NOTICE REPORT==== 1-Jun-2026::01:38:32.437520 ===
    reason: closed
    msg: roadrunner response send failed
    phase: sendfile_body
=NOTICE REPORT==== 1-Jun-2026::01:38:32.438775 ===
    reason: closed
    msg: roadrunner response send failed
    phase: sendfile_body
=NOTICE REPORT==== 1-Jun-2026::01:38:32.439929 ===
    reason: closed
    msg: roadrunner response send failed
    phase: sendfile_body
=NOTICE REPORT==== 1-Jun-2026::01:38:32.440046 ===
    reason: closed
    msg: roadrunner response send failed
    phase: sendfile_body
=NOTICE REPORT==== 1-Jun-2026::01:38:32.442065 ===
    reason: closed
    msg: roadrunner response send failed
    phase: sendfile_body
=NOTICE REPORT==== 1-Jun-2026::01:38:32.443575 ===
    reason: closed
    msg: roadrunner response send failed
    phase: sendfile_body
=NOTICE REPORT==== 1-Jun-2026::01:38:32.444615 ===
    reason: closed
    msg: roadrunner response send failed
    phase: sendfile_body
=NOTICE REPORT==== 1-Jun-2026::01:38:32.450149 ===
    reason: closed
    msg: roadrunner response send failed
    phase: sendfile_body
=NOTICE REPORT==== 1-Jun-2026::01:38:32.450168 ===
    reason: closed
    msg: roadrunner response send failed
    phase: sendfile_body
=NOTICE REPORT==== 1-Jun-2026::01:38:32.450281 ===
    reason: closed
    msg: roadrunner response send failed
    phase: sendfile_body
=NOTICE REPORT==== 1-Jun-2026::01:38:32.453389 ===
    reason: closed
    msg: roadrunner response send failed
    phase: sendfile_body
=NOTICE REPORT==== 1-Jun-2026::01:38:32.454640 ===
    reason: closed
    msg: roadrunner response send failed
    phase: sendfile_body
=NOTICE REPORT==== 1-Jun-2026::01:38:32.456842 ===
    reason: closed
    msg: roadrunner response send failed
    phase: sendfile_body
=NOTICE REPORT==== 1-Jun-2026::01:38:32.456862 ===
    reason: closed
    msg: roadrunner response send failed
    phase: sendfile_body
=NOTICE REPORT==== 1-Jun-2026::01:38:32.457012 ===
    reason: closed
    msg: roadrunner response send failed
    phase: sendfile_body
=NOTICE REPORT==== 1-Jun-2026::01:38:32.459251 ===
    reason: closed
    msg: roadrunner response send failed
    phase: sendfile_body
=NOTICE REPORT==== 1-Jun-2026::01:38:32.460712 ===
    reason: closed
    msg: roadrunner response send failed
    phase: sendfile_body
=NOTICE REPORT==== 1-Jun-2026::01:38:32.462520 ===
    reason: closed
    msg: roadrunner response send failed
    phase: sendfile_body
=NOTICE REPORT==== 1-Jun-2026::01:38:32.463743 ===
    reason: closed
    msg: roadrunner response send failed
    phase: sendfile_body
=NOTICE REPORT==== 1-Jun-2026::01:38:32.464873 ===
    reason: closed
    msg: roadrunner response send failed
    phase: sendfile_body
=NOTICE REPORT==== 1-Jun-2026::01:38:32.465017 ===
    reason: closed
    msg: roadrunner response send failed
    phase: sendfile_body
=NOTICE REPORT==== 1-Jun-2026::01:38:32.466044 ===
    reason: closed
    msg: roadrunner response send failed
    phase: sendfile_body
=NOTICE REPORT==== 1-Jun-2026::01:38:32.468556 ===
    reason: closed
    msg: roadrunner response send failed
    phase: sendfile_body
=NOTICE REPORT==== 1-Jun-2026::01:38:32.468734 ===
    reason: closed
    msg: roadrunner response send failed
    phase: sendfile_body
=NOTICE REPORT==== 1-Jun-2026::01:38:32.471200 ===
    reason: closed
    msg: roadrunner response send failed
    phase: sendfile_body
=NOTICE REPORT==== 1-Jun-2026::01:38:32.472824 ===
    reason: closed
    msg: roadrunner response send failed
    phase: sendfile_body
=NOTICE REPORT==== 1-Jun-2026::01:38:32.473881 ===
    reason: closed
    msg: roadrunner response send failed
    phase: sendfile_body
=NOTICE REPORT==== 1-Jun-2026::01:38:32.473859 ===
    reason: closed
    msg: roadrunner response send failed
    phase: sendfile_body
=NOTICE REPORT==== 1-Jun-2026::01:38:32.473883 ===
    reason: closed
    msg: roadrunner response send failed
    phase: sendfile_body
=NOTICE REPORT==== 1-Jun-2026::01:38:32.475207 ===
    reason: closed
    msg: roadrunner response send failed
    phase: sendfile_body
=NOTICE REPORT==== 1-Jun-2026::01:38:32.476407 ===
    reason: closed
    msg: roadrunner response send failed
    phase: sendfile_body
=NOTICE REPORT==== 1-Jun-2026::01:38:32.477705 ===
    reason: closed
    msg: roadrunner response send failed
    phase: sendfile_body
=NOTICE REPORT==== 1-Jun-2026::01:38:32.484756 ===
    reason: closed
    msg: roadrunner response send failed
    phase: sendfile_body
=NOTICE REPORT==== 1-Jun-2026::01:38:32.485730 ===
    reason: closed
    msg: roadrunner response send failed
    phase: sendfile_body
=NOTICE REPORT==== 1-Jun-2026::01:38:32.485862 ===
    reason: closed
    msg: roadrunner response send failed
    phase: sendfile_body
=NOTICE REPORT==== 1-Jun-2026::01:38:32.485927 ===
    reason: closed
    msg: roadrunner response send failed
    phase: sendfile_body
=NOTICE REPORT==== 1-Jun-2026::01:38:32.487250 ===
    reason: closed
    msg: roadrunner response send failed
    phase: sendfile_body
=NOTICE REPORT==== 1-Jun-2026::01:38:32.488386 ===
    reason: closed
    msg: roadrunner response send failed
    phase: sendfile_body
=NOTICE REPORT==== 1-Jun-2026::01:38:32.491077 ===
    reason: closed
    msg: roadrunner response send failed
    phase: sendfile_body
=NOTICE REPORT==== 1-Jun-2026::01:38:32.491539 ===
    reason: closed
    msg: roadrunner response send failed
    phase: sendfile_body
=NOTICE REPORT==== 1-Jun-2026::01:38:32.492172 ===
    reason: closed
    msg: roadrunner response send failed
    phase: sendfile_body
=NOTICE REPORT==== 1-Jun-2026::01:38:32.492219 ===
    reason: closed
    msg: roadrunner response send failed
    phase: sendfile_body
=NOTICE REPORT==== 1-Jun-2026::01:38:32.494408 ===
    reason: closed
    msg: roadrunner response send failed
    phase: sendfile_body
=NOTICE REPORT==== 1-Jun-2026::01:38:32.494452 ===
    reason: closed
    msg: roadrunner response send failed
    phase: sendfile_body
=NOTICE REPORT==== 1-Jun-2026::01:38:32.495465 ===
    reason: closed
    msg: roadrunner response send failed
    phase: sendfile_body
=NOTICE REPORT==== 1-Jun-2026::01:38:32.497728 ===
    reason: closed
    msg: roadrunner response send failed
    phase: sendfile_body
=NOTICE REPORT==== 1-Jun-2026::01:38:32.498235 ===
    reason: closed
    msg: roadrunner response send failed
    phase: sendfile_body
=NOTICE REPORT==== 1-Jun-2026::01:38:32.498297 ===
    reason: closed
    msg: roadrunner response send failed
    phase: sendfile_body
=NOTICE REPORT==== 1-Jun-2026::01:38:32.498357 ===
    reason: closed
    msg: roadrunner response send failed
    phase: sendfile_body
=NOTICE REPORT==== 1-Jun-2026::01:38:32.498875 ===
    reason: closed
    msg: roadrunner response send failed
    phase: sendfile_body
=NOTICE REPORT==== 1-Jun-2026::01:38:32.505664 ===
    reason: closed
    msg: roadrunner response send failed
    phase: sendfile_body
=NOTICE REPORT==== 1-Jun-2026::01:38:32.507869 ===
    reason: closed
    msg: roadrunner response send failed
    phase: sendfile_body
=NOTICE REPORT==== 1-Jun-2026::01:38:32.508266 ===
    reason: closed
    msg: roadrunner response send failed
    phase: sendfile_body
=NOTICE REPORT==== 1-Jun-2026::01:38:32.510255 ===
    reason: closed
    msg: roadrunner response send failed
    phase: sendfile_body
=NOTICE REPORT==== 1-Jun-2026::01:38:32.510516 ===
    reason: closed
    msg: roadrunner response send failed
    phase: sendfile_body
=NOTICE REPORT==== 1-Jun-2026::01:38:32.509914 ===
    reason: closed
    msg: roadrunner response send failed
    phase: sendfile_body
=NOTICE REPORT==== 1-Jun-2026::01:38:32.514191 ===
    reason: closed
    msg: roadrunner response send failed
    phase: sendfile_body
=NOTICE REPORT==== 1-Jun-2026::01:38:32.514308 ===
    reason: closed
    msg: roadrunner response send failed
    phase: sendfile_body
=NOTICE REPORT==== 1-Jun-2026::01:38:32.516011 ===
    reason: closed
    msg: roadrunner response send failed
    phase: sendfile_body
=NOTICE REPORT==== 1-Jun-2026::01:38:32.523472 ===
    reason: closed
    msg: roadrunner response send failed
    phase: sendfile_body
=NOTICE REPORT==== 1-Jun-2026::01:38:32.523956 ===
    reason: closed
    msg: roadrunner response send failed
    phase: sendfile_body
=NOTICE REPORT==== 1-Jun-2026::01:38:32.525431 ===
    reason: closed
    msg: roadrunner response send failed
    phase: sendfile_body
=NOTICE REPORT==== 1-Jun-2026::01:38:32.525598 ===
    reason: closed
    msg: roadrunner response send failed
    phase: sendfile_body
=NOTICE REPORT==== 1-Jun-2026::01:38:32.526972 ===
    reason: closed
    msg: roadrunner response send failed
    phase: sendfile_body
=NOTICE REPORT==== 1-Jun-2026::01:38:32.531733 ===
    reason: closed
    msg: roadrunner response send failed
    phase: sendfile_body
=NOTICE REPORT==== 1-Jun-2026::01:38:32.538058 ===
    reason: closed
    msg: roadrunner response send failed
    phase: sendfile_body
=NOTICE REPORT==== 1-Jun-2026::01:38:32.544818 ===
    reason: closed
    msg: roadrunner response send failed
    phase: sendfile_body
=NOTICE REPORT==== 1-Jun-2026::01:38:32.546691 ===
    reason: closed
    msg: roadrunner response send failed
    phase: sendfile_body
=NOTICE REPORT==== 1-Jun-2026::01:38:32.546708 ===
    reason: closed
    msg: roadrunner response send failed
    phase: sendfile_body
=NOTICE REPORT==== 1-Jun-2026::01:38:32.548928 ===
    reason: closed
    msg: roadrunner response send failed
    phase: sendfile_body
=NOTICE REPORT==== 1-Jun-2026::01:38:32.549094 ===
    reason: closed
    msg: roadrunner response send failed
    phase: sendfile_body
=NOTICE REPORT==== 1-Jun-2026::01:38:32.550149 ===
    reason: closed
    msg: roadrunner response send failed
    phase: sendfile_body
=NOTICE REPORT==== 1-Jun-2026::01:38:32.552333 ===
    reason: closed
    msg: roadrunner response send failed
    phase: sendfile_body
=NOTICE REPORT==== 1-Jun-2026::01:38:32.552439 ===
    reason: closed
    msg: roadrunner response send failed
    phase: sendfile_body
=NOTICE REPORT==== 1-Jun-2026::01:38:32.553624 ===
    reason: closed
    msg: roadrunner response send failed
    phase: sendfile_body
=NOTICE REPORT==== 1-Jun-2026::01:38:32.554643 ===
    reason: closed
    msg: roadrunner response send failed
    phase: sendfile_body
=NOTICE REPORT==== 1-Jun-2026::01:38:32.564728 ===
    reason: closed
    msg: roadrunner response send failed
    phase: sendfile_body
=NOTICE REPORT==== 1-Jun-2026::01:38:32.569002 ===
    reason: closed
    msg: roadrunner response send failed
    phase: sendfile_body
=NOTICE REPORT==== 1-Jun-2026::01:38:32.570411 ===
    reason: closed
    msg: roadrunner response send failed
    phase: sendfile_body
=NOTICE REPORT==== 1-Jun-2026::01:38:32.571637 ===
    reason: closed
    msg: roadrunner response send failed
    phase: sendfile_body
=NOTICE REPORT==== 1-Jun-2026::01:38:32.573032 ===
    reason: closed
    msg: roadrunner response send failed
    phase: sendfile_body
=NOTICE REPORT==== 1-Jun-2026::01:38:32.575133 ===
    reason: closed
    msg: roadrunner response send failed
    phase: sendfile_body
=NOTICE REPORT==== 1-Jun-2026::01:38:32.576447 ===
    reason: closed
    msg: roadrunner response send failed
    phase: sendfile_body
=NOTICE REPORT==== 1-Jun-2026::01:38:32.576488 ===
    reason: closed
    msg: roadrunner response send failed
    phase: sendfile_body
=NOTICE REPORT==== 1-Jun-2026::01:38:32.576493 ===
    reason: closed
    msg: roadrunner response send failed
    phase: sendfile_body
=NOTICE REPORT==== 1-Jun-2026::01:38:32.576497 ===
    reason: closed
    msg: roadrunner response send failed
    phase: sendfile_body
=NOTICE REPORT==== 1-Jun-2026::01:38:32.578027 ===
    reason: closed
    msg: roadrunner response send failed
    phase: sendfile_body
=NOTICE REPORT==== 1-Jun-2026::01:38:32.579048 ===
    reason: closed
    msg: roadrunner response send failed
    phase: sendfile_body
=NOTICE REPORT==== 1-Jun-2026::01:38:32.580237 ===
    reason: closed
    msg: roadrunner response send failed
    phase: sendfile_body
=NOTICE REPORT==== 1-Jun-2026::01:38:32.584795 ===
    reason: closed
    msg: roadrunner response send failed
    phase: sendfile_body
=NOTICE REPORT==== 1-Jun-2026::01:38:32.589604 ===
    reason: closed
    msg: roadrunner response send failed
    phase: sendfile_body
=NOTICE REPORT==== 1-Jun-2026::01:38:32.595487 ===
    reason: closed
    msg: roadrunner response send failed
    phase: sendfile_body
=NOTICE REPORT==== 1-Jun-2026::01:38:32.596399 ===
    reason: closed
    msg: roadrunner response send failed
    phase: sendfile_body
=NOTICE REPORT==== 1-Jun-2026::01:38:32.597441 ===
    reason: closed
    msg: roadrunner response send failed
    phase: sendfile_body
=NOTICE REPORT==== 1-Jun-2026::01:38:32.598056 ===
    reason: closed
    msg: roadrunner response send failed
    phase: sendfile_body
=NOTICE REPORT==== 1-Jun-2026::01:38:32.598445 ===
    reason: closed
    msg: roadrunner response send failed
    phase: sendfile_body
=NOTICE REPORT==== 1-Jun-2026::01:38:32.598506 ===
    reason: closed
    msg: roadrunner response send failed
    phase: sendfile_body
=NOTICE REPORT==== 1-Jun-2026::01:38:32.599790 ===
    reason: closed
    msg: roadrunner response send failed
    phase: sendfile_body
=NOTICE REPORT==== 1-Jun-2026::01:38:32.599843 ===
    reason: closed
    msg: roadrunner response send failed
    phase: sendfile_body
=NOTICE REPORT==== 1-Jun-2026::01:38:32.601161 ===
    reason: closed
    msg: roadrunner response send failed
    phase: sendfile_body
=NOTICE REPORT==== 1-Jun-2026::01:38:32.601230 ===
    reason: closed
    msg: roadrunner response send failed
    phase: sendfile_body
=NOTICE REPORT==== 1-Jun-2026::01:38:32.601382 ===
    reason: closed
    msg: roadrunner response send failed
    phase: sendfile_body
=NOTICE REPORT==== 1-Jun-2026::01:38:32.602209 ===
    reason: closed
    msg: roadrunner response send failed
    phase: sendfile_body
=NOTICE REPORT==== 1-Jun-2026::01:38:32.602433 ===
    reason: closed
    msg: roadrunner response send failed
    phase: sendfile_body
=NOTICE REPORT==== 1-Jun-2026::01:38:32.603658 ===
    reason: closed
    msg: roadrunner response send failed
    phase: sendfile_body
=NOTICE REPORT==== 1-Jun-2026::01:38:32.605145 ===
    reason: closed
    msg: roadrunner response send failed
    phase: sendfile_body
=NOTICE REPORT==== 1-Jun-2026::01:38:32.607820 ===
    reason: closed
    msg: roadrunner response send failed
    phase: sendfile_body
=NOTICE REPORT==== 1-Jun-2026::01:38:32.609065 ===
    reason: closed
    msg: roadrunner response send failed
    phase: sendfile_body
=NOTICE REPORT==== 1-Jun-2026::01:38:32.610684 ===
    reason: closed
    msg: roadrunner response send failed
    phase: sendfile_body
=NOTICE REPORT==== 1-Jun-2026::01:38:32.611200 ===
    reason: closed
    msg: roadrunner response send failed
    phase: sendfile_body
=NOTICE REPORT==== 1-Jun-2026::01:38:32.611316 ===
    reason: closed
    msg: roadrunner response send failed
    phase: sendfile_body
=NOTICE REPORT==== 1-Jun-2026::01:38:32.611346 ===
    reason: closed
    msg: roadrunner response send failed
    phase: sendfile_body
=NOTICE REPORT==== 1-Jun-2026::01:38:32.612580 ===
    reason: closed
    msg: roadrunner response send failed
    phase: sendfile_body
=NOTICE REPORT==== 1-Jun-2026::01:38:32.614195 ===
    reason: closed
    msg: roadrunner response send failed
    phase: sendfile_body
=NOTICE REPORT==== 1-Jun-2026::01:38:32.614200 ===
    reason: closed
    msg: roadrunner response send failed
    phase: sendfile_body
=NOTICE REPORT==== 1-Jun-2026::01:38:32.614220 ===
    reason: closed
    msg: roadrunner response send failed
    phase: sendfile_body
=NOTICE REPORT==== 1-Jun-2026::01:38:32.614224 ===
    reason: closed
    msg: roadrunner response send failed
    phase: sendfile_body
=NOTICE REPORT==== 1-Jun-2026::01:38:32.615726 ===
    reason: closed
    msg: roadrunner response send failed
    phase: sendfile_body
=NOTICE REPORT==== 1-Jun-2026::01:38:32.616978 ===
    reason: closed
    msg: roadrunner response send failed
    phase: sendfile_body
=NOTICE REPORT==== 1-Jun-2026::01:38:32.617848 ===
    reason: closed
    msg: roadrunner response send failed
    phase: sendfile_body
=NOTICE REPORT==== 1-Jun-2026::01:38:32.618451 ===
    reason: closed
    msg: roadrunner response send failed
    phase: sendfile_body
=NOTICE REPORT==== 1-Jun-2026::01:38:32.618557 ===
    reason: closed
    msg: roadrunner response send failed
    phase: sendfile_body
=NOTICE REPORT==== 1-Jun-2026::01:38:32.619022 ===
    reason: closed
    msg: roadrunner response send failed
    phase: sendfile_body
=NOTICE REPORT==== 1-Jun-2026::01:38:32.620141 ===
    reason: closed
    msg: roadrunner response send failed
    phase: sendfile_body
=NOTICE REPORT==== 1-Jun-2026::01:38:32.621185 ===
    reason: closed
    msg: roadrunner response send failed
    phase: sendfile_body
=NOTICE REPORT==== 1-Jun-2026::01:38:32.622178 ===
    reason: closed
    msg: roadrunner response send failed
    phase: sendfile_body
=NOTICE REPORT==== 1-Jun-2026::01:38:32.625122 ===
    reason: closed
    msg: roadrunner response send failed
    phase: sendfile_body
=NOTICE REPORT==== 1-Jun-2026::01:38:32.625430 ===
    reason: closed
    msg: roadrunner response send failed
    phase: sendfile_body
=NOTICE REPORT==== 1-Jun-2026::01:38:32.626424 ===
    reason: closed
    msg: roadrunner response send failed
    phase: sendfile_body
=NOTICE REPORT==== 1-Jun-2026::01:38:32.628208 ===
    reason: closed
    msg: roadrunner response send failed
    phase: sendfile_body
=NOTICE REPORT==== 1-Jun-2026::01:38:32.629227 ===
    reason: closed
    msg: roadrunner response send failed
    phase: sendfile_body
=NOTICE REPORT==== 1-Jun-2026::01:38:32.630174 ===
    reason: closed
    msg: roadrunner response send failed
    phase: sendfile_body
=NOTICE REPORT==== 1-Jun-2026::01:38:32.636036 ===
    reason: closed
    msg: roadrunner response send failed
    phase: sendfile_body
=NOTICE REPORT==== 1-Jun-2026::01:38:32.636955 ===
    reason: closed
    msg: roadrunner response send failed
    phase: sendfile_body
=NOTICE REPORT==== 1-Jun-2026::01:38:32.638012 ===
    reason: closed
    msg: roadrunner response send failed
    phase: sendfile_body
=NOTICE REPORT==== 1-Jun-2026::01:38:32.639189 ===
    reason: closed
    msg: roadrunner response send failed
    phase: sendfile_body
=NOTICE REPORT==== 1-Jun-2026::01:38:32.639275 ===
    reason: closed
    msg: roadrunner response send failed
    phase: sendfile_body
=NOTICE REPORT==== 1-Jun-2026::01:38:32.640205 ===
    reason: closed
    msg: roadrunner response send failed
    phase: sendfile_body
=NOTICE REPORT==== 1-Jun-2026::01:38:32.641871 ===
    reason: closed
    msg: roadrunner response send failed
    phase: sendfile_body
=NOTICE REPORT==== 1-Jun-2026::01:38:32.642433 ===
    reason: closed
    msg: roadrunner response send failed
    phase: sendfile_body
=NOTICE REPORT==== 1-Jun-2026::01:38:32.643577 ===
    reason: closed
    msg: roadrunner response send failed
    phase: sendfile_body
=NOTICE REPORT==== 1-Jun-2026::01:38:32.644506 ===
    reason: closed
    msg: roadrunner response send failed
    phase: sendfile_body
=NOTICE REPORT==== 1-Jun-2026::01:38:32.645762 ===
    reason: closed
    msg: roadrunner response send failed
    phase: sendfile_body
=NOTICE REPORT==== 1-Jun-2026::01:38:32.646958 ===
    reason: closed
    msg: roadrunner response send failed
    phase: sendfile_body
=NOTICE REPORT==== 1-Jun-2026::01:38:32.647897 ===
    reason: closed
    msg: roadrunner response send failed
    phase: sendfile_body
=NOTICE REPORT==== 1-Jun-2026::01:38:32.647923 ===
    reason: closed
    msg: roadrunner response send failed
    phase: sendfile_body
=NOTICE REPORT==== 1-Jun-2026::01:38:32.648887 ===
    reason: closed
    msg: roadrunner response send failed
    phase: sendfile_body
=NOTICE REPORT==== 1-Jun-2026::01:38:32.650985 ===
    reason: closed
    msg: roadrunner response send failed
    phase: sendfile_body
=NOTICE REPORT==== 1-Jun-2026::01:38:32.654848 ===
    reason: closed
    msg: roadrunner response send failed
    phase: sendfile_body
=NOTICE REPORT==== 1-Jun-2026::01:38:32.655935 ===
    reason: closed
    msg: roadrunner response send failed
    phase: sendfile_body
=NOTICE REPORT==== 1-Jun-2026::01:38:32.657240 ===
    reason: closed
    msg: roadrunner response send failed
    phase: sendfile_body
=NOTICE REPORT==== 1-Jun-2026::01:38:32.659451 ===
    reason: closed
    msg: roadrunner response send failed
    phase: sendfile_body
=NOTICE REPORT==== 1-Jun-2026::01:38:32.659520 ===
    reason: closed
    msg: roadrunner response send failed
    phase: sendfile_body
=NOTICE REPORT==== 1-Jun-2026::01:38:32.661750 ===
    reason: closed
    msg: roadrunner response send failed
    phase: sendfile_body
=NOTICE REPORT==== 1-Jun-2026::01:38:32.661887 ===
    reason: closed
    msg: roadrunner response send failed
    phase: sendfile_body
=NOTICE REPORT==== 1-Jun-2026::01:38:32.661940 ===
    reason: closed
    msg: roadrunner response send failed
    phase: sendfile_body
=NOTICE REPORT==== 1-Jun-2026::01:38:32.662932 ===
    reason: closed
    msg: roadrunner response send failed
    phase: sendfile_body
=NOTICE REPORT==== 1-Jun-2026::01:38:32.667388 ===
    reason: closed
    msg: roadrunner response send failed
    phase: sendfile_body
=NOTICE REPORT==== 1-Jun-2026::01:38:32.668047 ===
    reason: closed
    msg: roadrunner response send failed
    phase: sendfile_body
=NOTICE REPORT==== 1-Jun-2026::01:38:32.668995 ===
    reason: closed
    msg: roadrunner response send failed
    phase: sendfile_body
=NOTICE REPORT==== 1-Jun-2026::01:38:32.670129 ===
    reason: closed
    msg: roadrunner response send failed
    phase: sendfile_body
=NOTICE REPORT==== 1-Jun-2026::01:38:32.672185 ===
    reason: closed
    msg: roadrunner response send failed
    phase: sendfile_body
=NOTICE REPORT==== 1-Jun-2026::01:38:32.674337 ===
    reason: closed
    msg: roadrunner response send failed
    phase: sendfile_body
=NOTICE REPORT==== 1-Jun-2026::01:38:32.674368 ===
    reason: closed
    msg: roadrunner response send failed
    phase: sendfile_body
=NOTICE REPORT==== 1-Jun-2026::01:38:32.674428 ===
    reason: closed
    msg: roadrunner response send failed
    phase: sendfile_body
=NOTICE REPORT==== 1-Jun-2026::01:38:32.674385 ===
    reason: closed
    msg: roadrunner response send failed
    phase: sendfile_body
=NOTICE REPORT==== 1-Jun-2026::01:38:32.674784 ===
    reason: closed
    msg: roadrunner response send failed
    phase: sendfile_body
=NOTICE REPORT==== 1-Jun-2026::01:38:32.675400 ===
    reason: closed
    msg: roadrunner response send failed
    phase: sendfile_body
=NOTICE REPORT==== 1-Jun-2026::01:38:32.678947 ===
    reason: closed
    msg: roadrunner response send failed
    phase: sendfile_body
=NOTICE REPORT==== 1-Jun-2026::01:38:32.682408 ===
    reason: closed
    msg: roadrunner response send failed
    phase: sendfile_body
=NOTICE REPORT==== 1-Jun-2026::01:38:32.683611 ===
    reason: closed
    msg: roadrunner response send failed
    phase: sendfile_body
=NOTICE REPORT==== 1-Jun-2026::01:38:32.685957 ===
    reason: closed
    msg: roadrunner response send failed
    phase: sendfile_body
=NOTICE REPORT==== 1-Jun-2026::01:38:32.687165 ===
    reason: closed
    msg: roadrunner response send failed
    phase: sendfile_body
=NOTICE REPORT==== 1-Jun-2026::01:38:32.688284 ===
    reason: closed
    msg: roadrunner response send failed
    phase: sendfile_body
=NOTICE REPORT==== 1-Jun-2026::01:38:32.689418 ===
    reason: closed
    msg: roadrunner response send failed
    phase: sendfile_body
=NOTICE REPORT==== 1-Jun-2026::01:38:32.692548 ===
    reason: closed
    msg: roadrunner response send failed
    phase: sendfile_body
=NOTICE REPORT==== 1-Jun-2026::01:38:32.693522 ===
    reason: closed
    msg: roadrunner response send failed
    phase: sendfile_body
=NOTICE REPORT==== 1-Jun-2026::01:38:32.695059 ===
    reason: closed
    msg: roadrunner response send failed
    phase: sendfile_body
=NOTICE REPORT==== 1-Jun-2026::01:38:32.695781 ===
    reason: closed
    msg: roadrunner response send failed
    phase: sendfile_body
=NOTICE REPORT==== 1-Jun-2026::01:38:32.696520 ===
    reason: closed
    msg: roadrunner response send failed
    phase: sendfile_body
=NOTICE REPORT==== 1-Jun-2026::01:38:32.697577 ===
    reason: closed
    msg: roadrunner response send failed
    phase: sendfile_body
=NOTICE REPORT==== 1-Jun-2026::01:38:32.700281 ===
    reason: closed
    msg: roadrunner response send failed
    phase: sendfile_body
=NOTICE REPORT==== 1-Jun-2026::01:38:32.701384 ===
    reason: closed
    msg: roadrunner response send failed
    phase: sendfile_body
=NOTICE REPORT==== 1-Jun-2026::01:38:32.703257 ===
    reason: closed
    msg: roadrunner response send failed
    phase: sendfile_body
=NOTICE REPORT==== 1-Jun-2026::01:38:32.705739 ===
    reason: closed
    msg: roadrunner response send failed
    phase: sendfile_body
=NOTICE REPORT==== 1-Jun-2026::01:38:32.707181 ===
    reason: closed
    msg: roadrunner response send failed
    phase: sendfile_body
=NOTICE REPORT==== 1-Jun-2026::01:38:32.708128 ===
    reason: closed
    msg: roadrunner response send failed
    phase: sendfile_body
=NOTICE REPORT==== 1-Jun-2026::01:38:32.710894 ===
    reason: closed
    msg: roadrunner response send failed
    phase: sendfile_body
=NOTICE REPORT==== 1-Jun-2026::01:38:32.711008 ===
    reason: closed
    msg: roadrunner response send failed
    phase: sendfile_body
=NOTICE REPORT==== 1-Jun-2026::01:38:32.711094 ===
    reason: closed
    msg: roadrunner response send failed
    phase: sendfile_body
=NOTICE REPORT==== 1-Jun-2026::01:38:32.712206 ===
    reason: closed
    msg: roadrunner response send failed
    phase: sendfile_body
=NOTICE REPORT==== 1-Jun-2026::01:38:32.717507 ===
    reason: closed
    msg: roadrunner response send failed
    phase: sendfile_body
=NOTICE REPORT==== 1-Jun-2026::01:38:32.719738 ===
    reason: closed
    msg: roadrunner response send failed
    phase: sendfile_body
=NOTICE REPORT==== 1-Jun-2026::01:38:32.720738 ===
    reason: closed
    msg: roadrunner response send failed
    phase: sendfile_body
=NOTICE REPORT==== 1-Jun-2026::01:38:32.721791 ===
    reason: closed
    msg: roadrunner response send failed
    phase: sendfile_body
=NOTICE REPORT==== 1-Jun-2026::01:38:32.722164 ===
    reason: closed
    msg: roadrunner response send failed
    phase: sendfile_body
=NOTICE REPORT==== 1-Jun-2026::01:38:32.721850 ===
    reason: closed
    msg: roadrunner response send failed
    phase: sendfile_body
=NOTICE REPORT==== 1-Jun-2026::01:38:32.722759 ===
    reason: closed
    msg: roadrunner response send failed
    phase: sendfile_body
=NOTICE REPORT==== 1-Jun-2026::01:38:32.724345 ===
    reason: closed
    msg: roadrunner response send failed
    phase: sendfile_body
=NOTICE REPORT==== 1-Jun-2026::01:38:32.726285 ===
    reason: closed
    msg: roadrunner response send failed
    phase: sendfile_body
=NOTICE REPORT==== 1-Jun-2026::01:38:32.728377 ===
    reason: closed
    msg: roadrunner response send failed
    phase: sendfile_body
=NOTICE REPORT==== 1-Jun-2026::01:38:32.730182 ===
    reason: closed
    msg: roadrunner response send failed
    phase: sendfile_body
=NOTICE REPORT==== 1-Jun-2026::01:38:32.730227 ===
    reason: closed
    msg: roadrunner response send failed
    phase: sendfile_body
=NOTICE REPORT==== 1-Jun-2026::01:38:32.731048 ===
    reason: closed
    msg: roadrunner response send failed
    phase: sendfile_body
=NOTICE REPORT==== 1-Jun-2026::01:38:32.733937 ===
    reason: closed
    msg: roadrunner response send failed
    phase: sendfile_body
=NOTICE REPORT==== 1-Jun-2026::01:38:32.735294 ===
    reason: closed
    msg: roadrunner response send failed
    phase: sendfile_body
=NOTICE REPORT==== 1-Jun-2026::01:38:32.737622 ===
    reason: closed
    msg: roadrunner response send failed
    phase: sendfile_body
=NOTICE REPORT==== 1-Jun-2026::01:38:32.738173 ===
    reason: closed
    msg: roadrunner response send failed
    phase: sendfile_body
=NOTICE REPORT==== 1-Jun-2026::01:38:32.740121 ===
    reason: closed
    msg: roadrunner response send failed
    phase: sendfile_body
=NOTICE REPORT==== 1-Jun-2026::01:38:32.740288 ===
    reason: closed
    msg: roadrunner response send failed
    phase: sendfile_body
=NOTICE REPORT==== 1-Jun-2026::01:38:32.740342 ===
    reason: closed
    msg: roadrunner response send failed
    phase: sendfile_body
=NOTICE REPORT==== 1-Jun-2026::01:38:32.741364 ===
    reason: closed
    msg: roadrunner response send failed
    phase: sendfile_body
=NOTICE REPORT==== 1-Jun-2026::01:38:32.742482 ===
    reason: closed
    msg: roadrunner response send failed
    phase: sendfile_body
=NOTICE REPORT==== 1-Jun-2026::01:38:32.743979 ===
    reason: closed
    msg: roadrunner response send failed
    phase: sendfile_body
=NOTICE REPORT==== 1-Jun-2026::01:38:32.744795 ===
    reason: closed
    msg: roadrunner response send failed
    phase: sendfile_body
=NOTICE REPORT==== 1-Jun-2026::01:38:32.745989 ===
    reason: closed
    msg: roadrunner response send failed
    phase: sendfile_body
=NOTICE REPORT==== 1-Jun-2026::01:38:32.746042 ===
    reason: closed
    msg: roadrunner response send failed
    phase: sendfile_body
=NOTICE REPORT==== 1-Jun-2026::01:38:32.747005 ===
    reason: closed
    msg: roadrunner response send failed
    phase: sendfile_body
=NOTICE REPORT==== 1-Jun-2026::01:38:32.747946 ===
    reason: closed
    msg: roadrunner response send failed
    phase: sendfile_body
=NOTICE REPORT==== 1-Jun-2026::01:38:32.748914 ===
    reason: closed
    msg: roadrunner response send failed
    phase: sendfile_body
=NOTICE REPORT==== 1-Jun-2026::01:38:32.753001 ===
    reason: closed
    msg: roadrunner response send failed
    phase: sendfile_body
=NOTICE REPORT==== 1-Jun-2026::01:38:32.755220 ===
    reason: closed
    msg: roadrunner response send failed
    phase: sendfile_body
=NOTICE REPORT==== 1-Jun-2026::01:38:32.756895 ===
    reason: closed
    msg: roadrunner response send failed
    phase: sendfile_body
=NOTICE REPORT==== 1-Jun-2026::01:38:32.757863 ===
    reason: closed
    msg: roadrunner response send failed
    phase: sendfile_body
=NOTICE REPORT==== 1-Jun-2026::01:38:32.757916 ===
    reason: closed
    msg: roadrunner response send failed
    phase: sendfile_body
=NOTICE REPORT==== 1-Jun-2026::01:38:32.759895 ===
    reason: closed
    msg: roadrunner response send failed
    phase: sendfile_body
=NOTICE REPORT==== 1-Jun-2026::01:38:32.760925 ===
    reason: closed
    msg: roadrunner response send failed
    phase: sendfile_body
=NOTICE REPORT==== 1-Jun-2026::01:38:32.760918 ===
    reason: closed
    msg: roadrunner response send failed
    phase: sendfile_body
=NOTICE REPORT==== 1-Jun-2026::01:38:32.762039 ===
    reason: closed
    msg: roadrunner response send failed
    phase: sendfile_body
=NOTICE REPORT==== 1-Jun-2026::01:38:32.762035 ===
    reason: closed
    msg: roadrunner response send failed
    phase: sendfile_body
=NOTICE REPORT==== 1-Jun-2026::01:38:32.762901 ===
    reason: closed
    msg: roadrunner response send failed
    phase: sendfile_body
=NOTICE REPORT==== 1-Jun-2026::01:38:32.763764 ===
    reason: closed
    msg: roadrunner response send failed
    phase: sendfile_body
=NOTICE REPORT==== 1-Jun-2026::01:38:32.767015 ===
    reason: closed
    msg: roadrunner response send failed
    phase: sendfile_body
=NOTICE REPORT==== 1-Jun-2026::01:38:32.767865 ===
    reason: closed
    msg: roadrunner response send failed
    phase: sendfile_body
=NOTICE REPORT==== 1-Jun-2026::01:38:32.768887 ===
    reason: closed
    msg: roadrunner response send failed
    phase: sendfile_body
=NOTICE REPORT==== 1-Jun-2026::01:38:32.768893 ===
    reason: closed
    msg: roadrunner response send failed
    phase: sendfile_body
=NOTICE REPORT==== 1-Jun-2026::01:38:32.769791 ===
    reason: closed
    msg: roadrunner response send failed
    phase: sendfile_body
=NOTICE REPORT==== 1-Jun-2026::01:38:32.770904 ===
    reason: closed
    msg: roadrunner response send failed
    phase: sendfile_body
=NOTICE REPORT==== 1-Jun-2026::01:38:32.772617 ===
    reason: closed
    msg: roadrunner response send failed
    phase: sendfile_body
=NOTICE REPORT==== 1-Jun-2026::01:38:32.772913 ===
    reason: closed
    msg: roadrunner response send failed
    phase: sendfile_body
=NOTICE REPORT==== 1-Jun-2026::01:38:32.773885 ===
    reason: closed
    msg: roadrunner response send failed
    phase: sendfile_body
=NOTICE REPORT==== 1-Jun-2026::01:38:32.773912 ===
    reason: closed
    msg: roadrunner response send failed
    phase: sendfile_body
=NOTICE REPORT==== 1-Jun-2026::01:38:32.776167 ===
    reason: closed
    msg: roadrunner response send failed
    phase: sendfile_body
=NOTICE REPORT==== 1-Jun-2026::01:38:32.776229 ===
    reason: closed
    msg: roadrunner response send failed
    phase: sendfile_body
=NOTICE REPORT==== 1-Jun-2026::01:38:32.777050 ===
    reason: closed
    msg: roadrunner response send failed
    phase: sendfile_body
=NOTICE REPORT==== 1-Jun-2026::01:38:32.777074 ===
    reason: closed
    msg: roadrunner response send failed
    phase: sendfile_body
=NOTICE REPORT==== 1-Jun-2026::01:38:32.778167 ===
    reason: closed
    msg: roadrunner response send failed
    phase: sendfile_body
=NOTICE REPORT==== 1-Jun-2026::01:38:32.779974 ===
    reason: closed
    msg: roadrunner response send failed
    phase: sendfile_body
=NOTICE REPORT==== 1-Jun-2026::01:38:32.779985 ===
    reason: closed
    msg: roadrunner response send failed
    phase: sendfile_body
=NOTICE REPORT==== 1-Jun-2026::01:38:32.782149 ===
    reason: closed
    msg: roadrunner response send failed
    phase: sendfile_body
=NOTICE REPORT==== 1-Jun-2026::01:38:32.784073 ===
    reason: closed
    msg: roadrunner response send failed
    phase: sendfile_body
=NOTICE REPORT==== 1-Jun-2026::01:38:32.787467 ===
    reason: closed
    msg: roadrunner response send failed
    phase: sendfile_body
=NOTICE REPORT==== 1-Jun-2026::01:38:32.787458 ===
    reason: closed
    msg: roadrunner response send failed
    phase: sendfile_body
=NOTICE REPORT==== 1-Jun-2026::01:38:32.788072 ===
    reason: closed
    msg: roadrunner response send failed
    phase: sendfile_body
=NOTICE REPORT==== 1-Jun-2026::01:38:32.788993 ===
    reason: closed
    msg: roadrunner response send failed
    phase: sendfile_body
=NOTICE REPORT==== 1-Jun-2026::01:38:32.789919 ===
    reason: closed
    msg: roadrunner response send failed
    phase: sendfile_body
=NOTICE REPORT==== 1-Jun-2026::01:38:32.791391 ===
    reason: closed
    msg: roadrunner response send failed
    phase: sendfile_body
=NOTICE REPORT==== 1-Jun-2026::01:38:32.791857 ===
    reason: closed
    msg: roadrunner response send failed
    phase: sendfile_body
=NOTICE REPORT==== 1-Jun-2026::01:38:32.792822 ===
    reason: closed
    msg: roadrunner response send failed
    phase: sendfile_body
=NOTICE REPORT==== 1-Jun-2026::01:38:32.796441 ===
    reason: closed
    msg: roadrunner response send failed
    phase: sendfile_body
=NOTICE REPORT==== 1-Jun-2026::01:38:32.799891 ===
    reason: closed
    msg: roadrunner response send failed
    phase: sendfile_body
=NOTICE REPORT==== 1-Jun-2026::01:38:32.802035 ===
    reason: closed
    msg: roadrunner response send failed
    phase: sendfile_body
=NOTICE REPORT==== 1-Jun-2026::01:38:32.802167 ===
    reason: closed
    msg: roadrunner response send failed
    phase: sendfile_body
=NOTICE REPORT==== 1-Jun-2026::01:38:32.803302 ===
    reason: closed
    msg: roadrunner response send failed
    phase: sendfile_body
=NOTICE REPORT==== 1-Jun-2026::01:38:32.804137 ===
    reason: closed
    msg: roadrunner response send failed
    phase: sendfile_body
=NOTICE REPORT==== 1-Jun-2026::01:38:32.805105 ===
    reason: closed
    msg: roadrunner response send failed
    phase: sendfile_body
=NOTICE REPORT==== 1-Jun-2026::01:38:32.805601 ===
    reason: closed
    msg: roadrunner response send failed
    phase: sendfile_body
=NOTICE REPORT==== 1-Jun-2026::01:38:32.805989 ===
    reason: closed
    msg: roadrunner response send failed
    phase: sendfile_body
=NOTICE REPORT==== 1-Jun-2026::01:38:32.806109 ===
    reason: closed
    msg: roadrunner response send failed
    phase: sendfile_body
=NOTICE REPORT==== 1-Jun-2026::01:38:32.809498 ===
    reason: closed
    msg: roadrunner response send failed
    phase: sendfile_body
=NOTICE REPORT==== 1-Jun-2026::01:38:32.812831 ===
    reason: closed
    msg: roadrunner response send failed
    phase: sendfile_body
=NOTICE REPORT==== 1-Jun-2026::01:38:32.814401 ===
    reason: closed
    msg: roadrunner response send failed
    phase: sendfile_body
=NOTICE REPORT==== 1-Jun-2026::01:38:32.814438 ===
    reason: closed
    msg: roadrunner response send failed
    phase: sendfile_body
=NOTICE REPORT==== 1-Jun-2026::01:38:32.814478 ===
    reason: closed
    msg: roadrunner response send failed
    phase: sendfile_body
=NOTICE REPORT==== 1-Jun-2026::01:38:32.814519 ===
    reason: closed
    msg: roadrunner response send failed
    phase: sendfile_body
=NOTICE REPORT==== 1-Jun-2026::01:38:32.815633 ===
    reason: closed
    msg: roadrunner response send failed
    phase: sendfile_body
=NOTICE REPORT==== 1-Jun-2026::01:38:32.815658 ===
    reason: closed
    msg: roadrunner response send failed
    phase: sendfile_body
=NOTICE REPORT==== 1-Jun-2026::01:38:32.817590 ===
    reason: closed
    msg: roadrunner response send failed
    phase: sendfile_body
=NOTICE REPORT==== 1-Jun-2026::01:38:32.817632 ===
    reason: closed
    msg: roadrunner response send failed
    phase: sendfile_body
=NOTICE REPORT==== 1-Jun-2026::01:38:32.819260 ===
    reason: closed
    msg: roadrunner response send failed
    phase: sendfile_body
=NOTICE REPORT==== 1-Jun-2026::01:38:32.819309 ===
    reason: closed
    msg: roadrunner response send failed
    phase: sendfile_body
=NOTICE REPORT==== 1-Jun-2026::01:38:32.820311 ===
    reason: closed
    msg: roadrunner response send failed
    phase: sendfile_body
=NOTICE REPORT==== 1-Jun-2026::01:38:32.821265 ===
    reason: closed
    msg: roadrunner response send failed
    phase: sendfile_body
=NOTICE REPORT==== 1-Jun-2026::01:38:32.822262 ===
    reason: closed
    msg: roadrunner response send failed
    phase: sendfile_body
=NOTICE REPORT==== 1-Jun-2026::01:38:32.822426 ===
    reason: closed
    msg: roadrunner response send failed
    phase: sendfile_body
=NOTICE REPORT==== 1-Jun-2026::01:38:32.822471 ===
    reason: closed
    msg: roadrunner response send failed
    phase: sendfile_body
=NOTICE REPORT==== 1-Jun-2026::01:38:32.823421 ===
    reason: closed
    msg: roadrunner response send failed
    phase: sendfile_body
=NOTICE REPORT==== 1-Jun-2026::01:38:32.824213 ===
    reason: closed
    msg: roadrunner response send failed
    phase: sendfile_body
=NOTICE REPORT==== 1-Jun-2026::01:38:32.825014 ===
    reason: closed
    msg: roadrunner response send failed
    phase: sendfile_body
=NOTICE REPORT==== 1-Jun-2026::01:38:32.825007 ===
    reason: closed
    msg: roadrunner response send failed
    phase: sendfile_body
=NOTICE REPORT==== 1-Jun-2026::01:38:32.826209 ===
    reason: closed
    msg: roadrunner response send failed
    phase: sendfile_body
=NOTICE REPORT==== 1-Jun-2026::01:38:32.827699 ===
    reason: closed
    msg: roadrunner response send failed
    phase: sendfile_body
=NOTICE REPORT==== 1-Jun-2026::01:38:32.829942 ===
    reason: closed
    msg: roadrunner response send failed
    phase: sendfile_body
=NOTICE REPORT==== 1-Jun-2026::01:38:32.831885 ===
    reason: closed
    msg: roadrunner response send failed
    phase: sendfile_body
=NOTICE REPORT==== 1-Jun-2026::01:38:32.832746 ===
    reason: closed
    msg: roadrunner response send failed
    phase: sendfile_body
=NOTICE REPORT==== 1-Jun-2026::01:38:32.835036 ===
    reason: closed
    msg: roadrunner response send failed
    phase: sendfile_body
=NOTICE REPORT==== 1-Jun-2026::01:38:32.835159 ===
    reason: closed
    msg: roadrunner response send failed
    phase: sendfile_body
=NOTICE REPORT==== 1-Jun-2026::01:38:32.837298 ===
    reason: closed
    msg: roadrunner response send failed
    phase: sendfile_body
=NOTICE REPORT==== 1-Jun-2026::01:38:32.838116 ===
    reason: closed
    msg: roadrunner response send failed
    phase: sendfile_body
=NOTICE REPORT==== 1-Jun-2026::01:38:32.838145 ===
    reason: closed
    msg: roadrunner response send failed
    phase: sendfile_body
=NOTICE REPORT==== 1-Jun-2026::01:38:32.839054 ===
    reason: closed
    msg: roadrunner response send failed
    phase: sendfile_body
=NOTICE REPORT==== 1-Jun-2026::01:38:32.839924 ===
    reason: closed
    msg: roadrunner response send failed
    phase: sendfile_body
=NOTICE REPORT==== 1-Jun-2026::01:38:32.840794 ===
    reason: closed
    msg: roadrunner response send failed
    phase: sendfile_body
=NOTICE REPORT==== 1-Jun-2026::01:38:32.842094 ===
    reason: closed
    msg: roadrunner response send failed
    phase: sendfile_body
=NOTICE REPORT==== 1-Jun-2026::01:38:32.842113 ===
    reason: closed
    msg: roadrunner response send failed
    phase: sendfile_body
=NOTICE REPORT==== 1-Jun-2026::01:38:32.842525 ===
    reason: closed
    msg: roadrunner response send failed
    phase: sendfile_body
=NOTICE REPORT==== 1-Jun-2026::01:38:32.844266 ===
    reason: closed
    msg: roadrunner response send failed
    phase: sendfile_body
=NOTICE REPORT==== 1-Jun-2026::01:38:32.846072 ===
    reason: closed
    msg: roadrunner response send failed
    phase: sendfile_body
=NOTICE REPORT==== 1-Jun-2026::01:38:32.846779 ===
    reason: closed
    msg: roadrunner response send failed
    phase: sendfile_body
=NOTICE REPORT==== 1-Jun-2026::01:38:32.847904 ===
    reason: closed
    msg: roadrunner response send failed
    phase: sendfile_body
=NOTICE REPORT==== 1-Jun-2026::01:38:32.848749 ===
    reason: closed
    msg: roadrunner response send failed
    phase: sendfile_body
=NOTICE REPORT==== 1-Jun-2026::01:38:32.850060 ===
    reason: closed
    msg: roadrunner response send failed
    phase: sendfile_body
=NOTICE REPORT==== 1-Jun-2026::01:38:32.850804 ===
    reason: closed
    msg: roadrunner response send failed
    phase: sendfile_body
=NOTICE REPORT==== 1-Jun-2026::01:38:32.851872 ===
    reason: closed
    msg: roadrunner response send failed
    phase: sendfile_body
=NOTICE REPORT==== 1-Jun-2026::01:38:32.852910 ===
    reason: closed
    msg: roadrunner response send failed
    phase: sendfile_body
=NOTICE REPORT==== 1-Jun-2026::01:38:32.853735 ===
    reason: closed
    msg: roadrunner response send failed
    phase: sendfile_body
=NOTICE REPORT==== 1-Jun-2026::01:38:32.853758 ===
    reason: closed
    msg: roadrunner response send failed
    phase: sendfile_body
=NOTICE REPORT==== 1-Jun-2026::01:38:32.854664 ===
    reason: closed
    msg: roadrunner response send failed
    phase: sendfile_body
=NOTICE REPORT==== 1-Jun-2026::01:38:32.855315 ===
    reason: closed
    msg: roadrunner response send failed
    phase: sendfile_body
=NOTICE REPORT==== 1-Jun-2026::01:38:32.856360 ===
    reason: closed
    msg: roadrunner response send failed
    phase: sendfile_body
=NOTICE REPORT==== 1-Jun-2026::01:38:32.857294 ===
    reason: closed
    msg: roadrunner response send failed
    phase: sendfile_body
=NOTICE REPORT==== 1-Jun-2026::01:38:32.858886 ===
    reason: closed
    msg: roadrunner response send failed
    phase: sendfile_body
=NOTICE REPORT==== 1-Jun-2026::01:38:32.858949 ===
    reason: closed
    msg: roadrunner response send failed
    phase: sendfile_body
=NOTICE REPORT==== 1-Jun-2026::01:38:32.860716 ===
    reason: closed
    msg: roadrunner response send failed
    phase: sendfile_body
=NOTICE REPORT==== 1-Jun-2026::01:38:32.862438 ===
    reason: closed
    msg: roadrunner response send failed
    phase: sendfile_body
=NOTICE REPORT==== 1-Jun-2026::01:38:32.863207 ===
    reason: closed
    msg: roadrunner response send failed
    phase: sendfile_body
=NOTICE REPORT==== 1-Jun-2026::01:38:32.864288 ===
    reason: closed
    msg: roadrunner response send failed
    phase: sendfile_body
=NOTICE REPORT==== 1-Jun-2026::01:38:32.865265 ===
    reason: closed
    msg: roadrunner response send failed
    phase: sendfile_body
=NOTICE REPORT==== 1-Jun-2026::01:38:32.867834 ===
    reason: closed
    msg: roadrunner response send failed
    phase: sendfile_body
=NOTICE REPORT==== 1-Jun-2026::01:38:32.870724 ===
    reason: closed
    msg: roadrunner response send failed
    phase: sendfile_body
=NOTICE REPORT==== 1-Jun-2026::01:38:32.871973 ===
    reason: closed
    msg: roadrunner response send failed
    phase: sendfile_body
=NOTICE REPORT==== 1-Jun-2026::01:38:32.872025 ===
    reason: closed
    msg: roadrunner response send failed
    phase: sendfile_body
=NOTICE REPORT==== 1-Jun-2026::01:38:32.873003 ===
    reason: closed
    msg: roadrunner response send failed
    phase: sendfile_body
=NOTICE REPORT==== 1-Jun-2026::01:38:32.873012 ===
    reason: closed
    msg: roadrunner response send failed
    phase: sendfile_body
=NOTICE REPORT==== 1-Jun-2026::01:38:32.873878 ===
    reason: closed
    msg: roadrunner response send failed
    phase: sendfile_body
=NOTICE REPORT==== 1-Jun-2026::01:38:32.873880 ===
    reason: closed
    msg: roadrunner response send failed
    phase: sendfile_body
=NOTICE REPORT==== 1-Jun-2026::01:38:32.873909 ===
    reason: closed
    msg: roadrunner response send failed
    phase: sendfile_body
=NOTICE REPORT==== 1-Jun-2026::01:38:32.875035 ===
    reason: closed
    msg: roadrunner response send failed
    phase: sendfile_body
=NOTICE REPORT==== 1-Jun-2026::01:38:32.876770 ===
    reason: closed
    msg: roadrunner response send failed
    phase: sendfile_body
=NOTICE REPORT==== 1-Jun-2026::01:38:32.876862 ===
    reason: closed
    msg: roadrunner response send failed
    phase: sendfile_body
=NOTICE REPORT==== 1-Jun-2026::01:38:32.877802 ===
    reason: closed
    msg: roadrunner response send failed
    phase: sendfile_body
=NOTICE REPORT==== 1-Jun-2026::01:38:32.878618 ===
    reason: closed
    msg: roadrunner response send failed
    phase: sendfile_body
=NOTICE REPORT==== 1-Jun-2026::01:38:32.879360 ===
    reason: closed
    msg: roadrunner response send failed
    phase: sendfile_body
=NOTICE REPORT==== 1-Jun-2026::01:38:32.879572 ===
    reason: closed
    msg: roadrunner response send failed
    phase: sendfile_body
=NOTICE REPORT==== 1-Jun-2026::01:38:32.880273 ===
    reason: closed
    msg: roadrunner response send failed
    phase: sendfile_body
=NOTICE REPORT==== 1-Jun-2026::01:38:32.880349 ===
    reason: closed
    msg: roadrunner response send failed
    phase: sendfile_body
=NOTICE REPORT==== 1-Jun-2026::01:38:32.881067 ===
    reason: closed
    msg: roadrunner response send failed
    phase: sendfile_body
=NOTICE REPORT==== 1-Jun-2026::01:38:32.882093 ===
    reason: closed
    msg: roadrunner response send failed
    phase: sendfile_body
=NOTICE REPORT==== 1-Jun-2026::01:38:32.882972 ===
    reason: closed
    msg: roadrunner response send failed
    phase: sendfile_body
=NOTICE REPORT==== 1-Jun-2026::01:38:32.883002 ===
    reason: closed
    msg: roadrunner response send failed
    phase: sendfile_body
=NOTICE REPORT==== 1-Jun-2026::01:38:32.883190 ===
    reason: closed
    msg: roadrunner response send failed
    phase: sendfile_body
=NOTICE REPORT==== 1-Jun-2026::01:38:32.884005 ===
    reason: closed
    msg: roadrunner response send failed
    phase: sendfile_body
=NOTICE REPORT==== 1-Jun-2026::01:38:32.887479 ===
    reason: closed
    msg: roadrunner response send failed
    phase: sendfile_body
=NOTICE REPORT==== 1-Jun-2026::01:38:32.888267 ===
    reason: closed
    msg: roadrunner response send failed
    phase: sendfile_body
=NOTICE REPORT==== 1-Jun-2026::01:38:32.888415 ===
    reason: closed
    msg: roadrunner response send failed
    phase: sendfile_body
=NOTICE REPORT==== 1-Jun-2026::01:38:32.889401 ===
    reason: closed
    msg: roadrunner response send failed
    phase: sendfile_body
=NOTICE REPORT==== 1-Jun-2026::01:38:32.890342 ===
    reason: closed
    msg: roadrunner response send failed
    phase: sendfile_body
=NOTICE REPORT==== 1-Jun-2026::01:38:32.891059 ===
    reason: closed
    msg: roadrunner response send failed
    phase: sendfile_body
=NOTICE REPORT==== 1-Jun-2026::01:38:32.891934 ===
    reason: closed
    msg: roadrunner response send failed
    phase: sendfile_body
=NOTICE REPORT==== 1-Jun-2026::01:38:32.892613 ===
    reason: closed
    msg: roadrunner response send failed
    phase: sendfile_body
=NOTICE REPORT==== 1-Jun-2026::01:38:32.892724 ===
    reason: closed
    msg: roadrunner response send failed
    phase: sendfile_body
=NOTICE REPORT==== 1-Jun-2026::01:38:32.893408 ===
    reason: closed
    msg: roadrunner response send failed
    phase: sendfile_body
=NOTICE REPORT==== 1-Jun-2026::01:38:32.894663 ===
    reason: closed
    msg: roadrunner response send failed
    phase: sendfile_body
=NOTICE REPORT==== 1-Jun-2026::01:38:32.894664 ===
    reason: closed
    msg: roadrunner response send failed
    phase: sendfile_body
=NOTICE REPORT==== 1-Jun-2026::01:38:32.895014 ===
    reason: closed
    msg: roadrunner response send failed
    phase: sendfile_body
=NOTICE REPORT==== 1-Jun-2026::01:38:32.897253 ===
    reason: closed
    msg: roadrunner response send failed
    phase: sendfile_body
=NOTICE REPORT==== 1-Jun-2026::01:38:32.897998 ===
    reason: closed
    msg: roadrunner response send failed
    phase: sendfile_body
=NOTICE REPORT==== 1-Jun-2026::01:38:32.898898 ===
    reason: closed
    msg: roadrunner response send failed
    phase: sendfile_body
=NOTICE REPORT==== 1-Jun-2026::01:38:32.900035 ===
    reason: closed
    msg: roadrunner response send failed
    phase: sendfile_body
=NOTICE REPORT==== 1-Jun-2026::01:38:32.900907 ===
    reason: closed
    msg: roadrunner response send failed
    phase: sendfile_body
=NOTICE REPORT==== 1-Jun-2026::01:38:32.900956 ===
    reason: closed
    msg: roadrunner response send failed
    phase: sendfile_body
=NOTICE REPORT==== 1-Jun-2026::01:38:32.903374 ===
    reason: closed
    msg: roadrunner response send failed
    phase: sendfile_body
=NOTICE REPORT==== 1-Jun-2026::01:38:32.904252 ===
    reason: closed
    msg: roadrunner response send failed
    phase: sendfile_body
=NOTICE REPORT==== 1-Jun-2026::01:38:32.904256 ===
    reason: closed
    msg: roadrunner response send failed
    phase: sendfile_body
=NOTICE REPORT==== 1-Jun-2026::01:38:32.904974 ===
    reason: closed
    msg: roadrunner response send failed
    phase: sendfile_body
=NOTICE REPORT==== 1-Jun-2026::01:38:32.905845 ===
    reason: closed
    msg: roadrunner response send failed
    phase: sendfile_body
=NOTICE REPORT==== 1-Jun-2026::01:38:32.906702 ===
    reason: closed
    msg: roadrunner response send failed
    phase: sendfile_body
=NOTICE REPORT==== 1-Jun-2026::01:38:32.909266 ===
    reason: closed
    msg: roadrunner response send failed
    phase: sendfile_body
=NOTICE REPORT==== 1-Jun-2026::01:38:32.910010 ===
    reason: closed
    msg: roadrunner response send failed
    phase: sendfile_body
=NOTICE REPORT==== 1-Jun-2026::01:38:32.910910 ===
    reason: closed
    msg: roadrunner response send failed
    phase: sendfile_body
=NOTICE REPORT==== 1-Jun-2026::01:38:32.910930 ===
    reason: closed
    msg: roadrunner response send failed
    phase: sendfile_body
=NOTICE REPORT==== 1-Jun-2026::01:38:32.911615 ===
    reason: closed
    msg: roadrunner response send failed
    phase: sendfile_body
=NOTICE REPORT==== 1-Jun-2026::01:38:32.912533 ===
    reason: closed
    msg: roadrunner response send failed
    phase: sendfile_body
=NOTICE REPORT==== 1-Jun-2026::01:38:32.913298 ===
    reason: closed
    msg: roadrunner response send failed
    phase: sendfile_body
=NOTICE REPORT==== 1-Jun-2026::01:38:32.914007 ===
    reason: closed
    msg: roadrunner response send failed
    phase: sendfile_body
=NOTICE REPORT==== 1-Jun-2026::01:38:32.915374 ===
    reason: closed
    msg: roadrunner response send failed
    phase: sendfile_body
=NOTICE REPORT==== 1-Jun-2026::01:38:32.915415 ===
    reason: closed
    msg: roadrunner response send failed
    phase: sendfile_body
=NOTICE REPORT==== 1-Jun-2026::01:38:32.915451 ===
    reason: closed
    msg: roadrunner response send failed
    phase: sendfile_body
=NOTICE REPORT==== 1-Jun-2026::01:38:32.917061 ===
    reason: closed
    msg: roadrunner response send failed
    phase: sendfile_body
=NOTICE REPORT==== 1-Jun-2026::01:38:32.917812 ===
    reason: closed
    msg: roadrunner response send failed
    phase: sendfile_body
=NOTICE REPORT==== 1-Jun-2026::01:38:32.918772 ===
    reason: closed
    msg: roadrunner response send failed
    phase: sendfile_body
=NOTICE REPORT==== 1-Jun-2026::01:38:32.921777 ===
    reason: closed
    msg: roadrunner response send failed
    phase: sendfile_body
=NOTICE REPORT==== 1-Jun-2026::01:38:32.923999 ===
    reason: closed
    msg: roadrunner response send failed
    phase: sendfile_body
=NOTICE REPORT==== 1-Jun-2026::01:38:32.924727 ===
    reason: closed
    msg: roadrunner response send failed
    phase: sendfile_body
=NOTICE REPORT==== 1-Jun-2026::01:38:32.925453 ===
    reason: closed
    msg: roadrunner response send failed
    phase: sendfile_body
=NOTICE REPORT==== 1-Jun-2026::01:38:32.925483 ===
    reason: closed
    msg: roadrunner response send failed
    phase: sendfile_body
=NOTICE REPORT==== 1-Jun-2026::01:38:32.930692 ===
    reason: closed
    msg: roadrunner response send failed
    phase: sendfile_body
=NOTICE REPORT==== 1-Jun-2026::01:38:32.930776 ===
    reason: closed
    msg: roadrunner response send failed
    phase: sendfile_body
=NOTICE REPORT==== 1-Jun-2026::01:38:32.930769 ===
    reason: closed
    msg: roadrunner response send failed
    phase: sendfile_body
=NOTICE REPORT==== 1-Jun-2026::01:38:32.931364 ===
    reason: closed
    msg: roadrunner response send failed
    phase: sendfile_body
=NOTICE REPORT==== 1-Jun-2026::01:38:32.931421 ===
    reason: closed
    msg: roadrunner response send failed
    phase: sendfile_body
=NOTICE REPORT==== 1-Jun-2026::01:38:32.932196 ===
    reason: closed
    msg: roadrunner response send failed
    phase: sendfile_body
=NOTICE REPORT==== 1-Jun-2026::01:38:32.933342 ===
    reason: closed
    msg: roadrunner response send failed
    phase: sendfile_body
=NOTICE REPORT==== 1-Jun-2026::01:38:32.934958 ===
    reason: closed
    msg: roadrunner response send failed
    phase: sendfile_body
=NOTICE REPORT==== 1-Jun-2026::01:38:32.935087 ===
    reason: closed
    msg: roadrunner response send failed
    phase: sendfile_body
=NOTICE REPORT==== 1-Jun-2026::01:38:32.936659 ===
    reason: closed
    msg: roadrunner response send failed
    phase: sendfile_body
=NOTICE REPORT==== 1-Jun-2026::01:38:32.936727 ===
    reason: closed
    msg: roadrunner response send failed
    phase: sendfile_body
=NOTICE REPORT==== 1-Jun-2026::01:38:32.937594 ===
    reason: closed
    msg: roadrunner response send failed
    phase: sendfile_body
=NOTICE REPORT==== 1-Jun-2026::01:38:32.937693 ===
    reason: closed
    msg: roadrunner response send failed
    phase: sendfile_body
=NOTICE REPORT==== 1-Jun-2026::01:38:32.937794 ===
    reason: closed
    msg: roadrunner response send failed
    phase: sendfile_body
=NOTICE REPORT==== 1-Jun-2026::01:38:32.938422 ===
    reason: closed
    msg: roadrunner response send failed
    phase: sendfile_body
=NOTICE REPORT==== 1-Jun-2026::01:38:32.938633 ===
    reason: closed
    msg: roadrunner response send failed
    phase: sendfile_body
=NOTICE REPORT==== 1-Jun-2026::01:38:32.939446 ===
    reason: closed
    msg: roadrunner response send failed
    phase: sendfile_body
=NOTICE REPORT==== 1-Jun-2026::01:38:32.940518 ===
    reason: closed
    msg: roadrunner response send failed
    phase: sendfile_body
=NOTICE REPORT==== 1-Jun-2026::01:38:32.940765 ===
    reason: closed
    msg: roadrunner response send failed
    phase: sendfile_body
=NOTICE REPORT==== 1-Jun-2026::01:38:32.940809 ===
    reason: closed
    msg: roadrunner response send failed
    phase: sendfile_body
=NOTICE REPORT==== 1-Jun-2026::01:38:32.940816 ===
    reason: closed
    msg: roadrunner response send failed
    phase: sendfile_body
=NOTICE REPORT==== 1-Jun-2026::01:38:32.940862 ===
    reason: closed
    msg: roadrunner response send failed
    phase: sendfile_body
=NOTICE REPORT==== 1-Jun-2026::01:38:32.941636 ===
    reason: closed
    msg: roadrunner response send failed
    phase: sendfile_body
=NOTICE REPORT==== 1-Jun-2026::01:38:32.942301 ===
    reason: closed
    msg: roadrunner response send failed
    phase: sendfile_body
=NOTICE REPORT==== 1-Jun-2026::01:38:32.943731 ===
    reason: closed
    msg: roadrunner response send failed
    phase: sendfile_body
=NOTICE REPORT==== 1-Jun-2026::01:38:32.944502 ===
    reason: closed
    msg: roadrunner response send failed
    phase: sendfile_body
=NOTICE REPORT==== 1-Jun-2026::01:38:32.945463 ===
    reason: closed
    msg: roadrunner response send failed
    phase: sendfile_body
=NOTICE REPORT==== 1-Jun-2026::01:38:32.946687 ===
    reason: closed
    msg: roadrunner response send failed
    phase: sendfile_body
=NOTICE REPORT==== 1-Jun-2026::01:38:32.947477 ===
    reason: closed
    msg: roadrunner response send failed
    phase: sendfile_body
=NOTICE REPORT==== 1-Jun-2026::01:38:32.948766 ===
    reason: closed
    msg: roadrunner response send failed
    phase: sendfile_body
=NOTICE REPORT==== 1-Jun-2026::01:38:32.948798 ===
    reason: closed
    msg: roadrunner response send failed
    phase: sendfile_body
=NOTICE REPORT==== 1-Jun-2026::01:38:32.949581 ===
    reason: closed
    msg: roadrunner response send failed
    phase: sendfile_body
=NOTICE REPORT==== 1-Jun-2026::01:38:32.950446 ===
    reason: closed
    msg: roadrunner response send failed
    phase: sendfile_body
=NOTICE REPORT==== 1-Jun-2026::01:38:32.951115 ===
    reason: closed
    msg: roadrunner response send failed
    phase: sendfile_body
=NOTICE REPORT==== 1-Jun-2026::01:38:32.951159 ===
    reason: closed
    msg: roadrunner response send failed
    phase: sendfile_body
=NOTICE REPORT==== 1-Jun-2026::01:38:32.952041 ===
    reason: closed
    msg: roadrunner response send failed
    phase: sendfile_body
=NOTICE REPORT==== 1-Jun-2026::01:38:32.952965 ===
    reason: closed
    msg: roadrunner response send failed
    phase: sendfile_body
=NOTICE REPORT==== 1-Jun-2026::01:38:32.953738 ===
    reason: closed
    msg: roadrunner response send failed
    phase: sendfile_body
=NOTICE REPORT==== 1-Jun-2026::01:38:32.954333 ===
    reason: closed
    msg: roadrunner response send failed
    phase: sendfile_body
=NOTICE REPORT==== 1-Jun-2026::01:38:32.956318 ===
    reason: closed
    msg: roadrunner response send failed
    phase: sendfile_body
=NOTICE REPORT==== 1-Jun-2026::01:38:32.958723 ===
    reason: closed
    msg: roadrunner response send failed
    phase: sendfile_body
=NOTICE REPORT==== 1-Jun-2026::01:38:32.959349 ===
    reason: closed
    msg: roadrunner response send failed
    phase: sendfile_body
=NOTICE REPORT==== 1-Jun-2026::01:38:32.960186 ===
    reason: closed
    msg: roadrunner response send failed
    phase: sendfile_body
=NOTICE REPORT==== 1-Jun-2026::01:38:32.961653 ===
    reason: closed
    msg: roadrunner response send failed
    phase: sendfile_body
=NOTICE REPORT==== 1-Jun-2026::01:38:32.961734 ===
    reason: closed
    msg: roadrunner response send failed
    phase: sendfile_body
=NOTICE REPORT==== 1-Jun-2026::01:38:32.962449 ===
    reason: closed
    msg: roadrunner response send failed
    phase: sendfile_body
=NOTICE REPORT==== 1-Jun-2026::01:38:32.963229 ===
    reason: closed
    msg: roadrunner response send failed
    phase: sendfile_body
=NOTICE REPORT==== 1-Jun-2026::01:38:32.964014 ===
    reason: closed
    msg: roadrunner response send failed
    phase: sendfile_body
=NOTICE REPORT==== 1-Jun-2026::01:38:32.967822 ===
    reason: closed
    msg: roadrunner response send failed
    phase: sendfile_body
=NOTICE REPORT==== 1-Jun-2026::01:38:32.968890 ===
    reason: closed
    msg: roadrunner response send failed
    phase: sendfile_body
=NOTICE REPORT==== 1-Jun-2026::01:38:32.969176 ===
    reason: closed
    msg: roadrunner response send failed
    phase: sendfile_body
=NOTICE REPORT==== 1-Jun-2026::01:38:32.970641 ===
    reason: closed
    msg: roadrunner response send failed
    phase: sendfile_body
=NOTICE REPORT==== 1-Jun-2026::01:38:32.971961 ===
    reason: closed
    msg: roadrunner response send failed
    phase: sendfile_body
=NOTICE REPORT==== 1-Jun-2026::01:38:32.972028 ===
    reason: closed
    msg: roadrunner response send failed
    phase: sendfile_body
=NOTICE REPORT==== 1-Jun-2026::01:38:32.972018 ===
    reason: closed
    msg: roadrunner response send failed
    phase: sendfile_body
=NOTICE REPORT==== 1-Jun-2026::01:38:32.972779 ===
    reason: closed
    msg: roadrunner response send failed
    phase: sendfile_body
=NOTICE REPORT==== 1-Jun-2026::01:38:32.972817 ===
    reason: closed
    msg: roadrunner response send failed
    phase: sendfile_body
=NOTICE REPORT==== 1-Jun-2026::01:38:32.973697 ===
    reason: closed
    msg: roadrunner response send failed
    phase: sendfile_body
=NOTICE REPORT==== 1-Jun-2026::01:38:32.977108 ===
    reason: closed
    msg: roadrunner response send failed
    phase: sendfile_body
=NOTICE REPORT==== 1-Jun-2026::01:38:32.978341 ===
    reason: closed
    msg: roadrunner response send failed
    phase: sendfile_body
=NOTICE REPORT==== 1-Jun-2026::01:38:32.978599 ===
    reason: closed
    msg: roadrunner response send failed
    phase: sendfile_body
=NOTICE REPORT==== 1-Jun-2026::01:38:32.979341 ===
    reason: closed
    msg: roadrunner response send failed
    phase: sendfile_body
=NOTICE REPORT==== 1-Jun-2026::01:38:32.979399 ===
    reason: closed
    msg: roadrunner response send failed
    phase: sendfile_body
=NOTICE REPORT==== 1-Jun-2026::01:38:32.979950 ===
    reason: closed
    msg: roadrunner response send failed
    phase: sendfile_body
=NOTICE REPORT==== 1-Jun-2026::01:38:32.980718 ===
    reason: closed
    msg: roadrunner response send failed
    phase: sendfile_body
=NOTICE REPORT==== 1-Jun-2026::01:38:32.981517 ===
    reason: closed
    msg: roadrunner response send failed
    phase: sendfile_body
=NOTICE REPORT==== 1-Jun-2026::01:38:32.982039 ===
    reason: closed
    msg: roadrunner response send failed
    phase: sendfile_body
=NOTICE REPORT==== 1-Jun-2026::01:38:32.983484 ===
    reason: closed
    msg: roadrunner response send failed
    phase: sendfile_body
=NOTICE REPORT==== 1-Jun-2026::01:38:32.984090 ===
    reason: closed
    msg: roadrunner response send failed
    phase: sendfile_body
=NOTICE REPORT==== 1-Jun-2026::01:38:32.984160 ===
    reason: closed
    msg: roadrunner response send failed
    phase: sendfile_body
=NOTICE REPORT==== 1-Jun-2026::01:38:32.984914 ===
    reason: closed
    msg: roadrunner response send failed
    phase: sendfile_body
=NOTICE REPORT==== 1-Jun-2026::01:38:32.987408 ===
    reason: closed
    msg: roadrunner response send failed
    phase: sendfile_body
=NOTICE REPORT==== 1-Jun-2026::01:38:32.988052 ===
    reason: closed
    msg: roadrunner response send failed
    phase: sendfile_body
=NOTICE REPORT==== 1-Jun-2026::01:38:32.989947 ===
    reason: closed
    msg: roadrunner response send failed
    phase: sendfile_body
=NOTICE REPORT==== 1-Jun-2026::01:38:32.990240 ===
    reason: closed
    msg: roadrunner response send failed
    phase: sendfile_body
=NOTICE REPORT==== 1-Jun-2026::01:38:32.990298 ===
    reason: closed
    msg: roadrunner response send failed
    phase: sendfile_body
=NOTICE REPORT==== 1-Jun-2026::01:38:32.990994 ===
    reason: closed
    msg: roadrunner response send failed
    phase: sendfile_body
=NOTICE REPORT==== 1-Jun-2026::01:38:32.991662 ===
    reason: closed
    msg: roadrunner response send failed
    phase: sendfile_body
=NOTICE REPORT==== 1-Jun-2026::01:38:32.992763 ===
    reason: closed
    msg: roadrunner response send failed
    phase: sendfile_body
=NOTICE REPORT==== 1-Jun-2026::01:38:32.992772 ===
    reason: closed
    msg: roadrunner response send failed
    phase: sendfile_body
=NOTICE REPORT==== 1-Jun-2026::01:38:32.993438 ===
    reason: closed
    msg: roadrunner response send failed
    phase: sendfile_body
=NOTICE REPORT==== 1-Jun-2026::01:38:32.994136 ===
    reason: closed
    msg: roadrunner response send failed
    phase: sendfile_body
=NOTICE REPORT==== 1-Jun-2026::01:38:32.994791 ===
    reason: closed
    msg: roadrunner response send failed
    phase: sendfile_body
=NOTICE REPORT==== 1-Jun-2026::01:38:32.995506 ===
    reason: closed
    msg: roadrunner response send failed
    phase: sendfile_body
=NOTICE REPORT==== 1-Jun-2026::01:38:32.996325 ===
    reason: closed
    msg: roadrunner response send failed
    phase: sendfile_body
=NOTICE REPORT==== 1-Jun-2026::01:38:32.996913 ===
    reason: closed
    msg: roadrunner response send failed
    phase: sendfile_body
=NOTICE REPORT==== 1-Jun-2026::01:38:32.997314 ===
    reason: closed
    msg: roadrunner response send failed
    phase: sendfile_body
=NOTICE REPORT==== 1-Jun-2026::01:38:32.997594 ===
    reason: closed
    msg: roadrunner response send failed
    phase: sendfile_body
=NOTICE REPORT==== 1-Jun-2026::01:38:32.999373 ===
    reason: closed
    msg: roadrunner response send failed
    phase: sendfile_body
=NOTICE REPORT==== 1-Jun-2026::01:38:33.000280 ===
    reason: closed
    msg: roadrunner response send failed
    phase: sendfile_body
=NOTICE REPORT==== 1-Jun-2026::01:38:33.003124 ===
    reason: closed
    msg: roadrunner response send failed
    phase: sendfile_body
=NOTICE REPORT==== 1-Jun-2026::01:38:33.003135 ===
    reason: closed
    msg: roadrunner response send failed
    phase: sendfile_body
=NOTICE REPORT==== 1-Jun-2026::01:38:33.003730 ===
    reason: closed
    msg: roadrunner response send failed
    phase: sendfile_body
=NOTICE REPORT==== 1-Jun-2026::01:38:33.006273 ===
    reason: closed
    msg: roadrunner response send failed
    phase: sendfile_body
=NOTICE REPORT==== 1-Jun-2026::01:38:33.006273 ===
    reason: closed
    msg: roadrunner response send failed
    phase: sendfile_body
=NOTICE REPORT==== 1-Jun-2026::01:38:33.006280 ===
    reason: closed
    msg: roadrunner response send failed
    phase: sendfile_body
=NOTICE REPORT==== 1-Jun-2026::01:38:33.006786 ===
    reason: closed
    msg: roadrunner response send failed
    phase: sendfile_body
=NOTICE REPORT==== 1-Jun-2026::01:38:33.007508 ===
    reason: closed
    msg: roadrunner response send failed
    phase: sendfile_body
=NOTICE REPORT==== 1-Jun-2026::01:38:33.007546 ===
    reason: closed
    msg: roadrunner response send failed
    phase: sendfile_body
=NOTICE REPORT==== 1-Jun-2026::01:38:33.008154 ===
    reason: closed
    msg: roadrunner response send failed
    phase: sendfile_body
=NOTICE REPORT==== 1-Jun-2026::01:38:33.008830 ===
    reason: closed
    msg: roadrunner response send failed
    phase: sendfile_body
=NOTICE REPORT==== 1-Jun-2026::01:38:33.009722 ===
    reason: closed
    msg: roadrunner response send failed
    phase: sendfile_body
=NOTICE REPORT==== 1-Jun-2026::01:38:33.010465 ===
    reason: closed
    msg: roadrunner response send failed
    phase: sendfile_body
=NOTICE REPORT==== 1-Jun-2026::01:38:33.011153 ===
    reason: closed
    msg: roadrunner response send failed
    phase: sendfile_body
=NOTICE REPORT==== 1-Jun-2026::01:38:33.011804 ===
    reason: closed
    msg: roadrunner response send failed
    phase: sendfile_body
=NOTICE REPORT==== 1-Jun-2026::01:38:33.011842 ===
    reason: closed
    msg: roadrunner response send failed
    phase: sendfile_body
=NOTICE REPORT==== 1-Jun-2026::01:38:33.012317 ===
    reason: closed
    msg: roadrunner response send failed
    phase: sendfile_body
=NOTICE REPORT==== 1-Jun-2026::01:38:33.014096 ===
    reason: closed
    msg: roadrunner response send failed
    phase: sendfile_body
=NOTICE REPORT==== 1-Jun-2026::01:38:33.014113 ===
    reason: closed
    msg: roadrunner response send failed
    phase: sendfile_body
=NOTICE REPORT==== 1-Jun-2026::01:38:33.014150 ===
    reason: closed
    msg: roadrunner response send failed
    phase: sendfile_body
=NOTICE REPORT==== 1-Jun-2026::01:38:33.016527 ===
    reason: closed
    msg: roadrunner response send failed
    phase: sendfile_body
=NOTICE REPORT==== 1-Jun-2026::01:38:33.017833 ===
    reason: closed
    msg: roadrunner response send failed
    phase: sendfile_body
=NOTICE REPORT==== 1-Jun-2026::01:38:33.019289 ===
    reason: closed
    msg: roadrunner response send failed
    phase: sendfile_body
=NOTICE REPORT==== 1-Jun-2026::01:38:33.019519 ===
    reason: closed
    msg: roadrunner response send failed
    phase: sendfile_body
=NOTICE REPORT==== 1-Jun-2026::01:38:33.020266 ===
    reason: closed
    msg: roadrunner response send failed
    phase: sendfile_body
=NOTICE REPORT==== 1-Jun-2026::01:38:33.020829 ===
    reason: closed
    msg: roadrunner response send failed
    phase: sendfile_body
=NOTICE REPORT==== 1-Jun-2026::01:38:33.020862 ===
    reason: closed
    msg: roadrunner response send failed
    phase: sendfile_body
=NOTICE REPORT==== 1-Jun-2026::01:38:33.023328 ===
    reason: closed
    msg: roadrunner response send failed
    phase: sendfile_body
=NOTICE REPORT==== 1-Jun-2026::01:38:33.024040 ===
    reason: closed
    msg: roadrunner response send failed
    phase: sendfile_body
=NOTICE REPORT==== 1-Jun-2026::01:38:33.024878 ===
    reason: closed
    msg: roadrunner response send failed
    phase: sendfile_body
=NOTICE REPORT==== 1-Jun-2026::01:38:33.026791 ===
    reason: closed
    msg: roadrunner response send failed
    phase: sendfile_body
=NOTICE REPORT==== 1-Jun-2026::01:38:33.028064 ===
    reason: closed
    msg: roadrunner response send failed
    phase: sendfile_body
=NOTICE REPORT==== 1-Jun-2026::01:38:33.029455 ===
    reason: closed
    msg: roadrunner response send failed
    phase: sendfile_body
=NOTICE REPORT==== 1-Jun-2026::01:38:33.032804 ===
    reason: closed
    msg: roadrunner response send failed
    phase: sendfile_body
=NOTICE REPORT==== 1-Jun-2026::01:38:33.033059 ===
    reason: closed
    msg: roadrunner response send failed
    phase: sendfile_body
=NOTICE REPORT==== 1-Jun-2026::01:38:33.033349 ===
    reason: closed
    msg: roadrunner response send failed
    phase: sendfile_body
=NOTICE REPORT==== 1-Jun-2026::01:38:33.033386 ===
    reason: closed
    msg: roadrunner response send failed
    phase: sendfile_body
=NOTICE REPORT==== 1-Jun-2026::01:38:33.034014 ===
    reason: closed
    msg: roadrunner response send failed
    phase: sendfile_body
=NOTICE REPORT==== 1-Jun-2026::01:38:33.035944 ===
    reason: closed
    msg: roadrunner response send failed
    phase: sendfile_body
=NOTICE REPORT==== 1-Jun-2026::01:38:33.035934 ===
    reason: closed
    msg: roadrunner response send failed
    phase: sendfile_body
=NOTICE REPORT==== 1-Jun-2026::01:38:33.037206 ===
    reason: closed
    msg: roadrunner response send failed
    phase: sendfile_body
=NOTICE REPORT==== 1-Jun-2026::01:38:33.039013 ===
    reason: closed
    msg: roadrunner response send failed
    phase: sendfile_body
=NOTICE REPORT==== 1-Jun-2026::01:38:33.039655 ===
    reason: closed
    msg: roadrunner response send failed
    phase: sendfile_body
=NOTICE REPORT==== 1-Jun-2026::01:38:33.040307 ===
    reason: closed
    msg: roadrunner response send failed
    phase: sendfile_body
=NOTICE REPORT==== 1-Jun-2026::01:38:33.042433 ===
    reason: closed
    msg: roadrunner response send failed
    phase: sendfile_body
=NOTICE REPORT==== 1-Jun-2026::01:38:33.043107 ===
    reason: closed
    msg: roadrunner response send failed
    phase: sendfile_body
=NOTICE REPORT==== 1-Jun-2026::01:38:33.044848 ===
    reason: closed
    msg: roadrunner response send failed
    phase: sendfile_body
=NOTICE REPORT==== 1-Jun-2026::01:38:33.044900 ===
    reason: closed
    msg: roadrunner response send failed
    phase: sendfile_body
=NOTICE REPORT==== 1-Jun-2026::01:38:33.045635 ===
    reason: closed
    msg: roadrunner response send failed
    phase: sendfile_body
=NOTICE REPORT==== 1-Jun-2026::01:38:33.046316 ===
    reason: closed
    msg: roadrunner response send failed
    phase: sendfile_body
=NOTICE REPORT==== 1-Jun-2026::01:38:33.046330 ===
    reason: closed
    msg: roadrunner response send failed
    phase: sendfile_body
=NOTICE REPORT==== 1-Jun-2026::01:38:33.046343 ===
    reason: closed
    msg: roadrunner response send failed
    phase: sendfile_body
=NOTICE REPORT==== 1-Jun-2026::01:38:33.046390 ===
    reason: closed
    msg: roadrunner response send failed
    phase: sendfile_body
=NOTICE REPORT==== 1-Jun-2026::01:38:33.046917 ===
    reason: closed
    msg: roadrunner response send failed
    phase: sendfile_body
=NOTICE REPORT==== 1-Jun-2026::01:38:33.049116 ===
    reason: closed
    msg: roadrunner response send failed
    phase: sendfile_body
=NOTICE REPORT==== 1-Jun-2026::01:38:33.049724 ===
    reason: closed
    msg: roadrunner response send failed
    phase: sendfile_body
=NOTICE REPORT==== 1-Jun-2026::01:38:33.050345 ===
    reason: closed
    msg: roadrunner response send failed
    phase: sendfile_body
=NOTICE REPORT==== 1-Jun-2026::01:38:33.051723 ===
    reason: closed
    msg: roadrunner response send failed
    phase: sendfile_body
=NOTICE REPORT==== 1-Jun-2026::01:38:33.053452 ===
    reason: closed
    msg: roadrunner response send failed
    phase: sendfile_body
=NOTICE REPORT==== 1-Jun-2026::01:38:33.053846 ===
    reason: closed
    msg: roadrunner response send failed
    phase: sendfile_body
=NOTICE REPORT==== 1-Jun-2026::01:38:33.054068 ===
    reason: closed
    msg: roadrunner response send failed
    phase: sendfile_body
=NOTICE REPORT==== 1-Jun-2026::01:38:33.054660 ===
    reason: closed
    msg: roadrunner response send failed
    phase: sendfile_body
=NOTICE REPORT==== 1-Jun-2026::01:38:33.055789 ===
    reason: closed
    msg: roadrunner response send failed
    phase: sendfile_body
=NOTICE REPORT==== 1-Jun-2026::01:38:33.055816 ===
    reason: closed
    msg: roadrunner response send failed
    phase: sendfile_body
=NOTICE REPORT==== 1-Jun-2026::01:38:33.056312 ===
    reason: closed
    msg: roadrunner response send failed
    phase: sendfile_body
=NOTICE REPORT==== 1-Jun-2026::01:38:33.057005 ===
    reason: closed
    msg: roadrunner response send failed
    phase: sendfile_body
=NOTICE REPORT==== 1-Jun-2026::01:38:33.057177 ===
    reason: closed
    msg: roadrunner response send failed
    phase: sendfile_body
=NOTICE REPORT==== 1-Jun-2026::01:38:33.058477 ===
    reason: closed
    msg: roadrunner response send failed
    phase: sendfile_body
=NOTICE REPORT==== 1-Jun-2026::01:38:33.058482 ===
    reason: closed
    msg: roadrunner response send failed
    phase: sendfile_body
=NOTICE REPORT==== 1-Jun-2026::01:38:33.059159 ===
    reason: closed
    msg: roadrunner response send failed
    phase: sendfile_body
=NOTICE REPORT==== 1-Jun-2026::01:38:33.059325 ===
    reason: closed
    msg: roadrunner response send failed
    phase: sendfile_body
=NOTICE REPORT==== 1-Jun-2026::01:38:33.060853 ===
    reason: closed
    msg: roadrunner response send failed
    phase: sendfile_body
=NOTICE REPORT==== 1-Jun-2026::01:38:33.060875 ===
    reason: closed
    msg: roadrunner response send failed
    phase: sendfile_body
=NOTICE REPORT==== 1-Jun-2026::01:38:33.061580 ===
    reason: closed
    msg: roadrunner response send failed
    phase: sendfile_body
=NOTICE REPORT==== 1-Jun-2026::01:38:33.061590 ===
    reason: closed
    msg: roadrunner response send failed
    phase: sendfile_body
=NOTICE REPORT==== 1-Jun-2026::01:38:33.062201 ===
    reason: closed
    msg: roadrunner response send failed
    phase: sendfile_body
=NOTICE REPORT==== 1-Jun-2026::01:38:33.062745 ===
    reason: closed
    msg: roadrunner response send failed
    phase: sendfile_body
=NOTICE REPORT==== 1-Jun-2026::01:38:33.062952 ===
    reason: closed
    msg: roadrunner response send failed
    phase: sendfile_body
=NOTICE REPORT==== 1-Jun-2026::01:38:33.064620 ===
    reason: closed
    msg: roadrunner response send failed
    phase: sendfile_body
=NOTICE REPORT==== 1-Jun-2026::01:38:33.064751 ===
    reason: closed
    msg: roadrunner response send failed
    phase: sendfile_body
=NOTICE REPORT==== 1-Jun-2026::01:38:33.066020 ===
    reason: closed
    msg: roadrunner response send failed
    phase: sendfile_body
=NOTICE REPORT==== 1-Jun-2026::01:38:33.066075 ===
    reason: closed
    msg: roadrunner response send failed
    phase: sendfile_body
=NOTICE REPORT==== 1-Jun-2026::01:38:33.066773 ===
    reason: closed
    msg: roadrunner response send failed
    phase: sendfile_body
=NOTICE REPORT==== 1-Jun-2026::01:38:33.067304 ===
    reason: closed
    msg: roadrunner response send failed
    phase: sendfile_body
=NOTICE REPORT==== 1-Jun-2026::01:38:33.067328 ===
    reason: closed
    msg: roadrunner response send failed
    phase: sendfile_body
=NOTICE REPORT==== 1-Jun-2026::01:38:33.067893 ===
    reason: closed
    msg: roadrunner response send failed
    phase: sendfile_body
=NOTICE REPORT==== 1-Jun-2026::01:38:33.067913 ===
    reason: closed
    msg: roadrunner response send failed
    phase: sendfile_body
=NOTICE REPORT==== 1-Jun-2026::01:38:33.068535 ===
    reason: closed
    msg: roadrunner response send failed
    phase: sendfile_body
=NOTICE REPORT==== 1-Jun-2026::01:38:33.069404 ===
    reason: closed
    msg: roadrunner response send failed
    phase: sendfile_body
=NOTICE REPORT==== 1-Jun-2026::01:38:33.070024 ===
    reason: closed
    msg: roadrunner response send failed
    phase: sendfile_body
=NOTICE REPORT==== 1-Jun-2026::01:38:33.070030 ===
    reason: closed
    msg: roadrunner response send failed
    phase: sendfile_body
=NOTICE REPORT==== 1-Jun-2026::01:38:33.070545 ===
    reason: closed
    msg: roadrunner response send failed
    phase: sendfile_body
=NOTICE REPORT==== 1-Jun-2026::01:38:33.072150 ===
    reason: closed
    msg: roadrunner response send failed
    phase: sendfile_body
=NOTICE REPORT==== 1-Jun-2026::01:38:33.074601 ===
    reason: closed
    msg: roadrunner response send failed
    phase: sendfile_body
=NOTICE REPORT==== 1-Jun-2026::01:38:33.076458 ===
    reason: closed
    msg: roadrunner response send failed
    phase: sendfile_body
=NOTICE REPORT==== 1-Jun-2026::01:38:33.077458 ===
    reason: closed
    msg: roadrunner response send failed
    phase: sendfile_body
=NOTICE REPORT==== 1-Jun-2026::01:38:33.078886 ===
    reason: closed
    msg: roadrunner response send failed
    phase: sendfile_body
=NOTICE REPORT==== 1-Jun-2026::01:38:33.078930 ===
    reason: closed
    msg: roadrunner response send failed
    phase: sendfile_body
=NOTICE REPORT==== 1-Jun-2026::01:38:33.079162 ===
    reason: closed
    msg: roadrunner response send failed
    phase: sendfile_body
=NOTICE REPORT==== 1-Jun-2026::01:38:33.079422 ===
    reason: closed
    msg: roadrunner response send failed
    phase: sendfile_body
=NOTICE REPORT==== 1-Jun-2026::01:38:33.080994 ===
    reason: closed
    msg: roadrunner response send failed
    phase: sendfile_body
=NOTICE REPORT==== 1-Jun-2026::01:38:33.081536 ===
    reason: closed
    msg: roadrunner response send failed
    phase: sendfile_body
=NOTICE REPORT==== 1-Jun-2026::01:38:33.081511 ===
    reason: closed
    msg: roadrunner response send failed
    phase: sendfile_body
=NOTICE REPORT==== 1-Jun-2026::01:38:33.081667 ===
    reason: closed
    msg: roadrunner response send failed
    phase: sendfile_body
=NOTICE REPORT==== 1-Jun-2026::01:38:33.081686 ===
    reason: closed
    msg: roadrunner response send failed
    phase: sendfile_body
=NOTICE REPORT==== 1-Jun-2026::01:38:33.082279 ===
    reason: closed
    msg: roadrunner response send failed
    phase: sendfile_body
=NOTICE REPORT==== 1-Jun-2026::01:38:33.082880 ===
    reason: closed
    msg: roadrunner response send failed
    phase: sendfile_body
=NOTICE REPORT==== 1-Jun-2026::01:38:33.084066 ===
    reason: closed
    msg: roadrunner response send failed
    phase: sendfile_body
=NOTICE REPORT==== 1-Jun-2026::01:38:33.084735 ===
    reason: closed
    msg: roadrunner response send failed
    phase: sendfile_body
=NOTICE REPORT==== 1-Jun-2026::01:38:33.085735 ===
    reason: closed
    msg: roadrunner response send failed
    phase: sendfile_body
=NOTICE REPORT==== 1-Jun-2026::01:38:33.086572 ===
    reason: closed
    msg: roadrunner response send failed
    phase: sendfile_body
=NOTICE REPORT==== 1-Jun-2026::01:38:33.086765 ===
    reason: closed
    msg: roadrunner response send failed
    phase: sendfile_body
=NOTICE REPORT==== 1-Jun-2026::01:38:33.087905 ===
    reason: closed
    msg: roadrunner response send failed
    phase: sendfile_body
=NOTICE REPORT==== 1-Jun-2026::01:38:33.087938 ===
    reason: closed
    msg: roadrunner response send failed
    phase: sendfile_body
=NOTICE REPORT==== 1-Jun-2026::01:38:33.088525 ===
    reason: closed
    msg: roadrunner response send failed
    phase: sendfile_body
=NOTICE REPORT==== 1-Jun-2026::01:38:33.089652 ===
    reason: closed
    msg: roadrunner response send failed
    phase: sendfile_body
=NOTICE REPORT==== 1-Jun-2026::01:38:33.090891 ===
    reason: closed
    msg: roadrunner response send failed
    phase: sendfile_body
=NOTICE REPORT==== 1-Jun-2026::01:38:33.091585 ===
    reason: closed
    msg: roadrunner response send failed
    phase: sendfile_body
=NOTICE REPORT==== 1-Jun-2026::01:38:33.091585 ===
    reason: closed
    msg: roadrunner response send failed
    phase: sendfile_body
=NOTICE REPORT==== 1-Jun-2026::01:38:33.092449 ===
    reason: closed
    msg: roadrunner response send failed
    phase: sendfile_body
=NOTICE REPORT==== 1-Jun-2026::01:38:33.093296 ===
    reason: closed
    msg: roadrunner response send failed
    phase: sendfile_body
=NOTICE REPORT==== 1-Jun-2026::01:38:33.093304 ===
    reason: closed
    msg: roadrunner response send failed
    phase: sendfile_body
=NOTICE REPORT==== 1-Jun-2026::01:38:33.093369 ===
    reason: closed
    msg: roadrunner response send failed
    phase: sendfile_body
=NOTICE REPORT==== 1-Jun-2026::01:38:33.093765 ===
    reason: closed
    msg: roadrunner response send failed
    phase: sendfile_body
=NOTICE REPORT==== 1-Jun-2026::01:38:33.094770 ===
    reason: closed
    msg: roadrunner response send failed
    phase: sendfile_body
=NOTICE REPORT==== 1-Jun-2026::01:38:33.095312 ===
    reason: closed
    msg: roadrunner response send failed
    phase: sendfile_body
=NOTICE REPORT==== 1-Jun-2026::01:38:33.096170 ===
    reason: closed
    msg: roadrunner response send failed
    phase: sendfile_body
=NOTICE REPORT==== 1-Jun-2026::01:38:33.096644 ===
    reason: closed
    msg: roadrunner response send failed
    phase: sendfile_body
=NOTICE REPORT==== 1-Jun-2026::01:38:33.096775 ===
    reason: closed
    msg: roadrunner response send failed
    phase: sendfile_body
=NOTICE REPORT==== 1-Jun-2026::01:38:33.098085 ===
    reason: closed
    msg: roadrunner response send failed
    phase: sendfile_body
=NOTICE REPORT==== 1-Jun-2026::01:38:33.098345 ===
    reason: closed
    msg: roadrunner response send failed
    phase: sendfile_body
=NOTICE REPORT==== 1-Jun-2026::01:38:33.100042 ===
    reason: closed
    msg: roadrunner response send failed
    phase: sendfile_body
=NOTICE REPORT==== 1-Jun-2026::01:38:33.100587 ===
    reason: closed
    msg: roadrunner response send failed
    phase: sendfile_body
=NOTICE REPORT==== 1-Jun-2026::01:38:33.101156 ===
    reason: closed
    msg: roadrunner response send failed
    phase: sendfile_body
=NOTICE REPORT==== 1-Jun-2026::01:38:33.101876 ===
    reason: closed
    msg: roadrunner response send failed
    phase: sendfile_body
=NOTICE REPORT==== 1-Jun-2026::01:38:33.102475 ===
    reason: closed
    msg: roadrunner response send failed
    phase: sendfile_body
=NOTICE REPORT==== 1-Jun-2026::01:38:33.102924 ===
    reason: closed
    msg: roadrunner response send failed
    phase: sendfile_body
=NOTICE REPORT==== 1-Jun-2026::01:38:33.104063 ===
    reason: closed
    msg: roadrunner response send failed
    phase: sendfile_body
=NOTICE REPORT==== 1-Jun-2026::01:38:33.104502 ===
    reason: closed
    msg: roadrunner response send failed
    phase: sendfile_body
=NOTICE REPORT==== 1-Jun-2026::01:38:33.104602 ===
    reason: closed
    msg: roadrunner response send failed
    phase: sendfile_body
=NOTICE REPORT==== 1-Jun-2026::01:38:33.105081 ===
    reason: closed
    msg: roadrunner response send failed
    phase: sendfile_body
=NOTICE REPORT==== 1-Jun-2026::01:38:33.105825 ===
    reason: closed
    msg: roadrunner response send failed
    phase: sendfile_body
=NOTICE REPORT==== 1-Jun-2026::01:38:33.106270 ===
    reason: closed
    msg: roadrunner response send failed
    phase: sendfile_body
=NOTICE REPORT==== 1-Jun-2026::01:38:33.106269 ===
    reason: closed
    msg: roadrunner response send failed
    phase: sendfile_body
=NOTICE REPORT==== 1-Jun-2026::01:38:33.106302 ===
    reason: closed
    msg: roadrunner response send failed
    phase: sendfile_body
=NOTICE REPORT==== 1-Jun-2026::01:38:33.106778 ===
    reason: closed
    msg: roadrunner response send failed
    phase: sendfile_body
=NOTICE REPORT==== 1-Jun-2026::01:38:33.106831 ===
    reason: closed
    msg: roadrunner response send failed
    phase: sendfile_body
=NOTICE REPORT==== 1-Jun-2026::01:38:33.107047 ===
    reason: closed
    msg: roadrunner response send failed
    phase: sendfile_body
=NOTICE REPORT==== 1-Jun-2026::01:38:33.107237 ===
    reason: closed
    msg: roadrunner response send failed
    phase: sendfile_body
=NOTICE REPORT==== 1-Jun-2026::01:38:33.108003 ===
    reason: closed
    msg: roadrunner response send failed
    phase: sendfile_body
=NOTICE REPORT==== 1-Jun-2026::01:38:33.108009 ===
    reason: closed
    msg: roadrunner response send failed
    phase: sendfile_body
=NOTICE REPORT==== 1-Jun-2026::01:38:33.108059 ===
    reason: closed
    msg: roadrunner response send failed
    phase: sendfile_body
=NOTICE REPORT==== 1-Jun-2026::01:38:33.108046 ===
    reason: closed
    msg: roadrunner response send failed
    phase: sendfile_body
=NOTICE REPORT==== 1-Jun-2026::01:38:33.108066 ===
    reason: closed
    msg: roadrunner response send failed
    phase: sendfile_body
=NOTICE REPORT==== 1-Jun-2026::01:38:33.108533 ===
    reason: closed
    msg: roadrunner response send failed
    phase: sendfile_body
=NOTICE REPORT==== 1-Jun-2026::01:38:33.110016 ===
    reason: closed
    msg: roadrunner response send failed
    phase: sendfile_body
=NOTICE REPORT==== 1-Jun-2026::01:38:33.110480 ===
    reason: closed
    msg: roadrunner response send failed
    phase: sendfile_body
=NOTICE REPORT==== 1-Jun-2026::01:38:33.110540 ===
    reason: closed
    msg: roadrunner response send failed
    phase: sendfile_body
=NOTICE REPORT==== 1-Jun-2026::01:38:33.111445 ===
    reason: closed
    msg: roadrunner response send failed
    phase: sendfile_body
=NOTICE REPORT==== 1-Jun-2026::01:38:33.111458 ===
    reason: closed
    msg: roadrunner response send failed
    phase: sendfile_body
=NOTICE REPORT==== 1-Jun-2026::01:38:33.113551 ===
    reason: closed
    msg: roadrunner response send failed
    phase: sendfile_body
=NOTICE REPORT==== 1-Jun-2026::01:38:33.113621 ===
    reason: closed
    msg: roadrunner response send failed
    phase: sendfile_body
=NOTICE REPORT==== 1-Jun-2026::01:38:33.114147 ===
    reason: closed
    msg: roadrunner response send failed
    phase: sendfile_body
=NOTICE REPORT==== 1-Jun-2026::01:38:33.114430 ===
    reason: closed
    msg: roadrunner response send failed
    phase: sendfile_body
=NOTICE REPORT==== 1-Jun-2026::01:38:33.114484 ===
    reason: closed
    msg: roadrunner response send failed
    phase: sendfile_body
=NOTICE REPORT==== 1-Jun-2026::01:38:33.114504 ===
    reason: closed
    msg: roadrunner response send failed
    phase: sendfile_body
=NOTICE REPORT==== 1-Jun-2026::01:38:33.115088 ===
    reason: closed
    msg: roadrunner response send failed
    phase: sendfile_body
=NOTICE REPORT==== 1-Jun-2026::01:38:33.115126 ===
    reason: closed
    msg: roadrunner response send failed
    phase: sendfile_body
=NOTICE REPORT==== 1-Jun-2026::01:38:33.115147 ===
    reason: closed
    msg: roadrunner response send failed
    phase: sendfile_body
=NOTICE REPORT==== 1-Jun-2026::01:38:33.115132 ===
    reason: closed
    msg: roadrunner response send failed
    phase: sendfile_body
=NOTICE REPORT==== 1-Jun-2026::01:38:33.115810 ===
    reason: closed
    msg: roadrunner response send failed
    phase: sendfile_body
=NOTICE REPORT==== 1-Jun-2026::01:38:33.116613 ===
    reason: closed
    msg: roadrunner response send failed
    phase: sendfile_body
=NOTICE REPORT==== 1-Jun-2026::01:38:33.116649 ===
    reason: closed
    msg: roadrunner response send failed
    phase: sendfile_body
=NOTICE REPORT==== 1-Jun-2026::01:38:33.117161 ===
    reason: closed
    msg: roadrunner response send failed
    phase: sendfile_body
=NOTICE REPORT==== 1-Jun-2026::01:38:33.117140 ===
    reason: closed
    msg: roadrunner response send failed
    phase: sendfile_body
=NOTICE REPORT==== 1-Jun-2026::01:38:33.117874 ===
    reason: closed
    msg: roadrunner response send failed
    phase: sendfile_body
=NOTICE REPORT==== 1-Jun-2026::01:38:33.118368 ===
    reason: closed
    msg: roadrunner response send failed
    phase: sendfile_body
=NOTICE REPORT==== 1-Jun-2026::01:38:33.118408 ===
    reason: closed
    msg: roadrunner response send failed
    phase: sendfile_body
=NOTICE REPORT==== 1-Jun-2026::01:38:33.118900 ===
    reason: closed
    msg: roadrunner response send failed
    phase: sendfile_body
=NOTICE REPORT==== 1-Jun-2026::01:38:33.119364 ===
    reason: closed
    msg: roadrunner response send failed
    phase: sendfile_body
=NOTICE REPORT==== 1-Jun-2026::01:38:33.120005 ===
    reason: closed
    msg: roadrunner response send failed
    phase: sendfile_body
=NOTICE REPORT==== 1-Jun-2026::01:38:33.120548 ===
    reason: closed
    msg: roadrunner response send failed
    phase: sendfile_body
=NOTICE REPORT==== 1-Jun-2026::01:38:33.120963 ===
    reason: closed
    msg: roadrunner response send failed
    phase: sendfile_body
=NOTICE REPORT==== 1-Jun-2026::01:38:33.121603 ===
    reason: closed
    msg: roadrunner response send failed
    phase: sendfile_body
=NOTICE REPORT==== 1-Jun-2026::01:38:33.121684 ===
    reason: closed
    msg: roadrunner response send failed
    phase: sendfile_body
=NOTICE REPORT==== 1-Jun-2026::01:38:33.122968 ===
    reason: closed
    msg: roadrunner response send failed
    phase: sendfile_body
=NOTICE REPORT==== 1-Jun-2026::01:38:33.122999 ===
    reason: closed
    msg: roadrunner response send failed
    phase: sendfile_body
=NOTICE REPORT==== 1-Jun-2026::01:38:33.123438 ===
    reason: closed
    msg: roadrunner response send failed
    phase: sendfile_body
=NOTICE REPORT==== 1-Jun-2026::01:38:33.123788 ===
    reason: closed
    msg: roadrunner response send failed
    phase: sendfile_body
=NOTICE REPORT==== 1-Jun-2026::01:38:33.124363 ===
    reason: closed
    msg: roadrunner response send failed
    phase: sendfile_body
=NOTICE REPORT==== 1-Jun-2026::01:38:33.124422 ===
    reason: closed
    msg: roadrunner response send failed
    phase: sendfile_body
=NOTICE REPORT==== 1-Jun-2026::01:38:33.124971 ===
    reason: closed
    msg: roadrunner response send failed
    phase: sendfile_body
=NOTICE REPORT==== 1-Jun-2026::01:38:33.125797 ===
    reason: closed
    msg: roadrunner response send failed
    phase: sendfile_body
=NOTICE REPORT==== 1-Jun-2026::01:38:33.126260 ===
    reason: closed
    msg: roadrunner response send failed
    phase: sendfile_body
=NOTICE REPORT==== 1-Jun-2026::01:38:33.126723 ===
    reason: closed
    msg: roadrunner response send failed
    phase: sendfile_body
=NOTICE REPORT==== 1-Jun-2026::01:38:33.127607 ===
    reason: closed
    msg: roadrunner response send failed
    phase: sendfile_body
=NOTICE REPORT==== 1-Jun-2026::01:38:33.127636 ===
    reason: closed
    msg: roadrunner response send failed
    phase: sendfile_body
=NOTICE REPORT==== 1-Jun-2026::01:38:33.128549 ===
    reason: closed
    msg: roadrunner response send failed
    phase: sendfile_body
=NOTICE REPORT==== 1-Jun-2026::01:38:33.128628 ===
    reason: closed
    msg: roadrunner response send failed
    phase: sendfile_body
=NOTICE REPORT==== 1-Jun-2026::01:38:33.128868 ===
    reason: closed
    msg: roadrunner response send failed
    phase: sendfile_body
=NOTICE REPORT==== 1-Jun-2026::01:38:33.129042 ===
    reason: closed
    msg: roadrunner response send failed
    phase: sendfile_body
=NOTICE REPORT==== 1-Jun-2026::01:38:33.129542 ===
    reason: closed
    msg: roadrunner response send failed
    phase: sendfile_body
=NOTICE REPORT==== 1-Jun-2026::01:38:33.129552 ===
    reason: closed
    msg: roadrunner response send failed
    phase: sendfile_body
=NOTICE REPORT==== 1-Jun-2026::01:38:33.130044 ===
    reason: closed
    msg: roadrunner response send failed
    phase: sendfile_body
=NOTICE REPORT==== 1-Jun-2026::01:38:33.130419 ===
    reason: closed
    msg: roadrunner response send failed
    phase: sendfile_body
=NOTICE REPORT==== 1-Jun-2026::01:38:33.130833 ===
    reason: closed
    msg: roadrunner response send failed
    phase: sendfile_body
=NOTICE REPORT==== 1-Jun-2026::01:38:33.130876 ===
    reason: closed
    msg: roadrunner response send failed
    phase: sendfile_body
=NOTICE REPORT==== 1-Jun-2026::01:38:33.131511 ===
    reason: closed
    msg: roadrunner response send failed
    phase: sendfile_body
=NOTICE REPORT==== 1-Jun-2026::01:38:33.131937 ===
    reason: closed
    msg: roadrunner response send failed
    phase: sendfile_body
=NOTICE REPORT==== 1-Jun-2026::01:38:33.132511 ===
    reason: closed
    msg: roadrunner response send failed
    phase: sendfile_body
=NOTICE REPORT==== 1-Jun-2026::01:38:33.132800 ===
    reason: closed
    msg: roadrunner response send failed
    phase: sendfile_body
=NOTICE REPORT==== 1-Jun-2026::01:38:33.132797 ===
    reason: closed
    msg: roadrunner response send failed
    phase: sendfile_body
=NOTICE REPORT==== 1-Jun-2026::01:38:33.132918 ===
    reason: closed
    msg: roadrunner response send failed
    phase: sendfile_body
=NOTICE REPORT==== 1-Jun-2026::01:38:33.133983 ===
    reason: closed
    msg: roadrunner response send failed
    phase: sendfile_body
=NOTICE REPORT==== 1-Jun-2026::01:38:33.135356 ===
    reason: closed
    msg: roadrunner response send failed
    phase: sendfile_body
=NOTICE REPORT==== 1-Jun-2026::01:38:33.135961 ===
    reason: closed
    msg: roadrunner response send failed
    phase: sendfile_body
=NOTICE REPORT==== 1-Jun-2026::01:38:33.136512 ===
    reason: closed
    msg: roadrunner response send failed
    phase: sendfile_body
=NOTICE REPORT==== 1-Jun-2026::01:38:33.136933 ===
    reason: closed
    msg: roadrunner response send failed
    phase: sendfile_body
=NOTICE REPORT==== 1-Jun-2026::01:38:33.137196 ===
    reason: closed
    msg: roadrunner response send failed
    phase: sendfile_body
=NOTICE REPORT==== 1-Jun-2026::01:38:33.137273 ===
    reason: closed
    msg: roadrunner response send failed
    phase: sendfile_body
=NOTICE REPORT==== 1-Jun-2026::01:38:33.137534 ===
    reason: closed
    msg: roadrunner response send failed
    phase: sendfile_body
=NOTICE REPORT==== 1-Jun-2026::01:38:33.138634 ===
    reason: closed
    msg: roadrunner response send failed
    phase: sendfile_body
=NOTICE REPORT==== 1-Jun-2026::01:38:33.138619 ===
    reason: closed
    msg: roadrunner response send failed
    phase: sendfile_body
=NOTICE REPORT==== 1-Jun-2026::01:38:33.139081 ===
    reason: closed
    msg: roadrunner response send failed
    phase: sendfile_body
=NOTICE REPORT==== 1-Jun-2026::01:38:33.139192 ===
    reason: closed
    msg: roadrunner response send failed
    phase: sendfile_body
=NOTICE REPORT==== 1-Jun-2026::01:38:33.139549 ===
    reason: closed
    msg: roadrunner response send failed
    phase: sendfile_body
=NOTICE REPORT==== 1-Jun-2026::01:38:33.139955 ===
    reason: closed
    msg: roadrunner response send failed
    phase: sendfile_body
=NOTICE REPORT==== 1-Jun-2026::01:38:33.140379 ===
    reason: closed
    msg: roadrunner response send failed
    phase: sendfile_body
=NOTICE REPORT==== 1-Jun-2026::01:38:33.140878 ===
    reason: closed
    msg: roadrunner response send failed
    phase: sendfile_body
=NOTICE REPORT==== 1-Jun-2026::01:38:33.141612 ===
    reason: closed
    msg: roadrunner response send failed
    phase: sendfile_body
=NOTICE REPORT==== 1-Jun-2026::01:38:33.141701 ===
    reason: closed
    msg: roadrunner response send failed
    phase: sendfile_body
=NOTICE REPORT==== 1-Jun-2026::01:38:33.142057 ===
    reason: closed
    msg: roadrunner response send failed
    phase: sendfile_body
=NOTICE REPORT==== 1-Jun-2026::01:38:33.146402 ===
    reason: closed
    msg: roadrunner response send failed
    phase: sendfile_body
=NOTICE REPORT==== 1-Jun-2026::01:38:33.146765 ===
    reason: closed
    msg: roadrunner response send failed
    phase: sendfile_body
=NOTICE REPORT==== 1-Jun-2026::01:38:33.147350 ===
    reason: closed
    msg: roadrunner response send failed
    phase: sendfile_body
=NOTICE REPORT==== 1-Jun-2026::01:38:33.147626 ===
    reason: closed
    msg: roadrunner response send failed
    phase: sendfile_body
=NOTICE REPORT==== 1-Jun-2026::01:38:33.147730 ===
    reason: closed
    msg: roadrunner response send failed
    phase: sendfile_body
=NOTICE REPORT==== 1-Jun-2026::01:38:33.147795 ===
    reason: closed
    msg: roadrunner response send failed
    phase: sendfile_body
=NOTICE REPORT==== 1-Jun-2026::01:38:33.148165 ===
    reason: closed
    msg: roadrunner response send failed
    phase: sendfile_body
=NOTICE REPORT==== 1-Jun-2026::01:38:33.148681 ===
    reason: closed
    msg: roadrunner response send failed
    phase: sendfile_body
=NOTICE REPORT==== 1-Jun-2026::01:38:33.149135 ===
    reason: closed
    msg: roadrunner response send failed
    phase: sendfile_body
=NOTICE REPORT==== 1-Jun-2026::01:38:33.149604 ===
    reason: closed
    msg: roadrunner response send failed
    phase: sendfile_body
=NOTICE REPORT==== 1-Jun-2026::01:38:33.149933 ===
    reason: closed
    msg: roadrunner response send failed
    phase: sendfile_body
=NOTICE REPORT==== 1-Jun-2026::01:38:33.149950 ===
    reason: closed
    msg: roadrunner response send failed
    phase: sendfile_body
=NOTICE REPORT==== 1-Jun-2026::01:38:33.150403 ===
    reason: closed
    msg: roadrunner response send failed
    phase: sendfile_body
=NOTICE REPORT==== 1-Jun-2026::01:38:33.150352 ===
    reason: closed
    msg: roadrunner response send failed
    phase: sendfile_body
=NOTICE REPORT==== 1-Jun-2026::01:38:33.151636 ===
    reason: closed
    msg: roadrunner response send failed
    phase: sendfile_body
=NOTICE REPORT==== 1-Jun-2026::01:38:33.151711 ===
    reason: closed
    msg: roadrunner response send failed
    phase: sendfile_body
=NOTICE REPORT==== 1-Jun-2026::01:38:33.152468 ===
    reason: closed
    msg: roadrunner response send failed
    phase: sendfile_body
=NOTICE REPORT==== 1-Jun-2026::01:38:33.152586 ===
    reason: closed
    msg: roadrunner response send failed
    phase: sendfile_body
=NOTICE REPORT==== 1-Jun-2026::01:38:33.152686 ===
    reason: closed
    msg: roadrunner response send failed
    phase: sendfile_body
=NOTICE REPORT==== 1-Jun-2026::01:38:33.153203 ===
    reason: closed
    msg: roadrunner response send failed
    phase: sendfile_body
=NOTICE REPORT==== 1-Jun-2026::01:38:33.153213 ===
    reason: closed
    msg: roadrunner response send failed
    phase: sendfile_body
=NOTICE REPORT==== 1-Jun-2026::01:38:33.153991 ===
    reason: closed
    msg: roadrunner response send failed
    phase: sendfile_body
=NOTICE REPORT==== 1-Jun-2026::01:38:33.154456 ===
    reason: closed
    msg: roadrunner response send failed
    phase: sendfile_body
=NOTICE REPORT==== 1-Jun-2026::01:38:33.155066 ===
    reason: closed
    msg: roadrunner response send failed
    phase: sendfile_body
=NOTICE REPORT==== 1-Jun-2026::01:38:33.155528 ===
    reason: closed
    msg: roadrunner response send failed
    phase: sendfile_body
=NOTICE REPORT==== 1-Jun-2026::01:38:33.155974 ===
    reason: closed
    msg: roadrunner response send failed
    phase: sendfile_body
=NOTICE REPORT==== 1-Jun-2026::01:38:33.156711 ===
    reason: closed
    msg: roadrunner response send failed
    phase: sendfile_body
=NOTICE REPORT==== 1-Jun-2026::01:38:33.157173 ===
    reason: closed
    msg: roadrunner response send failed
    phase: sendfile_body
=NOTICE REPORT==== 1-Jun-2026::01:38:33.157770 ===
    reason: closed
    msg: roadrunner response send failed
    phase: sendfile_body
=NOTICE REPORT==== 1-Jun-2026::01:38:33.157785 ===
    reason: closed
    msg: roadrunner response send failed
    phase: sendfile_body
=NOTICE REPORT==== 1-Jun-2026::01:38:33.157778 ===
    reason: closed
    msg: roadrunner response send failed
    phase: sendfile_body
=NOTICE REPORT==== 1-Jun-2026::01:38:33.158330 ===
    reason: closed
    msg: roadrunner response send failed
    phase: sendfile_body
=NOTICE REPORT==== 1-Jun-2026::01:38:33.158725 ===
    reason: closed
    msg: roadrunner response send failed
    phase: sendfile_body
=NOTICE REPORT==== 1-Jun-2026::01:38:33.161112 ===
    reason: closed
    msg: roadrunner response send failed
    phase: sendfile_body
=NOTICE REPORT==== 1-Jun-2026::01:38:33.161209 ===
    reason: closed
    msg: roadrunner response send failed
    phase: sendfile_body
=NOTICE REPORT==== 1-Jun-2026::01:38:33.161738 ===
    reason: closed
    msg: roadrunner response send failed
    phase: sendfile_body
=NOTICE REPORT==== 1-Jun-2026::01:38:33.162136 ===
    reason: closed
    msg: roadrunner response send failed
    phase: sendfile_body
=NOTICE REPORT==== 1-Jun-2026::01:38:33.162965 ===
    reason: closed
    msg: roadrunner response send failed
    phase: sendfile_body
=NOTICE REPORT==== 1-Jun-2026::01:38:33.163327 ===
    reason: closed
    msg: roadrunner response send failed
    phase: sendfile_body
=NOTICE REPORT==== 1-Jun-2026::01:38:33.164048 ===
    reason: closed
    msg: roadrunner response send failed
    phase: sendfile_body
=NOTICE REPORT==== 1-Jun-2026::01:38:33.164110 ===
    reason: closed
    msg: roadrunner response send failed
    phase: sendfile_body
=NOTICE REPORT==== 1-Jun-2026::01:38:33.165161 ===
    reason: closed
    msg: roadrunner response send failed
    phase: sendfile_body
=NOTICE REPORT==== 1-Jun-2026::01:38:33.165265 ===
    reason: closed
    msg: roadrunner response send failed
    phase: sendfile_body
=NOTICE REPORT==== 1-Jun-2026::01:38:33.165666 ===
    reason: closed
    msg: roadrunner response send failed
    phase: sendfile_body
=NOTICE REPORT==== 1-Jun-2026::01:38:33.166109 ===
    reason: closed
    msg: roadrunner response send failed
    phase: sendfile_body
=NOTICE REPORT==== 1-Jun-2026::01:38:33.166143 ===
    reason: closed
    msg: roadrunner response send failed
    phase: sendfile_body
=NOTICE REPORT==== 1-Jun-2026::01:38:33.166482 ===
    reason: closed
    msg: roadrunner response send failed
    phase: sendfile_body
=NOTICE REPORT==== 1-Jun-2026::01:38:33.166667 ===
    reason: closed
    msg: roadrunner response send failed
    phase: sendfile_body
=NOTICE REPORT==== 1-Jun-2026::01:38:33.166881 ===
    reason: closed
    msg: roadrunner response send failed
    phase: sendfile_body
=NOTICE REPORT==== 1-Jun-2026::01:38:33.167054 ===
    reason: closed
    msg: roadrunner response send failed
    phase: sendfile_body
=NOTICE REPORT==== 1-Jun-2026::01:38:33.167197 ===
    reason: closed
    msg: roadrunner response send failed
    phase: sendfile_body
=NOTICE REPORT==== 1-Jun-2026::01:38:33.167490 ===
    reason: closed
    msg: roadrunner response send failed
    phase: sendfile_body
=NOTICE REPORT==== 1-Jun-2026::01:38:33.167805 ===
    reason: closed
    msg: roadrunner response send failed
    phase: sendfile_body
=NOTICE REPORT==== 1-Jun-2026::01:38:33.168288 ===
    reason: closed
    msg: roadrunner response send failed
    phase: sendfile_body
=NOTICE REPORT==== 1-Jun-2026::01:38:33.168693 ===
    reason: closed
    msg: roadrunner response send failed
    phase: sendfile_body
=NOTICE REPORT==== 1-Jun-2026::01:38:33.168962 ===
    reason: closed
    msg: roadrunner response send failed
    phase: sendfile_body
=NOTICE REPORT==== 1-Jun-2026::01:38:33.168977 ===
    reason: closed
    msg: roadrunner response send failed
    phase: sendfile_body
=NOTICE REPORT==== 1-Jun-2026::01:38:33.169428 ===
    reason: closed
    msg: roadrunner response send failed
    phase: sendfile_body
=NOTICE REPORT==== 1-Jun-2026::01:38:33.169461 ===
    reason: closed
    msg: roadrunner response send failed
    phase: sendfile_body
=NOTICE REPORT==== 1-Jun-2026::01:38:33.169514 ===
    reason: closed
    msg: roadrunner response send failed
    phase: sendfile_body
=NOTICE REPORT==== 1-Jun-2026::01:38:33.169938 ===
    reason: closed
    msg: roadrunner response send failed
    phase: sendfile_body
=NOTICE REPORT==== 1-Jun-2026::01:38:33.169962 ===
    reason: closed
    msg: roadrunner response send failed
    phase: sendfile_body
=NOTICE REPORT==== 1-Jun-2026::01:38:33.170375 ===
    reason: closed
    msg: roadrunner response send failed
    phase: sendfile_body
=NOTICE REPORT==== 1-Jun-2026::01:38:33.171520 ===
    reason: closed
    msg: roadrunner response send failed
    phase: sendfile_body
=NOTICE REPORT==== 1-Jun-2026::01:38:33.171574 ===
    reason: closed
    msg: roadrunner response send failed
    phase: sendfile_body
=NOTICE REPORT==== 1-Jun-2026::01:38:33.175636 ===
    reason: closed
    msg: roadrunner response send failed
    phase: sendfile_body
=NOTICE REPORT==== 1-Jun-2026::01:38:33.175662 ===
    reason: closed
    msg: roadrunner response send failed
    phase: sendfile_body
=NOTICE REPORT==== 1-Jun-2026::01:38:33.175987 ===
    reason: closed
    msg: roadrunner response send failed
    phase: sendfile_body
=NOTICE REPORT==== 1-Jun-2026::01:38:33.176026 ===
    reason: closed
    msg: roadrunner response send failed
    phase: sendfile_body
=NOTICE REPORT==== 1-Jun-2026::01:38:33.176699 ===
    reason: closed
    msg: roadrunner response send failed
    phase: sendfile_body
=NOTICE REPORT==== 1-Jun-2026::01:38:33.177219 ===
    reason: closed
    msg: roadrunner response send failed
    phase: sendfile_body
=NOTICE REPORT==== 1-Jun-2026::01:38:33.179065 ===
    reason: closed
    msg: roadrunner response send failed
    phase: sendfile_body
=NOTICE REPORT==== 1-Jun-2026::01:38:33.179449 ===
    reason: closed
    msg: roadrunner response send failed
    phase: sendfile_body
=NOTICE REPORT==== 1-Jun-2026::01:38:33.180669 ===
    reason: closed
    msg: roadrunner response send failed
    phase: sendfile_body
=NOTICE REPORT==== 1-Jun-2026::01:38:33.181000 ===
    reason: closed
    msg: roadrunner response send failed
    phase: sendfile_body
=NOTICE REPORT==== 1-Jun-2026::01:38:33.181524 ===
    reason: closed
    msg: roadrunner response send failed
    phase: sendfile_body
=NOTICE REPORT==== 1-Jun-2026::01:38:33.181895 ===
    reason: closed
    msg: roadrunner response send failed
    phase: sendfile_body
=NOTICE REPORT==== 1-Jun-2026::01:38:33.181929 ===
    reason: closed
    msg: roadrunner response send failed
    phase: sendfile_body
=NOTICE REPORT==== 1-Jun-2026::01:38:33.181929 ===
    reason: closed
    msg: roadrunner response send failed
    phase: sendfile_body
=NOTICE REPORT==== 1-Jun-2026::01:38:33.182653 ===
    reason: closed
    msg: roadrunner response send failed
    phase: sendfile_body
=NOTICE REPORT==== 1-Jun-2026::01:38:33.182800 ===
    reason: closed
    msg: roadrunner response send failed
    phase: sendfile_body
=NOTICE REPORT==== 1-Jun-2026::01:38:33.183162 ===
    reason: closed
    msg: roadrunner response send failed
    phase: sendfile_body
=NOTICE REPORT==== 1-Jun-2026::01:38:33.183672 ===
    reason: closed
    msg: roadrunner response send failed
    phase: sendfile_body
=NOTICE REPORT==== 1-Jun-2026::01:38:33.184161 ===
    reason: closed
    msg: roadrunner response send failed
    phase: sendfile_body
=NOTICE REPORT==== 1-Jun-2026::01:38:33.184550 ===
    reason: closed
    msg: roadrunner response send failed
    phase: sendfile_body
=NOTICE REPORT==== 1-Jun-2026::01:38:33.185202 ===
    reason: closed
    msg: roadrunner response send failed
    phase: sendfile_body
=NOTICE REPORT==== 1-Jun-2026::01:38:33.185286 ===
    reason: closed
    msg: roadrunner response send failed
    phase: sendfile_body
=NOTICE REPORT==== 1-Jun-2026::01:38:33.186191 ===
    reason: closed
    msg: roadrunner response send failed
    phase: sendfile_body
=NOTICE REPORT==== 1-Jun-2026::01:38:33.186528 ===
    reason: closed
    msg: roadrunner response send failed
    phase: sendfile_body
=NOTICE REPORT==== 1-Jun-2026::01:38:33.186881 ===
    reason: closed
    msg: roadrunner response send failed
    phase: sendfile_body
=NOTICE REPORT==== 1-Jun-2026::01:38:33.187158 ===
    reason: closed
    msg: roadrunner response send failed
    phase: sendfile_body
=NOTICE REPORT==== 1-Jun-2026::01:38:33.187716 ===
    reason: closed
    msg: roadrunner response send failed
    phase: sendfile_body
=NOTICE REPORT==== 1-Jun-2026::01:38:33.187936 ===
    reason: closed
    msg: roadrunner response send failed
    phase: sendfile_body
=NOTICE REPORT==== 1-Jun-2026::01:38:33.188201 ===
    reason: closed
    msg: roadrunner response send failed
    phase: sendfile_body
=NOTICE REPORT==== 1-Jun-2026::01:38:33.189268 ===
    reason: closed
    msg: roadrunner response send failed
    phase: sendfile_body
=NOTICE REPORT==== 1-Jun-2026::01:38:33.189302 ===
    reason: closed
    msg: roadrunner response send failed
    phase: sendfile_body
=NOTICE REPORT==== 1-Jun-2026::01:38:33.189884 ===
    reason: closed
    msg: roadrunner response send failed
    phase: sendfile_body
=NOTICE REPORT==== 1-Jun-2026::01:38:33.190330 ===
    reason: closed
    msg: roadrunner response send failed
    phase: sendfile_body
=NOTICE REPORT==== 1-Jun-2026::01:38:33.190358 ===
    reason: closed
    msg: roadrunner response send failed
    phase: sendfile_body
=NOTICE REPORT==== 1-Jun-2026::01:38:33.190373 ===
    reason: closed
    msg: roadrunner response send failed
    phase: sendfile_body
=NOTICE REPORT==== 1-Jun-2026::01:38:33.190787 ===
    reason: closed
    msg: roadrunner response send failed
    phase: sendfile_body
=NOTICE REPORT==== 1-Jun-2026::01:38:33.191119 ===
    reason: closed
    msg: roadrunner response send failed
    phase: sendfile_body
=NOTICE REPORT==== 1-Jun-2026::01:38:33.191102 ===
    reason: closed
    msg: roadrunner response send failed
    phase: sendfile_body
=NOTICE REPORT==== 1-Jun-2026::01:38:33.191690 ===
    reason: closed
    msg: roadrunner response send failed
    phase: sendfile_body
=NOTICE REPORT==== 1-Jun-2026::01:38:33.191696 ===
    reason: closed
    msg: roadrunner response send failed
    phase: sendfile_body
=NOTICE REPORT==== 1-Jun-2026::01:38:33.192257 ===
    reason: closed
    msg: roadrunner response send failed
    phase: sendfile_body
=NOTICE REPORT==== 1-Jun-2026::01:38:33.192497 ===
    reason: closed
    msg: roadrunner response send failed
    phase: sendfile_body
=NOTICE REPORT==== 1-Jun-2026::01:38:33.192832 ===
    reason: closed
    msg: roadrunner response send failed
    phase: sendfile_body
=NOTICE REPORT==== 1-Jun-2026::01:38:33.192894 ===
    reason: closed
    msg: roadrunner response send failed
    phase: sendfile_body
=NOTICE REPORT==== 1-Jun-2026::01:38:33.192945 ===
    reason: closed
    msg: roadrunner response send failed
    phase: sendfile_body
=NOTICE REPORT==== 1-Jun-2026::01:38:33.193408 ===
    reason: closed
    msg: roadrunner response send failed
    phase: sendfile_body
=NOTICE REPORT==== 1-Jun-2026::01:38:33.193812 ===
    reason: closed
    msg: roadrunner response send failed
    phase: sendfile_body
=NOTICE REPORT==== 1-Jun-2026::01:38:33.193838 ===
    reason: closed
    msg: roadrunner response send failed
    phase: sendfile_body
=NOTICE REPORT==== 1-Jun-2026::01:38:33.194259 ===
    reason: closed
    msg: roadrunner response send failed
    phase: sendfile_body
=NOTICE REPORT==== 1-Jun-2026::01:38:33.195069 ===
    reason: closed
    msg: roadrunner response send failed
    phase: sendfile_body
=NOTICE REPORT==== 1-Jun-2026::01:38:33.195555 ===
    reason: closed
    msg: roadrunner response send failed
    phase: sendfile_body
=NOTICE REPORT==== 1-Jun-2026::01:38:33.195598 ===
    reason: closed
    msg: roadrunner response send failed
    phase: sendfile_body
=NOTICE REPORT==== 1-Jun-2026::01:38:33.196357 ===
    reason: closed
    msg: roadrunner response send failed
    phase: sendfile_body
=NOTICE REPORT==== 1-Jun-2026::01:38:33.196380 ===
    reason: closed
    msg: roadrunner response send failed
    phase: sendfile_body
=NOTICE REPORT==== 1-Jun-2026::01:38:33.196697 ===
    reason: closed
    msg: roadrunner response send failed
    phase: sendfile_body
=NOTICE REPORT==== 1-Jun-2026::01:38:33.196738 ===
    reason: closed
    msg: roadrunner response send failed
    phase: sendfile_body
=NOTICE REPORT==== 1-Jun-2026::01:38:33.197114 ===
    reason: closed
    msg: roadrunner response send failed
    phase: sendfile_body
=NOTICE REPORT==== 1-Jun-2026::01:38:33.197140 ===
    reason: closed
    msg: roadrunner response send failed
    phase: sendfile_body
=NOTICE REPORT==== 1-Jun-2026::01:38:33.197537 ===
    reason: closed
    msg: roadrunner response send failed
    phase: sendfile_body
=NOTICE REPORT==== 1-Jun-2026::01:38:33.197509 ===
    reason: closed
    msg: roadrunner response send failed
    phase: sendfile_body
=NOTICE REPORT==== 1-Jun-2026::01:38:33.197896 ===
    reason: closed
    msg: roadrunner response send failed
    phase: sendfile_body
=NOTICE REPORT==== 1-Jun-2026::01:38:33.198394 ===
    reason: closed
    msg: roadrunner response send failed
    phase: sendfile_body
=NOTICE REPORT==== 1-Jun-2026::01:38:33.198400 ===
    reason: closed
    msg: roadrunner response send failed
    phase: sendfile_body
=NOTICE REPORT==== 1-Jun-2026::01:38:33.198632 ===
    reason: closed
    msg: roadrunner response send failed
    phase: sendfile_body
=NOTICE REPORT==== 1-Jun-2026::01:38:33.199001 ===
    reason: closed
    msg: roadrunner response send failed
    phase: sendfile_body
=NOTICE REPORT==== 1-Jun-2026::01:38:33.199100 ===
    reason: closed
    msg: roadrunner response send failed
    phase: sendfile_body
=NOTICE REPORT==== 1-Jun-2026::01:38:33.199326 ===
    reason: closed
    msg: roadrunner response send failed
    phase: sendfile_body
=NOTICE REPORT==== 1-Jun-2026::01:38:33.200113 ===
    reason: closed
    msg: roadrunner response send failed
    phase: sendfile_body
=NOTICE REPORT==== 1-Jun-2026::01:38:33.201173 ===
    reason: closed
    msg: roadrunner response send failed
    phase: sendfile_body
=NOTICE REPORT==== 1-Jun-2026::01:38:33.201230 ===
    reason: closed
    msg: roadrunner response send failed
    phase: sendfile_body
=NOTICE REPORT==== 1-Jun-2026::01:38:33.201250 ===
    reason: closed
    msg: roadrunner response send failed
    phase: sendfile_body
=NOTICE REPORT==== 1-Jun-2026::01:38:33.201296 ===
    reason: closed
    msg: roadrunner response send failed
    phase: sendfile_body
=NOTICE REPORT==== 1-Jun-2026::01:38:33.201161 ===
    reason: closed
    msg: roadrunner response send failed
    phase: sendfile_body
=NOTICE REPORT==== 1-Jun-2026::01:38:33.201859 ===
    reason: closed
    msg: roadrunner response send failed
    phase: sendfile_body
=NOTICE REPORT==== 1-Jun-2026::01:38:33.202764 ===
    reason: closed
    msg: roadrunner response send failed
    phase: sendfile_body
=NOTICE REPORT==== 1-Jun-2026::01:38:33.202787 ===
    reason: closed
    msg: roadrunner response send failed
    phase: sendfile_body
=NOTICE REPORT==== 1-Jun-2026::01:38:33.203105 ===
    reason: closed
    msg: roadrunner response send failed
    phase: sendfile_body
=NOTICE REPORT==== 1-Jun-2026::01:38:33.203380 ===
    reason: closed
    msg: roadrunner response send failed
    phase: sendfile_body
=NOTICE REPORT==== 1-Jun-2026::01:38:33.203761 ===
    reason: closed
    msg: roadrunner response send failed
    phase: sendfile_body
=NOTICE REPORT==== 1-Jun-2026::01:38:33.203768 ===
    reason: closed
    msg: roadrunner response send failed
    phase: sendfile_body
=NOTICE REPORT==== 1-Jun-2026::01:38:33.204275 ===
    reason: closed
    msg: roadrunner response send failed
    phase: sendfile_body
=NOTICE REPORT==== 1-Jun-2026::01:38:33.204646 ===
    reason: closed
    msg: roadrunner response send failed
    phase: sendfile_body
=NOTICE REPORT==== 1-Jun-2026::01:38:33.205178 ===
    reason: closed
    msg: roadrunner response send failed
    phase: sendfile_body
=NOTICE REPORT==== 1-Jun-2026::01:38:33.205450 ===
    reason: closed
    msg: roadrunner response send failed
    phase: sendfile_body
=NOTICE REPORT==== 1-Jun-2026::01:38:33.205875 ===
    reason: closed
    msg: roadrunner response send failed
    phase: sendfile_body
=NOTICE REPORT==== 1-Jun-2026::01:38:33.206026 ===
    reason: closed
    msg: roadrunner response send failed
    phase: sendfile_body
=NOTICE REPORT==== 1-Jun-2026::01:38:33.207176 ===
    reason: closed
    msg: roadrunner response send failed
    phase: sendfile_body
=NOTICE REPORT==== 1-Jun-2026::01:38:33.207506 ===
    reason: closed
    msg: roadrunner response send failed
    phase: sendfile_body
=NOTICE REPORT==== 1-Jun-2026::01:38:33.207870 ===
    reason: closed
    msg: roadrunner response send failed
    phase: sendfile_body
=NOTICE REPORT==== 1-Jun-2026::01:38:33.208894 ===
    reason: closed
    msg: roadrunner response send failed
    phase: sendfile_body
=NOTICE REPORT==== 1-Jun-2026::01:38:33.208915 ===
    reason: closed
    msg: roadrunner response send failed
    phase: sendfile_body
=NOTICE REPORT==== 1-Jun-2026::01:38:33.208929 ===
    reason: closed
    msg: roadrunner response send failed
    phase: sendfile_body
=NOTICE REPORT==== 1-Jun-2026::01:38:33.209213 ===
    reason: closed
    msg: roadrunner response send failed
    phase: sendfile_body
=NOTICE REPORT==== 1-Jun-2026::01:38:33.209187 ===
    reason: closed
    msg: roadrunner response send failed
    phase: sendfile_body
=NOTICE REPORT==== 1-Jun-2026::01:38:33.209603 ===
    reason: closed
    msg: roadrunner response send failed
    phase: sendfile_body
=NOTICE REPORT==== 1-Jun-2026::01:38:33.209626 ===
    reason: closed
    msg: roadrunner response send failed
    phase: sendfile_body
=NOTICE REPORT==== 1-Jun-2026::01:38:33.209893 ===
    reason: closed
    msg: roadrunner response send failed
    phase: sendfile_body
=NOTICE REPORT==== 1-Jun-2026::01:38:33.210090 ===
    reason: closed
    msg: roadrunner response send failed
    phase: sendfile_body
=NOTICE REPORT==== 1-Jun-2026::01:38:33.210510 ===
    reason: closed
    msg: roadrunner response send failed
    phase: sendfile_body
=NOTICE REPORT==== 1-Jun-2026::01:38:33.210901 ===
    reason: closed
    msg: roadrunner response send failed
    phase: sendfile_body
=NOTICE REPORT==== 1-Jun-2026::01:38:33.211202 ===
    reason: closed
    msg: roadrunner response send failed
    phase: sendfile_body
=NOTICE REPORT==== 1-Jun-2026::01:38:33.212235 ===
    reason: closed
    msg: roadrunner response send failed
    phase: sendfile_body
=NOTICE REPORT==== 1-Jun-2026::01:38:33.212320 ===
    reason: closed
    msg: roadrunner response send failed
    phase: sendfile_body
=NOTICE REPORT==== 1-Jun-2026::01:38:33.212320 ===
    reason: closed
    msg: roadrunner response send failed
    phase: sendfile_body
=NOTICE REPORT==== 1-Jun-2026::01:38:33.212708 ===
    reason: closed
    msg: roadrunner response send failed
    phase: sendfile_body
=NOTICE REPORT==== 1-Jun-2026::01:38:33.213735 ===
    reason: closed
    msg: roadrunner response send failed
    phase: sendfile_body
=NOTICE REPORT==== 1-Jun-2026::01:38:33.213766 ===
    reason: closed
    msg: roadrunner response send failed
    phase: sendfile_body
=NOTICE REPORT==== 1-Jun-2026::01:38:33.214163 ===
    reason: closed
    msg: roadrunner response send failed
    phase: sendfile_body
=NOTICE REPORT==== 1-Jun-2026::01:38:33.214550 ===
    reason: closed
    msg: roadrunner response send failed
    phase: sendfile_body
=NOTICE REPORT==== 1-Jun-2026::01:38:33.214773 ===
    reason: closed
    msg: roadrunner response send failed
    phase: sendfile_body
=NOTICE REPORT==== 1-Jun-2026::01:38:33.215163 ===
    reason: closed
    msg: roadrunner response send failed
    phase: sendfile_body
=NOTICE REPORT==== 1-Jun-2026::01:38:33.215619 ===
    reason: closed
    msg: roadrunner response send failed
    phase: sendfile_body
=NOTICE REPORT==== 1-Jun-2026::01:38:33.215867 ===
    reason: closed
    msg: roadrunner response send failed
    phase: sendfile_body
=NOTICE REPORT==== 1-Jun-2026::01:38:33.216353 ===
    reason: closed
    msg: roadrunner response send failed
    phase: sendfile_body
=NOTICE REPORT==== 1-Jun-2026::01:38:33.216388 ===
    reason: closed
    msg: roadrunner response send failed
    phase: sendfile_body
=NOTICE REPORT==== 1-Jun-2026::01:38:33.216652 ===
    reason: closed
    msg: roadrunner response send failed
    phase: sendfile_body
=NOTICE REPORT==== 1-Jun-2026::01:38:33.216680 ===
    reason: closed
    msg: roadrunner response send failed
    phase: sendfile_body
=NOTICE REPORT==== 1-Jun-2026::01:38:33.216729 ===
    reason: closed
    msg: roadrunner response send failed
    phase: sendfile_body
=NOTICE REPORT==== 1-Jun-2026::01:38:33.216992 ===
    reason: closed
    msg: roadrunner response send failed
    phase: sendfile_body
=NOTICE REPORT==== 1-Jun-2026::01:38:33.217280 ===
    reason: closed
    msg: roadrunner response send failed
    phase: sendfile_body
=NOTICE REPORT==== 1-Jun-2026::01:38:33.217287 ===
    reason: closed
    msg: roadrunner response send failed
    phase: sendfile_body
=NOTICE REPORT==== 1-Jun-2026::01:38:33.217735 ===
    reason: closed
    msg: roadrunner response send failed
    phase: sendfile_body
=NOTICE REPORT==== 1-Jun-2026::01:38:33.218281 ===
    reason: closed
    msg: roadrunner response send failed
    phase: sendfile_body
=NOTICE REPORT==== 1-Jun-2026::01:38:33.218832 ===
    reason: closed
    msg: roadrunner response send failed
    phase: sendfile_body
=NOTICE REPORT==== 1-Jun-2026::01:38:33.219066 ===
    reason: closed
    msg: roadrunner response send failed
    phase: sendfile_body
=NOTICE REPORT==== 1-Jun-2026::01:38:33.219337 ===
    reason: closed
    msg: roadrunner response send failed
    phase: sendfile_body
=NOTICE REPORT==== 1-Jun-2026::01:38:33.219841 ===
    reason: closed
    msg: roadrunner response send failed
    phase: sendfile_body
=NOTICE REPORT==== 1-Jun-2026::01:38:33.219880 ===
    reason: closed
    msg: roadrunner response send failed
    phase: sendfile_body
=NOTICE REPORT==== 1-Jun-2026::01:38:33.220237 ===
    reason: closed
    msg: roadrunner response send failed
    phase: sendfile_body
=NOTICE REPORT==== 1-Jun-2026::01:38:33.220271 ===
    reason: closed
    msg: roadrunner response send failed
    phase: sendfile_body
=NOTICE REPORT==== 1-Jun-2026::01:38:33.220297 ===
    reason: closed
    msg: roadrunner response send failed
    phase: sendfile_body
=NOTICE REPORT==== 1-Jun-2026::01:38:33.220330 ===
    reason: closed
    msg: roadrunner response send failed
    phase: sendfile_body
=NOTICE REPORT==== 1-Jun-2026::01:38:33.220573 ===
    reason: closed
    msg: roadrunner response send failed
    phase: sendfile_body
=NOTICE REPORT==== 1-Jun-2026::01:38:33.220676 ===
    reason: closed
    msg: roadrunner response send failed
    phase: sendfile_body
=NOTICE REPORT==== 1-Jun-2026::01:38:33.221168 ===
    reason: closed
    msg: roadrunner response send failed
    phase: sendfile_body
=NOTICE REPORT==== 1-Jun-2026::01:38:33.221206 ===
    reason: closed
    msg: roadrunner response send failed
    phase: sendfile_body
=NOTICE REPORT==== 1-Jun-2026::01:38:33.222443 ===
    reason: closed
    msg: roadrunner response send failed
    phase: sendfile_body
=NOTICE REPORT==== 1-Jun-2026::01:38:33.222497 ===
    reason: closed
    msg: roadrunner response send failed
    phase: sendfile_body
=NOTICE REPORT==== 1-Jun-2026::01:38:33.222503 ===
    reason: closed
    msg: roadrunner response send failed
    phase: sendfile_body
=NOTICE REPORT==== 1-Jun-2026::01:38:33.222696 ===
    reason: closed
    msg: roadrunner response send failed
    phase: sendfile_body
=NOTICE REPORT==== 1-Jun-2026::01:38:33.222753 ===
    reason: closed
    msg: roadrunner response send failed
    phase: sendfile_body
=NOTICE REPORT==== 1-Jun-2026::01:38:33.223110 ===
    reason: closed
    msg: roadrunner response send failed
    phase: sendfile_body
=NOTICE REPORT==== 1-Jun-2026::01:38:33.223198 ===
    reason: closed
    msg: roadrunner response send failed
    phase: sendfile_body
=NOTICE REPORT==== 1-Jun-2026::01:38:33.223508 ===
    reason: closed
    msg: roadrunner response send failed
    phase: sendfile_body
=NOTICE REPORT==== 1-Jun-2026::01:38:33.223880 ===
    reason: closed
    msg: roadrunner response send failed
    phase: sendfile_body
=NOTICE REPORT==== 1-Jun-2026::01:38:33.224290 ===
    reason: closed
    msg: roadrunner response send failed
    phase: sendfile_body
=NOTICE REPORT==== 1-Jun-2026::01:38:33.224738 ===
    reason: closed
    msg: roadrunner response send failed
    phase: sendfile_body
=NOTICE REPORT==== 1-Jun-2026::01:38:33.224929 ===
    reason: closed
    msg: roadrunner response send failed
    phase: sendfile_body
=NOTICE REPORT==== 1-Jun-2026::01:38:33.225114 ===
    reason: closed
    msg: roadrunner response send failed
    phase: sendfile_body
=NOTICE REPORT==== 1-Jun-2026::01:38:33.225138 ===
    reason: closed
    msg: roadrunner response send failed
    phase: sendfile_body
=NOTICE REPORT==== 1-Jun-2026::01:38:33.225458 ===
    reason: closed
    msg: roadrunner response send failed
    phase: sendfile_body
=NOTICE REPORT==== 1-Jun-2026::01:38:33.225863 ===
    reason: closed
    msg: roadrunner response send failed
    phase: sendfile_body
=NOTICE REPORT==== 1-Jun-2026::01:38:33.226697 ===
    reason: closed
    msg: roadrunner response send failed
    phase: sendfile_body
=NOTICE REPORT==== 1-Jun-2026::01:38:33.227186 ===
    reason: closed
    msg: roadrunner response send failed
    phase: sendfile_body
=NOTICE REPORT==== 1-Jun-2026::01:38:33.227210 ===
    reason: closed
    msg: roadrunner response send failed
    phase: sendfile_body
=NOTICE REPORT==== 1-Jun-2026::01:38:33.227504 ===
    reason: closed
    msg: roadrunner response send failed
    phase: sendfile_body
=NOTICE REPORT==== 1-Jun-2026::01:38:33.228126 ===
    reason: closed
    msg: roadrunner response send failed
    phase: sendfile_body
=NOTICE REPORT==== 1-Jun-2026::01:38:33.228146 ===
    reason: closed
    msg: roadrunner response send failed
    phase: sendfile_body
=NOTICE REPORT==== 1-Jun-2026::01:38:33.228552 ===
    reason: closed
    msg: roadrunner response send failed
    phase: sendfile_body
=NOTICE REPORT==== 1-Jun-2026::01:38:33.228906 ===
    reason: closed
    msg: roadrunner response send failed
    phase: sendfile_body
=NOTICE REPORT==== 1-Jun-2026::01:38:33.229164 ===
    reason: closed
    msg: roadrunner response send failed
    phase: sendfile_body
=NOTICE REPORT==== 1-Jun-2026::01:38:33.229687 ===
    reason: closed
    msg: roadrunner response send failed
    phase: sendfile_body
=NOTICE REPORT==== 1-Jun-2026::01:38:33.230234 ===
    reason: closed
    msg: roadrunner response send failed
    phase: sendfile_body
=NOTICE REPORT==== 1-Jun-2026::01:38:33.230259 ===
    reason: closed
    msg: roadrunner response send failed
    phase: sendfile_body
=NOTICE REPORT==== 1-Jun-2026::01:38:33.230793 ===
    reason: closed
    msg: roadrunner response send failed
    phase: sendfile_body
=NOTICE REPORT==== 1-Jun-2026::01:38:33.231080 ===
    reason: closed
    msg: roadrunner response send failed
    phase: sendfile_body
=NOTICE REPORT==== 1-Jun-2026::01:38:33.231236 ===
    reason: closed
    msg: roadrunner response send failed
    phase: sendfile_body
=NOTICE REPORT==== 1-Jun-2026::01:38:33.231263 ===
    reason: closed
    msg: roadrunner response send failed
    phase: sendfile_body
=NOTICE REPORT==== 1-Jun-2026::01:38:33.231250 ===
    reason: closed
    msg: roadrunner response send failed
    phase: sendfile_body
=NOTICE REPORT==== 1-Jun-2026::01:38:33.231305 ===
    reason: closed
    msg: roadrunner response send failed
    phase: sendfile_body
