Exec: /app/erts-17.0.2/bin/erlexec -noinput +Bd -boot /app/releases/0.1.0/start -mode embedded -boot_var SYSTEM_LIB_DIR /app/lib -config /app/releases/0.1.0/sys.config -args_file /app/releases/0.1.0/vm.args -- foreground
Root: /app
/app
=ESOCK WARNING MSG==== 03-Sep-2026::12:29:55.737763 ===
[UNIX-ESSIO] Failed open sctp dynamic library: libsctp.so.1
=NOTICE REPORT==== 3-Sep-2026::12:30:01.624210 ===
    reason: closed
    msg: roadrunner response send failed
    phase: websocket_upgrade_response
=NOTICE REPORT==== 3-Sep-2026::12:30:01.624510 ===
    reason: closed
    msg: roadrunner response send failed
    phase: websocket_upgrade_response
=NOTICE REPORT==== 3-Sep-2026::12:30:01.632538 ===
    reason: closed
    msg: roadrunner response send failed
    phase: websocket_upgrade_response
=NOTICE REPORT==== 3-Sep-2026::12:30:01.632794 ===
    reason: closed
    msg: roadrunner response send failed
    phase: websocket_upgrade_response
=NOTICE REPORT==== 3-Sep-2026::12:30:01.633108 ===
    reason: closed
    msg: roadrunner response send failed
    phase: websocket_upgrade_response
=NOTICE REPORT==== 3-Sep-2026::12:30:01.633530 ===
    reason: closed
    msg: roadrunner response send failed
    phase: websocket_upgrade_response
=NOTICE REPORT==== 3-Sep-2026::12:30:01.635794 ===
    reason: closed
    msg: roadrunner response send failed
    phase: websocket_upgrade_response
=NOTICE REPORT==== 3-Sep-2026::12:30:01.636178 ===
    reason: closed
    msg: roadrunner response send failed
    phase: websocket_upgrade_response
=NOTICE REPORT==== 3-Sep-2026::12:30:01.638598 ===
    reason: closed
    msg: roadrunner response send failed
    phase: websocket_upgrade_response
=NOTICE REPORT==== 3-Sep-2026::12:30:01.639942 ===
    reason: closed
    msg: roadrunner response send failed
    phase: websocket_upgrade_response
=NOTICE REPORT==== 3-Sep-2026::12:30:01.644810 ===
    reason: closed
    msg: roadrunner response send failed
    phase: websocket_upgrade_response
=NOTICE REPORT==== 3-Sep-2026::12:30:01.645011 ===
    reason: closed
    msg: roadrunner response send failed
    phase: websocket_upgrade_response
=NOTICE REPORT==== 3-Sep-2026::12:30:01.645195 ===
    reason: closed
    msg: roadrunner response send failed
    phase: websocket_upgrade_response
=NOTICE REPORT==== 3-Sep-2026::12:30:01.645768 ===
    reason: closed
    msg: roadrunner response send failed
    phase: websocket_upgrade_response
=NOTICE REPORT==== 3-Sep-2026::12:30:01.646386 ===
    reason: closed
    msg: roadrunner response send failed
    phase: websocket_upgrade_response
=NOTICE REPORT==== 3-Sep-2026::12:30:01.646961 ===
    reason: closed
    msg: roadrunner response send failed
    phase: websocket_upgrade_response
=NOTICE REPORT==== 3-Sep-2026::12:30:01.647868 ===
    reason: closed
    msg: roadrunner response send failed
    phase: websocket_upgrade_response
=NOTICE REPORT==== 3-Sep-2026::12:30:01.648242 ===
    reason: closed
    msg: roadrunner response send failed
    phase: websocket_upgrade_response
=NOTICE REPORT==== 3-Sep-2026::12:30:01.650951 ===
    reason: closed
    msg: roadrunner response send failed
    phase: websocket_upgrade_response
=NOTICE REPORT==== 3-Sep-2026::12:30:01.651294 ===
    reason: closed
    msg: roadrunner response send failed
    phase: websocket_upgrade_response
=NOTICE REPORT==== 3-Sep-2026::12:30:01.651469 ===
    reason: closed
    msg: roadrunner response send failed
    phase: websocket_upgrade_response
=NOTICE REPORT==== 3-Sep-2026::12:30:01.651504 ===
    reason: closed
    msg: roadrunner response send failed
    phase: websocket_upgrade_response
=NOTICE REPORT==== 3-Sep-2026::12:30:01.651537 ===
    reason: closed
    msg: roadrunner response send failed
    phase: websocket_upgrade_response
=NOTICE REPORT==== 3-Sep-2026::12:30:01.651805 ===
    reason: closed
    msg: roadrunner response send failed
    phase: websocket_upgrade_response
=NOTICE REPORT==== 3-Sep-2026::12:30:01.653435 ===
    reason: closed
    msg: roadrunner response send failed
    phase: websocket_upgrade_response
=NOTICE REPORT==== 3-Sep-2026::12:30:01.653568 ===
    reason: closed
    msg: roadrunner response send failed
    phase: websocket_upgrade_response
=NOTICE REPORT==== 3-Sep-2026::12:30:01.653574 ===
    reason: closed
    msg: roadrunner response send failed
    phase: websocket_upgrade_response
=NOTICE REPORT==== 3-Sep-2026::12:30:01.653608 ===
    reason: closed
    msg: roadrunner response send failed
    phase: websocket_upgrade_response
=NOTICE REPORT==== 3-Sep-2026::12:30:01.653723 ===
    reason: closed
    msg: roadrunner response send failed
    phase: websocket_upgrade_response
=NOTICE REPORT==== 3-Sep-2026::12:30:01.655564 ===
    reason: closed
    msg: roadrunner response send failed
    phase: websocket_upgrade_response
=NOTICE REPORT==== 3-Sep-2026::12:30:01.655662 ===
    reason: closed
    msg: roadrunner response send failed
    phase: websocket_upgrade_response
=NOTICE REPORT==== 3-Sep-2026::12:30:01.655805 ===
    reason: closed
    msg: roadrunner response send failed
    phase: websocket_upgrade_response
=NOTICE REPORT==== 3-Sep-2026::12:30:01.657540 ===
    reason: closed
    msg: roadrunner response send failed
    phase: websocket_upgrade_response
=NOTICE REPORT==== 3-Sep-2026::12:30:01.657965 ===
    reason: closed
    msg: roadrunner response send failed
    phase: websocket_upgrade_response
=NOTICE REPORT==== 3-Sep-2026::12:30:01.658358 ===
    reason: closed
    msg: roadrunner response send failed
    phase: websocket_upgrade_response
=NOTICE REPORT==== 3-Sep-2026::12:30:01.659325 ===
    reason: closed
    msg: roadrunner response send failed
    phase: websocket_upgrade_response
=NOTICE REPORT==== 3-Sep-2026::12:30:01.659946 ===
    reason: closed
    msg: roadrunner response send failed
    phase: websocket_upgrade_response
=NOTICE REPORT==== 3-Sep-2026::12:30:01.660053 ===
    reason: closed
    msg: roadrunner response send failed
    phase: websocket_upgrade_response
=NOTICE REPORT==== 3-Sep-2026::12:30:01.661080 ===
    reason: closed
    msg: roadrunner response send failed
    phase: websocket_upgrade_response
=NOTICE REPORT==== 3-Sep-2026::12:30:01.661219 ===
    reason: closed
    msg: roadrunner response send failed
    phase: websocket_upgrade_response
=NOTICE REPORT==== 3-Sep-2026::12:30:01.661753 ===
    reason: closed
    msg: roadrunner response send failed
    phase: websocket_upgrade_response
=NOTICE REPORT==== 3-Sep-2026::12:30:01.661857 ===
    reason: closed
    msg: roadrunner response send failed
    phase: websocket_upgrade_response
=NOTICE REPORT==== 3-Sep-2026::12:30:01.661862 ===
    reason: closed
    msg: roadrunner response send failed
    phase: websocket_upgrade_response
=NOTICE REPORT==== 3-Sep-2026::12:30:01.661919 ===
    reason: closed
    msg: roadrunner response send failed
    phase: websocket_upgrade_response
=NOTICE REPORT==== 3-Sep-2026::12:30:01.662376 ===
    reason: closed
    msg: roadrunner response send failed
    phase: websocket_upgrade_response
=NOTICE REPORT==== 3-Sep-2026::12:30:01.663577 ===
    reason: closed
    msg: roadrunner response send failed
    phase: websocket_upgrade_response
=NOTICE REPORT==== 3-Sep-2026::12:30:01.663568 ===
    reason: closed
    msg: roadrunner response send failed
    phase: websocket_upgrade_response
=NOTICE REPORT==== 3-Sep-2026::12:30:01.665940 ===
    reason: closed
    msg: roadrunner response send failed
    phase: websocket_upgrade_response
=NOTICE REPORT==== 3-Sep-2026::12:30:01.665988 ===
    reason: closed
    msg: roadrunner response send failed
    phase: websocket_upgrade_response
=NOTICE REPORT==== 3-Sep-2026::12:30:01.666119 ===
    reason: closed
    msg: roadrunner response send failed
    phase: websocket_upgrade_response
=NOTICE REPORT==== 3-Sep-2026::12:30:01.666140 ===
    reason: closed
    msg: roadrunner response send failed
    phase: websocket_upgrade_response
=NOTICE REPORT==== 3-Sep-2026::12:30:01.666134 ===
    reason: closed
    msg: roadrunner response send failed
    phase: websocket_upgrade_response
=NOTICE REPORT==== 3-Sep-2026::12:30:01.666256 ===
    reason: closed
    msg: roadrunner response send failed
    phase: websocket_upgrade_response
=NOTICE REPORT==== 3-Sep-2026::12:30:01.666276 ===
    reason: closed
    msg: roadrunner response send failed
    phase: websocket_upgrade_response
=NOTICE REPORT==== 3-Sep-2026::12:30:01.666306 ===
    reason: closed
    msg: roadrunner response send failed
    phase: websocket_upgrade_response
=NOTICE REPORT==== 3-Sep-2026::12:30:01.666428 ===
    reason: closed
    msg: roadrunner response send failed
    phase: websocket_upgrade_response
=NOTICE REPORT==== 3-Sep-2026::12:30:01.667712 ===
    reason: closed
    msg: roadrunner response send failed
    phase: websocket_upgrade_response
=NOTICE REPORT==== 3-Sep-2026::12:30:01.667757 ===
    reason: closed
    msg: roadrunner response send failed
    phase: websocket_upgrade_response
=NOTICE REPORT==== 3-Sep-2026::12:30:01.667799 ===
    reason: closed
    msg: roadrunner response send failed
    phase: websocket_upgrade_response
=NOTICE REPORT==== 3-Sep-2026::12:30:01.667827 ===
    reason: closed
    msg: roadrunner response send failed
    phase: websocket_upgrade_response
=NOTICE REPORT==== 3-Sep-2026::12:30:01.667962 ===
    reason: closed
    msg: roadrunner response send failed
    phase: websocket_upgrade_response
=NOTICE REPORT==== 3-Sep-2026::12:30:01.669612 ===
    reason: closed
    msg: roadrunner response send failed
    phase: websocket_upgrade_response
=NOTICE REPORT==== 3-Sep-2026::12:30:01.669867 ===
    reason: closed
    msg: roadrunner response send failed
    phase: websocket_upgrade_response
=NOTICE REPORT==== 3-Sep-2026::12:30:01.670032 ===
    reason: closed
    msg: roadrunner response send failed
    phase: websocket_upgrade_response
=NOTICE REPORT==== 3-Sep-2026::12:30:01.670090 ===
    reason: closed
    msg: roadrunner response send failed
    phase: websocket_upgrade_response
=NOTICE REPORT==== 3-Sep-2026::12:30:01.671995 ===
    reason: closed
    msg: roadrunner response send failed
    phase: websocket_upgrade_response
=NOTICE REPORT==== 3-Sep-2026::12:30:01.672360 ===
    reason: closed
    msg: roadrunner response send failed
    phase: websocket_upgrade_response
=NOTICE REPORT==== 3-Sep-2026::12:30:01.672362 ===
    reason: closed
    msg: roadrunner response send failed
    phase: websocket_upgrade_response
=NOTICE REPORT==== 3-Sep-2026::12:30:01.672478 ===
    reason: closed
    msg: roadrunner response send failed
    phase: websocket_upgrade_response
=NOTICE REPORT==== 3-Sep-2026::12:30:01.672533 ===
    reason: closed
    msg: roadrunner response send failed
    phase: websocket_upgrade_response
=NOTICE REPORT==== 3-Sep-2026::12:30:01.672569 ===
    reason: closed
    msg: roadrunner response send failed
    phase: websocket_upgrade_response
=NOTICE REPORT==== 3-Sep-2026::12:30:01.672718 ===
    reason: closed
    msg: roadrunner response send failed
    phase: websocket_upgrade_response
=NOTICE REPORT==== 3-Sep-2026::12:30:01.673286 ===
    reason: closed
    msg: roadrunner response send failed
    phase: websocket_upgrade_response
=NOTICE REPORT==== 3-Sep-2026::12:30:01.673651 ===
    reason: closed
    msg: roadrunner response send failed
    phase: websocket_upgrade_response
=NOTICE REPORT==== 3-Sep-2026::12:30:01.673863 ===
    reason: closed
    msg: roadrunner response send failed
    phase: websocket_upgrade_response
=NOTICE REPORT==== 3-Sep-2026::12:30:01.674590 ===
    reason: closed
    msg: roadrunner response send failed
    phase: websocket_upgrade_response
=NOTICE REPORT==== 3-Sep-2026::12:30:01.674758 ===
    reason: closed
    msg: roadrunner response send failed
    phase: websocket_upgrade_response
=NOTICE REPORT==== 3-Sep-2026::12:30:01.674930 ===
    reason: closed
    msg: roadrunner response send failed
    phase: websocket_upgrade_response
=NOTICE REPORT==== 3-Sep-2026::12:30:01.675002 ===
    reason: closed
    msg: roadrunner response send failed
    phase: websocket_upgrade_response
=NOTICE REPORT==== 3-Sep-2026::12:30:01.675048 ===
    reason: closed
    msg: roadrunner response send failed
    phase: websocket_upgrade_response
=NOTICE REPORT==== 3-Sep-2026::12:30:01.675141 ===
    reason: closed
    msg: roadrunner response send failed
    phase: websocket_upgrade_response
=NOTICE REPORT==== 3-Sep-2026::12:30:01.675133 ===
    reason: closed
    msg: roadrunner response send failed
    phase: websocket_upgrade_response
=NOTICE REPORT==== 3-Sep-2026::12:30:01.675175 ===
    reason: closed
    msg: roadrunner response send failed
    phase: websocket_upgrade_response
=NOTICE REPORT==== 3-Sep-2026::12:30:01.675216 ===
    reason: closed
    msg: roadrunner response send failed
    phase: websocket_upgrade_response
=NOTICE REPORT==== 3-Sep-2026::12:30:01.675234 ===
    reason: closed
    msg: roadrunner response send failed
    phase: websocket_upgrade_response
=NOTICE REPORT==== 3-Sep-2026::12:30:01.676675 ===
    reason: closed
    msg: roadrunner response send failed
    phase: websocket_upgrade_response
=NOTICE REPORT==== 3-Sep-2026::12:30:01.676798 ===
    reason: closed
    msg: roadrunner response send failed
    phase: websocket_upgrade_response
=NOTICE REPORT==== 3-Sep-2026::12:30:01.676879 ===
    reason: closed
    msg: roadrunner response send failed
    phase: websocket_upgrade_response
=NOTICE REPORT==== 3-Sep-2026::12:30:01.676888 ===
    reason: closed
    msg: roadrunner response send failed
    phase: websocket_upgrade_response
=NOTICE REPORT==== 3-Sep-2026::12:30:01.677014 ===
    reason: closed
    msg: roadrunner response send failed
    phase: websocket_upgrade_response
=NOTICE REPORT==== 3-Sep-2026::12:30:01.677335 ===
    reason: closed
    msg: roadrunner response send failed
    phase: websocket_upgrade_response
=NOTICE REPORT==== 3-Sep-2026::12:30:01.677890 ===
    reason: closed
    msg: roadrunner response send failed
    phase: websocket_upgrade_response
=NOTICE REPORT==== 3-Sep-2026::12:30:01.678011 ===
    reason: closed
    msg: roadrunner response send failed
    phase: websocket_upgrade_response
=NOTICE REPORT==== 3-Sep-2026::12:30:01.678058 ===
    reason: closed
    msg: roadrunner response send failed
    phase: websocket_upgrade_response
=NOTICE REPORT==== 3-Sep-2026::12:30:01.678196 ===
    reason: closed
    msg: roadrunner response send failed
    phase: websocket_upgrade_response
=NOTICE REPORT==== 3-Sep-2026::12:30:01.678415 ===
    reason: closed
    msg: roadrunner response send failed
    phase: websocket_upgrade_response
=NOTICE REPORT==== 3-Sep-2026::12:30:01.678490 ===
    reason: closed
    msg: roadrunner response send failed
    phase: websocket_upgrade_response
=NOTICE REPORT==== 3-Sep-2026::12:30:01.679256 ===
    reason: closed
    msg: roadrunner response send failed
    phase: websocket_upgrade_response
=NOTICE REPORT==== 3-Sep-2026::12:30:01.679279 ===
    reason: closed
    msg: roadrunner response send failed
    phase: websocket_upgrade_response
=NOTICE REPORT==== 3-Sep-2026::12:30:01.679399 ===
    reason: closed
    msg: roadrunner response send failed
    phase: websocket_upgrade_response
=NOTICE REPORT==== 3-Sep-2026::12:30:01.679485 ===
    reason: closed
    msg: roadrunner response send failed
    phase: websocket_upgrade_response
=NOTICE REPORT==== 3-Sep-2026::12:30:01.679509 ===
    reason: closed
    msg: roadrunner response send failed
    phase: websocket_upgrade_response
=NOTICE REPORT==== 3-Sep-2026::12:30:01.679533 ===
    reason: closed
    msg: roadrunner response send failed
    phase: websocket_upgrade_response
=NOTICE REPORT==== 3-Sep-2026::12:30:01.679562 ===
    reason: closed
    msg: roadrunner response send failed
    phase: websocket_upgrade_response
=NOTICE REPORT==== 3-Sep-2026::12:30:01.679691 ===
    reason: closed
    msg: roadrunner response send failed
    phase: websocket_upgrade_response
=NOTICE REPORT==== 3-Sep-2026::12:30:01.680365 ===
    reason: closed
    msg: roadrunner response send failed
    phase: websocket_upgrade_response
=NOTICE REPORT==== 3-Sep-2026::12:30:01.680475 ===
    reason: closed
    msg: roadrunner response send failed
    phase: websocket_upgrade_response
=NOTICE REPORT==== 3-Sep-2026::12:30:01.680486 ===
    reason: closed
    msg: roadrunner response send failed
    phase: websocket_upgrade_response
=NOTICE REPORT==== 3-Sep-2026::12:30:01.680465 ===
    reason: closed
    msg: roadrunner response send failed
    phase: websocket_upgrade_response
=NOTICE REPORT==== 3-Sep-2026::12:30:01.680497 ===
    reason: closed
    msg: roadrunner response send failed
    phase: websocket_upgrade_response
=NOTICE REPORT==== 3-Sep-2026::12:30:01.683095 ===
    reason: closed
    msg: roadrunner response send failed
    phase: websocket_upgrade_response
=NOTICE REPORT==== 3-Sep-2026::12:30:01.683109 ===
    reason: closed
    msg: roadrunner response send failed
    phase: websocket_upgrade_response
=NOTICE REPORT==== 3-Sep-2026::12:30:01.683146 ===
    reason: closed
    msg: roadrunner response send failed
    phase: websocket_upgrade_response
=NOTICE REPORT==== 3-Sep-2026::12:30:01.683231 ===
    reason: closed
    msg: roadrunner response send failed
    phase: websocket_upgrade_response
=NOTICE REPORT==== 3-Sep-2026::12:30:01.683281 ===
    reason: closed
    msg: roadrunner response send failed
    phase: websocket_upgrade_response
=NOTICE REPORT==== 3-Sep-2026::12:30:01.683366 ===
    reason: closed
    msg: roadrunner response send failed
    phase: websocket_upgrade_response
=NOTICE REPORT==== 3-Sep-2026::12:30:01.683401 ===
    reason: closed
    msg: roadrunner response send failed
    phase: websocket_upgrade_response
=NOTICE REPORT==== 3-Sep-2026::12:30:01.683482 ===
    reason: closed
    msg: roadrunner response send failed
    phase: websocket_upgrade_response
=NOTICE REPORT==== 3-Sep-2026::12:30:01.683561 ===
    reason: closed
    msg: roadrunner response send failed
    phase: websocket_upgrade_response
=NOTICE REPORT==== 3-Sep-2026::12:30:01.683701 ===
    reason: closed
    msg: roadrunner response send failed
    phase: websocket_upgrade_response
=NOTICE REPORT==== 3-Sep-2026::12:30:01.684767 ===
    reason: closed
    msg: roadrunner response send failed
    phase: websocket_upgrade_response
=NOTICE REPORT==== 3-Sep-2026::12:30:01.684936 ===
    reason: closed
    msg: roadrunner response send failed
    phase: websocket_upgrade_response
=NOTICE REPORT==== 3-Sep-2026::12:30:01.684973 ===
    reason: closed
    msg: roadrunner response send failed
    phase: websocket_upgrade_response
=NOTICE REPORT==== 3-Sep-2026::12:30:01.684998 ===
    reason: closed
    msg: roadrunner response send failed
    phase: websocket_upgrade_response
=NOTICE REPORT==== 3-Sep-2026::12:30:01.685042 ===
    reason: closed
    msg: roadrunner response send failed
    phase: websocket_upgrade_response
=NOTICE REPORT==== 3-Sep-2026::12:30:01.685109 ===
    reason: closed
    msg: roadrunner response send failed
    phase: websocket_upgrade_response
=NOTICE REPORT==== 3-Sep-2026::12:30:01.685121 ===
    reason: closed
    msg: roadrunner response send failed
    phase: websocket_upgrade_response
=NOTICE REPORT==== 3-Sep-2026::12:30:01.685200 ===
    reason: closed
    msg: roadrunner response send failed
    phase: websocket_upgrade_response
=NOTICE REPORT==== 3-Sep-2026::12:30:01.685172 ===
    reason: closed
    msg: roadrunner response send failed
    phase: websocket_upgrade_response
=NOTICE REPORT==== 3-Sep-2026::12:30:01.685135 ===
    reason: closed
    msg: roadrunner response send failed
    phase: websocket_upgrade_response
=NOTICE REPORT==== 3-Sep-2026::12:30:01.685196 ===
    reason: closed
    msg: roadrunner response send failed
    phase: websocket_upgrade_response
=NOTICE REPORT==== 3-Sep-2026::12:30:01.685245 ===
    reason: closed
    msg: roadrunner response send failed
    phase: websocket_upgrade_response
=NOTICE REPORT==== 3-Sep-2026::12:30:01.685267 ===
    reason: closed
    msg: roadrunner response send failed
    phase: websocket_upgrade_response
=NOTICE REPORT==== 3-Sep-2026::12:30:01.685151 ===
    reason: closed
    msg: roadrunner response send failed
    phase: websocket_upgrade_response
=NOTICE REPORT==== 3-Sep-2026::12:30:01.685288 ===
    reason: closed
    msg: roadrunner response send failed
    phase: websocket_upgrade_response
=NOTICE REPORT==== 3-Sep-2026::12:30:01.685318 ===
    reason: closed
    msg: roadrunner response send failed
    phase: websocket_upgrade_response
=NOTICE REPORT==== 3-Sep-2026::12:30:01.685370 ===
    reason: closed
    msg: roadrunner response send failed
    phase: websocket_upgrade_response
=NOTICE REPORT==== 3-Sep-2026::12:30:01.685409 ===
    reason: closed
    msg: roadrunner response send failed
    phase: websocket_upgrade_response
=NOTICE REPORT==== 3-Sep-2026::12:30:01.685508 ===
    reason: closed
    msg: roadrunner response send failed
    phase: websocket_upgrade_response
=NOTICE REPORT==== 3-Sep-2026::12:30:01.685441 ===
    reason: closed
    msg: roadrunner response send failed
    phase: websocket_upgrade_response
=NOTICE REPORT==== 3-Sep-2026::12:30:01.685483 ===
    reason: closed
    msg: roadrunner response send failed
    phase: websocket_upgrade_response
=NOTICE REPORT==== 3-Sep-2026::12:30:01.685517 ===
    reason: closed
    msg: roadrunner response send failed
    phase: websocket_upgrade_response
=NOTICE REPORT==== 3-Sep-2026::12:30:01.685474 ===
    reason: closed
    msg: roadrunner response send failed
    phase: websocket_upgrade_response
=NOTICE REPORT==== 3-Sep-2026::12:30:01.685438 ===
    reason: closed
    msg: roadrunner response send failed
    phase: websocket_upgrade_response
=NOTICE REPORT==== 3-Sep-2026::12:30:01.685451 ===
    reason: closed
    msg: roadrunner response send failed
    phase: websocket_upgrade_response
=NOTICE REPORT==== 3-Sep-2026::12:30:01.685469 ===
    reason: closed
    msg: roadrunner response send failed
    phase: websocket_upgrade_response
=NOTICE REPORT==== 3-Sep-2026::12:30:01.686109 ===
    reason: closed
    msg: roadrunner response send failed
    phase: websocket_upgrade_response
=NOTICE REPORT==== 3-Sep-2026::12:30:01.686490 ===
    reason: closed
    msg: roadrunner response send failed
    phase: websocket_upgrade_response
=NOTICE REPORT==== 3-Sep-2026::12:30:01.686557 ===
    reason: closed
    msg: roadrunner response send failed
    phase: websocket_upgrade_response
=NOTICE REPORT==== 3-Sep-2026::12:30:01.686571 ===
    reason: closed
    msg: roadrunner response send failed
    phase: websocket_upgrade_response
=NOTICE REPORT==== 3-Sep-2026::12:30:01.686570 ===
    reason: closed
    msg: roadrunner response send failed
    phase: websocket_upgrade_response
=NOTICE REPORT==== 3-Sep-2026::12:30:01.686597 ===
    reason: closed
    msg: roadrunner response send failed
    phase: websocket_upgrade_response
=NOTICE REPORT==== 3-Sep-2026::12:30:01.686641 ===
    reason: closed
    msg: roadrunner response send failed
    phase: websocket_upgrade_response
=NOTICE REPORT==== 3-Sep-2026::12:30:01.686932 ===
    reason: closed
    msg: roadrunner response send failed
    phase: websocket_upgrade_response
=NOTICE REPORT==== 3-Sep-2026::12:30:01.686943 ===
    reason: closed
    msg: roadrunner response send failed
    phase: websocket_upgrade_response
=NOTICE REPORT==== 3-Sep-2026::12:30:01.687037 ===
    reason: closed
    msg: roadrunner response send failed
    phase: websocket_upgrade_response
=NOTICE REPORT==== 3-Sep-2026::12:30:01.687010 ===
    reason: closed
    msg: roadrunner response send failed
    phase: websocket_upgrade_response
=NOTICE REPORT==== 3-Sep-2026::12:30:01.687046 ===
    reason: closed
    msg: roadrunner response send failed
    phase: websocket_upgrade_response
=NOTICE REPORT==== 3-Sep-2026::12:30:01.687071 ===
    reason: closed
    msg: roadrunner response send failed
    phase: websocket_upgrade_response
=NOTICE REPORT==== 3-Sep-2026::12:30:01.687108 ===
    reason: closed
    msg: roadrunner response send failed
    phase: websocket_upgrade_response
=NOTICE REPORT==== 3-Sep-2026::12:30:01.687084 ===
    reason: closed
    msg: roadrunner response send failed
    phase: websocket_upgrade_response
=NOTICE REPORT==== 3-Sep-2026::12:30:01.687129 ===
    reason: closed
    msg: roadrunner response send failed
    phase: websocket_upgrade_response
=NOTICE REPORT==== 3-Sep-2026::12:30:01.687154 ===
    reason: closed
    msg: roadrunner response send failed
    phase: websocket_upgrade_response
=NOTICE REPORT==== 3-Sep-2026::12:30:01.687288 ===
    reason: closed
    msg: roadrunner response send failed
    phase: websocket_upgrade_response
=NOTICE REPORT==== 3-Sep-2026::12:30:01.687280 ===
    reason: closed
    msg: roadrunner response send failed
    phase: websocket_upgrade_response
=NOTICE REPORT==== 3-Sep-2026::12:30:01.687300 ===
    reason: closed
    msg: roadrunner response send failed
    phase: websocket_upgrade_response
=NOTICE REPORT==== 3-Sep-2026::12:30:01.687281 ===
    reason: closed
    msg: roadrunner response send failed
    phase: websocket_upgrade_response
=NOTICE REPORT==== 3-Sep-2026::12:30:01.688061 ===
    reason: closed
    msg: roadrunner response send failed
    phase: websocket_upgrade_response
=NOTICE REPORT==== 3-Sep-2026::12:30:01.688108 ===
    reason: closed
    msg: roadrunner response send failed
    phase: websocket_upgrade_response
=NOTICE REPORT==== 3-Sep-2026::12:30:01.688159 ===
    reason: closed
    msg: roadrunner response send failed
    phase: websocket_upgrade_response
=NOTICE REPORT==== 3-Sep-2026::12:30:01.688255 ===
    reason: closed
    msg: roadrunner response send failed
    phase: websocket_upgrade_response
=NOTICE REPORT==== 3-Sep-2026::12:30:01.688244 ===
    reason: closed
    msg: roadrunner response send failed
    phase: websocket_upgrade_response
=NOTICE REPORT==== 3-Sep-2026::12:30:01.688245 ===
    reason: closed
    msg: roadrunner response send failed
    phase: websocket_upgrade_response
=NOTICE REPORT==== 3-Sep-2026::12:30:01.688345 ===
    reason: closed
    msg: roadrunner response send failed
    phase: websocket_upgrade_response
=NOTICE REPORT==== 3-Sep-2026::12:30:01.688406 ===
    reason: closed
    msg: roadrunner response send failed
    phase: websocket_upgrade_response
=NOTICE REPORT==== 3-Sep-2026::12:30:01.688534 ===
    reason: closed
    msg: roadrunner response send failed
    phase: websocket_upgrade_response
=NOTICE REPORT==== 3-Sep-2026::12:30:01.688535 ===
    reason: closed
    msg: roadrunner response send failed
    phase: websocket_upgrade_response
=NOTICE REPORT==== 3-Sep-2026::12:30:01.688583 ===
    reason: closed
    msg: roadrunner response send failed
    phase: websocket_upgrade_response
=NOTICE REPORT==== 3-Sep-2026::12:30:01.688655 ===
    reason: closed
    msg: roadrunner response send failed
    phase: websocket_upgrade_response
=NOTICE REPORT==== 3-Sep-2026::12:30:01.688800 ===
    reason: closed
    msg: roadrunner response send failed
    phase: websocket_upgrade_response
=NOTICE REPORT==== 3-Sep-2026::12:30:01.688923 ===
    reason: closed
    msg: roadrunner response send failed
    phase: websocket_upgrade_response
=NOTICE REPORT==== 3-Sep-2026::12:30:01.688931 ===
    reason: closed
    msg: roadrunner response send failed
    phase: websocket_upgrade_response
=NOTICE REPORT==== 3-Sep-2026::12:30:01.688969 ===
    reason: closed
    msg: roadrunner response send failed
    phase: websocket_upgrade_response
=NOTICE REPORT==== 3-Sep-2026::12:30:01.688989 ===
    reason: closed
    msg: roadrunner response send failed
    phase: websocket_upgrade_response
=NOTICE REPORT==== 3-Sep-2026::12:30:01.688993 ===
    reason: closed
    msg: roadrunner response send failed
    phase: websocket_upgrade_response
=NOTICE REPORT==== 3-Sep-2026::12:30:01.689048 ===
    reason: closed
    msg: roadrunner response send failed
    phase: websocket_upgrade_response
=NOTICE REPORT==== 3-Sep-2026::12:30:01.689054 ===
    reason: closed
    msg: roadrunner response send failed
    phase: websocket_upgrade_response
=NOTICE REPORT==== 3-Sep-2026::12:30:01.689066 ===
    reason: closed
    msg: roadrunner response send failed
    phase: websocket_upgrade_response
=NOTICE REPORT==== 3-Sep-2026::12:30:01.689057 ===
    reason: closed
    msg: roadrunner response send failed
    phase: websocket_upgrade_response
=NOTICE REPORT==== 3-Sep-2026::12:30:01.689121 ===
    reason: closed
    msg: roadrunner response send failed
    phase: websocket_upgrade_response
=NOTICE REPORT==== 3-Sep-2026::12:30:01.689300 ===
    reason: closed
    msg: roadrunner response send failed
    phase: websocket_upgrade_response
=NOTICE REPORT==== 3-Sep-2026::12:30:01.689312 ===
    reason: closed
    msg: roadrunner response send failed
    phase: websocket_upgrade_response
=NOTICE REPORT==== 3-Sep-2026::12:30:01.689290 ===
    reason: closed
    msg: roadrunner response send failed
    phase: websocket_upgrade_response
=NOTICE REPORT==== 3-Sep-2026::12:30:01.689339 ===
    reason: closed
    msg: roadrunner response send failed
    phase: websocket_upgrade_response
=NOTICE REPORT==== 3-Sep-2026::12:30:01.689407 ===
    reason: closed
    msg: roadrunner response send failed
    phase: websocket_upgrade_response
=NOTICE REPORT==== 3-Sep-2026::12:30:01.689428 ===
    reason: closed
    msg: roadrunner response send failed
    phase: websocket_upgrade_response
=NOTICE REPORT==== 3-Sep-2026::12:30:01.689388 ===
    reason: closed
    msg: roadrunner response send failed
    phase: websocket_upgrade_response
=NOTICE REPORT==== 3-Sep-2026::12:30:01.689491 ===
    reason: closed
    msg: roadrunner response send failed
    phase: websocket_upgrade_response
=NOTICE REPORT==== 3-Sep-2026::12:30:01.689520 ===
    reason: closed
    msg: roadrunner response send failed
    phase: websocket_upgrade_response
=NOTICE REPORT==== 3-Sep-2026::12:30:01.689537 ===
    reason: closed
    msg: roadrunner response send failed
    phase: websocket_upgrade_response
=NOTICE REPORT==== 3-Sep-2026::12:30:01.689580 ===
    reason: closed
    msg: roadrunner response send failed
    phase: websocket_upgrade_response
=NOTICE REPORT==== 3-Sep-2026::12:30:01.689574 ===
    reason: closed
    msg: roadrunner response send failed
    phase: websocket_upgrade_response
=NOTICE REPORT==== 3-Sep-2026::12:30:01.689578 ===
    reason: closed
    msg: roadrunner response send failed
    phase: websocket_upgrade_response
=NOTICE REPORT==== 3-Sep-2026::12:30:01.689641 ===
    reason: closed
    msg: roadrunner response send failed
    phase: websocket_upgrade_response
=NOTICE REPORT==== 3-Sep-2026::12:30:01.689677 ===
    reason: closed
    msg: roadrunner response send failed
    phase: websocket_upgrade_response
=NOTICE REPORT==== 3-Sep-2026::12:30:01.689650 ===
    reason: closed
    msg: roadrunner response send failed
    phase: websocket_upgrade_response
=NOTICE REPORT==== 3-Sep-2026::12:30:01.689669 ===
    reason: closed
    msg: roadrunner response send failed
    phase: websocket_upgrade_response
=NOTICE REPORT==== 3-Sep-2026::12:30:01.689756 ===
    reason: closed
    msg: roadrunner response send failed
    phase: websocket_upgrade_response
=NOTICE REPORT==== 3-Sep-2026::12:30:01.689797 ===
    reason: closed
    msg: roadrunner response send failed
    phase: websocket_upgrade_response
=NOTICE REPORT==== 3-Sep-2026::12:30:01.689819 ===
    reason: closed
    msg: roadrunner response send failed
    phase: websocket_upgrade_response
=NOTICE REPORT==== 3-Sep-2026::12:30:01.689811 ===
    reason: closed
    msg: roadrunner response send failed
    phase: websocket_upgrade_response
=NOTICE REPORT==== 3-Sep-2026::12:30:01.689854 ===
    reason: closed
    msg: roadrunner response send failed
    phase: websocket_upgrade_response
=NOTICE REPORT==== 3-Sep-2026::12:30:01.689843 ===
    reason: closed
    msg: roadrunner response send failed
    phase: websocket_upgrade_response
=NOTICE REPORT==== 3-Sep-2026::12:30:01.689850 ===
    reason: closed
    msg: roadrunner response send failed
    phase: websocket_upgrade_response
=NOTICE REPORT==== 3-Sep-2026::12:30:01.689900 ===
    reason: closed
    msg: roadrunner response send failed
    phase: websocket_upgrade_response
=NOTICE REPORT==== 3-Sep-2026::12:30:01.689911 ===
    reason: closed
    msg: roadrunner response send failed
    phase: websocket_upgrade_response
=NOTICE REPORT==== 3-Sep-2026::12:30:01.689902 ===
    reason: closed
    msg: roadrunner response send failed
    phase: websocket_upgrade_response
=NOTICE REPORT==== 3-Sep-2026::12:30:01.689883 ===
    reason: closed
    msg: roadrunner response send failed
    phase: websocket_upgrade_response
=NOTICE REPORT==== 3-Sep-2026::12:30:01.689939 ===
    reason: closed
    msg: roadrunner response send failed
    phase: websocket_upgrade_response
=NOTICE REPORT==== 3-Sep-2026::12:30:01.689924 ===
    reason: closed
    msg: roadrunner response send failed
    phase: websocket_upgrade_response
=NOTICE REPORT==== 3-Sep-2026::12:30:01.689963 ===
    reason: closed
    msg: roadrunner response send failed
    phase: websocket_upgrade_response
=NOTICE REPORT==== 3-Sep-2026::12:30:01.689953 ===
    reason: closed
    msg: roadrunner response send failed
    phase: websocket_upgrade_response
=NOTICE REPORT==== 3-Sep-2026::12:30:01.690059 ===
    reason: closed
    msg: roadrunner response send failed
    phase: websocket_upgrade_response
=NOTICE REPORT==== 3-Sep-2026::12:30:01.690088 ===
    reason: closed
    msg: roadrunner response send failed
    phase: websocket_upgrade_response
=NOTICE REPORT==== 3-Sep-2026::12:30:01.690068 ===
    reason: closed
    msg: roadrunner response send failed
    phase: websocket_upgrade_response
=NOTICE REPORT==== 3-Sep-2026::12:30:01.690092 ===
    reason: closed
    msg: roadrunner response send failed
    phase: websocket_upgrade_response
=NOTICE REPORT==== 3-Sep-2026::12:30:01.690046 ===
    reason: closed
    msg: roadrunner response send failed
    phase: websocket_upgrade_response
=NOTICE REPORT==== 3-Sep-2026::12:30:01.690105 ===
    reason: closed
    msg: roadrunner response send failed
    phase: websocket_upgrade_response
=NOTICE REPORT==== 3-Sep-2026::12:30:01.690098 ===
    reason: closed
    msg: roadrunner response send failed
    phase: websocket_upgrade_response
=NOTICE REPORT==== 3-Sep-2026::12:30:01.690120 ===
    reason: closed
    msg: roadrunner response send failed
    phase: websocket_upgrade_response
=NOTICE REPORT==== 3-Sep-2026::12:30:01.690139 ===
    reason: closed
    msg: roadrunner response send failed
    phase: websocket_upgrade_response
=NOTICE REPORT==== 3-Sep-2026::12:30:01.690143 ===
    reason: closed
    msg: roadrunner response send failed
    phase: websocket_upgrade_response
=NOTICE REPORT==== 3-Sep-2026::12:30:01.690162 ===
    reason: closed
    msg: roadrunner response send failed
    phase: websocket_upgrade_response
=NOTICE REPORT==== 3-Sep-2026::12:30:01.690173 ===
    reason: closed
    msg: roadrunner response send failed
    phase: websocket_upgrade_response
=NOTICE REPORT==== 3-Sep-2026::12:30:01.690226 ===
    reason: closed
    msg: roadrunner response send failed
    phase: websocket_upgrade_response
=NOTICE REPORT==== 3-Sep-2026::12:30:01.690255 ===
    reason: closed
    msg: roadrunner response send failed
    phase: websocket_upgrade_response
=NOTICE REPORT==== 3-Sep-2026::12:30:01.690296 ===
    reason: closed
    msg: roadrunner response send failed
    phase: websocket_upgrade_response
=NOTICE REPORT==== 3-Sep-2026::12:30:01.690331 ===
    reason: closed
    msg: roadrunner response send failed
    phase: websocket_upgrade_response
=NOTICE REPORT==== 3-Sep-2026::12:30:01.690330 ===
    reason: closed
    msg: roadrunner response send failed
    phase: websocket_upgrade_response
=NOTICE REPORT==== 3-Sep-2026::12:30:01.690536 ===
    reason: closed
    msg: roadrunner response send failed
    phase: websocket_upgrade_response
=NOTICE REPORT==== 3-Sep-2026::12:30:01.690577 ===
    reason: closed
    msg: roadrunner response send failed
    phase: websocket_upgrade_response
=NOTICE REPORT==== 3-Sep-2026::12:30:01.690580 ===
    reason: closed
    msg: roadrunner response send failed
    phase: websocket_upgrade_response
=NOTICE REPORT==== 3-Sep-2026::12:30:01.690577 ===
    reason: closed
    msg: roadrunner response send failed
    phase: websocket_upgrade_response
=NOTICE REPORT==== 3-Sep-2026::12:30:01.690553 ===
    reason: closed
    msg: roadrunner response send failed
    phase: websocket_upgrade_response
=NOTICE REPORT==== 3-Sep-2026::12:30:01.690608 ===
    reason: closed
    msg: roadrunner response send failed
    phase: websocket_upgrade_response
=NOTICE REPORT==== 3-Sep-2026::12:30:01.690606 ===
    reason: closed
    msg: roadrunner response send failed
    phase: websocket_upgrade_response
=NOTICE REPORT==== 3-Sep-2026::12:30:01.690660 ===
    reason: closed
    msg: roadrunner response send failed
    phase: websocket_upgrade_response
=NOTICE REPORT==== 3-Sep-2026::12:30:01.690688 ===
    reason: closed
    msg: roadrunner response send failed
    phase: websocket_upgrade_response
=NOTICE REPORT==== 3-Sep-2026::12:30:01.690702 ===
    reason: closed
    msg: roadrunner response send failed
    phase: websocket_upgrade_response
=NOTICE REPORT==== 3-Sep-2026::12:30:01.690712 ===
    reason: closed
    msg: roadrunner response send failed
    phase: websocket_upgrade_response
=NOTICE REPORT==== 3-Sep-2026::12:30:01.690728 ===
    reason: closed
    msg: roadrunner response send failed
    phase: websocket_upgrade_response
=NOTICE REPORT==== 3-Sep-2026::12:30:01.690770 ===
    reason: closed
    msg: roadrunner response send failed
    phase: websocket_upgrade_response
=NOTICE REPORT==== 3-Sep-2026::12:30:01.690758 ===
    reason: closed
    msg: roadrunner response send failed
    phase: websocket_upgrade_response
=NOTICE REPORT==== 3-Sep-2026::12:30:01.690818 ===
    reason: closed
    msg: roadrunner response send failed
    phase: websocket_upgrade_response
=NOTICE REPORT==== 3-Sep-2026::12:30:01.690835 ===
    reason: closed
    msg: roadrunner response send failed
    phase: websocket_upgrade_response
=NOTICE REPORT==== 3-Sep-2026::12:30:01.690843 ===
    reason: closed
    msg: roadrunner response send failed
    phase: websocket_upgrade_response
=NOTICE REPORT==== 3-Sep-2026::12:30:01.690891 ===
    reason: closed
    msg: roadrunner response send failed
    phase: websocket_upgrade_response
=NOTICE REPORT==== 3-Sep-2026::12:30:01.690909 ===
    reason: closed
    msg: roadrunner response send failed
    phase: websocket_upgrade_response
=NOTICE REPORT==== 3-Sep-2026::12:30:01.690936 ===
    reason: closed
    msg: roadrunner response send failed
    phase: websocket_upgrade_response
=NOTICE REPORT==== 3-Sep-2026::12:30:01.691043 ===
    reason: closed
    msg: roadrunner response send failed
    phase: websocket_upgrade_response
=NOTICE REPORT==== 3-Sep-2026::12:30:01.691061 ===
    reason: closed
    msg: roadrunner response send failed
    phase: websocket_upgrade_response
=NOTICE REPORT==== 3-Sep-2026::12:30:01.691060 ===
    reason: closed
    msg: roadrunner response send failed
    phase: websocket_upgrade_response
=NOTICE REPORT==== 3-Sep-2026::12:30:01.691085 ===
    reason: closed
    msg: roadrunner response send failed
    phase: websocket_upgrade_response
=NOTICE REPORT==== 3-Sep-2026::12:30:01.691100 ===
    reason: closed
    msg: roadrunner response send failed
    phase: websocket_upgrade_response
=NOTICE REPORT==== 3-Sep-2026::12:30:01.691080 ===
    reason: closed
    msg: roadrunner response send failed
    phase: websocket_upgrade_response
=NOTICE REPORT==== 3-Sep-2026::12:30:01.691109 ===
    reason: closed
    msg: roadrunner response send failed
    phase: websocket_upgrade_response
=NOTICE REPORT==== 3-Sep-2026::12:30:01.691128 ===
    reason: closed
    msg: roadrunner response send failed
    phase: websocket_upgrade_response
=NOTICE REPORT==== 3-Sep-2026::12:30:01.691152 ===
    reason: closed
    msg: roadrunner response send failed
    phase: websocket_upgrade_response
=NOTICE REPORT==== 3-Sep-2026::12:30:01.691185 ===
    reason: closed
    msg: roadrunner response send failed
    phase: websocket_upgrade_response
=NOTICE REPORT==== 3-Sep-2026::12:30:01.691263 ===
    reason: closed
    msg: roadrunner response send failed
    phase: websocket_upgrade_response
=NOTICE REPORT==== 3-Sep-2026::12:30:01.691356 ===
    reason: closed
    msg: roadrunner response send failed
    phase: websocket_upgrade_response
=NOTICE REPORT==== 3-Sep-2026::12:30:01.691397 ===
    reason: closed
    msg: roadrunner response send failed
    phase: websocket_upgrade_response
=NOTICE REPORT==== 3-Sep-2026::12:30:01.691432 ===
    reason: closed
    msg: roadrunner response send failed
    phase: websocket_upgrade_response
=NOTICE REPORT==== 3-Sep-2026::12:30:01.691445 ===
    reason: closed
    msg: roadrunner response send failed
    phase: websocket_upgrade_response
=NOTICE REPORT==== 3-Sep-2026::12:30:01.691500 ===
    reason: closed
    msg: roadrunner response send failed
    phase: websocket_upgrade_response
=NOTICE REPORT==== 3-Sep-2026::12:30:01.691559 ===
    reason: closed
    msg: roadrunner response send failed
    phase: websocket_upgrade_response
=NOTICE REPORT==== 3-Sep-2026::12:30:01.691565 ===
    reason: closed
    msg: roadrunner response send failed
    phase: websocket_upgrade_response
=NOTICE REPORT==== 3-Sep-2026::12:30:01.691617 ===
    reason: closed
    msg: roadrunner response send failed
    phase: websocket_upgrade_response
=NOTICE REPORT==== 3-Sep-2026::12:30:01.691607 ===
    reason: closed
    msg: roadrunner response send failed
    phase: websocket_upgrade_response
=NOTICE REPORT==== 3-Sep-2026::12:30:01.691644 ===
    reason: closed
    msg: roadrunner response send failed
    phase: websocket_upgrade_response
=NOTICE REPORT==== 3-Sep-2026::12:30:01.691618 ===
    reason: closed
    msg: roadrunner response send failed
    phase: websocket_upgrade_response
=NOTICE REPORT==== 3-Sep-2026::12:30:01.691637 ===
    reason: closed
    msg: roadrunner response send failed
    phase: websocket_upgrade_response
=NOTICE REPORT==== 3-Sep-2026::12:30:01.691656 ===
    reason: closed
    msg: roadrunner response send failed
    phase: websocket_upgrade_response
=NOTICE REPORT==== 3-Sep-2026::12:30:01.691669 ===
    reason: closed
    msg: roadrunner response send failed
    phase: websocket_upgrade_response
=NOTICE REPORT==== 3-Sep-2026::12:30:01.691663 ===
    reason: closed
    msg: roadrunner response send failed
    phase: websocket_upgrade_response
=NOTICE REPORT==== 3-Sep-2026::12:30:01.691726 ===
    reason: closed
    msg: roadrunner response send failed
    phase: websocket_upgrade_response
=NOTICE REPORT==== 3-Sep-2026::12:30:01.691731 ===
    reason: closed
    msg: roadrunner response send failed
    phase: websocket_upgrade_response
=NOTICE REPORT==== 3-Sep-2026::12:30:01.691724 ===
    reason: closed
    msg: roadrunner response send failed
    phase: websocket_upgrade_response
=NOTICE REPORT==== 3-Sep-2026::12:30:01.691806 ===
    reason: closed
    msg: roadrunner response send failed
    phase: websocket_upgrade_response
=NOTICE REPORT==== 3-Sep-2026::12:30:01.691828 ===
    reason: closed
    msg: roadrunner response send failed
    phase: websocket_upgrade_response
=NOTICE REPORT==== 3-Sep-2026::12:30:01.691873 ===
    reason: closed
    msg: roadrunner response send failed
    phase: websocket_upgrade_response
=NOTICE REPORT==== 3-Sep-2026::12:30:01.691884 ===
    reason: closed
    msg: roadrunner response send failed
    phase: websocket_upgrade_response
=NOTICE REPORT==== 3-Sep-2026::12:30:01.691953 ===
    reason: closed
    msg: roadrunner response send failed
    phase: websocket_upgrade_response
=NOTICE REPORT==== 3-Sep-2026::12:30:01.692096 ===
    reason: closed
    msg: roadrunner response send failed
    phase: websocket_upgrade_response
=NOTICE REPORT==== 3-Sep-2026::12:30:01.692194 ===
    reason: closed
    msg: roadrunner response send failed
    phase: websocket_upgrade_response
=NOTICE REPORT==== 3-Sep-2026::12:30:01.692237 ===
    reason: closed
    msg: roadrunner response send failed
    phase: websocket_upgrade_response
=NOTICE REPORT==== 3-Sep-2026::12:30:01.692290 ===
    reason: closed
    msg: roadrunner response send failed
    phase: websocket_upgrade_response
=NOTICE REPORT==== 3-Sep-2026::12:30:01.692281 ===
    reason: closed
    msg: roadrunner response send failed
    phase: websocket_upgrade_response
=NOTICE REPORT==== 3-Sep-2026::12:30:01.692294 ===
    reason: closed
    msg: roadrunner response send failed
    phase: websocket_upgrade_response
=NOTICE REPORT==== 3-Sep-2026::12:30:01.692312 ===
    reason: closed
    msg: roadrunner response send failed
    phase: websocket_upgrade_response
=NOTICE REPORT==== 3-Sep-2026::12:30:01.692307 ===
    reason: closed
    msg: roadrunner response send failed
    phase: websocket_upgrade_response
=NOTICE REPORT==== 3-Sep-2026::12:30:01.692343 ===
    reason: closed
    msg: roadrunner response send failed
    phase: websocket_upgrade_response
=NOTICE REPORT==== 3-Sep-2026::12:30:01.692347 ===
    reason: closed
    msg: roadrunner response send failed
    phase: websocket_upgrade_response
=NOTICE REPORT==== 3-Sep-2026::12:30:01.692344 ===
    reason: closed
    msg: roadrunner response send failed
    phase: websocket_upgrade_response
=NOTICE REPORT==== 3-Sep-2026::12:30:01.692346 ===
    reason: closed
    msg: roadrunner response send failed
    phase: websocket_upgrade_response
=NOTICE REPORT==== 3-Sep-2026::12:30:01.692368 ===
    reason: closed
    msg: roadrunner response send failed
    phase: websocket_upgrade_response
=NOTICE REPORT==== 3-Sep-2026::12:30:01.692378 ===
    reason: closed
    msg: roadrunner response send failed
    phase: websocket_upgrade_response
=NOTICE REPORT==== 3-Sep-2026::12:30:01.692399 ===
    reason: closed
    msg: roadrunner response send failed
    phase: websocket_upgrade_response
=NOTICE REPORT==== 3-Sep-2026::12:30:01.692423 ===
    reason: closed
    msg: roadrunner response send failed
    phase: websocket_upgrade_response
=NOTICE REPORT==== 3-Sep-2026::12:30:01.692442 ===
    reason: closed
    msg: roadrunner response send failed
    phase: websocket_upgrade_response
=NOTICE REPORT==== 3-Sep-2026::12:30:01.692492 ===
    reason: closed
    msg: roadrunner response send failed
    phase: websocket_upgrade_response
=NOTICE REPORT==== 3-Sep-2026::12:30:01.692503 ===
    reason: closed
    msg: roadrunner response send failed
    phase: websocket_upgrade_response
=NOTICE REPORT==== 3-Sep-2026::12:30:01.692523 ===
    reason: closed
    msg: roadrunner response send failed
    phase: websocket_upgrade_response
=NOTICE REPORT==== 3-Sep-2026::12:30:01.692522 ===
    reason: closed
    msg: roadrunner response send failed
    phase: websocket_upgrade_response
=NOTICE REPORT==== 3-Sep-2026::12:30:01.692578 ===
    reason: closed
    msg: roadrunner response send failed
    phase: websocket_upgrade_response
=NOTICE REPORT==== 3-Sep-2026::12:30:01.692650 ===
    reason: closed
    msg: roadrunner response send failed
    phase: websocket_upgrade_response
=NOTICE REPORT==== 3-Sep-2026::12:30:01.692660 ===
    reason: closed
    msg: roadrunner response send failed
    phase: websocket_upgrade_response
=NOTICE REPORT==== 3-Sep-2026::12:30:01.692715 ===
    reason: closed
    msg: roadrunner response send failed
    phase: websocket_upgrade_response
=NOTICE REPORT==== 3-Sep-2026::12:30:01.692725 ===
    reason: closed
    msg: roadrunner response send failed
    phase: websocket_upgrade_response
=NOTICE REPORT==== 3-Sep-2026::12:30:01.692754 ===
    reason: closed
    msg: roadrunner response send failed
    phase: websocket_upgrade_response
=NOTICE REPORT==== 3-Sep-2026::12:30:01.692763 ===
    reason: closed
    msg: roadrunner response send failed
    phase: websocket_upgrade_response
=NOTICE REPORT==== 3-Sep-2026::12:30:01.692768 ===
    reason: closed
    msg: roadrunner response send failed
    phase: websocket_upgrade_response
=NOTICE REPORT==== 3-Sep-2026::12:30:01.692768 ===
    reason: closed
    msg: roadrunner response send failed
    phase: websocket_upgrade_response
=NOTICE REPORT==== 3-Sep-2026::12:30:01.692779 ===
    reason: closed
    msg: roadrunner response send failed
    phase: websocket_upgrade_response
=NOTICE REPORT==== 3-Sep-2026::12:30:01.692936 ===
    reason: closed
    msg: roadrunner response send failed
    phase: websocket_upgrade_response
=NOTICE REPORT==== 3-Sep-2026::12:30:01.692935 ===
    reason: closed
    msg: roadrunner response send failed
    phase: websocket_upgrade_response
=NOTICE REPORT==== 3-Sep-2026::12:30:01.692934 ===
    reason: closed
    msg: roadrunner response send failed
    phase: websocket_upgrade_response
=NOTICE REPORT==== 3-Sep-2026::12:30:01.692990 ===
    reason: closed
    msg: roadrunner response send failed
    phase: websocket_upgrade_response
=NOTICE REPORT==== 3-Sep-2026::12:30:01.692997 ===
    reason: closed
    msg: roadrunner response send failed
    phase: websocket_upgrade_response
=NOTICE REPORT==== 3-Sep-2026::12:30:01.693016 ===
    reason: closed
    msg: roadrunner response send failed
    phase: websocket_upgrade_response
=NOTICE REPORT==== 3-Sep-2026::12:30:01.693016 ===
    reason: closed
    msg: roadrunner response send failed
    phase: websocket_upgrade_response
=NOTICE REPORT==== 3-Sep-2026::12:30:01.693017 ===
    reason: closed
    msg: roadrunner response send failed
    phase: websocket_upgrade_response
=NOTICE REPORT==== 3-Sep-2026::12:30:01.693120 ===
    reason: closed
    msg: roadrunner response send failed
    phase: websocket_upgrade_response
=NOTICE REPORT==== 3-Sep-2026::12:30:01.693125 ===
    reason: closed
    msg: roadrunner response send failed
    phase: websocket_upgrade_response
=NOTICE REPORT==== 3-Sep-2026::12:30:01.693118 ===
    reason: closed
    msg: roadrunner response send failed
    phase: websocket_upgrade_response
=NOTICE REPORT==== 3-Sep-2026::12:30:01.693127 ===
    reason: closed
    msg: roadrunner response send failed
    phase: websocket_upgrade_response
=NOTICE REPORT==== 3-Sep-2026::12:30:01.693144 ===
    reason: closed
    msg: roadrunner response send failed
    phase: websocket_upgrade_response
=NOTICE REPORT==== 3-Sep-2026::12:30:01.693163 ===
    reason: closed
    msg: roadrunner response send failed
    phase: websocket_upgrade_response
=NOTICE REPORT==== 3-Sep-2026::12:30:01.693191 ===
    reason: closed
    msg: roadrunner response send failed
    phase: websocket_upgrade_response
=NOTICE REPORT==== 3-Sep-2026::12:30:01.693187 ===
    reason: closed
    msg: roadrunner response send failed
    phase: websocket_upgrade_response
=NOTICE REPORT==== 3-Sep-2026::12:30:01.693223 ===
    reason: closed
    msg: roadrunner response send failed
    phase: websocket_upgrade_response
=NOTICE REPORT==== 3-Sep-2026::12:30:01.693219 ===
    reason: closed
    msg: roadrunner response send failed
    phase: websocket_upgrade_response
=NOTICE REPORT==== 3-Sep-2026::12:30:01.693269 ===
    reason: closed
    msg: roadrunner response send failed
    phase: websocket_upgrade_response
=NOTICE REPORT==== 3-Sep-2026::12:30:01.693191 ===
    reason: closed
    msg: roadrunner response send failed
    phase: websocket_upgrade_response
=NOTICE REPORT==== 3-Sep-2026::12:30:01.693205 ===
    reason: closed
    msg: roadrunner response send failed
    phase: websocket_upgrade_response
=NOTICE REPORT==== 3-Sep-2026::12:30:01.693190 ===
    reason: closed
    msg: roadrunner response send failed
    phase: websocket_upgrade_response
=NOTICE REPORT==== 3-Sep-2026::12:30:01.693278 ===
    reason: closed
    msg: roadrunner response send failed
    phase: websocket_upgrade_response
=NOTICE REPORT==== 3-Sep-2026::12:30:01.693313 ===
    reason: closed
    msg: roadrunner response send failed
    phase: websocket_upgrade_response
=NOTICE REPORT==== 3-Sep-2026::12:30:01.693335 ===
    reason: closed
    msg: roadrunner response send failed
    phase: websocket_upgrade_response
=NOTICE REPORT==== 3-Sep-2026::12:30:01.693354 ===
    reason: closed
    msg: roadrunner response send failed
    phase: websocket_upgrade_response
=NOTICE REPORT==== 3-Sep-2026::12:30:01.693353 ===
    reason: closed
    msg: roadrunner response send failed
    phase: websocket_upgrade_response
=NOTICE REPORT==== 3-Sep-2026::12:30:01.693329 ===
    reason: closed
    msg: roadrunner response send failed
    phase: websocket_upgrade_response
=NOTICE REPORT==== 3-Sep-2026::12:30:01.693381 ===
    reason: closed
    msg: roadrunner response send failed
    phase: websocket_upgrade_response
=NOTICE REPORT==== 3-Sep-2026::12:30:01.693392 ===
    reason: closed
    msg: roadrunner response send failed
    phase: websocket_upgrade_response
=NOTICE REPORT==== 3-Sep-2026::12:30:01.693431 ===
    reason: closed
    msg: roadrunner response send failed
    phase: websocket_upgrade_response
=NOTICE REPORT==== 3-Sep-2026::12:30:01.693436 ===
    reason: closed
    msg: roadrunner response send failed
    phase: websocket_upgrade_response
=NOTICE REPORT==== 3-Sep-2026::12:30:01.693462 ===
    reason: closed
    msg: roadrunner response send failed
    phase: websocket_upgrade_response
=NOTICE REPORT==== 3-Sep-2026::12:30:01.693447 ===
    reason: closed
    msg: roadrunner response send failed
    phase: websocket_upgrade_response
=NOTICE REPORT==== 3-Sep-2026::12:30:01.693480 ===
    reason: closed
    msg: roadrunner response send failed
    phase: websocket_upgrade_response
=NOTICE REPORT==== 3-Sep-2026::12:30:01.693486 ===
    reason: closed
    msg: roadrunner response send failed
    phase: websocket_upgrade_response
=NOTICE REPORT==== 3-Sep-2026::12:30:01.693568 ===
    reason: closed
    msg: roadrunner response send failed
    phase: websocket_upgrade_response
=NOTICE REPORT==== 3-Sep-2026::12:30:01.693572 ===
    reason: closed
    msg: roadrunner response send failed
    phase: websocket_upgrade_response
=NOTICE REPORT==== 3-Sep-2026::12:30:01.693559 ===
    reason: closed
    msg: roadrunner response send failed
    phase: websocket_upgrade_response
=NOTICE REPORT==== 3-Sep-2026::12:30:01.693556 ===
    reason: closed
    msg: roadrunner response send failed
    phase: websocket_upgrade_response
=NOTICE REPORT==== 3-Sep-2026::12:30:01.693587 ===
    reason: closed
    msg: roadrunner response send failed
    phase: websocket_upgrade_response
=NOTICE REPORT==== 3-Sep-2026::12:30:01.693671 ===
    reason: closed
    msg: roadrunner response send failed
    phase: websocket_upgrade_response
=NOTICE REPORT==== 3-Sep-2026::12:30:01.693598 ===
    reason: closed
    msg: roadrunner response send failed
    phase: websocket_upgrade_response
=NOTICE REPORT==== 3-Sep-2026::12:30:01.693580 ===
    reason: closed
    msg: roadrunner response send failed
    phase: websocket_upgrade_response
=NOTICE REPORT==== 3-Sep-2026::12:30:01.693760 ===
    reason: closed
    msg: roadrunner response send failed
    phase: websocket_upgrade_response
=NOTICE REPORT==== 3-Sep-2026::12:30:01.693793 ===
    reason: closed
    msg: roadrunner response send failed
    phase: websocket_upgrade_response
=NOTICE REPORT==== 3-Sep-2026::12:30:01.693818 ===
    reason: closed
    msg: roadrunner response send failed
    phase: websocket_upgrade_response
=NOTICE REPORT==== 3-Sep-2026::12:30:01.693834 ===
    reason: closed
    msg: roadrunner response send failed
    phase: websocket_upgrade_response
=NOTICE REPORT==== 3-Sep-2026::12:30:01.693908 ===
    reason: closed
    msg: roadrunner response send failed
    phase: websocket_upgrade_response
=NOTICE REPORT==== 3-Sep-2026::12:30:01.693944 ===
    reason: closed
    msg: roadrunner response send failed
    phase: websocket_upgrade_response
=NOTICE REPORT==== 3-Sep-2026::12:30:01.693969 ===
    reason: closed
    msg: roadrunner response send failed
    phase: websocket_upgrade_response
=NOTICE REPORT==== 3-Sep-2026::12:30:01.693988 ===
    reason: closed
    msg: roadrunner response send failed
    phase: websocket_upgrade_response
=NOTICE REPORT==== 3-Sep-2026::12:30:01.693982 ===
    reason: closed
    msg: roadrunner response send failed
    phase: websocket_upgrade_response
=NOTICE REPORT==== 3-Sep-2026::12:30:01.693999 ===
    reason: closed
    msg: roadrunner response send failed
    phase: websocket_upgrade_response
=NOTICE REPORT==== 3-Sep-2026::12:30:01.694029 ===
    reason: closed
    msg: roadrunner response send failed
    phase: websocket_upgrade_response
=NOTICE REPORT==== 3-Sep-2026::12:30:01.694018 ===
    reason: closed
    msg: roadrunner response send failed
    phase: websocket_upgrade_response
=NOTICE REPORT==== 3-Sep-2026::12:30:01.694099 ===
    reason: closed
    msg: roadrunner response send failed
    phase: websocket_upgrade_response
=NOTICE REPORT==== 3-Sep-2026::12:30:01.694106 ===
    reason: closed
    msg: roadrunner response send failed
    phase: websocket_upgrade_response
=NOTICE REPORT==== 3-Sep-2026::12:30:01.694131 ===
    reason: closed
    msg: roadrunner response send failed
    phase: websocket_upgrade_response
=NOTICE REPORT==== 3-Sep-2026::12:30:01.694124 ===
    reason: closed
    msg: roadrunner response send failed
    phase: websocket_upgrade_response
=NOTICE REPORT==== 3-Sep-2026::12:30:01.694197 ===
    reason: closed
    msg: roadrunner response send failed
    phase: websocket_upgrade_response
=NOTICE REPORT==== 3-Sep-2026::12:30:01.694223 ===
    reason: closed
    msg: roadrunner response send failed
    phase: websocket_upgrade_response
=NOTICE REPORT==== 3-Sep-2026::12:30:01.694239 ===
    reason: closed
    msg: roadrunner response send failed
    phase: websocket_upgrade_response
=NOTICE REPORT==== 3-Sep-2026::12:30:01.694240 ===
    reason: closed
    msg: roadrunner response send failed
    phase: websocket_upgrade_response
=NOTICE REPORT==== 3-Sep-2026::12:30:01.694271 ===
    reason: closed
    msg: roadrunner response send failed
    phase: websocket_upgrade_response
=NOTICE REPORT==== 3-Sep-2026::12:30:01.694289 ===
    reason: closed
    msg: roadrunner response send failed
    phase: websocket_upgrade_response
=NOTICE REPORT==== 3-Sep-2026::12:30:01.694332 ===
    reason: closed
    msg: roadrunner response send failed
    phase: websocket_upgrade_response
=NOTICE REPORT==== 3-Sep-2026::12:30:01.694345 ===
    reason: closed
    msg: roadrunner response send failed
    phase: websocket_upgrade_response
=NOTICE REPORT==== 3-Sep-2026::12:30:01.694372 ===
    reason: closed
    msg: roadrunner response send failed
    phase: websocket_upgrade_response
=NOTICE REPORT==== 3-Sep-2026::12:30:01.694385 ===
    reason: closed
    msg: roadrunner response send failed
    phase: websocket_upgrade_response
=NOTICE REPORT==== 3-Sep-2026::12:30:01.694408 ===
    reason: closed
    msg: roadrunner response send failed
    phase: websocket_upgrade_response
=NOTICE REPORT==== 3-Sep-2026::12:30:01.694407 ===
    reason: closed
    msg: roadrunner response send failed
    phase: websocket_upgrade_response
=NOTICE REPORT==== 3-Sep-2026::12:30:01.694534 ===
    reason: closed
    msg: roadrunner response send failed
    phase: websocket_upgrade_response
=NOTICE REPORT==== 3-Sep-2026::12:30:01.694728 ===
    reason: closed
    msg: roadrunner response send failed
    phase: websocket_upgrade_response
=NOTICE REPORT==== 3-Sep-2026::12:30:01.694829 ===
    reason: closed
    msg: roadrunner response send failed
    phase: websocket_upgrade_response
=NOTICE REPORT==== 3-Sep-2026::12:30:01.694823 ===
    reason: closed
    msg: roadrunner response send failed
    phase: websocket_upgrade_response
=NOTICE REPORT==== 3-Sep-2026::12:30:01.694826 ===
    reason: closed
    msg: roadrunner response send failed
    phase: websocket_upgrade_response
=NOTICE REPORT==== 3-Sep-2026::12:30:01.694836 ===
    reason: closed
    msg: roadrunner response send failed
    phase: websocket_upgrade_response
=NOTICE REPORT==== 3-Sep-2026::12:30:01.694877 ===
    reason: closed
    msg: roadrunner response send failed
    phase: websocket_upgrade_response
=NOTICE REPORT==== 3-Sep-2026::12:30:01.694897 ===
    reason: closed
    msg: roadrunner response send failed
    phase: websocket_upgrade_response
=NOTICE REPORT==== 3-Sep-2026::12:30:01.694951 ===
    reason: closed
    msg: roadrunner response send failed
    phase: websocket_upgrade_response
=NOTICE REPORT==== 3-Sep-2026::12:30:01.694960 ===
    reason: closed
    msg: roadrunner response send failed
    phase: websocket_upgrade_response
=NOTICE REPORT==== 3-Sep-2026::12:30:01.694965 ===
    reason: closed
    msg: roadrunner response send failed
    phase: websocket_upgrade_response
=NOTICE REPORT==== 3-Sep-2026::12:30:01.694992 ===
    reason: closed
    msg: roadrunner response send failed
    phase: websocket_upgrade_response
=NOTICE REPORT==== 3-Sep-2026::12:30:01.694989 ===
    reason: closed
    msg: roadrunner response send failed
    phase: websocket_upgrade_response
=NOTICE REPORT==== 3-Sep-2026::12:30:01.695021 ===
    reason: closed
    msg: roadrunner response send failed
    phase: websocket_upgrade_response
=NOTICE REPORT==== 3-Sep-2026::12:30:01.695036 ===
    reason: closed
    msg: roadrunner response send failed
    phase: websocket_upgrade_response
=NOTICE REPORT==== 3-Sep-2026::12:30:01.695036 ===
    reason: closed
    msg: roadrunner response send failed
    phase: websocket_upgrade_response
=NOTICE REPORT==== 3-Sep-2026::12:30:01.695050 ===
    reason: closed
    msg: roadrunner response send failed
    phase: websocket_upgrade_response
=NOTICE REPORT==== 3-Sep-2026::12:30:01.695094 ===
    reason: closed
    msg: roadrunner response send failed
    phase: websocket_upgrade_response
=NOTICE REPORT==== 3-Sep-2026::12:30:01.695092 ===
    reason: closed
    msg: roadrunner response send failed
    phase: websocket_upgrade_response
=NOTICE REPORT==== 3-Sep-2026::12:30:01.695126 ===
    reason: closed
    msg: roadrunner response send failed
    phase: websocket_upgrade_response
=NOTICE REPORT==== 3-Sep-2026::12:30:01.695167 ===
    reason: closed
    msg: roadrunner response send failed
    phase: websocket_upgrade_response
=NOTICE REPORT==== 3-Sep-2026::12:30:01.695187 ===
    reason: closed
    msg: roadrunner response send failed
    phase: websocket_upgrade_response
=NOTICE REPORT==== 3-Sep-2026::12:30:01.695200 ===
    reason: closed
    msg: roadrunner response send failed
    phase: websocket_upgrade_response
=NOTICE REPORT==== 3-Sep-2026::12:30:01.695204 ===
    reason: closed
    msg: roadrunner response send failed
    phase: websocket_upgrade_response
=NOTICE REPORT==== 3-Sep-2026::12:30:01.695235 ===
    reason: closed
    msg: roadrunner response send failed
    phase: websocket_upgrade_response
=NOTICE REPORT==== 3-Sep-2026::12:30:01.695225 ===
    reason: closed
    msg: roadrunner response send failed
    phase: websocket_upgrade_response
=NOTICE REPORT==== 3-Sep-2026::12:30:01.695244 ===
    reason: closed
    msg: roadrunner response send failed
    phase: websocket_upgrade_response
=NOTICE REPORT==== 3-Sep-2026::12:30:01.695248 ===
    reason: closed
    msg: roadrunner response send failed
    phase: websocket_upgrade_response
=NOTICE REPORT==== 3-Sep-2026::12:30:01.695307 ===
    reason: closed
    msg: roadrunner response send failed
    phase: websocket_upgrade_response
=NOTICE REPORT==== 3-Sep-2026::12:30:01.695408 ===
    reason: closed
    msg: roadrunner response send failed
    phase: websocket_upgrade_response
=NOTICE REPORT==== 3-Sep-2026::12:30:01.695438 ===
    reason: closed
    msg: roadrunner response send failed
    phase: websocket_upgrade_response
=NOTICE REPORT==== 3-Sep-2026::12:30:01.695423 ===
    reason: closed
    msg: roadrunner response send failed
    phase: websocket_upgrade_response
=NOTICE REPORT==== 3-Sep-2026::12:30:01.695436 ===
    reason: closed
    msg: roadrunner response send failed
    phase: websocket_upgrade_response
=NOTICE REPORT==== 3-Sep-2026::12:30:01.695546 ===
    reason: closed
    msg: roadrunner response send failed
    phase: websocket_upgrade_response
=NOTICE REPORT==== 3-Sep-2026::12:30:01.695614 ===
    reason: closed
    msg: roadrunner response send failed
    phase: websocket_upgrade_response
=NOTICE REPORT==== 3-Sep-2026::12:30:01.695651 ===
    reason: closed
    msg: roadrunner response send failed
    phase: websocket_upgrade_response
=NOTICE REPORT==== 3-Sep-2026::12:30:01.695733 ===
    reason: closed
    msg: roadrunner response send failed
    phase: websocket_upgrade_response
=NOTICE REPORT==== 3-Sep-2026::12:30:01.695919 ===
    reason: closed
    msg: roadrunner response send failed
    phase: websocket_upgrade_response
=NOTICE REPORT==== 3-Sep-2026::12:30:01.695924 ===
    reason: closed
    msg: roadrunner response send failed
    phase: websocket_upgrade_response
=NOTICE REPORT==== 3-Sep-2026::12:30:01.695913 ===
    reason: closed
    msg: roadrunner response send failed
    phase: websocket_upgrade_response
=NOTICE REPORT==== 3-Sep-2026::12:30:01.695972 ===
    reason: closed
    msg: roadrunner response send failed
    phase: websocket_upgrade_response
=NOTICE REPORT==== 3-Sep-2026::12:30:01.695985 ===
    reason: closed
    msg: roadrunner response send failed
    phase: websocket_upgrade_response
=NOTICE REPORT==== 3-Sep-2026::12:30:01.695996 ===
    reason: closed
    msg: roadrunner response send failed
    phase: websocket_upgrade_response
=NOTICE REPORT==== 3-Sep-2026::12:30:01.696006 ===
    reason: closed
    msg: roadrunner response send failed
    phase: websocket_upgrade_response
=NOTICE REPORT==== 3-Sep-2026::12:30:01.696030 ===
    reason: closed
    msg: roadrunner response send failed
    phase: websocket_upgrade_response
=NOTICE REPORT==== 3-Sep-2026::12:30:01.696064 ===
    reason: closed
    msg: roadrunner response send failed
    phase: websocket_upgrade_response
=NOTICE REPORT==== 3-Sep-2026::12:30:01.696078 ===
    reason: closed
    msg: roadrunner response send failed
    phase: websocket_upgrade_response
=NOTICE REPORT==== 3-Sep-2026::12:30:01.696184 ===
    reason: closed
    msg: roadrunner response send failed
    phase: websocket_upgrade_response
=NOTICE REPORT==== 3-Sep-2026::12:30:01.696235 ===
    reason: closed
    msg: roadrunner response send failed
    phase: websocket_upgrade_response
=NOTICE REPORT==== 3-Sep-2026::12:30:01.696262 ===
    reason: closed
    msg: roadrunner response send failed
    phase: websocket_upgrade_response
=NOTICE REPORT==== 3-Sep-2026::12:30:01.696271 ===
    reason: closed
    msg: roadrunner response send failed
    phase: websocket_upgrade_response
=NOTICE REPORT==== 3-Sep-2026::12:30:01.696283 ===
    reason: closed
    msg: roadrunner response send failed
    phase: websocket_upgrade_response
=NOTICE REPORT==== 3-Sep-2026::12:30:01.696324 ===
    reason: closed
    msg: roadrunner response send failed
    phase: websocket_upgrade_response
=NOTICE REPORT==== 3-Sep-2026::12:30:01.696395 ===
    reason: closed
    msg: roadrunner response send failed
    phase: websocket_upgrade_response
=NOTICE REPORT==== 3-Sep-2026::12:30:01.696395 ===
    reason: closed
    msg: roadrunner response send failed
    phase: websocket_upgrade_response
=NOTICE REPORT==== 3-Sep-2026::12:30:01.696364 ===
    reason: closed
    msg: roadrunner response send failed
    phase: websocket_upgrade_response
=NOTICE REPORT==== 3-Sep-2026::12:30:01.696438 ===
    reason: closed
    msg: roadrunner response send failed
    phase: websocket_upgrade_response
=NOTICE REPORT==== 3-Sep-2026::12:30:01.696461 ===
    reason: closed
    msg: roadrunner response send failed
    phase: websocket_upgrade_response
=NOTICE REPORT==== 3-Sep-2026::12:30:01.696472 ===
    reason: closed
    msg: roadrunner response send failed
    phase: websocket_upgrade_response
=NOTICE REPORT==== 3-Sep-2026::12:30:01.696528 ===
    reason: closed
    msg: roadrunner response send failed
    phase: websocket_upgrade_response
=NOTICE REPORT==== 3-Sep-2026::12:30:01.696555 ===
    reason: closed
    msg: roadrunner response send failed
    phase: websocket_upgrade_response
=NOTICE REPORT==== 3-Sep-2026::12:30:01.696610 ===
    reason: closed
    msg: roadrunner response send failed
    phase: websocket_upgrade_response
=NOTICE REPORT==== 3-Sep-2026::12:30:01.696673 ===
    reason: closed
    msg: roadrunner response send failed
    phase: websocket_upgrade_response
=NOTICE REPORT==== 3-Sep-2026::12:30:01.696709 ===
    reason: closed
    msg: roadrunner response send failed
    phase: websocket_upgrade_response
=NOTICE REPORT==== 3-Sep-2026::12:30:01.696737 ===
    reason: closed
    msg: roadrunner response send failed
    phase: websocket_upgrade_response
=NOTICE REPORT==== 3-Sep-2026::12:30:01.696795 ===
    reason: closed
    msg: roadrunner response send failed
    phase: websocket_upgrade_response
=NOTICE REPORT==== 3-Sep-2026::12:30:01.696790 ===
    reason: closed
    msg: roadrunner response send failed
    phase: websocket_upgrade_response
=NOTICE REPORT==== 3-Sep-2026::12:30:01.697355 ===
    reason: closed
    msg: roadrunner response send failed
    phase: websocket_upgrade_response
=NOTICE REPORT==== 3-Sep-2026::12:30:01.697375 ===
    reason: closed
    msg: roadrunner response send failed
    phase: websocket_upgrade_response
=NOTICE REPORT==== 3-Sep-2026::12:30:01.697440 ===
    reason: closed
    msg: roadrunner response send failed
    phase: websocket_upgrade_response
=NOTICE REPORT==== 3-Sep-2026::12:30:01.697474 ===
    reason: closed
    msg: roadrunner response send failed
    phase: websocket_upgrade_response
=NOTICE REPORT==== 3-Sep-2026::12:30:01.697473 ===
    reason: closed
    msg: roadrunner response send failed
    phase: websocket_upgrade_response
=NOTICE REPORT==== 3-Sep-2026::12:30:01.697509 ===
    reason: closed
    msg: roadrunner response send failed
    phase: websocket_upgrade_response
=NOTICE REPORT==== 3-Sep-2026::12:30:01.697585 ===
    reason: closed
    msg: roadrunner response send failed
    phase: websocket_upgrade_response
=NOTICE REPORT==== 3-Sep-2026::12:30:01.697586 ===
    reason: closed
    msg: roadrunner response send failed
    phase: websocket_upgrade_response
=NOTICE REPORT==== 3-Sep-2026::12:30:01.697695 ===
    reason: closed
    msg: roadrunner response send failed
    phase: websocket_upgrade_response
=NOTICE REPORT==== 3-Sep-2026::12:30:01.697719 ===
    reason: closed
    msg: roadrunner response send failed
    phase: websocket_upgrade_response
=NOTICE REPORT==== 3-Sep-2026::12:30:01.697746 ===
    reason: closed
    msg: roadrunner response send failed
    phase: websocket_upgrade_response
=NOTICE REPORT==== 3-Sep-2026::12:30:01.697744 ===
    reason: closed
    msg: roadrunner response send failed
    phase: websocket_upgrade_response
=NOTICE REPORT==== 3-Sep-2026::12:30:01.697779 ===
    reason: closed
    msg: roadrunner response send failed
    phase: websocket_upgrade_response
=NOTICE REPORT==== 3-Sep-2026::12:30:01.697775 ===
    reason: closed
    msg: roadrunner response send failed
    phase: websocket_upgrade_response
=NOTICE REPORT==== 3-Sep-2026::12:30:01.697828 ===
    reason: closed
    msg: roadrunner response send failed
    phase: websocket_upgrade_response
=NOTICE REPORT==== 3-Sep-2026::12:30:01.697788 ===
    reason: closed
    msg: roadrunner response send failed
    phase: websocket_upgrade_response
=NOTICE REPORT==== 3-Sep-2026::12:30:01.697964 ===
    reason: closed
    msg: roadrunner response send failed
    phase: websocket_upgrade_response
=NOTICE REPORT==== 3-Sep-2026::12:30:01.697975 ===
    reason: closed
    msg: roadrunner response send failed
    phase: websocket_upgrade_response
=NOTICE REPORT==== 3-Sep-2026::12:30:01.698006 ===
    reason: closed
    msg: roadrunner response send failed
    phase: websocket_upgrade_response
=NOTICE REPORT==== 3-Sep-2026::12:30:01.698025 ===
    reason: closed
    msg: roadrunner response send failed
    phase: websocket_upgrade_response
=NOTICE REPORT==== 3-Sep-2026::12:30:01.698060 ===
    reason: closed
    msg: roadrunner response send failed
    phase: websocket_upgrade_response
=NOTICE REPORT==== 3-Sep-2026::12:30:01.698138 ===
    reason: closed
    msg: roadrunner response send failed
    phase: websocket_upgrade_response
=NOTICE REPORT==== 3-Sep-2026::12:30:01.698144 ===
    reason: closed
    msg: roadrunner response send failed
    phase: websocket_upgrade_response
=NOTICE REPORT==== 3-Sep-2026::12:30:01.698158 ===
    reason: closed
    msg: roadrunner response send failed
    phase: websocket_upgrade_response
=NOTICE REPORT==== 3-Sep-2026::12:30:01.698178 ===
    reason: closed
    msg: roadrunner response send failed
    phase: websocket_upgrade_response
=NOTICE REPORT==== 3-Sep-2026::12:30:01.698198 ===
    reason: closed
    msg: roadrunner response send failed
    phase: websocket_upgrade_response
=NOTICE REPORT==== 3-Sep-2026::12:30:01.698187 ===
    reason: closed
    msg: roadrunner response send failed
    phase: websocket_upgrade_response
=NOTICE REPORT==== 3-Sep-2026::12:30:01.698211 ===
    reason: closed
    msg: roadrunner response send failed
    phase: websocket_upgrade_response
=NOTICE REPORT==== 3-Sep-2026::12:30:01.698228 ===
    reason: closed
    msg: roadrunner response send failed
    phase: websocket_upgrade_response
=NOTICE REPORT==== 3-Sep-2026::12:30:01.698237 ===
    reason: closed
    msg: roadrunner response send failed
    phase: websocket_upgrade_response
=NOTICE REPORT==== 3-Sep-2026::12:30:01.698231 ===
    reason: closed
    msg: roadrunner response send failed
    phase: websocket_upgrade_response
=NOTICE REPORT==== 3-Sep-2026::12:30:01.698261 ===
    reason: closed
    msg: roadrunner response send failed
    phase: websocket_upgrade_response
=NOTICE REPORT==== 3-Sep-2026::12:30:01.698268 ===
    reason: closed
    msg: roadrunner response send failed
    phase: websocket_upgrade_response
=NOTICE REPORT==== 3-Sep-2026::12:30:01.698284 ===
    reason: closed
    msg: roadrunner response send failed
    phase: websocket_upgrade_response
=NOTICE REPORT==== 3-Sep-2026::12:30:01.698318 ===
    reason: closed
    msg: roadrunner response send failed
    phase: websocket_upgrade_response
=NOTICE REPORT==== 3-Sep-2026::12:30:01.698400 ===
    reason: closed
    msg: roadrunner response send failed
    phase: websocket_upgrade_response
=NOTICE REPORT==== 3-Sep-2026::12:30:01.698399 ===
    reason: closed
    msg: roadrunner response send failed
    phase: websocket_upgrade_response
=NOTICE REPORT==== 3-Sep-2026::12:30:01.698481 ===
    reason: closed
    msg: roadrunner response send failed
    phase: websocket_upgrade_response
=NOTICE REPORT==== 3-Sep-2026::12:30:01.698509 ===
    reason: closed
    msg: roadrunner response send failed
    phase: websocket_upgrade_response
=NOTICE REPORT==== 3-Sep-2026::12:30:01.698534 ===
    reason: closed
    msg: roadrunner response send failed
    phase: websocket_upgrade_response
=NOTICE REPORT==== 3-Sep-2026::12:30:01.698747 ===
    reason: closed
    msg: roadrunner response send failed
    phase: websocket_upgrade_response
=NOTICE REPORT==== 3-Sep-2026::12:30:01.698907 ===
    reason: closed
    msg: roadrunner response send failed
    phase: websocket_upgrade_response
=NOTICE REPORT==== 3-Sep-2026::12:30:01.698915 ===
    reason: closed
    msg: roadrunner response send failed
    phase: websocket_upgrade_response
=NOTICE REPORT==== 3-Sep-2026::12:30:01.698923 ===
    reason: closed
    msg: roadrunner response send failed
    phase: websocket_upgrade_response
=NOTICE REPORT==== 3-Sep-2026::12:30:01.698960 ===
    reason: closed
    msg: roadrunner response send failed
    phase: websocket_upgrade_response
=NOTICE REPORT==== 3-Sep-2026::12:30:01.699041 ===
    reason: closed
    msg: roadrunner response send failed
    phase: websocket_upgrade_response
=NOTICE REPORT==== 3-Sep-2026::12:30:01.699084 ===
    reason: closed
    msg: roadrunner response send failed
    phase: websocket_upgrade_response
=NOTICE REPORT==== 3-Sep-2026::12:30:01.699092 ===
    reason: closed
    msg: roadrunner response send failed
    phase: websocket_upgrade_response
=NOTICE REPORT==== 3-Sep-2026::12:30:01.699124 ===
    reason: closed
    msg: roadrunner response send failed
    phase: websocket_upgrade_response
=NOTICE REPORT==== 3-Sep-2026::12:30:01.699135 ===
    reason: closed
    msg: roadrunner response send failed
    phase: websocket_upgrade_response
=NOTICE REPORT==== 3-Sep-2026::12:30:01.699220 ===
    reason: closed
    msg: roadrunner response send failed
    phase: websocket_upgrade_response
=NOTICE REPORT==== 3-Sep-2026::12:30:01.699249 ===
    reason: closed
    msg: roadrunner response send failed
    phase: websocket_upgrade_response
=NOTICE REPORT==== 3-Sep-2026::12:30:01.699255 ===
    reason: closed
    msg: roadrunner response send failed
    phase: websocket_upgrade_response
=NOTICE REPORT==== 3-Sep-2026::12:30:01.699289 ===
    reason: closed
    msg: roadrunner response send failed
    phase: websocket_upgrade_response
=NOTICE REPORT==== 3-Sep-2026::12:30:01.699418 ===
    reason: closed
    msg: roadrunner response send failed
    phase: websocket_upgrade_response
=NOTICE REPORT==== 3-Sep-2026::12:30:01.699450 ===
    reason: closed
    msg: roadrunner response send failed
    phase: websocket_upgrade_response
=NOTICE REPORT==== 3-Sep-2026::12:30:01.699442 ===
    reason: closed
    msg: roadrunner response send failed
    phase: websocket_upgrade_response
=NOTICE REPORT==== 3-Sep-2026::12:30:01.699504 ===
    reason: closed
    msg: roadrunner response send failed
    phase: websocket_upgrade_response
=NOTICE REPORT==== 3-Sep-2026::12:30:01.699458 ===
    reason: closed
    msg: roadrunner response send failed
    phase: websocket_upgrade_response
=NOTICE REPORT==== 3-Sep-2026::12:30:01.699528 ===
    reason: closed
    msg: roadrunner response send failed
    phase: websocket_upgrade_response
=NOTICE REPORT==== 3-Sep-2026::12:30:01.699572 ===
    reason: closed
    msg: roadrunner response send failed
    phase: websocket_upgrade_response
=NOTICE REPORT==== 3-Sep-2026::12:30:01.699583 ===
    reason: closed
    msg: roadrunner response send failed
    phase: websocket_upgrade_response
=NOTICE REPORT==== 3-Sep-2026::12:30:01.699600 ===
    reason: closed
    msg: roadrunner response send failed
    phase: websocket_upgrade_response
=NOTICE REPORT==== 3-Sep-2026::12:30:01.699596 ===
    reason: closed
    msg: roadrunner response send failed
    phase: websocket_upgrade_response
=NOTICE REPORT==== 3-Sep-2026::12:30:01.700109 ===
    reason: closed
    msg: roadrunner response send failed
    phase: websocket_upgrade_response
=NOTICE REPORT==== 3-Sep-2026::12:30:01.700223 ===
    reason: closed
    msg: roadrunner response send failed
    phase: websocket_upgrade_response
=NOTICE REPORT==== 3-Sep-2026::12:30:01.700231 ===
    reason: closed
    msg: roadrunner response send failed
    phase: websocket_upgrade_response
=NOTICE REPORT==== 3-Sep-2026::12:30:01.700239 ===
    reason: closed
    msg: roadrunner response send failed
    phase: websocket_upgrade_response
=NOTICE REPORT==== 3-Sep-2026::12:30:01.700279 ===
    reason: closed
    msg: roadrunner response send failed
    phase: websocket_upgrade_response
=NOTICE REPORT==== 3-Sep-2026::12:30:01.700327 ===
    reason: closed
    msg: roadrunner response send failed
    phase: websocket_upgrade_response
=NOTICE REPORT==== 3-Sep-2026::12:30:01.700355 ===
    reason: closed
    msg: roadrunner response send failed
    phase: websocket_upgrade_response
=NOTICE REPORT==== 3-Sep-2026::12:30:01.700356 ===
    reason: closed
    msg: roadrunner response send failed
    phase: websocket_upgrade_response
=NOTICE REPORT==== 3-Sep-2026::12:30:01.700407 ===
    reason: closed
    msg: roadrunner response send failed
    phase: websocket_upgrade_response
=NOTICE REPORT==== 3-Sep-2026::12:30:01.700514 ===
    reason: closed
    msg: roadrunner response send failed
    phase: websocket_upgrade_response
=NOTICE REPORT==== 3-Sep-2026::12:30:01.700542 ===
    reason: closed
    msg: roadrunner response send failed
    phase: websocket_upgrade_response
=NOTICE REPORT==== 3-Sep-2026::12:30:01.700593 ===
    reason: closed
    msg: roadrunner response send failed
    phase: websocket_upgrade_response
=NOTICE REPORT==== 3-Sep-2026::12:30:01.700612 ===
    reason: closed
    msg: roadrunner response send failed
    phase: websocket_upgrade_response
=NOTICE REPORT==== 3-Sep-2026::12:30:01.700643 ===
    reason: closed
    msg: roadrunner response send failed
    phase: websocket_upgrade_response
=NOTICE REPORT==== 3-Sep-2026::12:30:01.700683 ===
    reason: closed
    msg: roadrunner response send failed
    phase: websocket_upgrade_response
=NOTICE REPORT==== 3-Sep-2026::12:30:01.700723 ===
    reason: closed
    msg: roadrunner response send failed
    phase: websocket_upgrade_response
=NOTICE REPORT==== 3-Sep-2026::12:30:01.700811 ===
    reason: closed
    msg: roadrunner response send failed
    phase: websocket_upgrade_response
=NOTICE REPORT==== 3-Sep-2026::12:30:01.700830 ===
    reason: closed
    msg: roadrunner response send failed
    phase: websocket_upgrade_response
=NOTICE REPORT==== 3-Sep-2026::12:30:01.700930 ===
    reason: closed
    msg: roadrunner response send failed
    phase: websocket_upgrade_response
=NOTICE REPORT==== 3-Sep-2026::12:30:01.701029 ===
    reason: closed
    msg: roadrunner response send failed
    phase: websocket_upgrade_response
=NOTICE REPORT==== 3-Sep-2026::12:30:01.701119 ===
    reason: closed
    msg: roadrunner response send failed
    phase: websocket_upgrade_response
=NOTICE REPORT==== 3-Sep-2026::12:30:01.701295 ===
    reason: closed
    msg: roadrunner response send failed
    phase: websocket_upgrade_response
=NOTICE REPORT==== 3-Sep-2026::12:30:01.701325 ===
    reason: closed
    msg: roadrunner response send failed
    phase: websocket_upgrade_response
=NOTICE REPORT==== 3-Sep-2026::12:30:01.701340 ===
    reason: closed
    msg: roadrunner response send failed
    phase: websocket_upgrade_response
=NOTICE REPORT==== 3-Sep-2026::12:30:01.701398 ===
    reason: closed
    msg: roadrunner response send failed
    phase: websocket_upgrade_response
=NOTICE REPORT==== 3-Sep-2026::12:30:01.701392 ===
    reason: closed
    msg: roadrunner response send failed
    phase: websocket_upgrade_response
=NOTICE REPORT==== 3-Sep-2026::12:30:01.701441 ===
    reason: closed
    msg: roadrunner response send failed
    phase: websocket_upgrade_response
=NOTICE REPORT==== 3-Sep-2026::12:30:01.701466 ===
    reason: closed
    msg: roadrunner response send failed
    phase: websocket_upgrade_response
=NOTICE REPORT==== 3-Sep-2026::12:30:01.701386 ===
    reason: closed
    msg: roadrunner response send failed
    phase: websocket_upgrade_response
=NOTICE REPORT==== 3-Sep-2026::12:30:01.701513 ===
    reason: closed
    msg: roadrunner response send failed
    phase: websocket_upgrade_response
=NOTICE REPORT==== 3-Sep-2026::12:30:01.701503 ===
    reason: closed
    msg: roadrunner response send failed
    phase: websocket_upgrade_response
=NOTICE REPORT==== 3-Sep-2026::12:30:01.701508 ===
    reason: closed
    msg: roadrunner response send failed
    phase: websocket_upgrade_response
=NOTICE REPORT==== 3-Sep-2026::12:30:01.701587 ===
    reason: closed
    msg: roadrunner response send failed
    phase: websocket_upgrade_response
=NOTICE REPORT==== 3-Sep-2026::12:30:01.701610 ===
    reason: closed
    msg: roadrunner response send failed
    phase: websocket_upgrade_response
=NOTICE REPORT==== 3-Sep-2026::12:30:01.701649 ===
    reason: closed
    msg: roadrunner response send failed
    phase: websocket_upgrade_response
=NOTICE REPORT==== 3-Sep-2026::12:30:01.701690 ===
    reason: closed
    msg: roadrunner response send failed
    phase: websocket_upgrade_response
=NOTICE REPORT==== 3-Sep-2026::12:30:01.701747 ===
    reason: closed
    msg: roadrunner response send failed
    phase: websocket_upgrade_response
=NOTICE REPORT==== 3-Sep-2026::12:30:01.701781 ===
    reason: closed
    msg: roadrunner response send failed
    phase: websocket_upgrade_response
=NOTICE REPORT==== 3-Sep-2026::12:30:01.701771 ===
    reason: closed
    msg: roadrunner response send failed
    phase: websocket_upgrade_response
=NOTICE REPORT==== 3-Sep-2026::12:30:01.701787 ===
    reason: closed
    msg: roadrunner response send failed
    phase: websocket_upgrade_response
=NOTICE REPORT==== 3-Sep-2026::12:30:01.702573 ===
    reason: closed
    msg: roadrunner response send failed
    phase: websocket_upgrade_response
=NOTICE REPORT==== 3-Sep-2026::12:30:01.702685 ===
    reason: closed
    msg: roadrunner response send failed
    phase: websocket_upgrade_response
=NOTICE REPORT==== 3-Sep-2026::12:30:01.702892 ===
    reason: closed
    msg: roadrunner response send failed
    phase: websocket_upgrade_response
=NOTICE REPORT==== 3-Sep-2026::12:30:01.702898 ===
    reason: closed
    msg: roadrunner response send failed
    phase: websocket_upgrade_response
=NOTICE REPORT==== 3-Sep-2026::12:30:01.702995 ===
    reason: closed
    msg: roadrunner response send failed
    phase: websocket_upgrade_response
=NOTICE REPORT==== 3-Sep-2026::12:30:01.703020 ===
    reason: closed
    msg: roadrunner response send failed
    phase: websocket_upgrade_response
=NOTICE REPORT==== 3-Sep-2026::12:30:01.703024 ===
    reason: closed
    msg: roadrunner response send failed
    phase: websocket_upgrade_response
=NOTICE REPORT==== 3-Sep-2026::12:30:01.703036 ===
    reason: closed
    msg: roadrunner response send failed
    phase: websocket_upgrade_response
=NOTICE REPORT==== 3-Sep-2026::12:30:01.703128 ===
    reason: closed
    msg: roadrunner response send failed
    phase: websocket_upgrade_response
=NOTICE REPORT==== 3-Sep-2026::12:30:01.703111 ===
    reason: closed
    msg: roadrunner response send failed
    phase: websocket_upgrade_response
=NOTICE REPORT==== 3-Sep-2026::12:30:01.703194 ===
    reason: closed
    msg: roadrunner response send failed
    phase: websocket_upgrade_response
=NOTICE REPORT==== 3-Sep-2026::12:30:01.703180 ===
    reason: closed
    msg: roadrunner response send failed
    phase: websocket_upgrade_response
=NOTICE REPORT==== 3-Sep-2026::12:30:01.703190 ===
    reason: closed
    msg: roadrunner response send failed
    phase: websocket_upgrade_response
=NOTICE REPORT==== 3-Sep-2026::12:30:01.703244 ===
    reason: closed
    msg: roadrunner response send failed
    phase: websocket_upgrade_response
=NOTICE REPORT==== 3-Sep-2026::12:30:01.703231 ===
    reason: closed
    msg: roadrunner response send failed
    phase: websocket_upgrade_response
=NOTICE REPORT==== 3-Sep-2026::12:30:01.703246 ===
    reason: closed
    msg: roadrunner response send failed
    phase: websocket_upgrade_response
=NOTICE REPORT==== 3-Sep-2026::12:30:01.703245 ===
    reason: closed
    msg: roadrunner response send failed
    phase: websocket_upgrade_response
=NOTICE REPORT==== 3-Sep-2026::12:30:01.703260 ===
    reason: closed
    msg: roadrunner response send failed
    phase: websocket_upgrade_response
=NOTICE REPORT==== 3-Sep-2026::12:30:01.703281 ===
    reason: closed
    msg: roadrunner response send failed
    phase: websocket_upgrade_response
=NOTICE REPORT==== 3-Sep-2026::12:30:01.703312 ===
    reason: closed
    msg: roadrunner response send failed
    phase: websocket_upgrade_response
=NOTICE REPORT==== 3-Sep-2026::12:30:01.703302 ===
    reason: closed
    msg: roadrunner response send failed
    phase: websocket_upgrade_response
=NOTICE REPORT==== 3-Sep-2026::12:30:01.703970 ===
    reason: closed
    msg: roadrunner response send failed
    phase: websocket_upgrade_response
=NOTICE REPORT==== 3-Sep-2026::12:30:01.704177 ===
    reason: closed
    msg: roadrunner response send failed
    phase: websocket_upgrade_response
=NOTICE REPORT==== 3-Sep-2026::12:30:01.704197 ===
    reason: closed
    msg: roadrunner response send failed
    phase: websocket_upgrade_response
=NOTICE REPORT==== 3-Sep-2026::12:30:01.704424 ===
    reason: closed
    msg: roadrunner response send failed
    phase: websocket_upgrade_response
=NOTICE REPORT==== 3-Sep-2026::12:30:01.704442 ===
    reason: closed
    msg: roadrunner response send failed
    phase: websocket_upgrade_response
=NOTICE REPORT==== 3-Sep-2026::12:30:01.704409 ===
    reason: closed
    msg: roadrunner response send failed
    phase: websocket_upgrade_response
=NOTICE REPORT==== 3-Sep-2026::12:30:01.704476 ===
    reason: closed
    msg: roadrunner response send failed
    phase: websocket_upgrade_response
=NOTICE REPORT==== 3-Sep-2026::12:30:01.704515 ===
    reason: closed
    msg: roadrunner response send failed
    phase: websocket_upgrade_response
=NOTICE REPORT==== 3-Sep-2026::12:30:01.704510 ===
    reason: closed
    msg: roadrunner response send failed
    phase: websocket_upgrade_response
=NOTICE REPORT==== 3-Sep-2026::12:30:01.704544 ===
    reason: closed
    msg: roadrunner response send failed
    phase: websocket_upgrade_response
=NOTICE REPORT==== 3-Sep-2026::12:30:01.704582 ===
    reason: closed
    msg: roadrunner response send failed
    phase: websocket_upgrade_response
=NOTICE REPORT==== 3-Sep-2026::12:30:01.704582 ===
    reason: closed
    msg: roadrunner response send failed
    phase: websocket_upgrade_response
=NOTICE REPORT==== 3-Sep-2026::12:30:01.704612 ===
    reason: closed
    msg: roadrunner response send failed
    phase: websocket_upgrade_response
=NOTICE REPORT==== 3-Sep-2026::12:30:01.704651 ===
    reason: closed
    msg: roadrunner response send failed
    phase: websocket_upgrade_response
=NOTICE REPORT==== 3-Sep-2026::12:30:01.704645 ===
    reason: closed
    msg: roadrunner response send failed
    phase: websocket_upgrade_response
=NOTICE REPORT==== 3-Sep-2026::12:30:01.704619 ===
    reason: closed
    msg: roadrunner response send failed
    phase: websocket_upgrade_response
=NOTICE REPORT==== 3-Sep-2026::12:30:01.704665 ===
    reason: closed
    msg: roadrunner response send failed
    phase: websocket_upgrade_response
=NOTICE REPORT==== 3-Sep-2026::12:30:01.704672 ===
    reason: closed
    msg: roadrunner response send failed
    phase: websocket_upgrade_response
=NOTICE REPORT==== 3-Sep-2026::12:30:01.704687 ===
    reason: closed
    msg: roadrunner response send failed
    phase: websocket_upgrade_response
=NOTICE REPORT==== 3-Sep-2026::12:30:01.704703 ===
    reason: closed
    msg: roadrunner response send failed
    phase: websocket_upgrade_response
=NOTICE REPORT==== 3-Sep-2026::12:30:01.704761 ===
    reason: closed
    msg: roadrunner response send failed
    phase: websocket_upgrade_response
=NOTICE REPORT==== 3-Sep-2026::12:30:01.704761 ===
    reason: closed
    msg: roadrunner response send failed
    phase: websocket_upgrade_response
=NOTICE REPORT==== 3-Sep-2026::12:30:01.704766 ===
    reason: closed
    msg: roadrunner response send failed
    phase: websocket_upgrade_response
=NOTICE REPORT==== 3-Sep-2026::12:30:01.704781 ===
    reason: closed
    msg: roadrunner response send failed
    phase: websocket_upgrade_response
=NOTICE REPORT==== 3-Sep-2026::12:30:01.704812 ===
    reason: closed
    msg: roadrunner response send failed
    phase: websocket_upgrade_response
=NOTICE REPORT==== 3-Sep-2026::12:30:01.704812 ===
    reason: closed
    msg: roadrunner response send failed
    phase: websocket_upgrade_response
=NOTICE REPORT==== 3-Sep-2026::12:30:01.704831 ===
    reason: closed
    msg: roadrunner response send failed
    phase: websocket_upgrade_response
=NOTICE REPORT==== 3-Sep-2026::12:30:01.705339 ===
    reason: closed
    msg: roadrunner response send failed
    phase: websocket_upgrade_response
=NOTICE REPORT==== 3-Sep-2026::12:30:01.705400 ===
    reason: closed
    msg: roadrunner response send failed
    phase: websocket_upgrade_response
=NOTICE REPORT==== 3-Sep-2026::12:30:01.705438 ===
    reason: closed
    msg: roadrunner response send failed
    phase: websocket_upgrade_response
=NOTICE REPORT==== 3-Sep-2026::12:30:01.705515 ===
    reason: closed
    msg: roadrunner response send failed
    phase: websocket_upgrade_response
=NOTICE REPORT==== 3-Sep-2026::12:30:01.705514 ===
    reason: closed
    msg: roadrunner response send failed
    phase: websocket_upgrade_response
=NOTICE REPORT==== 3-Sep-2026::12:30:01.705422 ===
    reason: closed
    msg: roadrunner response send failed
    phase: websocket_upgrade_response
=NOTICE REPORT==== 3-Sep-2026::12:30:01.705500 ===
    reason: closed
    msg: roadrunner response send failed
    phase: websocket_upgrade_response
=NOTICE REPORT==== 3-Sep-2026::12:30:01.705545 ===
    reason: closed
    msg: roadrunner response send failed
    phase: websocket_upgrade_response
=NOTICE REPORT==== 3-Sep-2026::12:30:01.705616 ===
    reason: closed
    msg: roadrunner response send failed
    phase: websocket_upgrade_response
=NOTICE REPORT==== 3-Sep-2026::12:30:01.705557 ===
    reason: closed
    msg: roadrunner response send failed
    phase: websocket_upgrade_response
=NOTICE REPORT==== 3-Sep-2026::12:30:01.705653 ===
    reason: closed
    msg: roadrunner response send failed
    phase: websocket_upgrade_response
=NOTICE REPORT==== 3-Sep-2026::12:30:01.705707 ===
    reason: closed
    msg: roadrunner response send failed
    phase: websocket_upgrade_response
=NOTICE REPORT==== 3-Sep-2026::12:30:01.705737 ===
    reason: closed
    msg: roadrunner response send failed
    phase: websocket_upgrade_response
=NOTICE REPORT==== 3-Sep-2026::12:30:01.705726 ===
    reason: closed
    msg: roadrunner response send failed
    phase: websocket_upgrade_response
=NOTICE REPORT==== 3-Sep-2026::12:30:01.705719 ===
    reason: closed
    msg: roadrunner response send failed
    phase: websocket_upgrade_response
=NOTICE REPORT==== 3-Sep-2026::12:30:01.705689 ===
    reason: closed
    msg: roadrunner response send failed
    phase: websocket_upgrade_response
=NOTICE REPORT==== 3-Sep-2026::12:30:01.705733 ===
    reason: closed
    msg: roadrunner response send failed
    phase: websocket_upgrade_response
=NOTICE REPORT==== 3-Sep-2026::12:30:01.705732 ===
    reason: closed
    msg: roadrunner response send failed
    phase: websocket_upgrade_response
=NOTICE REPORT==== 3-Sep-2026::12:30:01.705721 ===
    reason: closed
    msg: roadrunner response send failed
    phase: websocket_upgrade_response
=NOTICE REPORT==== 3-Sep-2026::12:30:01.705811 ===
    reason: closed
    msg: roadrunner response send failed
    phase: websocket_upgrade_response
=NOTICE REPORT==== 3-Sep-2026::12:30:01.705833 ===
    reason: closed
    msg: roadrunner response send failed
    phase: websocket_upgrade_response
=NOTICE REPORT==== 3-Sep-2026::12:30:01.705850 ===
    reason: closed
    msg: roadrunner response send failed
    phase: websocket_upgrade_response
=NOTICE REPORT==== 3-Sep-2026::12:30:01.705939 ===
    reason: closed
    msg: roadrunner response send failed
    phase: websocket_upgrade_response
=NOTICE REPORT==== 3-Sep-2026::12:30:01.705965 ===
    reason: closed
    msg: roadrunner response send failed
    phase: websocket_upgrade_response
=NOTICE REPORT==== 3-Sep-2026::12:30:01.706142 ===
    reason: closed
    msg: roadrunner response send failed
    phase: websocket_upgrade_response
=NOTICE REPORT==== 3-Sep-2026::12:30:01.706922 ===
    reason: closed
    msg: roadrunner response send failed
    phase: websocket_upgrade_response
=NOTICE REPORT==== 3-Sep-2026::12:30:01.706936 ===
    reason: closed
    msg: roadrunner response send failed
    phase: websocket_upgrade_response
=NOTICE REPORT==== 3-Sep-2026::12:30:01.707069 ===
    reason: closed
    msg: roadrunner response send failed
    phase: websocket_upgrade_response
=NOTICE REPORT==== 3-Sep-2026::12:30:01.707188 ===
    reason: closed
    msg: roadrunner response send failed
    phase: websocket_upgrade_response
=NOTICE REPORT==== 3-Sep-2026::12:30:01.707548 ===
    reason: closed
    msg: roadrunner response send failed
    phase: websocket_upgrade_response
=NOTICE REPORT==== 3-Sep-2026::12:30:01.707614 ===
    reason: closed
    msg: roadrunner response send failed
    phase: websocket_upgrade_response
=NOTICE REPORT==== 3-Sep-2026::12:30:01.707678 ===
    reason: closed
    msg: roadrunner response send failed
    phase: websocket_upgrade_response
=NOTICE REPORT==== 3-Sep-2026::12:30:01.707702 ===
    reason: closed
    msg: roadrunner response send failed
    phase: websocket_upgrade_response
=NOTICE REPORT==== 3-Sep-2026::12:30:01.707694 ===
    reason: closed
    msg: roadrunner response send failed
    phase: websocket_upgrade_response
=NOTICE REPORT==== 3-Sep-2026::12:30:01.707687 ===
    reason: closed
    msg: roadrunner response send failed
    phase: websocket_upgrade_response
=NOTICE REPORT==== 3-Sep-2026::12:30:01.707724 ===
    reason: closed
    msg: roadrunner response send failed
    phase: websocket_upgrade_response
=NOTICE REPORT==== 3-Sep-2026::12:30:01.707721 ===
    reason: closed
    msg: roadrunner response send failed
    phase: websocket_upgrade_response
=NOTICE REPORT==== 3-Sep-2026::12:30:01.707755 ===
    reason: closed
    msg: roadrunner response send failed
    phase: websocket_upgrade_response
=NOTICE REPORT==== 3-Sep-2026::12:30:01.707750 ===
    reason: closed
    msg: roadrunner response send failed
    phase: websocket_upgrade_response
=NOTICE REPORT==== 3-Sep-2026::12:30:01.707747 ===
    reason: closed
    msg: roadrunner response send failed
    phase: websocket_upgrade_response
=NOTICE REPORT==== 3-Sep-2026::12:30:01.707864 ===
    reason: closed
    msg: roadrunner response send failed
    phase: websocket_upgrade_response
=NOTICE REPORT==== 3-Sep-2026::12:30:01.707866 ===
    reason: closed
    msg: roadrunner response send failed
    phase: websocket_upgrade_response
=NOTICE REPORT==== 3-Sep-2026::12:30:01.707881 ===
    reason: closed
    msg: roadrunner response send failed
    phase: websocket_upgrade_response
=NOTICE REPORT==== 3-Sep-2026::12:30:01.707873 ===
    reason: closed
    msg: roadrunner response send failed
    phase: websocket_upgrade_response
=NOTICE REPORT==== 3-Sep-2026::12:30:01.707900 ===
    reason: closed
    msg: roadrunner response send failed
    phase: websocket_upgrade_response
=NOTICE REPORT==== 3-Sep-2026::12:30:01.707930 ===
    reason: closed
    msg: roadrunner response send failed
    phase: websocket_upgrade_response
=NOTICE REPORT==== 3-Sep-2026::12:30:01.707935 ===
    reason: closed
    msg: roadrunner response send failed
    phase: websocket_upgrade_response
=NOTICE REPORT==== 3-Sep-2026::12:30:01.707956 ===
    reason: closed
    msg: roadrunner response send failed
    phase: websocket_upgrade_response
=NOTICE REPORT==== 3-Sep-2026::12:30:01.707971 ===
    reason: closed
    msg: roadrunner response send failed
    phase: websocket_upgrade_response
=NOTICE REPORT==== 3-Sep-2026::12:30:01.708652 ===
    reason: closed
    msg: roadrunner response send failed
    phase: websocket_upgrade_response
=NOTICE REPORT==== 3-Sep-2026::12:30:01.708929 ===
    reason: closed
    msg: roadrunner response send failed
    phase: websocket_upgrade_response
=NOTICE REPORT==== 3-Sep-2026::12:30:01.709307 ===
    reason: closed
    msg: roadrunner response send failed
    phase: websocket_upgrade_response
=NOTICE REPORT==== 3-Sep-2026::12:30:01.709511 ===
    reason: closed
    msg: roadrunner response send failed
    phase: websocket_upgrade_response
=NOTICE REPORT==== 3-Sep-2026::12:30:01.709548 ===
    reason: closed
    msg: roadrunner response send failed
    phase: websocket_upgrade_response
=NOTICE REPORT==== 3-Sep-2026::12:30:01.709743 ===
    reason: closed
    msg: roadrunner response send failed
    phase: websocket_upgrade_response
=NOTICE REPORT==== 3-Sep-2026::12:30:01.709760 ===
    reason: closed
    msg: roadrunner response send failed
    phase: websocket_upgrade_response
=NOTICE REPORT==== 3-Sep-2026::12:30:01.709754 ===
    reason: closed
    msg: roadrunner response send failed
    phase: websocket_upgrade_response
=NOTICE REPORT==== 3-Sep-2026::12:30:01.709832 ===
    reason: closed
    msg: roadrunner response send failed
    phase: websocket_upgrade_response
=NOTICE REPORT==== 3-Sep-2026::12:30:01.709857 ===
    reason: closed
    msg: roadrunner response send failed
    phase: websocket_upgrade_response
=NOTICE REPORT==== 3-Sep-2026::12:30:01.709921 ===
    reason: closed
    msg: roadrunner response send failed
    phase: websocket_upgrade_response
=NOTICE REPORT==== 3-Sep-2026::12:30:01.709927 ===
    reason: closed
    msg: roadrunner response send failed
    phase: websocket_upgrade_response
=NOTICE REPORT==== 3-Sep-2026::12:30:01.709941 ===
    reason: closed
    msg: roadrunner response send failed
    phase: websocket_upgrade_response
=NOTICE REPORT==== 3-Sep-2026::12:30:01.709957 ===
    reason: closed
    msg: roadrunner response send failed
    phase: websocket_upgrade_response
=NOTICE REPORT==== 3-Sep-2026::12:30:01.709988 ===
    reason: closed
    msg: roadrunner response send failed
    phase: websocket_upgrade_response
=NOTICE REPORT==== 3-Sep-2026::12:30:01.710005 ===
    reason: closed
    msg: roadrunner response send failed
    phase: websocket_upgrade_response
=NOTICE REPORT==== 3-Sep-2026::12:30:01.710004 ===
    reason: closed
    msg: roadrunner response send failed
    phase: websocket_upgrade_response
=NOTICE REPORT==== 3-Sep-2026::12:30:01.710021 ===
    reason: closed
    msg: roadrunner response send failed
    phase: websocket_upgrade_response
=NOTICE REPORT==== 3-Sep-2026::12:30:01.710094 ===
    reason: closed
    msg: roadrunner response send failed
    phase: websocket_upgrade_response
=NOTICE REPORT==== 3-Sep-2026::12:30:01.710100 ===
    reason: closed
    msg: roadrunner response send failed
    phase: websocket_upgrade_response
=NOTICE REPORT==== 3-Sep-2026::12:30:01.710122 ===
    reason: closed
    msg: roadrunner response send failed
    phase: websocket_upgrade_response
=NOTICE REPORT==== 3-Sep-2026::12:30:01.710171 ===
    reason: closed
    msg: roadrunner response send failed
    phase: websocket_upgrade_response
=NOTICE REPORT==== 3-Sep-2026::12:30:01.710177 ===
    reason: closed
    msg: roadrunner response send failed
    phase: websocket_upgrade_response
=NOTICE REPORT==== 3-Sep-2026::12:30:01.710209 ===
    reason: closed
    msg: roadrunner response send failed
    phase: websocket_upgrade_response
=NOTICE REPORT==== 3-Sep-2026::12:30:01.710255 ===
    reason: closed
    msg: roadrunner response send failed
    phase: websocket_upgrade_response
=NOTICE REPORT==== 3-Sep-2026::12:30:01.710369 ===
    reason: closed
    msg: roadrunner response send failed
    phase: websocket_upgrade_response
=NOTICE REPORT==== 3-Sep-2026::12:30:01.710741 ===
    reason: closed
    msg: roadrunner response send failed
    phase: websocket_upgrade_response
=NOTICE REPORT==== 3-Sep-2026::12:30:01.710765 ===
    reason: closed
    msg: roadrunner response send failed
    phase: websocket_upgrade_response
=NOTICE REPORT==== 3-Sep-2026::12:30:01.710795 ===
    reason: closed
    msg: roadrunner response send failed
    phase: websocket_upgrade_response
=NOTICE REPORT==== 3-Sep-2026::12:30:01.710790 ===
    reason: closed
    msg: roadrunner response send failed
    phase: websocket_upgrade_response
=NOTICE REPORT==== 3-Sep-2026::12:30:01.710861 ===
    reason: closed
    msg: roadrunner response send failed
    phase: websocket_upgrade_response
=NOTICE REPORT==== 3-Sep-2026::12:30:01.710903 ===
    reason: closed
    msg: roadrunner response send failed
    phase: websocket_upgrade_response
=NOTICE REPORT==== 3-Sep-2026::12:30:01.710834 ===
    reason: closed
    msg: roadrunner response send failed
    phase: websocket_upgrade_response
=NOTICE REPORT==== 3-Sep-2026::12:30:01.710994 ===
    reason: closed
    msg: roadrunner response send failed
    phase: websocket_upgrade_response
=NOTICE REPORT==== 3-Sep-2026::12:30:01.710953 ===
    reason: closed
    msg: roadrunner response send failed
    phase: websocket_upgrade_response
=NOTICE REPORT==== 3-Sep-2026::12:30:01.710931 ===
    reason: closed
    msg: roadrunner response send failed
    phase: websocket_upgrade_response
=NOTICE REPORT==== 3-Sep-2026::12:30:01.710948 ===
    reason: closed
    msg: roadrunner response send failed
    phase: websocket_upgrade_response
=NOTICE REPORT==== 3-Sep-2026::12:30:01.710950 ===
    reason: closed
    msg: roadrunner response send failed
    phase: websocket_upgrade_response
=NOTICE REPORT==== 3-Sep-2026::12:30:01.711025 ===
    reason: closed
    msg: roadrunner response send failed
    phase: websocket_upgrade_response
=NOTICE REPORT==== 3-Sep-2026::12:30:01.711042 ===
    reason: closed
    msg: roadrunner response send failed
    phase: websocket_upgrade_response
=NOTICE REPORT==== 3-Sep-2026::12:30:01.711060 ===
    reason: closed
    msg: roadrunner response send failed
    phase: websocket_upgrade_response
=NOTICE REPORT==== 3-Sep-2026::12:30:01.711036 ===
    reason: closed
    msg: roadrunner response send failed
    phase: websocket_upgrade_response
=NOTICE REPORT==== 3-Sep-2026::12:30:01.711084 ===
    reason: closed
    msg: roadrunner response send failed
    phase: websocket_upgrade_response
=NOTICE REPORT==== 3-Sep-2026::12:30:01.711092 ===
    reason: closed
    msg: roadrunner response send failed
    phase: websocket_upgrade_response
=NOTICE REPORT==== 3-Sep-2026::12:30:01.711119 ===
    reason: closed
    msg: roadrunner response send failed
    phase: websocket_upgrade_response
=NOTICE REPORT==== 3-Sep-2026::12:30:01.711115 ===
    reason: closed
    msg: roadrunner response send failed
    phase: websocket_upgrade_response
=NOTICE REPORT==== 3-Sep-2026::12:30:01.711109 ===
    reason: closed
    msg: roadrunner response send failed
    phase: websocket_upgrade_response
=NOTICE REPORT==== 3-Sep-2026::12:30:01.711139 ===
    reason: closed
    msg: roadrunner response send failed
    phase: websocket_upgrade_response
=NOTICE REPORT==== 3-Sep-2026::12:30:01.711174 ===
    reason: closed
    msg: roadrunner response send failed
    phase: websocket_upgrade_response
=NOTICE REPORT==== 3-Sep-2026::12:30:01.711150 ===
    reason: closed
    msg: roadrunner response send failed
    phase: websocket_upgrade_response
=NOTICE REPORT==== 3-Sep-2026::12:30:01.711237 ===
    reason: closed
    msg: roadrunner response send failed
    phase: websocket_upgrade_response
=NOTICE REPORT==== 3-Sep-2026::12:30:01.712010 ===
    reason: closed
    msg: roadrunner response send failed
    phase: websocket_upgrade_response
=NOTICE REPORT==== 3-Sep-2026::12:30:01.712024 ===
    reason: closed
    msg: roadrunner response send failed
    phase: websocket_upgrade_response
=NOTICE REPORT==== 3-Sep-2026::12:30:01.712023 ===
    reason: closed
    msg: roadrunner response send failed
    phase: websocket_upgrade_response
=NOTICE REPORT==== 3-Sep-2026::12:30:01.712042 ===
    reason: closed
    msg: roadrunner response send failed
    phase: websocket_upgrade_response
=NOTICE REPORT==== 3-Sep-2026::12:30:01.712498 ===
    reason: closed
    msg: roadrunner response send failed
    phase: websocket_upgrade_response
=NOTICE REPORT==== 3-Sep-2026::12:30:01.712535 ===
    reason: closed
    msg: roadrunner response send failed
    phase: websocket_upgrade_response
=NOTICE REPORT==== 3-Sep-2026::12:30:01.712558 ===
    reason: closed
    msg: roadrunner response send failed
    phase: websocket_upgrade_response
=NOTICE REPORT==== 3-Sep-2026::12:30:01.712558 ===
    reason: closed
    msg: roadrunner response send failed
    phase: websocket_upgrade_response
=NOTICE REPORT==== 3-Sep-2026::12:30:01.712597 ===
    reason: closed
    msg: roadrunner response send failed
    phase: websocket_upgrade_response
=NOTICE REPORT==== 3-Sep-2026::12:30:01.712634 ===
    reason: closed
    msg: roadrunner response send failed
    phase: websocket_upgrade_response
=NOTICE REPORT==== 3-Sep-2026::12:30:01.712611 ===
    reason: closed
    msg: roadrunner response send failed
    phase: websocket_upgrade_response
=NOTICE REPORT==== 3-Sep-2026::12:30:01.712588 ===
    reason: closed
    msg: roadrunner response send failed
    phase: websocket_upgrade_response
=NOTICE REPORT==== 3-Sep-2026::12:30:01.712609 ===
    reason: closed
    msg: roadrunner response send failed
    phase: websocket_upgrade_response
=NOTICE REPORT==== 3-Sep-2026::12:30:01.712737 ===
    reason: closed
    msg: roadrunner response send failed
    phase: websocket_upgrade_response
=NOTICE REPORT==== 3-Sep-2026::12:30:01.712740 ===
    reason: closed
    msg: roadrunner response send failed
    phase: websocket_upgrade_response
=NOTICE REPORT==== 3-Sep-2026::12:30:01.712750 ===
    reason: closed
    msg: roadrunner response send failed
    phase: websocket_upgrade_response
=NOTICE REPORT==== 3-Sep-2026::12:30:01.712753 ===
    reason: closed
    msg: roadrunner response send failed
    phase: websocket_upgrade_response
=NOTICE REPORT==== 3-Sep-2026::12:30:01.712810 ===
    reason: closed
    msg: roadrunner response send failed
    phase: websocket_upgrade_response
=NOTICE REPORT==== 3-Sep-2026::12:30:01.712795 ===
    reason: closed
    msg: roadrunner response send failed
    phase: websocket_upgrade_response
=NOTICE REPORT==== 3-Sep-2026::12:30:01.712807 ===
    reason: closed
    msg: roadrunner response send failed
    phase: websocket_upgrade_response
=NOTICE REPORT==== 3-Sep-2026::12:30:01.712776 ===
    reason: closed
    msg: roadrunner response send failed
    phase: websocket_upgrade_response
=NOTICE REPORT==== 3-Sep-2026::12:30:01.712829 ===
    reason: closed
    msg: roadrunner response send failed
    phase: websocket_upgrade_response
=NOTICE REPORT==== 3-Sep-2026::12:30:01.712903 ===
    reason: closed
    msg: roadrunner response send failed
    phase: websocket_upgrade_response
=NOTICE REPORT==== 3-Sep-2026::12:30:01.712902 ===
    reason: closed
    msg: roadrunner response send failed
    phase: websocket_upgrade_response
=NOTICE REPORT==== 3-Sep-2026::12:30:01.712905 ===
    reason: closed
    msg: roadrunner response send failed
    phase: websocket_upgrade_response
=NOTICE REPORT==== 3-Sep-2026::12:30:01.712919 ===
    reason: closed
    msg: roadrunner response send failed
    phase: websocket_upgrade_response
=NOTICE REPORT==== 3-Sep-2026::12:30:01.713012 ===
    reason: closed
    msg: roadrunner response send failed
    phase: websocket_upgrade_response
=NOTICE REPORT==== 3-Sep-2026::12:30:01.713377 ===
    reason: closed
    msg: roadrunner response send failed
    phase: websocket_upgrade_response
=NOTICE REPORT==== 3-Sep-2026::12:30:01.713599 ===
    reason: closed
    msg: roadrunner response send failed
    phase: websocket_upgrade_response
=NOTICE REPORT==== 3-Sep-2026::12:30:01.714045 ===
    reason: closed
    msg: roadrunner response send failed
    phase: websocket_upgrade_response
=NOTICE REPORT==== 3-Sep-2026::12:30:01.714272 ===
    reason: closed
    msg: roadrunner response send failed
    phase: websocket_upgrade_response
=NOTICE REPORT==== 3-Sep-2026::12:30:01.714398 ===
    reason: closed
    msg: roadrunner response send failed
    phase: websocket_upgrade_response
=NOTICE REPORT==== 3-Sep-2026::12:30:01.714426 ===
    reason: closed
    msg: roadrunner response send failed
    phase: websocket_upgrade_response
=NOTICE REPORT==== 3-Sep-2026::12:30:01.714455 ===
    reason: closed
    msg: roadrunner response send failed
    phase: websocket_upgrade_response
=NOTICE REPORT==== 3-Sep-2026::12:30:01.714457 ===
    reason: closed
    msg: roadrunner response send failed
    phase: websocket_upgrade_response
=NOTICE REPORT==== 3-Sep-2026::12:30:01.714495 ===
    reason: closed
    msg: roadrunner response send failed
    phase: websocket_upgrade_response
=NOTICE REPORT==== 3-Sep-2026::12:30:01.714499 ===
    reason: closed
    msg: roadrunner response send failed
    phase: websocket_upgrade_response
=NOTICE REPORT==== 3-Sep-2026::12:30:01.714516 ===
    reason: closed
    msg: roadrunner response send failed
    phase: websocket_upgrade_response
=NOTICE REPORT==== 3-Sep-2026::12:30:01.714503 ===
    reason: closed
    msg: roadrunner response send failed
    phase: websocket_upgrade_response
=NOTICE REPORT==== 3-Sep-2026::12:30:01.714499 ===
    reason: closed
    msg: roadrunner response send failed
    phase: websocket_upgrade_response
=NOTICE REPORT==== 3-Sep-2026::12:30:01.714511 ===
    reason: closed
    msg: roadrunner response send failed
    phase: websocket_upgrade_response
=NOTICE REPORT==== 3-Sep-2026::12:30:01.714551 ===
    reason: closed
    msg: roadrunner response send failed
    phase: websocket_upgrade_response
=NOTICE REPORT==== 3-Sep-2026::12:30:01.714567 ===
    reason: closed
    msg: roadrunner response send failed
    phase: websocket_upgrade_response
=NOTICE REPORT==== 3-Sep-2026::12:30:01.714572 ===
    reason: closed
    msg: roadrunner response send failed
    phase: websocket_upgrade_response
=NOTICE REPORT==== 3-Sep-2026::12:30:01.714614 ===
    reason: closed
    msg: roadrunner response send failed
    phase: websocket_upgrade_response
=NOTICE REPORT==== 3-Sep-2026::12:30:01.714660 ===
    reason: closed
    msg: roadrunner response send failed
    phase: websocket_upgrade_response
=NOTICE REPORT==== 3-Sep-2026::12:30:01.714619 ===
    reason: closed
    msg: roadrunner response send failed
    phase: websocket_upgrade_response
=NOTICE REPORT==== 3-Sep-2026::12:30:01.714648 ===
    reason: closed
    msg: roadrunner response send failed
    phase: websocket_upgrade_response
=NOTICE REPORT==== 3-Sep-2026::12:30:01.714702 ===
    reason: closed
    msg: roadrunner response send failed
    phase: websocket_upgrade_response
=NOTICE REPORT==== 3-Sep-2026::12:30:01.714708 ===
    reason: closed
    msg: roadrunner response send failed
    phase: websocket_upgrade_response
=NOTICE REPORT==== 3-Sep-2026::12:30:01.714591 ===
    reason: closed
    msg: roadrunner response send failed
    phase: websocket_upgrade_response
=NOTICE REPORT==== 3-Sep-2026::12:30:01.714753 ===
    reason: closed
    msg: roadrunner response send failed
    phase: websocket_upgrade_response
=NOTICE REPORT==== 3-Sep-2026::12:30:01.714761 ===
    reason: closed
    msg: roadrunner response send failed
    phase: websocket_upgrade_response
=NOTICE REPORT==== 3-Sep-2026::12:30:01.714770 ===
    reason: closed
    msg: roadrunner response send failed
    phase: websocket_upgrade_response
=NOTICE REPORT==== 3-Sep-2026::12:30:01.714758 ===
    reason: closed
    msg: roadrunner response send failed
    phase: websocket_upgrade_response
=NOTICE REPORT==== 3-Sep-2026::12:30:01.714840 ===
    reason: closed
    msg: roadrunner response send failed
    phase: websocket_upgrade_response
=NOTICE REPORT==== 3-Sep-2026::12:30:01.714847 ===
    reason: closed
    msg: roadrunner response send failed
    phase: websocket_upgrade_response
=NOTICE REPORT==== 3-Sep-2026::12:30:01.714817 ===
    reason: closed
    msg: roadrunner response send failed
    phase: websocket_upgrade_response
=NOTICE REPORT==== 3-Sep-2026::12:30:01.714855 ===
    reason: closed
    msg: roadrunner response send failed
    phase: websocket_upgrade_response
=NOTICE REPORT==== 3-Sep-2026::12:30:01.714864 ===
    reason: closed
    msg: roadrunner response send failed
    phase: websocket_upgrade_response
=NOTICE REPORT==== 3-Sep-2026::12:30:01.714858 ===
    reason: closed
    msg: roadrunner response send failed
    phase: websocket_upgrade_response
=NOTICE REPORT==== 3-Sep-2026::12:30:01.714855 ===
    reason: closed
    msg: roadrunner response send failed
    phase: websocket_upgrade_response
=NOTICE REPORT==== 3-Sep-2026::12:30:01.714863 ===
    reason: closed
    msg: roadrunner response send failed
    phase: websocket_upgrade_response
=NOTICE REPORT==== 3-Sep-2026::12:30:01.714899 ===
    reason: closed
    msg: roadrunner response send failed
    phase: websocket_upgrade_response
=NOTICE REPORT==== 3-Sep-2026::12:30:01.714901 ===
    reason: closed
    msg: roadrunner response send failed
    phase: websocket_upgrade_response
=NOTICE REPORT==== 3-Sep-2026::12:30:01.714911 ===
    reason: closed
    msg: roadrunner response send failed
    phase: websocket_upgrade_response
=NOTICE REPORT==== 3-Sep-2026::12:30:01.714960 ===
    reason: closed
    msg: roadrunner response send failed
    phase: websocket_upgrade_response
=NOTICE REPORT==== 3-Sep-2026::12:30:01.714979 ===
    reason: closed
    msg: roadrunner response send failed
    phase: websocket_upgrade_response
=NOTICE REPORT==== 3-Sep-2026::12:30:01.714985 ===
    reason: closed
    msg: roadrunner response send failed
    phase: websocket_upgrade_response
=NOTICE REPORT==== 3-Sep-2026::12:30:01.714991 ===
    reason: closed
    msg: roadrunner response send failed
    phase: websocket_upgrade_response
=NOTICE REPORT==== 3-Sep-2026::12:30:01.715027 ===
    reason: closed
    msg: roadrunner response send failed
    phase: websocket_upgrade_response
=NOTICE REPORT==== 3-Sep-2026::12:30:01.715030 ===
    reason: closed
    msg: roadrunner response send failed
    phase: websocket_upgrade_response
=NOTICE REPORT==== 3-Sep-2026::12:30:01.715016 ===
    reason: closed
    msg: roadrunner response send failed
    phase: websocket_upgrade_response
=NOTICE REPORT==== 3-Sep-2026::12:30:01.715014 ===
    reason: closed
    msg: roadrunner response send failed
    phase: websocket_upgrade_response
=NOTICE REPORT==== 3-Sep-2026::12:30:01.715067 ===
    reason: closed
    msg: roadrunner response send failed
    phase: websocket_upgrade_response
=NOTICE REPORT==== 3-Sep-2026::12:30:01.715090 ===
    reason: closed
    msg: roadrunner response send failed
    phase: websocket_upgrade_response
=NOTICE REPORT==== 3-Sep-2026::12:30:01.715111 ===
    reason: closed
    msg: roadrunner response send failed
    phase: websocket_upgrade_response
=NOTICE REPORT==== 3-Sep-2026::12:30:01.715201 ===
    reason: closed
    msg: roadrunner response send failed
    phase: websocket_upgrade_response
=NOTICE REPORT==== 3-Sep-2026::12:30:01.715203 ===
    reason: closed
    msg: roadrunner response send failed
    phase: websocket_upgrade_response
=NOTICE REPORT==== 3-Sep-2026::12:30:01.715208 ===
    reason: closed
    msg: roadrunner response send failed
    phase: websocket_upgrade_response
=NOTICE REPORT==== 3-Sep-2026::12:30:01.715502 ===
    reason: closed
    msg: roadrunner response send failed
    phase: websocket_upgrade_response
=NOTICE REPORT==== 3-Sep-2026::12:30:01.715487 ===
    reason: closed
    msg: roadrunner response send failed
    phase: websocket_upgrade_response
=NOTICE REPORT==== 3-Sep-2026::12:30:01.715536 ===
    reason: closed
    msg: roadrunner response send failed
    phase: websocket_upgrade_response
=NOTICE REPORT==== 3-Sep-2026::12:30:01.715708 ===
    reason: closed
    msg: roadrunner response send failed
    phase: websocket_upgrade_response
=NOTICE REPORT==== 3-Sep-2026::12:30:01.715762 ===
    reason: closed
    msg: roadrunner response send failed
    phase: websocket_upgrade_response
=NOTICE REPORT==== 3-Sep-2026::12:30:01.716481 ===
    reason: closed
    msg: roadrunner response send failed
    phase: websocket_upgrade_response
=NOTICE REPORT==== 3-Sep-2026::12:30:01.716493 ===
    reason: closed
    msg: roadrunner response send failed
    phase: websocket_upgrade_response
=NOTICE REPORT==== 3-Sep-2026::12:30:01.716480 ===
    reason: closed
    msg: roadrunner response send failed
    phase: websocket_upgrade_response
=NOTICE REPORT==== 3-Sep-2026::12:30:01.716541 ===
    reason: closed
    msg: roadrunner response send failed
    phase: websocket_upgrade_response
=NOTICE REPORT==== 3-Sep-2026::12:30:01.716556 ===
    reason: closed
    msg: roadrunner response send failed
    phase: websocket_upgrade_response
=NOTICE REPORT==== 3-Sep-2026::12:30:01.716555 ===
    reason: closed
    msg: roadrunner response send failed
    phase: websocket_upgrade_response
=NOTICE REPORT==== 3-Sep-2026::12:30:01.716569 ===
    reason: closed
    msg: roadrunner response send failed
    phase: websocket_upgrade_response
=NOTICE REPORT==== 3-Sep-2026::12:30:01.716554 ===
    reason: closed
    msg: roadrunner response send failed
    phase: websocket_upgrade_response
=NOTICE REPORT==== 3-Sep-2026::12:30:01.716591 ===
    reason: closed
    msg: roadrunner response send failed
    phase: websocket_upgrade_response
=NOTICE REPORT==== 3-Sep-2026::12:30:01.716534 ===
    reason: closed
    msg: roadrunner response send failed
    phase: websocket_upgrade_response
=NOTICE REPORT==== 3-Sep-2026::12:30:01.716556 ===
    reason: closed
    msg: roadrunner response send failed
    phase: websocket_upgrade_response
=NOTICE REPORT==== 3-Sep-2026::12:30:01.716618 ===
    reason: closed
    msg: roadrunner response send failed
    phase: websocket_upgrade_response
=NOTICE REPORT==== 3-Sep-2026::12:30:01.716617 ===
    reason: closed
    msg: roadrunner response send failed
    phase: websocket_upgrade_response
=NOTICE REPORT==== 3-Sep-2026::12:30:01.716637 ===
    reason: closed
    msg: roadrunner response send failed
    phase: websocket_upgrade_response
=NOTICE REPORT==== 3-Sep-2026::12:30:01.716640 ===
    reason: closed
    msg: roadrunner response send failed
    phase: websocket_upgrade_response
=NOTICE REPORT==== 3-Sep-2026::12:30:01.716674 ===
    reason: closed
    msg: roadrunner response send failed
    phase: websocket_upgrade_response
=NOTICE REPORT==== 3-Sep-2026::12:30:01.716680 ===
    reason: closed
    msg: roadrunner response send failed
    phase: websocket_upgrade_response
=NOTICE REPORT==== 3-Sep-2026::12:30:01.716659 ===
    reason: closed
    msg: roadrunner response send failed
    phase: websocket_upgrade_response
=NOTICE REPORT==== 3-Sep-2026::12:30:01.716646 ===
    reason: closed
    msg: roadrunner response send failed
    phase: websocket_upgrade_response
=NOTICE REPORT==== 3-Sep-2026::12:30:01.716680 ===
    reason: closed
    msg: roadrunner response send failed
    phase: websocket_upgrade_response
=NOTICE REPORT==== 3-Sep-2026::12:30:01.716696 ===
    reason: closed
    msg: roadrunner response send failed
    phase: websocket_upgrade_response
=NOTICE REPORT==== 3-Sep-2026::12:30:01.716722 ===
    reason: closed
    msg: roadrunner response send failed
    phase: websocket_upgrade_response
=NOTICE REPORT==== 3-Sep-2026::12:30:01.716754 ===
    reason: closed
    msg: roadrunner response send failed
    phase: websocket_upgrade_response
=NOTICE REPORT==== 3-Sep-2026::12:30:01.716986 ===
    reason: closed
    msg: roadrunner response send failed
    phase: websocket_upgrade_response
=NOTICE REPORT==== 3-Sep-2026::12:30:01.717004 ===
    reason: closed
    msg: roadrunner response send failed
    phase: websocket_upgrade_response
=NOTICE REPORT==== 3-Sep-2026::12:30:01.717020 ===
    reason: closed
    msg: roadrunner response send failed
    phase: websocket_upgrade_response
=NOTICE REPORT==== 3-Sep-2026::12:30:01.717235 ===
    reason: closed
    msg: roadrunner response send failed
    phase: websocket_upgrade_response
=NOTICE REPORT==== 3-Sep-2026::12:30:01.717248 ===
    reason: closed
    msg: roadrunner response send failed
    phase: websocket_upgrade_response
=NOTICE REPORT==== 3-Sep-2026::12:30:01.717253 ===
    reason: closed
    msg: roadrunner response send failed
    phase: websocket_upgrade_response
=NOTICE REPORT==== 3-Sep-2026::12:30:01.717283 ===
    reason: closed
    msg: roadrunner response send failed
    phase: websocket_upgrade_response
=NOTICE REPORT==== 3-Sep-2026::12:30:01.717297 ===
    reason: closed
    msg: roadrunner response send failed
    phase: websocket_upgrade_response
=NOTICE REPORT==== 3-Sep-2026::12:30:01.717351 ===
    reason: closed
    msg: roadrunner response send failed
    phase: websocket_upgrade_response
=NOTICE REPORT==== 3-Sep-2026::12:30:01.717366 ===
    reason: closed
    msg: roadrunner response send failed
    phase: websocket_upgrade_response
=NOTICE REPORT==== 3-Sep-2026::12:30:01.717417 ===
    reason: closed
    msg: roadrunner response send failed
    phase: websocket_upgrade_response
=NOTICE REPORT==== 3-Sep-2026::12:30:01.717423 ===
    reason: closed
    msg: roadrunner response send failed
    phase: websocket_upgrade_response
=NOTICE REPORT==== 3-Sep-2026::12:30:01.717466 ===
    reason: closed
    msg: roadrunner response send failed
    phase: websocket_upgrade_response
=NOTICE REPORT==== 3-Sep-2026::12:30:01.717473 ===
    reason: closed
    msg: roadrunner response send failed
    phase: websocket_upgrade_response
=NOTICE REPORT==== 3-Sep-2026::12:30:01.717534 ===
    reason: closed
    msg: roadrunner response send failed
    phase: websocket_upgrade_response
=NOTICE REPORT==== 3-Sep-2026::12:30:01.717766 ===
    reason: closed
    msg: roadrunner response send failed
    phase: websocket_upgrade_response
=NOTICE REPORT==== 3-Sep-2026::12:30:01.717831 ===
    reason: closed
    msg: roadrunner response send failed
    phase: websocket_upgrade_response
=NOTICE REPORT==== 3-Sep-2026::12:30:01.717849 ===
    reason: closed
    msg: roadrunner response send failed
    phase: websocket_upgrade_response
=NOTICE REPORT==== 3-Sep-2026::12:30:01.717912 ===
    reason: closed
    msg: roadrunner response send failed
    phase: websocket_upgrade_response
=NOTICE REPORT==== 3-Sep-2026::12:30:01.717915 ===
    reason: closed
    msg: roadrunner response send failed
    phase: websocket_upgrade_response
=NOTICE REPORT==== 3-Sep-2026::12:30:01.717942 ===
    reason: closed
    msg: roadrunner response send failed
    phase: websocket_upgrade_response
=NOTICE REPORT==== 3-Sep-2026::12:30:01.717946 ===
    reason: closed
    msg: roadrunner response send failed
    phase: websocket_upgrade_response
=NOTICE REPORT==== 3-Sep-2026::12:30:01.718010 ===
    reason: closed
    msg: roadrunner response send failed
    phase: websocket_upgrade_response
=NOTICE REPORT==== 3-Sep-2026::12:30:01.718022 ===
    reason: closed
    msg: roadrunner response send failed
    phase: websocket_upgrade_response
=NOTICE REPORT==== 3-Sep-2026::12:30:01.718100 ===
    reason: closed
    msg: roadrunner response send failed
    phase: websocket_upgrade_response
=NOTICE REPORT==== 3-Sep-2026::12:30:01.718130 ===
    reason: closed
    msg: roadrunner response send failed
    phase: websocket_upgrade_response
=NOTICE REPORT==== 3-Sep-2026::12:30:01.718168 ===
    reason: closed
    msg: roadrunner response send failed
    phase: websocket_upgrade_response
=NOTICE REPORT==== 3-Sep-2026::12:30:01.718168 ===
    reason: closed
    msg: roadrunner response send failed
    phase: websocket_upgrade_response
=NOTICE REPORT==== 3-Sep-2026::12:30:01.718180 ===
    reason: closed
    msg: roadrunner response send failed
    phase: websocket_upgrade_response
=NOTICE REPORT==== 3-Sep-2026::12:30:01.718181 ===
    reason: closed
    msg: roadrunner response send failed
    phase: websocket_upgrade_response
=NOTICE REPORT==== 3-Sep-2026::12:30:01.718230 ===
    reason: closed
    msg: roadrunner response send failed
    phase: websocket_upgrade_response
=NOTICE REPORT==== 3-Sep-2026::12:30:01.718288 ===
    reason: closed
    msg: roadrunner response send failed
    phase: websocket_upgrade_response
=NOTICE REPORT==== 3-Sep-2026::12:30:01.718303 ===
    reason: closed
    msg: roadrunner response send failed
    phase: websocket_upgrade_response
=NOTICE REPORT==== 3-Sep-2026::12:30:01.718289 ===
    reason: closed
    msg: roadrunner response send failed
    phase: websocket_upgrade_response
=NOTICE REPORT==== 3-Sep-2026::12:30:01.718458 ===
    reason: closed
    msg: roadrunner response send failed
    phase: websocket_upgrade_response
=NOTICE REPORT==== 3-Sep-2026::12:30:01.718449 ===
    reason: closed
    msg: roadrunner response send failed
    phase: websocket_upgrade_response
=NOTICE REPORT==== 3-Sep-2026::12:30:01.718744 ===
    reason: closed
    msg: roadrunner response send failed
    phase: websocket_upgrade_response
=NOTICE REPORT==== 3-Sep-2026::12:30:01.718764 ===
    reason: closed
    msg: roadrunner response send failed
    phase: websocket_upgrade_response
=NOTICE REPORT==== 3-Sep-2026::12:30:01.718799 ===
    reason: closed
    msg: roadrunner response send failed
    phase: websocket_upgrade_response
=NOTICE REPORT==== 3-Sep-2026::12:30:01.718808 ===
    reason: closed
    msg: roadrunner response send failed
    phase: websocket_upgrade_response
=NOTICE REPORT==== 3-Sep-2026::12:30:01.718825 ===
    reason: closed
    msg: roadrunner response send failed
    phase: websocket_upgrade_response
=NOTICE REPORT==== 3-Sep-2026::12:30:01.718865 ===
    reason: closed
    msg: roadrunner response send failed
    phase: websocket_upgrade_response
=NOTICE REPORT==== 3-Sep-2026::12:30:01.718838 ===
    reason: closed
    msg: roadrunner response send failed
    phase: websocket_upgrade_response
=NOTICE REPORT==== 3-Sep-2026::12:30:01.718858 ===
    reason: closed
    msg: roadrunner response send failed
    phase: websocket_upgrade_response
=NOTICE REPORT==== 3-Sep-2026::12:30:01.718861 ===
    reason: closed
    msg: roadrunner response send failed
    phase: websocket_upgrade_response
=NOTICE REPORT==== 3-Sep-2026::12:30:01.718913 ===
    reason: closed
    msg: roadrunner response send failed
    phase: websocket_upgrade_response
=NOTICE REPORT==== 3-Sep-2026::12:30:01.718886 ===
    reason: closed
    msg: roadrunner response send failed
    phase: websocket_upgrade_response
=NOTICE REPORT==== 3-Sep-2026::12:30:01.718894 ===
    reason: closed
    msg: roadrunner response send failed
    phase: websocket_upgrade_response
=NOTICE REPORT==== 3-Sep-2026::12:30:01.718941 ===
    reason: closed
    msg: roadrunner response send failed
    phase: websocket_upgrade_response
=NOTICE REPORT==== 3-Sep-2026::12:30:01.718971 ===
    reason: closed
    msg: roadrunner response send failed
    phase: websocket_upgrade_response
=NOTICE REPORT==== 3-Sep-2026::12:30:01.718979 ===
    reason: closed
    msg: roadrunner response send failed
    phase: websocket_upgrade_response
=NOTICE REPORT==== 3-Sep-2026::12:30:01.718983 ===
    reason: closed
    msg: roadrunner response send failed
    phase: websocket_upgrade_response
=NOTICE REPORT==== 3-Sep-2026::12:30:01.718983 ===
    reason: closed
    msg: roadrunner response send failed
    phase: websocket_upgrade_response
=NOTICE REPORT==== 3-Sep-2026::12:30:01.719010 ===
    reason: closed
    msg: roadrunner response send failed
    phase: websocket_upgrade_response
=NOTICE REPORT==== 3-Sep-2026::12:30:01.719023 ===
    reason: closed
    msg: roadrunner response send failed
    phase: websocket_upgrade_response
=NOTICE REPORT==== 3-Sep-2026::12:30:01.719026 ===
    reason: closed
    msg: roadrunner response send failed
    phase: websocket_upgrade_response
=NOTICE REPORT==== 3-Sep-2026::12:30:01.719024 ===
    reason: closed
    msg: roadrunner response send failed
    phase: websocket_upgrade_response
=NOTICE REPORT==== 3-Sep-2026::12:30:01.719055 ===
    reason: closed
    msg: roadrunner response send failed
    phase: websocket_upgrade_response
=NOTICE REPORT==== 3-Sep-2026::12:30:01.719078 ===
    reason: closed
    msg: roadrunner response send failed
    phase: websocket_upgrade_response
=NOTICE REPORT==== 3-Sep-2026::12:30:01.719222 ===
    reason: closed
    msg: roadrunner response send failed
    phase: websocket_upgrade_response
=NOTICE REPORT==== 3-Sep-2026::12:30:01.719326 ===
    reason: closed
    msg: roadrunner response send failed
    phase: websocket_upgrade_response
=NOTICE REPORT==== 3-Sep-2026::12:30:01.719390 ===
    reason: closed
    msg: roadrunner response send failed
    phase: websocket_upgrade_response
=NOTICE REPORT==== 3-Sep-2026::12:30:01.719496 ===
    reason: closed
    msg: roadrunner response send failed
    phase: websocket_upgrade_response
=NOTICE REPORT==== 3-Sep-2026::12:30:01.719763 ===
    reason: closed
    msg: roadrunner response send failed
    phase: websocket_upgrade_response
=NOTICE REPORT==== 3-Sep-2026::12:30:01.719793 ===
    reason: closed
    msg: roadrunner response send failed
    phase: websocket_upgrade_response
=NOTICE REPORT==== 3-Sep-2026::12:30:01.719797 ===
    reason: closed
    msg: roadrunner response send failed
    phase: websocket_upgrade_response
=NOTICE REPORT==== 3-Sep-2026::12:30:01.719835 ===
    reason: closed
    msg: roadrunner response send failed
    phase: websocket_upgrade_response
=NOTICE REPORT==== 3-Sep-2026::12:30:01.719829 ===
    reason: closed
    msg: roadrunner response send failed
    phase: websocket_upgrade_response
=NOTICE REPORT==== 3-Sep-2026::12:30:01.719853 ===
    reason: closed
    msg: roadrunner response send failed
    phase: websocket_upgrade_response
=NOTICE REPORT==== 3-Sep-2026::12:30:01.719914 ===
    reason: closed
    msg: roadrunner response send failed
    phase: websocket_upgrade_response
=NOTICE REPORT==== 3-Sep-2026::12:30:01.719975 ===
    reason: closed
    msg: roadrunner response send failed
    phase: websocket_upgrade_response
=NOTICE REPORT==== 3-Sep-2026::12:30:01.720007 ===
    reason: closed
    msg: roadrunner response send failed
    phase: websocket_upgrade_response
=NOTICE REPORT==== 3-Sep-2026::12:30:01.720009 ===
    reason: closed
    msg: roadrunner response send failed
    phase: websocket_upgrade_response
=NOTICE REPORT==== 3-Sep-2026::12:30:01.720040 ===
    reason: closed
    msg: roadrunner response send failed
    phase: websocket_upgrade_response
=NOTICE REPORT==== 3-Sep-2026::12:30:01.720053 ===
    reason: closed
    msg: roadrunner response send failed
    phase: websocket_upgrade_response
=NOTICE REPORT==== 3-Sep-2026::12:30:01.720078 ===
    reason: closed
    msg: roadrunner response send failed
    phase: websocket_upgrade_response
=NOTICE REPORT==== 3-Sep-2026::12:30:01.720123 ===
    reason: closed
    msg: roadrunner response send failed
    phase: websocket_upgrade_response
=NOTICE REPORT==== 3-Sep-2026::12:30:01.720131 ===
    reason: closed
    msg: roadrunner response send failed
    phase: websocket_upgrade_response
=NOTICE REPORT==== 3-Sep-2026::12:30:01.720121 ===
    reason: closed
    msg: roadrunner response send failed
    phase: websocket_upgrade_response
=NOTICE REPORT==== 3-Sep-2026::12:30:01.720175 ===
    reason: closed
    msg: roadrunner response send failed
    phase: websocket_upgrade_response
=NOTICE REPORT==== 3-Sep-2026::12:30:01.720216 ===
    reason: closed
    msg: roadrunner response send failed
    phase: websocket_upgrade_response
=NOTICE REPORT==== 3-Sep-2026::12:30:01.720234 ===
    reason: closed
    msg: roadrunner response send failed
    phase: websocket_upgrade_response
=NOTICE REPORT==== 3-Sep-2026::12:30:01.720237 ===
    reason: closed
    msg: roadrunner response send failed
    phase: websocket_upgrade_response
=NOTICE REPORT==== 3-Sep-2026::12:30:01.720427 ===
    reason: closed
    msg: roadrunner response send failed
    phase: websocket_upgrade_response
=NOTICE REPORT==== 3-Sep-2026::12:30:01.720424 ===
    reason: closed
    msg: roadrunner response send failed
    phase: websocket_upgrade_response
=NOTICE REPORT==== 3-Sep-2026::12:30:01.720446 ===
    reason: closed
    msg: roadrunner response send failed
    phase: websocket_upgrade_response
=NOTICE REPORT==== 3-Sep-2026::12:30:01.720573 ===
    reason: closed
    msg: roadrunner response send failed
    phase: websocket_upgrade_response
=NOTICE REPORT==== 3-Sep-2026::12:30:01.720652 ===
    reason: closed
    msg: roadrunner response send failed
    phase: websocket_upgrade_response
=NOTICE REPORT==== 3-Sep-2026::12:30:01.720684 ===
    reason: closed
    msg: roadrunner response send failed
    phase: websocket_upgrade_response
=NOTICE REPORT==== 3-Sep-2026::12:30:01.720688 ===
    reason: closed
    msg: roadrunner response send failed
    phase: websocket_upgrade_response
=NOTICE REPORT==== 3-Sep-2026::12:30:01.720713 ===
    reason: closed
    msg: roadrunner response send failed
    phase: websocket_upgrade_response
=NOTICE REPORT==== 3-Sep-2026::12:30:01.720676 ===
    reason: closed
    msg: roadrunner response send failed
    phase: websocket_upgrade_response
=NOTICE REPORT==== 3-Sep-2026::12:30:01.720756 ===
    reason: closed
    msg: roadrunner response send failed
    phase: websocket_upgrade_response
=NOTICE REPORT==== 3-Sep-2026::12:30:01.720749 ===
    reason: closed
    msg: roadrunner response send failed
    phase: websocket_upgrade_response
=NOTICE REPORT==== 3-Sep-2026::12:30:01.720765 ===
    reason: closed
    msg: roadrunner response send failed
    phase: websocket_upgrade_response
=NOTICE REPORT==== 3-Sep-2026::12:30:01.720805 ===
    reason: closed
    msg: roadrunner response send failed
    phase: websocket_upgrade_response
=NOTICE REPORT==== 3-Sep-2026::12:30:01.720806 ===
    reason: closed
    msg: roadrunner response send failed
    phase: websocket_upgrade_response
=NOTICE REPORT==== 3-Sep-2026::12:30:01.720816 ===
    reason: closed
    msg: roadrunner response send failed
    phase: websocket_upgrade_response
=NOTICE REPORT==== 3-Sep-2026::12:30:01.720822 ===
    reason: closed
    msg: roadrunner response send failed
    phase: websocket_upgrade_response
=NOTICE REPORT==== 3-Sep-2026::12:30:01.720889 ===
    reason: closed
    msg: roadrunner response send failed
    phase: websocket_upgrade_response
=NOTICE REPORT==== 3-Sep-2026::12:30:01.720935 ===
    reason: closed
    msg: roadrunner response send failed
    phase: websocket_upgrade_response
=NOTICE REPORT==== 3-Sep-2026::12:30:01.721037 ===
    reason: closed
    msg: roadrunner response send failed
    phase: websocket_upgrade_response
=NOTICE REPORT==== 3-Sep-2026::12:30:01.721046 ===
    reason: closed
    msg: roadrunner response send failed
    phase: websocket_upgrade_response
=NOTICE REPORT==== 3-Sep-2026::12:30:01.721041 ===
    reason: closed
    msg: roadrunner response send failed
    phase: websocket_upgrade_response
=NOTICE REPORT==== 3-Sep-2026::12:30:01.721059 ===
    reason: closed
    msg: roadrunner response send failed
    phase: websocket_upgrade_response
=NOTICE REPORT==== 3-Sep-2026::12:30:01.721053 ===
    reason: closed
    msg: roadrunner response send failed
    phase: websocket_upgrade_response
=NOTICE REPORT==== 3-Sep-2026::12:30:01.721068 ===
    reason: closed
    msg: roadrunner response send failed
    phase: websocket_upgrade_response
=NOTICE REPORT==== 3-Sep-2026::12:30:01.721084 ===
    reason: closed
    msg: roadrunner response send failed
    phase: websocket_upgrade_response
=NOTICE REPORT==== 3-Sep-2026::12:30:01.721126 ===
    reason: closed
    msg: roadrunner response send failed
    phase: websocket_upgrade_response
=NOTICE REPORT==== 3-Sep-2026::12:30:01.721485 ===
    reason: closed
    msg: roadrunner response send failed
    phase: websocket_upgrade_response
=NOTICE REPORT==== 3-Sep-2026::12:30:01.721499 ===
    reason: closed
    msg: roadrunner response send failed
    phase: websocket_upgrade_response
=NOTICE REPORT==== 3-Sep-2026::12:30:01.721559 ===
    reason: closed
    msg: roadrunner response send failed
    phase: websocket_upgrade_response
=NOTICE REPORT==== 3-Sep-2026::12:30:01.721548 ===
    reason: closed
    msg: roadrunner response send failed
    phase: websocket_upgrade_response
=NOTICE REPORT==== 3-Sep-2026::12:30:01.721567 ===
    reason: closed
    msg: roadrunner response send failed
    phase: websocket_upgrade_response
=NOTICE REPORT==== 3-Sep-2026::12:30:01.721598 ===
    reason: closed
    msg: roadrunner response send failed
    phase: websocket_upgrade_response
=NOTICE REPORT==== 3-Sep-2026::12:30:01.721632 ===
    reason: closed
    msg: roadrunner response send failed
    phase: websocket_upgrade_response
=NOTICE REPORT==== 3-Sep-2026::12:30:01.721615 ===
    reason: closed
    msg: roadrunner response send failed
    phase: websocket_upgrade_response
=NOTICE REPORT==== 3-Sep-2026::12:30:01.721611 ===
    reason: closed
    msg: roadrunner response send failed
    phase: websocket_upgrade_response
=NOTICE REPORT==== 3-Sep-2026::12:30:01.721665 ===
    reason: closed
    msg: roadrunner response send failed
    phase: websocket_upgrade_response
=NOTICE REPORT==== 3-Sep-2026::12:30:01.721670 ===
    reason: closed
    msg: roadrunner response send failed
    phase: websocket_upgrade_response
=NOTICE REPORT==== 3-Sep-2026::12:30:01.721718 ===
    reason: closed
    msg: roadrunner response send failed
    phase: websocket_upgrade_response
=NOTICE REPORT==== 3-Sep-2026::12:30:01.721708 ===
    reason: closed
    msg: roadrunner response send failed
    phase: websocket_upgrade_response
=NOTICE REPORT==== 3-Sep-2026::12:30:01.721917 ===
    reason: closed
    msg: roadrunner response send failed
    phase: websocket_upgrade_response
=NOTICE REPORT==== 3-Sep-2026::12:30:01.721912 ===
    reason: closed
    msg: roadrunner response send failed
    phase: websocket_upgrade_response
=NOTICE REPORT==== 3-Sep-2026::12:30:01.721922 ===
    reason: closed
    msg: roadrunner response send failed
    phase: websocket_upgrade_response
=NOTICE REPORT==== 3-Sep-2026::12:30:01.721930 ===
    reason: closed
    msg: roadrunner response send failed
    phase: websocket_upgrade_response
=NOTICE REPORT==== 3-Sep-2026::12:30:01.721965 ===
    reason: closed
    msg: roadrunner response send failed
    phase: websocket_upgrade_response
=NOTICE REPORT==== 3-Sep-2026::12:30:01.721959 ===
    reason: closed
    msg: roadrunner response send failed
    phase: websocket_upgrade_response
=NOTICE REPORT==== 3-Sep-2026::12:30:01.722003 ===
    reason: closed
    msg: roadrunner response send failed
    phase: websocket_upgrade_response
=NOTICE REPORT==== 3-Sep-2026::12:30:01.722012 ===
    reason: closed
    msg: roadrunner response send failed
    phase: websocket_upgrade_response
=NOTICE REPORT==== 3-Sep-2026::12:30:01.721996 ===
    reason: closed
    msg: roadrunner response send failed
    phase: websocket_upgrade_response
=NOTICE REPORT==== 3-Sep-2026::12:30:01.722028 ===
    reason: closed
    msg: roadrunner response send failed
    phase: websocket_upgrade_response
=NOTICE REPORT==== 3-Sep-2026::12:30:01.722027 ===
    reason: closed
    msg: roadrunner response send failed
    phase: websocket_upgrade_response
=NOTICE REPORT==== 3-Sep-2026::12:30:01.722066 ===
    reason: closed
    msg: roadrunner response send failed
    phase: websocket_upgrade_response
=NOTICE REPORT==== 3-Sep-2026::12:30:01.722053 ===
    reason: closed
    msg: roadrunner response send failed
    phase: websocket_upgrade_response
=NOTICE REPORT==== 3-Sep-2026::12:30:01.722087 ===
    reason: closed
    msg: roadrunner response send failed
    phase: websocket_upgrade_response
=NOTICE REPORT==== 3-Sep-2026::12:30:01.722142 ===
    reason: closed
    msg: roadrunner response send failed
    phase: websocket_upgrade_response
=NOTICE REPORT==== 3-Sep-2026::12:30:01.722143 ===
    reason: closed
    msg: roadrunner response send failed
    phase: websocket_upgrade_response
=NOTICE REPORT==== 3-Sep-2026::12:30:01.722154 ===
    reason: closed
    msg: roadrunner response send failed
    phase: websocket_upgrade_response
=NOTICE REPORT==== 3-Sep-2026::12:30:01.722165 ===
    reason: closed
    msg: roadrunner response send failed
    phase: websocket_upgrade_response
=NOTICE REPORT==== 3-Sep-2026::12:30:01.722164 ===
    reason: closed
    msg: roadrunner response send failed
    phase: websocket_upgrade_response
=NOTICE REPORT==== 3-Sep-2026::12:30:01.722191 ===
    reason: closed
    msg: roadrunner response send failed
    phase: websocket_upgrade_response
=NOTICE REPORT==== 3-Sep-2026::12:30:01.722199 ===
    reason: closed
    msg: roadrunner response send failed
    phase: websocket_upgrade_response
=NOTICE REPORT==== 3-Sep-2026::12:30:01.722188 ===
    reason: closed
    msg: roadrunner response send failed
    phase: websocket_upgrade_response
=NOTICE REPORT==== 3-Sep-2026::12:30:01.722214 ===
    reason: closed
    msg: roadrunner response send failed
    phase: websocket_upgrade_response
=NOTICE REPORT==== 3-Sep-2026::12:30:01.722225 ===
    reason: closed
    msg: roadrunner response send failed
    phase: websocket_upgrade_response
=NOTICE REPORT==== 3-Sep-2026::12:30:01.722220 ===
    reason: closed
    msg: roadrunner response send failed
    phase: websocket_upgrade_response
=NOTICE REPORT==== 3-Sep-2026::12:30:01.722253 ===
    reason: closed
    msg: roadrunner response send failed
    phase: websocket_upgrade_response
=NOTICE REPORT==== 3-Sep-2026::12:30:01.722567 ===
    reason: closed
    msg: roadrunner response send failed
    phase: websocket_upgrade_response
=NOTICE REPORT==== 3-Sep-2026::12:30:01.722588 ===
    reason: closed
    msg: roadrunner response send failed
    phase: websocket_upgrade_response
=NOTICE REPORT==== 3-Sep-2026::12:30:01.722612 ===
    reason: closed
    msg: roadrunner response send failed
    phase: websocket_upgrade_response
=NOTICE REPORT==== 3-Sep-2026::12:30:01.722667 ===
    reason: closed
    msg: roadrunner response send failed
    phase: websocket_upgrade_response
=NOTICE REPORT==== 3-Sep-2026::12:30:01.722702 ===
    reason: closed
    msg: roadrunner response send failed
    phase: websocket_upgrade_response
=NOTICE REPORT==== 3-Sep-2026::12:30:01.722693 ===
    reason: closed
    msg: roadrunner response send failed
    phase: websocket_upgrade_response
=NOTICE REPORT==== 3-Sep-2026::12:30:01.722742 ===
    reason: closed
    msg: roadrunner response send failed
    phase: websocket_upgrade_response
=NOTICE REPORT==== 3-Sep-2026::12:30:01.722820 ===
    reason: closed
    msg: roadrunner response send failed
    phase: websocket_upgrade_response
=NOTICE REPORT==== 3-Sep-2026::12:30:01.722823 ===
    reason: closed
    msg: roadrunner response send failed
    phase: websocket_upgrade_response
=NOTICE REPORT==== 3-Sep-2026::12:30:01.722890 ===
    reason: closed
    msg: roadrunner response send failed
    phase: websocket_upgrade_response
=NOTICE REPORT==== 3-Sep-2026::12:30:01.722902 ===
    reason: closed
    msg: roadrunner response send failed
    phase: websocket_upgrade_response
=NOTICE REPORT==== 3-Sep-2026::12:30:01.722958 ===
    reason: closed
    msg: roadrunner response send failed
    phase: websocket_upgrade_response
=NOTICE REPORT==== 3-Sep-2026::12:30:01.722959 ===
    reason: closed
    msg: roadrunner response send failed
    phase: websocket_upgrade_response
=NOTICE REPORT==== 3-Sep-2026::12:30:01.722944 ===
    reason: closed
    msg: roadrunner response send failed
    phase: websocket_upgrade_response
=NOTICE REPORT==== 3-Sep-2026::12:30:01.722989 ===
    reason: closed
    msg: roadrunner response send failed
    phase: websocket_upgrade_response
=NOTICE REPORT==== 3-Sep-2026::12:30:01.723004 ===
    reason: closed
    msg: roadrunner response send failed
    phase: websocket_upgrade_response
=NOTICE REPORT==== 3-Sep-2026::12:30:01.723027 ===
    reason: closed
    msg: roadrunner response send failed
    phase: websocket_upgrade_response
=NOTICE REPORT==== 3-Sep-2026::12:30:01.723029 ===
    reason: closed
    msg: roadrunner response send failed
    phase: websocket_upgrade_response
=NOTICE REPORT==== 3-Sep-2026::12:30:01.723038 ===
    reason: closed
    msg: roadrunner response send failed
    phase: websocket_upgrade_response
=NOTICE REPORT==== 3-Sep-2026::12:30:01.723067 ===
    reason: closed
    msg: roadrunner response send failed
    phase: websocket_upgrade_response
=NOTICE REPORT==== 3-Sep-2026::12:30:01.723091 ===
    reason: closed
    msg: roadrunner response send failed
    phase: websocket_upgrade_response
=NOTICE REPORT==== 3-Sep-2026::12:30:01.723092 ===
    reason: closed
    msg: roadrunner response send failed
    phase: websocket_upgrade_response
=NOTICE REPORT==== 3-Sep-2026::12:30:01.723081 ===
    reason: closed
    msg: roadrunner response send failed
    phase: websocket_upgrade_response
=NOTICE REPORT==== 3-Sep-2026::12:30:01.723092 ===
    reason: closed
    msg: roadrunner response send failed
    phase: websocket_upgrade_response
=NOTICE REPORT==== 3-Sep-2026::12:30:01.723036 ===
    reason: closed
    msg: roadrunner response send failed
    phase: websocket_upgrade_response
=NOTICE REPORT==== 3-Sep-2026::12:30:01.723097 ===
    reason: closed
    msg: roadrunner response send failed
    phase: websocket_upgrade_response
=NOTICE REPORT==== 3-Sep-2026::12:30:01.723092 ===
    reason: closed
    msg: roadrunner response send failed
    phase: websocket_upgrade_response
=NOTICE REPORT==== 3-Sep-2026::12:30:01.723142 ===
    reason: closed
    msg: roadrunner response send failed
    phase: websocket_upgrade_response
=NOTICE REPORT==== 3-Sep-2026::12:30:01.723134 ===
    reason: closed
    msg: roadrunner response send failed
    phase: websocket_upgrade_response
=NOTICE REPORT==== 3-Sep-2026::12:30:01.723264 ===
    reason: closed
    msg: roadrunner response send failed
    phase: websocket_upgrade_response
=NOTICE REPORT==== 3-Sep-2026::12:30:08.942846 ===
    reason: closed
    msg: roadrunner response send failed
    phase: websocket_upgrade_response
=NOTICE REPORT==== 3-Sep-2026::12:30:08.947416 ===
    reason: closed
    msg: roadrunner response send failed
    phase: websocket_upgrade_response
=NOTICE REPORT==== 3-Sep-2026::12:30:08.947680 ===
    reason: closed
    msg: roadrunner response send failed
    phase: websocket_upgrade_response
=NOTICE REPORT==== 3-Sep-2026::12:30:08.947979 ===
    reason: closed
    msg: roadrunner response send failed
    phase: websocket_upgrade_response
=NOTICE REPORT==== 3-Sep-2026::12:30:08.950677 ===
    reason: closed
    msg: roadrunner response send failed
    phase: websocket_upgrade_response
=NOTICE REPORT==== 3-Sep-2026::12:30:08.951911 ===
    reason: closed
    msg: roadrunner response send failed
    phase: websocket_upgrade_response
=NOTICE REPORT==== 3-Sep-2026::12:30:08.953022 ===
    reason: closed
    msg: roadrunner response send failed
    phase: websocket_upgrade_response
=NOTICE REPORT==== 3-Sep-2026::12:30:08.953284 ===
    reason: closed
    msg: roadrunner response send failed
    phase: websocket_upgrade_response
=NOTICE REPORT==== 3-Sep-2026::12:30:08.953311 ===
    reason: closed
    msg: roadrunner response send failed
    phase: websocket_upgrade_response
=NOTICE REPORT==== 3-Sep-2026::12:30:08.953523 ===
    reason: closed
    msg: roadrunner response send failed
    phase: websocket_upgrade_response
=NOTICE REPORT==== 3-Sep-2026::12:30:08.953670 ===
    reason: closed
    msg: roadrunner response send failed
    phase: websocket_upgrade_response
=NOTICE REPORT==== 3-Sep-2026::12:30:08.955286 ===
    reason: closed
    msg: roadrunner response send failed
    phase: websocket_upgrade_response
=NOTICE REPORT==== 3-Sep-2026::12:30:08.955258 ===
    reason: closed
    msg: roadrunner response send failed
    phase: websocket_upgrade_response
=NOTICE REPORT==== 3-Sep-2026::12:30:08.955413 ===
    reason: closed
    msg: roadrunner response send failed
    phase: websocket_upgrade_response
=NOTICE REPORT==== 3-Sep-2026::12:30:08.955523 ===
    reason: closed
    msg: roadrunner response send failed
    phase: websocket_upgrade_response
=NOTICE REPORT==== 3-Sep-2026::12:30:08.956066 ===
    reason: closed
    msg: roadrunner response send failed
    phase: websocket_upgrade_response
=NOTICE REPORT==== 3-Sep-2026::12:30:08.959182 ===
    reason: closed
    msg: roadrunner response send failed
    phase: websocket_upgrade_response
=NOTICE REPORT==== 3-Sep-2026::12:30:08.963325 ===
    reason: closed
    msg: roadrunner response send failed
    phase: websocket_upgrade_response
=NOTICE REPORT==== 3-Sep-2026::12:30:08.965686 ===
    reason: closed
    msg: roadrunner response send failed
    phase: websocket_upgrade_response
=NOTICE REPORT==== 3-Sep-2026::12:30:08.966113 ===
    reason: closed
    msg: roadrunner response send failed
    phase: websocket_upgrade_response
=NOTICE REPORT==== 3-Sep-2026::12:30:08.966190 ===
    reason: closed
    msg: roadrunner response send failed
    phase: websocket_upgrade_response
=NOTICE REPORT==== 3-Sep-2026::12:30:08.966659 ===
    reason: closed
    msg: roadrunner response send failed
    phase: websocket_upgrade_response
=NOTICE REPORT==== 3-Sep-2026::12:30:08.967160 ===
    reason: closed
    msg: roadrunner response send failed
    phase: websocket_upgrade_response
=NOTICE REPORT==== 3-Sep-2026::12:30:08.967199 ===
    reason: closed
    msg: roadrunner response send failed
    phase: websocket_upgrade_response
=NOTICE REPORT==== 3-Sep-2026::12:30:08.967506 ===
    reason: closed
    msg: roadrunner response send failed
    phase: websocket_upgrade_response
=NOTICE REPORT==== 3-Sep-2026::12:30:08.968516 ===
    reason: closed
    msg: roadrunner response send failed
    phase: websocket_upgrade_response
=NOTICE REPORT==== 3-Sep-2026::12:30:08.968917 ===
    reason: closed
    msg: roadrunner response send failed
    phase: websocket_upgrade_response
=NOTICE REPORT==== 3-Sep-2026::12:30:08.971473 ===
    reason: closed
    msg: roadrunner response send failed
    phase: websocket_upgrade_response
=NOTICE REPORT==== 3-Sep-2026::12:30:08.972734 ===
    reason: closed
    msg: roadrunner response send failed
    phase: websocket_upgrade_response
=NOTICE REPORT==== 3-Sep-2026::12:30:08.972755 ===
    reason: closed
    msg: roadrunner response send failed
    phase: websocket_upgrade_response
=NOTICE REPORT==== 3-Sep-2026::12:30:08.972798 ===
    reason: closed
    msg: roadrunner response send failed
    phase: websocket_upgrade_response
=NOTICE REPORT==== 3-Sep-2026::12:30:08.974051 ===
    reason: closed
    msg: roadrunner response send failed
    phase: websocket_upgrade_response
=NOTICE REPORT==== 3-Sep-2026::12:30:08.974140 ===
    reason: closed
    msg: roadrunner response send failed
    phase: websocket_upgrade_response
=NOTICE REPORT==== 3-Sep-2026::12:30:08.974137 ===
    reason: closed
    msg: roadrunner response send failed
    phase: websocket_upgrade_response
=NOTICE REPORT==== 3-Sep-2026::12:30:08.974279 ===
    reason: closed
    msg: roadrunner response send failed
    phase: websocket_upgrade_response
=NOTICE REPORT==== 3-Sep-2026::12:30:08.974422 ===
    reason: closed
    msg: roadrunner response send failed
    phase: websocket_upgrade_response
=NOTICE REPORT==== 3-Sep-2026::12:30:08.974795 ===
    reason: closed
    msg: roadrunner response send failed
    phase: websocket_upgrade_response
=NOTICE REPORT==== 3-Sep-2026::12:30:08.976030 ===
    reason: closed
    msg: roadrunner response send failed
    phase: websocket_upgrade_response
=NOTICE REPORT==== 3-Sep-2026::12:30:08.976245 ===
    reason: closed
    msg: roadrunner response send failed
    phase: websocket_upgrade_response
=NOTICE REPORT==== 3-Sep-2026::12:30:08.976344 ===
    reason: closed
    msg: roadrunner response send failed
    phase: websocket_upgrade_response
=NOTICE REPORT==== 3-Sep-2026::12:30:08.976365 ===
    reason: closed
    msg: roadrunner response send failed
    phase: websocket_upgrade_response
=NOTICE REPORT==== 3-Sep-2026::12:30:08.976454 ===
    reason: closed
    msg: roadrunner response send failed
    phase: websocket_upgrade_response
=NOTICE REPORT==== 3-Sep-2026::12:30:08.976655 ===
    reason: closed
    msg: roadrunner response send failed
    phase: websocket_upgrade_response
=NOTICE REPORT==== 3-Sep-2026::12:30:08.976670 ===
    reason: closed
    msg: roadrunner response send failed
    phase: websocket_upgrade_response
=NOTICE REPORT==== 3-Sep-2026::12:30:08.976781 ===
    reason: closed
    msg: roadrunner response send failed
    phase: websocket_upgrade_response
=NOTICE REPORT==== 3-Sep-2026::12:30:08.977418 ===
    reason: closed
    msg: roadrunner response send failed
    phase: websocket_upgrade_response
=NOTICE REPORT==== 3-Sep-2026::12:30:08.977578 ===
    reason: closed
    msg: roadrunner response send failed
    phase: websocket_upgrade_response
=NOTICE REPORT==== 3-Sep-2026::12:30:08.977899 ===
    reason: closed
    msg: roadrunner response send failed
    phase: websocket_upgrade_response
=NOTICE REPORT==== 3-Sep-2026::12:30:08.979825 ===
    reason: closed
    msg: roadrunner response send failed
    phase: websocket_upgrade_response
=NOTICE REPORT==== 3-Sep-2026::12:30:08.981172 ===
    reason: closed
    msg: roadrunner response send failed
    phase: websocket_upgrade_response
=NOTICE REPORT==== 3-Sep-2026::12:30:08.981425 ===
    reason: closed
    msg: roadrunner response send failed
    phase: websocket_upgrade_response
=NOTICE REPORT==== 3-Sep-2026::12:30:08.984371 ===
    reason: closed
    msg: roadrunner response send failed
    phase: websocket_upgrade_response
=NOTICE REPORT==== 3-Sep-2026::12:30:08.984386 ===
    reason: closed
    msg: roadrunner response send failed
    phase: websocket_upgrade_response
=NOTICE REPORT==== 3-Sep-2026::12:30:08.984455 ===
    reason: closed
    msg: roadrunner response send failed
    phase: websocket_upgrade_response
=NOTICE REPORT==== 3-Sep-2026::12:30:08.985457 ===
    reason: closed
    msg: roadrunner response send failed
    phase: websocket_upgrade_response
=NOTICE REPORT==== 3-Sep-2026::12:30:08.986599 ===
    reason: closed
    msg: roadrunner response send failed
    phase: websocket_upgrade_response
=NOTICE REPORT==== 3-Sep-2026::12:30:08.986720 ===
    reason: closed
    msg: roadrunner response send failed
    phase: websocket_upgrade_response
=NOTICE REPORT==== 3-Sep-2026::12:30:08.987328 ===
    reason: closed
    msg: roadrunner response send failed
    phase: websocket_upgrade_response
=NOTICE REPORT==== 3-Sep-2026::12:30:08.987434 ===
    reason: closed
    msg: roadrunner response send failed
    phase: websocket_upgrade_response
=NOTICE REPORT==== 3-Sep-2026::12:30:08.987583 ===
    reason: closed
    msg: roadrunner response send failed
    phase: websocket_upgrade_response
=NOTICE REPORT==== 3-Sep-2026::12:30:08.988436 ===
    reason: closed
    msg: roadrunner response send failed
    phase: websocket_upgrade_response
=NOTICE REPORT==== 3-Sep-2026::12:30:08.988443 ===
    reason: closed
    msg: roadrunner response send failed
    phase: websocket_upgrade_response
=NOTICE REPORT==== 3-Sep-2026::12:30:08.988427 ===
    reason: closed
    msg: roadrunner response send failed
    phase: websocket_upgrade_response
=NOTICE REPORT==== 3-Sep-2026::12:30:08.988462 ===
    reason: closed
    msg: roadrunner response send failed
    phase: websocket_upgrade_response
=NOTICE REPORT==== 3-Sep-2026::12:30:08.989464 ===
    reason: closed
    msg: roadrunner response send failed
    phase: websocket_upgrade_response
=NOTICE REPORT==== 3-Sep-2026::12:30:08.989600 ===
    reason: closed
    msg: roadrunner response send failed
    phase: websocket_upgrade_response
=NOTICE REPORT==== 3-Sep-2026::12:30:08.990781 ===
    reason: closed
    msg: roadrunner response send failed
    phase: websocket_upgrade_response
=NOTICE REPORT==== 3-Sep-2026::12:30:08.990807 ===
    reason: closed
    msg: roadrunner response send failed
    phase: websocket_upgrade_response
=NOTICE REPORT==== 3-Sep-2026::12:30:08.990837 ===
    reason: closed
    msg: roadrunner response send failed
    phase: websocket_upgrade_response
=NOTICE REPORT==== 3-Sep-2026::12:30:08.990858 ===
    reason: closed
    msg: roadrunner response send failed
    phase: websocket_upgrade_response
=NOTICE REPORT==== 3-Sep-2026::12:30:08.991475 ===
    reason: closed
    msg: roadrunner response send failed
    phase: websocket_upgrade_response
=NOTICE REPORT==== 3-Sep-2026::12:30:08.991462 ===
    reason: closed
    msg: roadrunner response send failed
    phase: websocket_upgrade_response
=NOTICE REPORT==== 3-Sep-2026::12:30:08.991545 ===
    reason: closed
    msg: roadrunner response send failed
    phase: websocket_upgrade_response
=NOTICE REPORT==== 3-Sep-2026::12:30:08.991606 ===
    reason: closed
    msg: roadrunner response send failed
    phase: websocket_upgrade_response
=NOTICE REPORT==== 3-Sep-2026::12:30:08.991715 ===
    reason: closed
    msg: roadrunner response send failed
    phase: websocket_upgrade_response
=NOTICE REPORT==== 3-Sep-2026::12:30:08.991863 ===
    reason: closed
    msg: roadrunner response send failed
    phase: websocket_upgrade_response
=NOTICE REPORT==== 3-Sep-2026::12:30:08.992116 ===
    reason: closed
    msg: roadrunner response send failed
    phase: websocket_upgrade_response
=NOTICE REPORT==== 3-Sep-2026::12:30:08.992353 ===
    reason: closed
    msg: roadrunner response send failed
    phase: websocket_upgrade_response
=NOTICE REPORT==== 3-Sep-2026::12:30:08.993372 ===
    reason: closed
    msg: roadrunner response send failed
    phase: websocket_upgrade_response
=NOTICE REPORT==== 3-Sep-2026::12:30:08.993387 ===
    reason: closed
    msg: roadrunner response send failed
    phase: websocket_upgrade_response
=NOTICE REPORT==== 3-Sep-2026::12:30:08.993379 ===
    reason: closed
    msg: roadrunner response send failed
    phase: websocket_upgrade_response
=NOTICE REPORT==== 3-Sep-2026::12:30:08.993413 ===
    reason: closed
    msg: roadrunner response send failed
    phase: websocket_upgrade_response
=NOTICE REPORT==== 3-Sep-2026::12:30:08.993481 ===
    reason: closed
    msg: roadrunner response send failed
    phase: websocket_upgrade_response
=NOTICE REPORT==== 3-Sep-2026::12:30:08.993497 ===
    reason: closed
    msg: roadrunner response send failed
    phase: websocket_upgrade_response
=NOTICE REPORT==== 3-Sep-2026::12:30:08.993511 ===
    reason: closed
    msg: roadrunner response send failed
    phase: websocket_upgrade_response
=NOTICE REPORT==== 3-Sep-2026::12:30:08.993587 ===
    reason: closed
    msg: roadrunner response send failed
    phase: websocket_upgrade_response
=NOTICE REPORT==== 3-Sep-2026::12:30:08.993692 ===
    reason: closed
    msg: roadrunner response send failed
    phase: websocket_upgrade_response
=NOTICE REPORT==== 3-Sep-2026::12:30:08.993751 ===
    reason: closed
    msg: roadrunner response send failed
    phase: websocket_upgrade_response
=NOTICE REPORT==== 3-Sep-2026::12:30:08.993791 ===
    reason: closed
    msg: roadrunner response send failed
    phase: websocket_upgrade_response
=NOTICE REPORT==== 3-Sep-2026::12:30:08.993829 ===
    reason: closed
    msg: roadrunner response send failed
    phase: websocket_upgrade_response
=NOTICE REPORT==== 3-Sep-2026::12:30:08.993950 ===
    reason: closed
    msg: roadrunner response send failed
    phase: websocket_upgrade_response
=NOTICE REPORT==== 3-Sep-2026::12:30:08.994724 ===
    reason: closed
    msg: roadrunner response send failed
    phase: websocket_upgrade_response
=NOTICE REPORT==== 3-Sep-2026::12:30:08.994730 ===
    reason: closed
    msg: roadrunner response send failed
    phase: websocket_upgrade_response
=NOTICE REPORT==== 3-Sep-2026::12:30:08.994754 ===
    reason: closed
    msg: roadrunner response send failed
    phase: websocket_upgrade_response
=NOTICE REPORT==== 3-Sep-2026::12:30:08.994907 ===
    reason: closed
    msg: roadrunner response send failed
    phase: websocket_upgrade_response
=NOTICE REPORT==== 3-Sep-2026::12:30:08.997303 ===
    reason: closed
    msg: roadrunner response send failed
    phase: websocket_upgrade_response
=NOTICE REPORT==== 3-Sep-2026::12:30:08.997365 ===
    reason: closed
    msg: roadrunner response send failed
    phase: websocket_upgrade_response
=NOTICE REPORT==== 3-Sep-2026::12:30:08.997378 ===
    reason: closed
    msg: roadrunner response send failed
    phase: websocket_upgrade_response
=NOTICE REPORT==== 3-Sep-2026::12:30:08.997489 ===
    reason: closed
    msg: roadrunner response send failed
    phase: websocket_upgrade_response
=NOTICE REPORT==== 3-Sep-2026::12:30:08.998268 ===
    reason: closed
    msg: roadrunner response send failed
    phase: websocket_upgrade_response
=NOTICE REPORT==== 3-Sep-2026::12:30:08.998414 ===
    reason: closed
    msg: roadrunner response send failed
    phase: websocket_upgrade_response
=NOTICE REPORT==== 3-Sep-2026::12:30:08.998518 ===
    reason: closed
    msg: roadrunner response send failed
    phase: websocket_upgrade_response
=NOTICE REPORT==== 3-Sep-2026::12:30:08.998558 ===
    reason: closed
    msg: roadrunner response send failed
    phase: websocket_upgrade_response
=NOTICE REPORT==== 3-Sep-2026::12:30:08.998612 ===
    reason: closed
    msg: roadrunner response send failed
    phase: websocket_upgrade_response
=NOTICE REPORT==== 3-Sep-2026::12:30:08.998700 ===
    reason: closed
    msg: roadrunner response send failed
    phase: websocket_upgrade_response
=NOTICE REPORT==== 3-Sep-2026::12:30:08.998689 ===
    reason: closed
    msg: roadrunner response send failed
    phase: websocket_upgrade_response
=NOTICE REPORT==== 3-Sep-2026::12:30:08.998782 ===
    reason: closed
    msg: roadrunner response send failed
    phase: websocket_upgrade_response
=NOTICE REPORT==== 3-Sep-2026::12:30:08.999362 ===
    reason: closed
    msg: roadrunner response send failed
    phase: websocket_upgrade_response
=NOTICE REPORT==== 3-Sep-2026::12:30:08.999578 ===
    reason: closed
    msg: roadrunner response send failed
    phase: websocket_upgrade_response
=NOTICE REPORT==== 3-Sep-2026::12:30:08.999668 ===
    reason: closed
    msg: roadrunner response send failed
    phase: websocket_upgrade_response
=NOTICE REPORT==== 3-Sep-2026::12:30:08.999750 ===
    reason: closed
    msg: roadrunner response send failed
    phase: websocket_upgrade_response
=NOTICE REPORT==== 3-Sep-2026::12:30:08.999773 ===
    reason: closed
    msg: roadrunner response send failed
    phase: websocket_upgrade_response
=NOTICE REPORT==== 3-Sep-2026::12:30:08.999814 ===
    reason: closed
    msg: roadrunner response send failed
    phase: websocket_upgrade_response
=NOTICE REPORT==== 3-Sep-2026::12:30:08.999831 ===
    reason: closed
    msg: roadrunner response send failed
    phase: websocket_upgrade_response
=NOTICE REPORT==== 3-Sep-2026::12:30:08.999887 ===
    reason: closed
    msg: roadrunner response send failed
    phase: websocket_upgrade_response
=NOTICE REPORT==== 3-Sep-2026::12:30:09.000042 ===
    reason: closed
    msg: roadrunner response send failed
    phase: websocket_upgrade_response
=NOTICE REPORT==== 3-Sep-2026::12:30:09.000243 ===
    reason: closed
    msg: roadrunner response send failed
    phase: websocket_upgrade_response
=NOTICE REPORT==== 3-Sep-2026::12:30:09.000247 ===
    reason: closed
    msg: roadrunner response send failed
    phase: websocket_upgrade_response
=NOTICE REPORT==== 3-Sep-2026::12:30:09.000266 ===
    reason: closed
    msg: roadrunner response send failed
    phase: websocket_upgrade_response
=NOTICE REPORT==== 3-Sep-2026::12:30:09.000265 ===
    reason: closed
    msg: roadrunner response send failed
    phase: websocket_upgrade_response
=NOTICE REPORT==== 3-Sep-2026::12:30:09.000330 ===
    reason: closed
    msg: roadrunner response send failed
    phase: websocket_upgrade_response
=NOTICE REPORT==== 3-Sep-2026::12:30:09.000798 ===
    reason: closed
    msg: roadrunner response send failed
    phase: websocket_upgrade_response
=NOTICE REPORT==== 3-Sep-2026::12:30:09.000876 ===
    reason: closed
    msg: roadrunner response send failed
    phase: websocket_upgrade_response
=NOTICE REPORT==== 3-Sep-2026::12:30:09.000889 ===
    reason: closed
    msg: roadrunner response send failed
    phase: websocket_upgrade_response
=NOTICE REPORT==== 3-Sep-2026::12:30:09.000904 ===
    reason: closed
    msg: roadrunner response send failed
    phase: websocket_upgrade_response
=NOTICE REPORT==== 3-Sep-2026::12:30:09.001008 ===
    reason: closed
    msg: roadrunner response send failed
    phase: websocket_upgrade_response
=NOTICE REPORT==== 3-Sep-2026::12:30:09.001186 ===
    reason: closed
    msg: roadrunner response send failed
    phase: websocket_upgrade_response
=NOTICE REPORT==== 3-Sep-2026::12:30:09.001186 ===
    reason: closed
    msg: roadrunner response send failed
    phase: websocket_upgrade_response
=NOTICE REPORT==== 3-Sep-2026::12:30:09.001190 ===
    reason: closed
    msg: roadrunner response send failed
    phase: websocket_upgrade_response
=NOTICE REPORT==== 3-Sep-2026::12:30:09.001320 ===
    reason: closed
    msg: roadrunner response send failed
    phase: websocket_upgrade_response
=NOTICE REPORT==== 3-Sep-2026::12:30:09.001446 ===
    reason: closed
    msg: roadrunner response send failed
    phase: websocket_upgrade_response
=NOTICE REPORT==== 3-Sep-2026::12:30:09.001652 ===
    reason: closed
    msg: roadrunner response send failed
    phase: websocket_upgrade_response
=NOTICE REPORT==== 3-Sep-2026::12:30:09.001720 ===
    reason: closed
    msg: roadrunner response send failed
    phase: websocket_upgrade_response
=NOTICE REPORT==== 3-Sep-2026::12:30:09.001799 ===
    reason: closed
    msg: roadrunner response send failed
    phase: websocket_upgrade_response
=NOTICE REPORT==== 3-Sep-2026::12:30:09.001829 ===
    reason: closed
    msg: roadrunner response send failed
    phase: websocket_upgrade_response
=NOTICE REPORT==== 3-Sep-2026::12:30:09.001916 ===
    reason: closed
    msg: roadrunner response send failed
    phase: websocket_upgrade_response
=NOTICE REPORT==== 3-Sep-2026::12:30:09.002008 ===
    reason: closed
    msg: roadrunner response send failed
    phase: websocket_upgrade_response
=NOTICE REPORT==== 3-Sep-2026::12:30:09.002029 ===
    reason: closed
    msg: roadrunner response send failed
    phase: websocket_upgrade_response
=NOTICE REPORT==== 3-Sep-2026::12:30:09.002039 ===
    reason: closed
    msg: roadrunner response send failed
    phase: websocket_upgrade_response
=NOTICE REPORT==== 3-Sep-2026::12:30:09.002780 ===
    reason: closed
    msg: roadrunner response send failed
    phase: websocket_upgrade_response
=NOTICE REPORT==== 3-Sep-2026::12:30:09.002811 ===
    reason: closed
    msg: roadrunner response send failed
    phase: websocket_upgrade_response
=NOTICE REPORT==== 3-Sep-2026::12:30:09.002813 ===
    reason: closed
    msg: roadrunner response send failed
    phase: websocket_upgrade_response
=NOTICE REPORT==== 3-Sep-2026::12:30:09.002857 ===
    reason: closed
    msg: roadrunner response send failed
    phase: websocket_upgrade_response
=NOTICE REPORT==== 3-Sep-2026::12:30:09.002925 ===
    reason: closed
    msg: roadrunner response send failed
    phase: websocket_upgrade_response
=NOTICE REPORT==== 3-Sep-2026::12:30:09.002976 ===
    reason: closed
    msg: roadrunner response send failed
    phase: websocket_upgrade_response
=NOTICE REPORT==== 3-Sep-2026::12:30:09.002996 ===
    reason: closed
    msg: roadrunner response send failed
    phase: websocket_upgrade_response
=NOTICE REPORT==== 3-Sep-2026::12:30:09.003037 ===
    reason: closed
    msg: roadrunner response send failed
    phase: websocket_upgrade_response
=NOTICE REPORT==== 3-Sep-2026::12:30:09.003070 ===
    reason: closed
    msg: roadrunner response send failed
    phase: websocket_upgrade_response
=NOTICE REPORT==== 3-Sep-2026::12:30:09.003109 ===
    reason: closed
    msg: roadrunner response send failed
    phase: websocket_upgrade_response
=NOTICE REPORT==== 3-Sep-2026::12:30:09.003102 ===
    reason: closed
    msg: roadrunner response send failed
    phase: websocket_upgrade_response
=NOTICE REPORT==== 3-Sep-2026::12:30:09.003189 ===
    reason: closed
    msg: roadrunner response send failed
    phase: websocket_upgrade_response
=NOTICE REPORT==== 3-Sep-2026::12:30:09.003155 ===
    reason: closed
    msg: roadrunner response send failed
    phase: websocket_upgrade_response
=NOTICE REPORT==== 3-Sep-2026::12:30:09.003200 ===
    reason: closed
    msg: roadrunner response send failed
    phase: websocket_upgrade_response
=NOTICE REPORT==== 3-Sep-2026::12:30:09.003220 ===
    reason: closed
    msg: roadrunner response send failed
    phase: websocket_upgrade_response
=NOTICE REPORT==== 3-Sep-2026::12:30:09.003238 ===
    reason: closed
    msg: roadrunner response send failed
    phase: websocket_upgrade_response
=NOTICE REPORT==== 3-Sep-2026::12:30:09.003258 ===
    reason: closed
    msg: roadrunner response send failed
    phase: websocket_upgrade_response
=NOTICE REPORT==== 3-Sep-2026::12:30:09.003251 ===
    reason: closed
    msg: roadrunner response send failed
    phase: websocket_upgrade_response
=NOTICE REPORT==== 3-Sep-2026::12:30:09.003266 ===
    reason: closed
    msg: roadrunner response send failed
    phase: websocket_upgrade_response
=NOTICE REPORT==== 3-Sep-2026::12:30:09.003330 ===
    reason: closed
    msg: roadrunner response send failed
    phase: websocket_upgrade_response
=NOTICE REPORT==== 3-Sep-2026::12:30:09.003338 ===
    reason: closed
    msg: roadrunner response send failed
    phase: websocket_upgrade_response
=NOTICE REPORT==== 3-Sep-2026::12:30:09.003326 ===
    reason: closed
    msg: roadrunner response send failed
    phase: websocket_upgrade_response
=NOTICE REPORT==== 3-Sep-2026::12:30:09.003361 ===
    reason: closed
    msg: roadrunner response send failed
    phase: websocket_upgrade_response
=NOTICE REPORT==== 3-Sep-2026::12:30:09.003433 ===
    reason: closed
    msg: roadrunner response send failed
    phase: websocket_upgrade_response
=NOTICE REPORT==== 3-Sep-2026::12:30:09.003569 ===
    reason: closed
    msg: roadrunner response send failed
    phase: websocket_upgrade_response
=NOTICE REPORT==== 3-Sep-2026::12:30:09.003591 ===
    reason: closed
    msg: roadrunner response send failed
    phase: websocket_upgrade_response
=NOTICE REPORT==== 3-Sep-2026::12:30:09.003614 ===
    reason: closed
    msg: roadrunner response send failed
    phase: websocket_upgrade_response
=NOTICE REPORT==== 3-Sep-2026::12:30:09.003648 ===
    reason: closed
    msg: roadrunner response send failed
    phase: websocket_upgrade_response
=NOTICE REPORT==== 3-Sep-2026::12:30:09.003682 ===
    reason: closed
    msg: roadrunner response send failed
    phase: websocket_upgrade_response
=NOTICE REPORT==== 3-Sep-2026::12:30:09.003681 ===
    reason: closed
    msg: roadrunner response send failed
    phase: websocket_upgrade_response
=NOTICE REPORT==== 3-Sep-2026::12:30:09.003727 ===
    reason: closed
    msg: roadrunner response send failed
    phase: websocket_upgrade_response
=NOTICE REPORT==== 3-Sep-2026::12:30:09.003741 ===
    reason: closed
    msg: roadrunner response send failed
    phase: websocket_upgrade_response
=NOTICE REPORT==== 3-Sep-2026::12:30:09.003811 ===
    reason: closed
    msg: roadrunner response send failed
    phase: websocket_upgrade_response
=NOTICE REPORT==== 3-Sep-2026::12:30:09.003880 ===
    reason: closed
    msg: roadrunner response send failed
    phase: websocket_upgrade_response
=NOTICE REPORT==== 3-Sep-2026::12:30:09.003888 ===
    reason: closed
    msg: roadrunner response send failed
    phase: websocket_upgrade_response
=NOTICE REPORT==== 3-Sep-2026::12:30:09.003923 ===
    reason: closed
    msg: roadrunner response send failed
    phase: websocket_upgrade_response
=NOTICE REPORT==== 3-Sep-2026::12:30:09.004033 ===
    reason: closed
    msg: roadrunner response send failed
    phase: websocket_upgrade_response
=NOTICE REPORT==== 3-Sep-2026::12:30:09.004058 ===
    reason: closed
    msg: roadrunner response send failed
    phase: websocket_upgrade_response
=NOTICE REPORT==== 3-Sep-2026::12:30:09.004149 ===
    reason: closed
    msg: roadrunner response send failed
    phase: websocket_upgrade_response
=NOTICE REPORT==== 3-Sep-2026::12:30:09.004163 ===
    reason: closed
    msg: roadrunner response send failed
    phase: websocket_upgrade_response
=NOTICE REPORT==== 3-Sep-2026::12:30:09.004258 ===
    reason: closed
    msg: roadrunner response send failed
    phase: websocket_upgrade_response
=NOTICE REPORT==== 3-Sep-2026::12:30:09.004284 ===
    reason: closed
    msg: roadrunner response send failed
    phase: websocket_upgrade_response
=NOTICE REPORT==== 3-Sep-2026::12:30:09.004301 ===
    reason: closed
    msg: roadrunner response send failed
    phase: websocket_upgrade_response
=NOTICE REPORT==== 3-Sep-2026::12:30:09.004307 ===
    reason: closed
    msg: roadrunner response send failed
    phase: websocket_upgrade_response
=NOTICE REPORT==== 3-Sep-2026::12:30:09.004364 ===
    reason: closed
    msg: roadrunner response send failed
    phase: websocket_upgrade_response
=NOTICE REPORT==== 3-Sep-2026::12:30:09.004357 ===
    reason: closed
    msg: roadrunner response send failed
    phase: websocket_upgrade_response
=NOTICE REPORT==== 3-Sep-2026::12:30:09.004409 ===
    reason: closed
    msg: roadrunner response send failed
    phase: websocket_upgrade_response
=NOTICE REPORT==== 3-Sep-2026::12:30:09.004438 ===
    reason: closed
    msg: roadrunner response send failed
    phase: websocket_upgrade_response
=NOTICE REPORT==== 3-Sep-2026::12:30:09.004454 ===
    reason: closed
    msg: roadrunner response send failed
    phase: websocket_upgrade_response
=NOTICE REPORT==== 3-Sep-2026::12:30:09.004479 ===
    reason: closed
    msg: roadrunner response send failed
    phase: websocket_upgrade_response
=NOTICE REPORT==== 3-Sep-2026::12:30:09.004478 ===
    reason: closed
    msg: roadrunner response send failed
    phase: websocket_upgrade_response
=NOTICE REPORT==== 3-Sep-2026::12:30:09.004552 ===
    reason: closed
    msg: roadrunner response send failed
    phase: websocket_upgrade_response
=NOTICE REPORT==== 3-Sep-2026::12:30:09.004574 ===
    reason: closed
    msg: roadrunner response send failed
    phase: websocket_upgrade_response
=NOTICE REPORT==== 3-Sep-2026::12:30:09.004593 ===
    reason: closed
    msg: roadrunner response send failed
    phase: websocket_upgrade_response
=NOTICE REPORT==== 3-Sep-2026::12:30:09.004633 ===
    reason: closed
    msg: roadrunner response send failed
    phase: websocket_upgrade_response
=NOTICE REPORT==== 3-Sep-2026::12:30:09.004616 ===
    reason: closed
    msg: roadrunner response send failed
    phase: websocket_upgrade_response
=NOTICE REPORT==== 3-Sep-2026::12:30:09.004665 ===
    reason: closed
    msg: roadrunner response send failed
    phase: websocket_upgrade_response
=NOTICE REPORT==== 3-Sep-2026::12:30:09.004687 ===
    reason: closed
    msg: roadrunner response send failed
    phase: websocket_upgrade_response
=NOTICE REPORT==== 3-Sep-2026::12:30:09.004705 ===
    reason: closed
    msg: roadrunner response send failed
    phase: websocket_upgrade_response
=NOTICE REPORT==== 3-Sep-2026::12:30:09.004748 ===
    reason: closed
    msg: roadrunner response send failed
    phase: websocket_upgrade_response
=NOTICE REPORT==== 3-Sep-2026::12:30:09.004720 ===
    reason: closed
    msg: roadrunner response send failed
    phase: websocket_upgrade_response
=NOTICE REPORT==== 3-Sep-2026::12:30:09.004759 ===
    reason: closed
    msg: roadrunner response send failed
    phase: websocket_upgrade_response
=NOTICE REPORT==== 3-Sep-2026::12:30:09.004815 ===
    reason: closed
    msg: roadrunner response send failed
    phase: websocket_upgrade_response
=NOTICE REPORT==== 3-Sep-2026::12:30:09.004845 ===
    reason: closed
    msg: roadrunner response send failed
    phase: websocket_upgrade_response
=NOTICE REPORT==== 3-Sep-2026::12:30:09.004865 ===
    reason: closed
    msg: roadrunner response send failed
    phase: websocket_upgrade_response
=NOTICE REPORT==== 3-Sep-2026::12:30:09.004902 ===
    reason: closed
    msg: roadrunner response send failed
    phase: websocket_upgrade_response
=NOTICE REPORT==== 3-Sep-2026::12:30:09.005001 ===
    reason: closed
    msg: roadrunner response send failed
    phase: websocket_upgrade_response
=NOTICE REPORT==== 3-Sep-2026::12:30:09.005032 ===
    reason: closed
    msg: roadrunner response send failed
    phase: websocket_upgrade_response
=NOTICE REPORT==== 3-Sep-2026::12:30:09.005046 ===
    reason: closed
    msg: roadrunner response send failed
    phase: websocket_upgrade_response
=NOTICE REPORT==== 3-Sep-2026::12:30:09.005046 ===
    reason: closed
    msg: roadrunner response send failed
    phase: websocket_upgrade_response
=NOTICE REPORT==== 3-Sep-2026::12:30:09.005072 ===
    reason: closed
    msg: roadrunner response send failed
    phase: websocket_upgrade_response
=NOTICE REPORT==== 3-Sep-2026::12:30:09.005083 ===
    reason: closed
    msg: roadrunner response send failed
    phase: websocket_upgrade_response
=NOTICE REPORT==== 3-Sep-2026::12:30:09.005104 ===
    reason: closed
    msg: roadrunner response send failed
    phase: websocket_upgrade_response
=NOTICE REPORT==== 3-Sep-2026::12:30:09.005110 ===
    reason: closed
    msg: roadrunner response send failed
    phase: websocket_upgrade_response
=NOTICE REPORT==== 3-Sep-2026::12:30:09.005114 ===
    reason: closed
    msg: roadrunner response send failed
    phase: websocket_upgrade_response
=NOTICE REPORT==== 3-Sep-2026::12:30:09.005135 ===
    reason: closed
    msg: roadrunner response send failed
    phase: websocket_upgrade_response
=NOTICE REPORT==== 3-Sep-2026::12:30:09.005231 ===
    reason: closed
    msg: roadrunner response send failed
    phase: websocket_upgrade_response
=NOTICE REPORT==== 3-Sep-2026::12:30:09.005244 ===
    reason: closed
    msg: roadrunner response send failed
    phase: websocket_upgrade_response
=NOTICE REPORT==== 3-Sep-2026::12:30:09.005225 ===
    reason: closed
    msg: roadrunner response send failed
    phase: websocket_upgrade_response
=NOTICE REPORT==== 3-Sep-2026::12:30:09.005255 ===
    reason: closed
    msg: roadrunner response send failed
    phase: websocket_upgrade_response
=NOTICE REPORT==== 3-Sep-2026::12:30:09.005274 ===
    reason: closed
    msg: roadrunner response send failed
    phase: websocket_upgrade_response
=NOTICE REPORT==== 3-Sep-2026::12:30:09.005270 ===
    reason: closed
    msg: roadrunner response send failed
    phase: websocket_upgrade_response
=NOTICE REPORT==== 3-Sep-2026::12:30:09.005304 ===
    reason: closed
    msg: roadrunner response send failed
    phase: websocket_upgrade_response
=NOTICE REPORT==== 3-Sep-2026::12:30:09.005324 ===
    reason: closed
    msg: roadrunner response send failed
    phase: websocket_upgrade_response
=NOTICE REPORT==== 3-Sep-2026::12:30:09.005373 ===
    reason: closed
    msg: roadrunner response send failed
    phase: websocket_upgrade_response
=NOTICE REPORT==== 3-Sep-2026::12:30:09.005396 ===
    reason: closed
    msg: roadrunner response send failed
    phase: websocket_upgrade_response
=NOTICE REPORT==== 3-Sep-2026::12:30:09.005470 ===
    reason: closed
    msg: roadrunner response send failed
    phase: websocket_upgrade_response
=NOTICE REPORT==== 3-Sep-2026::12:30:09.005517 ===
    reason: closed
    msg: roadrunner response send failed
    phase: websocket_upgrade_response
=NOTICE REPORT==== 3-Sep-2026::12:30:09.005563 ===
    reason: closed
    msg: roadrunner response send failed
    phase: websocket_upgrade_response
=NOTICE REPORT==== 3-Sep-2026::12:30:09.005547 ===
    reason: closed
    msg: roadrunner response send failed
    phase: websocket_upgrade_response
=NOTICE REPORT==== 3-Sep-2026::12:30:09.005548 ===
    reason: closed
    msg: roadrunner response send failed
    phase: websocket_upgrade_response
=NOTICE REPORT==== 3-Sep-2026::12:30:09.005517 ===
    reason: closed
    msg: roadrunner response send failed
    phase: websocket_upgrade_response
=NOTICE REPORT==== 3-Sep-2026::12:30:09.005524 ===
    reason: closed
    msg: roadrunner response send failed
    phase: websocket_upgrade_response
=NOTICE REPORT==== 3-Sep-2026::12:30:09.005632 ===
    reason: closed
    msg: roadrunner response send failed
    phase: websocket_upgrade_response
=NOTICE REPORT==== 3-Sep-2026::12:30:09.005744 ===
    reason: closed
    msg: roadrunner response send failed
    phase: websocket_upgrade_response
=NOTICE REPORT==== 3-Sep-2026::12:30:09.005807 ===
    reason: closed
    msg: roadrunner response send failed
    phase: websocket_upgrade_response
=NOTICE REPORT==== 3-Sep-2026::12:30:09.005817 ===
    reason: closed
    msg: roadrunner response send failed
    phase: websocket_upgrade_response
=NOTICE REPORT==== 3-Sep-2026::12:30:09.005865 ===
    reason: closed
    msg: roadrunner response send failed
    phase: websocket_upgrade_response
=NOTICE REPORT==== 3-Sep-2026::12:30:09.005910 ===
    reason: closed
    msg: roadrunner response send failed
    phase: websocket_upgrade_response
=NOTICE REPORT==== 3-Sep-2026::12:30:09.005911 ===
    reason: closed
    msg: roadrunner response send failed
    phase: websocket_upgrade_response
=NOTICE REPORT==== 3-Sep-2026::12:30:09.005999 ===
    reason: closed
    msg: roadrunner response send failed
    phase: websocket_upgrade_response
=NOTICE REPORT==== 3-Sep-2026::12:30:09.006006 ===
    reason: closed
    msg: roadrunner response send failed
    phase: websocket_upgrade_response
=NOTICE REPORT==== 3-Sep-2026::12:30:09.006021 ===
    reason: closed
    msg: roadrunner response send failed
    phase: websocket_upgrade_response
=NOTICE REPORT==== 3-Sep-2026::12:30:09.006060 ===
    reason: closed
    msg: roadrunner response send failed
    phase: websocket_upgrade_response
=NOTICE REPORT==== 3-Sep-2026::12:30:09.006075 ===
    reason: closed
    msg: roadrunner response send failed
    phase: websocket_upgrade_response
=NOTICE REPORT==== 3-Sep-2026::12:30:09.006218 ===
    reason: closed
    msg: roadrunner response send failed
    phase: websocket_upgrade_response
=NOTICE REPORT==== 3-Sep-2026::12:30:09.006312 ===
    reason: closed
    msg: roadrunner response send failed
    phase: websocket_upgrade_response
=NOTICE REPORT==== 3-Sep-2026::12:30:09.006365 ===
    reason: closed
    msg: roadrunner response send failed
    phase: websocket_upgrade_response
=NOTICE REPORT==== 3-Sep-2026::12:30:09.006459 ===
    reason: closed
    msg: roadrunner response send failed
    phase: websocket_upgrade_response
=NOTICE REPORT==== 3-Sep-2026::12:30:09.006463 ===
    reason: closed
    msg: roadrunner response send failed
    phase: websocket_upgrade_response
=NOTICE REPORT==== 3-Sep-2026::12:30:09.006476 ===
    reason: closed
    msg: roadrunner response send failed
    phase: websocket_upgrade_response
=NOTICE REPORT==== 3-Sep-2026::12:30:09.006505 ===
    reason: closed
    msg: roadrunner response send failed
    phase: websocket_upgrade_response
=NOTICE REPORT==== 3-Sep-2026::12:30:09.006567 ===
    reason: closed
    msg: roadrunner response send failed
    phase: websocket_upgrade_response
=NOTICE REPORT==== 3-Sep-2026::12:30:09.006576 ===
    reason: closed
    msg: roadrunner response send failed
    phase: websocket_upgrade_response
=NOTICE REPORT==== 3-Sep-2026::12:30:09.006601 ===
    reason: closed
    msg: roadrunner response send failed
    phase: websocket_upgrade_response
=NOTICE REPORT==== 3-Sep-2026::12:30:09.006679 ===
    reason: closed
    msg: roadrunner response send failed
    phase: websocket_upgrade_response
=NOTICE REPORT==== 3-Sep-2026::12:30:09.006718 ===
    reason: closed
    msg: roadrunner response send failed
    phase: websocket_upgrade_response
=NOTICE REPORT==== 3-Sep-2026::12:30:09.006710 ===
    reason: closed
    msg: roadrunner response send failed
    phase: websocket_upgrade_response
=NOTICE REPORT==== 3-Sep-2026::12:30:09.006755 ===
    reason: closed
    msg: roadrunner response send failed
    phase: websocket_upgrade_response
=NOTICE REPORT==== 3-Sep-2026::12:30:09.006829 ===
    reason: closed
    msg: roadrunner response send failed
    phase: websocket_upgrade_response
=NOTICE REPORT==== 3-Sep-2026::12:30:09.006866 ===
    reason: closed
    msg: roadrunner response send failed
    phase: websocket_upgrade_response
=NOTICE REPORT==== 3-Sep-2026::12:30:09.006880 ===
    reason: closed
    msg: roadrunner response send failed
    phase: websocket_upgrade_response
=NOTICE REPORT==== 3-Sep-2026::12:30:09.006926 ===
    reason: closed
    msg: roadrunner response send failed
    phase: websocket_upgrade_response
=NOTICE REPORT==== 3-Sep-2026::12:30:09.006991 ===
    reason: closed
    msg: roadrunner response send failed
    phase: websocket_upgrade_response
=NOTICE REPORT==== 3-Sep-2026::12:30:09.007000 ===
    reason: closed
    msg: roadrunner response send failed
    phase: websocket_upgrade_response
=NOTICE REPORT==== 3-Sep-2026::12:30:09.007014 ===
    reason: closed
    msg: roadrunner response send failed
    phase: websocket_upgrade_response
=NOTICE REPORT==== 3-Sep-2026::12:30:09.007029 ===
    reason: closed
    msg: roadrunner response send failed
    phase: websocket_upgrade_response
=NOTICE REPORT==== 3-Sep-2026::12:30:09.007031 ===
    reason: closed
    msg: roadrunner response send failed
    phase: websocket_upgrade_response
=NOTICE REPORT==== 3-Sep-2026::12:30:09.007096 ===
    reason: closed
    msg: roadrunner response send failed
    phase: websocket_upgrade_response
=NOTICE REPORT==== 3-Sep-2026::12:30:09.007100 ===
    reason: closed
    msg: roadrunner response send failed
    phase: websocket_upgrade_response
=NOTICE REPORT==== 3-Sep-2026::12:30:09.007145 ===
    reason: closed
    msg: roadrunner response send failed
    phase: websocket_upgrade_response
=NOTICE REPORT==== 3-Sep-2026::12:30:09.007177 ===
    reason: closed
    msg: roadrunner response send failed
    phase: websocket_upgrade_response
=NOTICE REPORT==== 3-Sep-2026::12:30:09.007166 ===
    reason: closed
    msg: roadrunner response send failed
    phase: websocket_upgrade_response
=NOTICE REPORT==== 3-Sep-2026::12:30:09.007159 ===
    reason: closed
    msg: roadrunner response send failed
    phase: websocket_upgrade_response
=NOTICE REPORT==== 3-Sep-2026::12:30:09.007213 ===
    reason: closed
    msg: roadrunner response send failed
    phase: websocket_upgrade_response
=NOTICE REPORT==== 3-Sep-2026::12:30:09.007234 ===
    reason: closed
    msg: roadrunner response send failed
    phase: websocket_upgrade_response
=NOTICE REPORT==== 3-Sep-2026::12:30:09.007304 ===
    reason: closed
    msg: roadrunner response send failed
    phase: websocket_upgrade_response
=NOTICE REPORT==== 3-Sep-2026::12:30:09.007287 ===
    reason: closed
    msg: roadrunner response send failed
    phase: websocket_upgrade_response
=NOTICE REPORT==== 3-Sep-2026::12:30:09.007341 ===
    reason: closed
    msg: roadrunner response send failed
    phase: websocket_upgrade_response
=NOTICE REPORT==== 3-Sep-2026::12:30:09.007346 ===
    reason: closed
    msg: roadrunner response send failed
    phase: websocket_upgrade_response
=NOTICE REPORT==== 3-Sep-2026::12:30:09.007346 ===
    reason: closed
    msg: roadrunner response send failed
    phase: websocket_upgrade_response
=NOTICE REPORT==== 3-Sep-2026::12:30:09.007378 ===
    reason: closed
    msg: roadrunner response send failed
    phase: websocket_upgrade_response
=NOTICE REPORT==== 3-Sep-2026::12:30:09.007406 ===
    reason: closed
    msg: roadrunner response send failed
    phase: websocket_upgrade_response
=NOTICE REPORT==== 3-Sep-2026::12:30:09.007410 ===
    reason: closed
    msg: roadrunner response send failed
    phase: websocket_upgrade_response
=NOTICE REPORT==== 3-Sep-2026::12:30:09.007427 ===
    reason: closed
    msg: roadrunner response send failed
    phase: websocket_upgrade_response
=NOTICE REPORT==== 3-Sep-2026::12:30:09.007432 ===
    reason: closed
    msg: roadrunner response send failed
    phase: websocket_upgrade_response
=NOTICE REPORT==== 3-Sep-2026::12:30:09.007449 ===
    reason: closed
    msg: roadrunner response send failed
    phase: websocket_upgrade_response
=NOTICE REPORT==== 3-Sep-2026::12:30:09.007473 ===
    reason: closed
    msg: roadrunner response send failed
    phase: websocket_upgrade_response
=NOTICE REPORT==== 3-Sep-2026::12:30:09.007472 ===
    reason: closed
    msg: roadrunner response send failed
    phase: websocket_upgrade_response
=NOTICE REPORT==== 3-Sep-2026::12:30:09.007491 ===
    reason: closed
    msg: roadrunner response send failed
    phase: websocket_upgrade_response
=NOTICE REPORT==== 3-Sep-2026::12:30:09.007540 ===
    reason: closed
    msg: roadrunner response send failed
    phase: websocket_upgrade_response
=NOTICE REPORT==== 3-Sep-2026::12:30:09.007529 ===
    reason: closed
    msg: roadrunner response send failed
    phase: websocket_upgrade_response
=NOTICE REPORT==== 3-Sep-2026::12:30:09.007551 ===
    reason: closed
    msg: roadrunner response send failed
    phase: websocket_upgrade_response
=NOTICE REPORT==== 3-Sep-2026::12:30:09.007562 ===
    reason: closed
    msg: roadrunner response send failed
    phase: websocket_upgrade_response
=NOTICE REPORT==== 3-Sep-2026::12:30:09.007577 ===
    reason: closed
    msg: roadrunner response send failed
    phase: websocket_upgrade_response
=NOTICE REPORT==== 3-Sep-2026::12:30:09.007591 ===
    reason: closed
    msg: roadrunner response send failed
    phase: websocket_upgrade_response
=NOTICE REPORT==== 3-Sep-2026::12:30:09.007587 ===
    reason: closed
    msg: roadrunner response send failed
    phase: websocket_upgrade_response
=NOTICE REPORT==== 3-Sep-2026::12:30:09.007633 ===
    reason: closed
    msg: roadrunner response send failed
    phase: websocket_upgrade_response
=NOTICE REPORT==== 3-Sep-2026::12:30:09.007727 ===
    reason: closed
    msg: roadrunner response send failed
    phase: websocket_upgrade_response
=NOTICE REPORT==== 3-Sep-2026::12:30:09.007840 ===
    reason: closed
    msg: roadrunner response send failed
    phase: websocket_upgrade_response
=NOTICE REPORT==== 3-Sep-2026::12:30:09.007861 ===
    reason: closed
    msg: roadrunner response send failed
    phase: websocket_upgrade_response
=NOTICE REPORT==== 3-Sep-2026::12:30:09.008014 ===
    reason: closed
    msg: roadrunner response send failed
    phase: websocket_upgrade_response
=NOTICE REPORT==== 3-Sep-2026::12:30:09.008091 ===
    reason: closed
    msg: roadrunner response send failed
    phase: websocket_upgrade_response
=NOTICE REPORT==== 3-Sep-2026::12:30:09.008201 ===
    reason: closed
    msg: roadrunner response send failed
    phase: websocket_upgrade_response
=NOTICE REPORT==== 3-Sep-2026::12:30:09.008233 ===
    reason: closed
    msg: roadrunner response send failed
    phase: websocket_upgrade_response
=NOTICE REPORT==== 3-Sep-2026::12:30:09.008231 ===
    reason: closed
    msg: roadrunner response send failed
    phase: websocket_upgrade_response
=NOTICE REPORT==== 3-Sep-2026::12:30:09.008270 ===
    reason: closed
    msg: roadrunner response send failed
    phase: websocket_upgrade_response
=NOTICE REPORT==== 3-Sep-2026::12:30:09.008244 ===
    reason: closed
    msg: roadrunner response send failed
    phase: websocket_upgrade_response
=NOTICE REPORT==== 3-Sep-2026::12:30:09.008267 ===
    reason: closed
    msg: roadrunner response send failed
    phase: websocket_upgrade_response
=NOTICE REPORT==== 3-Sep-2026::12:30:09.008334 ===
    reason: closed
    msg: roadrunner response send failed
    phase: websocket_upgrade_response
=NOTICE REPORT==== 3-Sep-2026::12:30:09.008448 ===
    reason: closed
    msg: roadrunner response send failed
    phase: websocket_upgrade_response
=NOTICE REPORT==== 3-Sep-2026::12:30:09.008445 ===
    reason: closed
    msg: roadrunner response send failed
    phase: websocket_upgrade_response
=NOTICE REPORT==== 3-Sep-2026::12:30:09.008544 ===
    reason: closed
    msg: roadrunner response send failed
    phase: websocket_upgrade_response
=NOTICE REPORT==== 3-Sep-2026::12:30:09.008585 ===
    reason: closed
    msg: roadrunner response send failed
    phase: websocket_upgrade_response
=NOTICE REPORT==== 3-Sep-2026::12:30:09.008605 ===
    reason: closed
    msg: roadrunner response send failed
    phase: websocket_upgrade_response
=NOTICE REPORT==== 3-Sep-2026::12:30:09.008745 ===
    reason: closed
    msg: roadrunner response send failed
    phase: websocket_upgrade_response
=NOTICE REPORT==== 3-Sep-2026::12:30:09.008817 ===
    reason: closed
    msg: roadrunner response send failed
    phase: websocket_upgrade_response
=NOTICE REPORT==== 3-Sep-2026::12:30:09.008834 ===
    reason: closed
    msg: roadrunner response send failed
    phase: websocket_upgrade_response
=NOTICE REPORT==== 3-Sep-2026::12:30:09.008846 ===
    reason: closed
    msg: roadrunner response send failed
    phase: websocket_upgrade_response
=NOTICE REPORT==== 3-Sep-2026::12:30:09.008860 ===
    reason: closed
    msg: roadrunner response send failed
    phase: websocket_upgrade_response
=NOTICE REPORT==== 3-Sep-2026::12:30:09.008894 ===
    reason: closed
    msg: roadrunner response send failed
    phase: websocket_upgrade_response
=NOTICE REPORT==== 3-Sep-2026::12:30:09.008890 ===
    reason: closed
    msg: roadrunner response send failed
    phase: websocket_upgrade_response
=NOTICE REPORT==== 3-Sep-2026::12:30:09.008956 ===
    reason: closed
    msg: roadrunner response send failed
    phase: websocket_upgrade_response
=NOTICE REPORT==== 3-Sep-2026::12:30:09.008956 ===
    reason: closed
    msg: roadrunner response send failed
    phase: websocket_upgrade_response
=NOTICE REPORT==== 3-Sep-2026::12:30:09.008970 ===
    reason: closed
    msg: roadrunner response send failed
    phase: websocket_upgrade_response
=NOTICE REPORT==== 3-Sep-2026::12:30:09.008996 ===
    reason: closed
    msg: roadrunner response send failed
    phase: websocket_upgrade_response
=NOTICE REPORT==== 3-Sep-2026::12:30:09.009003 ===
    reason: closed
    msg: roadrunner response send failed
    phase: websocket_upgrade_response
=NOTICE REPORT==== 3-Sep-2026::12:30:09.009007 ===
    reason: closed
    msg: roadrunner response send failed
    phase: websocket_upgrade_response
=NOTICE REPORT==== 3-Sep-2026::12:30:09.009027 ===
    reason: closed
    msg: roadrunner response send failed
    phase: websocket_upgrade_response
=NOTICE REPORT==== 3-Sep-2026::12:30:09.009069 ===
    reason: closed
    msg: roadrunner response send failed
    phase: websocket_upgrade_response
=NOTICE REPORT==== 3-Sep-2026::12:30:09.009120 ===
    reason: closed
    msg: roadrunner response send failed
    phase: websocket_upgrade_response
=NOTICE REPORT==== 3-Sep-2026::12:30:09.009143 ===
    reason: closed
    msg: roadrunner response send failed
    phase: websocket_upgrade_response
=NOTICE REPORT==== 3-Sep-2026::12:30:09.009064 ===
    reason: closed
    msg: roadrunner response send failed
    phase: websocket_upgrade_response
=NOTICE REPORT==== 3-Sep-2026::12:30:09.009176 ===
    reason: closed
    msg: roadrunner response send failed
    phase: websocket_upgrade_response
=NOTICE REPORT==== 3-Sep-2026::12:30:09.009226 ===
    reason: closed
    msg: roadrunner response send failed
    phase: websocket_upgrade_response
=NOTICE REPORT==== 3-Sep-2026::12:30:09.009419 ===
    reason: closed
    msg: roadrunner response send failed
    phase: websocket_upgrade_response
=NOTICE REPORT==== 3-Sep-2026::12:30:09.009438 ===
    reason: closed
    msg: roadrunner response send failed
    phase: websocket_upgrade_response
=NOTICE REPORT==== 3-Sep-2026::12:30:09.009567 ===
    reason: closed
    msg: roadrunner response send failed
    phase: websocket_upgrade_response
=NOTICE REPORT==== 3-Sep-2026::12:30:09.009581 ===
    reason: closed
    msg: roadrunner response send failed
    phase: websocket_upgrade_response
=NOTICE REPORT==== 3-Sep-2026::12:30:09.009653 ===
    reason: closed
    msg: roadrunner response send failed
    phase: websocket_upgrade_response
=NOTICE REPORT==== 3-Sep-2026::12:30:09.009660 ===
    reason: closed
    msg: roadrunner response send failed
    phase: websocket_upgrade_response
=NOTICE REPORT==== 3-Sep-2026::12:30:09.009653 ===
    reason: closed
    msg: roadrunner response send failed
    phase: websocket_upgrade_response
=NOTICE REPORT==== 3-Sep-2026::12:30:09.009693 ===
    reason: closed
    msg: roadrunner response send failed
    phase: websocket_upgrade_response
=NOTICE REPORT==== 3-Sep-2026::12:30:09.009724 ===
    reason: closed
    msg: roadrunner response send failed
    phase: websocket_upgrade_response
=NOTICE REPORT==== 3-Sep-2026::12:30:09.009694 ===
    reason: closed
    msg: roadrunner response send failed
    phase: websocket_upgrade_response
=NOTICE REPORT==== 3-Sep-2026::12:30:09.009698 ===
    reason: closed
    msg: roadrunner response send failed
    phase: websocket_upgrade_response
=NOTICE REPORT==== 3-Sep-2026::12:30:09.009792 ===
    reason: closed
    msg: roadrunner response send failed
    phase: websocket_upgrade_response
=NOTICE REPORT==== 3-Sep-2026::12:30:09.009910 ===
    reason: closed
    msg: roadrunner response send failed
    phase: websocket_upgrade_response
=NOTICE REPORT==== 3-Sep-2026::12:30:09.009910 ===
    reason: closed
    msg: roadrunner response send failed
    phase: websocket_upgrade_response
=NOTICE REPORT==== 3-Sep-2026::12:30:09.009952 ===
    reason: closed
    msg: roadrunner response send failed
    phase: websocket_upgrade_response
=NOTICE REPORT==== 3-Sep-2026::12:30:09.010010 ===
    reason: closed
    msg: roadrunner response send failed
    phase: websocket_upgrade_response
=NOTICE REPORT==== 3-Sep-2026::12:30:09.010036 ===
    reason: closed
    msg: roadrunner response send failed
    phase: websocket_upgrade_response
=NOTICE REPORT==== 3-Sep-2026::12:30:09.010069 ===
    reason: closed
    msg: roadrunner response send failed
    phase: websocket_upgrade_response
=NOTICE REPORT==== 3-Sep-2026::12:30:09.010100 ===
    reason: closed
    msg: roadrunner response send failed
    phase: websocket_upgrade_response
=NOTICE REPORT==== 3-Sep-2026::12:30:09.010084 ===
    reason: closed
    msg: roadrunner response send failed
    phase: websocket_upgrade_response
=NOTICE REPORT==== 3-Sep-2026::12:30:09.010116 ===
    reason: closed
    msg: roadrunner response send failed
    phase: websocket_upgrade_response
=NOTICE REPORT==== 3-Sep-2026::12:30:09.010135 ===
    reason: closed
    msg: roadrunner response send failed
    phase: websocket_upgrade_response
=NOTICE REPORT==== 3-Sep-2026::12:30:09.010143 ===
    reason: closed
    msg: roadrunner response send failed
    phase: websocket_upgrade_response
=NOTICE REPORT==== 3-Sep-2026::12:30:09.010149 ===
    reason: closed
    msg: roadrunner response send failed
    phase: websocket_upgrade_response
=NOTICE REPORT==== 3-Sep-2026::12:30:09.010157 ===
    reason: closed
    msg: roadrunner response send failed
    phase: websocket_upgrade_response
=NOTICE REPORT==== 3-Sep-2026::12:30:09.010153 ===
    reason: closed
    msg: roadrunner response send failed
    phase: websocket_upgrade_response
=NOTICE REPORT==== 3-Sep-2026::12:30:09.010268 ===
    reason: closed
    msg: roadrunner response send failed
    phase: websocket_upgrade_response
=NOTICE REPORT==== 3-Sep-2026::12:30:09.010438 ===
    reason: closed
    msg: roadrunner response send failed
    phase: websocket_upgrade_response
=NOTICE REPORT==== 3-Sep-2026::12:30:09.010533 ===
    reason: closed
    msg: roadrunner response send failed
    phase: websocket_upgrade_response
=NOTICE REPORT==== 3-Sep-2026::12:30:09.010542 ===
    reason: closed
    msg: roadrunner response send failed
    phase: websocket_upgrade_response
=NOTICE REPORT==== 3-Sep-2026::12:30:09.010668 ===
    reason: closed
    msg: roadrunner response send failed
    phase: websocket_upgrade_response
=NOTICE REPORT==== 3-Sep-2026::12:30:09.010693 ===
    reason: closed
    msg: roadrunner response send failed
    phase: websocket_upgrade_response
=NOTICE REPORT==== 3-Sep-2026::12:30:09.010716 ===
    reason: closed
    msg: roadrunner response send failed
    phase: websocket_upgrade_response
=NOTICE REPORT==== 3-Sep-2026::12:30:09.010742 ===
    reason: closed
    msg: roadrunner response send failed
    phase: websocket_upgrade_response
=NOTICE REPORT==== 3-Sep-2026::12:30:09.010783 ===
    reason: closed
    msg: roadrunner response send failed
    phase: websocket_upgrade_response
=NOTICE REPORT==== 3-Sep-2026::12:30:09.010795 ===
    reason: closed
    msg: roadrunner response send failed
    phase: websocket_upgrade_response
=NOTICE REPORT==== 3-Sep-2026::12:30:09.010790 ===
    reason: closed
    msg: roadrunner response send failed
    phase: websocket_upgrade_response
=NOTICE REPORT==== 3-Sep-2026::12:30:09.010909 ===
    reason: closed
    msg: roadrunner response send failed
    phase: websocket_upgrade_response
=NOTICE REPORT==== 3-Sep-2026::12:30:09.010921 ===
    reason: closed
    msg: roadrunner response send failed
    phase: websocket_upgrade_response
=NOTICE REPORT==== 3-Sep-2026::12:30:09.010985 ===
    reason: closed
    msg: roadrunner response send failed
    phase: websocket_upgrade_response
=NOTICE REPORT==== 3-Sep-2026::12:30:09.011066 ===
    reason: closed
    msg: roadrunner response send failed
    phase: websocket_upgrade_response
=NOTICE REPORT==== 3-Sep-2026::12:30:09.011100 ===
    reason: closed
    msg: roadrunner response send failed
    phase: websocket_upgrade_response
=NOTICE REPORT==== 3-Sep-2026::12:30:09.011291 ===
    reason: closed
    msg: roadrunner response send failed
    phase: websocket_upgrade_response
=NOTICE REPORT==== 3-Sep-2026::12:30:09.011459 ===
    reason: closed
    msg: roadrunner response send failed
    phase: websocket_upgrade_response
=NOTICE REPORT==== 3-Sep-2026::12:30:09.011605 ===
    reason: closed
    msg: roadrunner response send failed
    phase: websocket_upgrade_response
=NOTICE REPORT==== 3-Sep-2026::12:30:09.011824 ===
    reason: closed
    msg: roadrunner response send failed
    phase: websocket_upgrade_response
=NOTICE REPORT==== 3-Sep-2026::12:30:09.011815 ===
    reason: closed
    msg: roadrunner response send failed
    phase: websocket_upgrade_response
=NOTICE REPORT==== 3-Sep-2026::12:30:09.011917 ===
    reason: closed
    msg: roadrunner response send failed
    phase: websocket_upgrade_response
=NOTICE REPORT==== 3-Sep-2026::12:30:09.011976 ===
    reason: closed
    msg: roadrunner response send failed
    phase: websocket_upgrade_response
=NOTICE REPORT==== 3-Sep-2026::12:30:09.011959 ===
    reason: closed
    msg: roadrunner response send failed
    phase: websocket_upgrade_response
=NOTICE REPORT==== 3-Sep-2026::12:30:09.011961 ===
    reason: closed
    msg: roadrunner response send failed
    phase: websocket_upgrade_response
=NOTICE REPORT==== 3-Sep-2026::12:30:09.011997 ===
    reason: closed
    msg: roadrunner response send failed
    phase: websocket_upgrade_response
=NOTICE REPORT==== 3-Sep-2026::12:30:09.011977 ===
    reason: closed
    msg: roadrunner response send failed
    phase: websocket_upgrade_response
=NOTICE REPORT==== 3-Sep-2026::12:30:09.012025 ===
    reason: closed
    msg: roadrunner response send failed
    phase: websocket_upgrade_response
=NOTICE REPORT==== 3-Sep-2026::12:30:09.012058 ===
    reason: closed
    msg: roadrunner response send failed
    phase: websocket_upgrade_response
=NOTICE REPORT==== 3-Sep-2026::12:30:09.012065 ===
    reason: closed
    msg: roadrunner response send failed
    phase: websocket_upgrade_response
=NOTICE REPORT==== 3-Sep-2026::12:30:09.012120 ===
    reason: closed
    msg: roadrunner response send failed
    phase: websocket_upgrade_response
=NOTICE REPORT==== 3-Sep-2026::12:30:09.012129 ===
    reason: closed
    msg: roadrunner response send failed
    phase: websocket_upgrade_response
=NOTICE REPORT==== 3-Sep-2026::12:30:09.012211 ===
    reason: closed
    msg: roadrunner response send failed
    phase: websocket_upgrade_response
=NOTICE REPORT==== 3-Sep-2026::12:30:09.012225 ===
    reason: closed
    msg: roadrunner response send failed
    phase: websocket_upgrade_response
=NOTICE REPORT==== 3-Sep-2026::12:30:09.012241 ===
    reason: closed
    msg: roadrunner response send failed
    phase: websocket_upgrade_response
=NOTICE REPORT==== 3-Sep-2026::12:30:09.012255 ===
    reason: closed
    msg: roadrunner response send failed
    phase: websocket_upgrade_response
=NOTICE REPORT==== 3-Sep-2026::12:30:09.012249 ===
    reason: closed
    msg: roadrunner response send failed
    phase: websocket_upgrade_response
=NOTICE REPORT==== 3-Sep-2026::12:30:09.012300 ===
    reason: closed
    msg: roadrunner response send failed
    phase: websocket_upgrade_response
=NOTICE REPORT==== 3-Sep-2026::12:30:09.012314 ===
    reason: closed
    msg: roadrunner response send failed
    phase: websocket_upgrade_response
=NOTICE REPORT==== 3-Sep-2026::12:30:09.012320 ===
    reason: closed
    msg: roadrunner response send failed
    phase: websocket_upgrade_response
=NOTICE REPORT==== 3-Sep-2026::12:30:09.012338 ===
    reason: closed
    msg: roadrunner response send failed
    phase: websocket_upgrade_response
=NOTICE REPORT==== 3-Sep-2026::12:30:09.012669 ===
    reason: closed
    msg: roadrunner response send failed
    phase: websocket_upgrade_response
=NOTICE REPORT==== 3-Sep-2026::12:30:09.012689 ===
    reason: closed
    msg: roadrunner response send failed
    phase: websocket_upgrade_response
=NOTICE REPORT==== 3-Sep-2026::12:30:09.012841 ===
    reason: closed
    msg: roadrunner response send failed
    phase: websocket_upgrade_response
=NOTICE REPORT==== 3-Sep-2026::12:30:09.012878 ===
    reason: closed
    msg: roadrunner response send failed
    phase: websocket_upgrade_response
=NOTICE REPORT==== 3-Sep-2026::12:30:09.012906 ===
    reason: closed
    msg: roadrunner response send failed
    phase: websocket_upgrade_response
=NOTICE REPORT==== 3-Sep-2026::12:30:09.012936 ===
    reason: closed
    msg: roadrunner response send failed
    phase: websocket_upgrade_response
=NOTICE REPORT==== 3-Sep-2026::12:30:09.012959 ===
    reason: closed
    msg: roadrunner response send failed
    phase: websocket_upgrade_response
=NOTICE REPORT==== 3-Sep-2026::12:30:09.012942 ===
    reason: closed
    msg: roadrunner response send failed
    phase: websocket_upgrade_response
=NOTICE REPORT==== 3-Sep-2026::12:30:09.013008 ===
    reason: closed
    msg: roadrunner response send failed
    phase: websocket_upgrade_response
=NOTICE REPORT==== 3-Sep-2026::12:30:09.013008 ===
    reason: closed
    msg: roadrunner response send failed
    phase: websocket_upgrade_response
=NOTICE REPORT==== 3-Sep-2026::12:30:09.013047 ===
    reason: closed
    msg: roadrunner response send failed
    phase: websocket_upgrade_response
=NOTICE REPORT==== 3-Sep-2026::12:30:09.013052 ===
    reason: closed
    msg: roadrunner response send failed
    phase: websocket_upgrade_response
=NOTICE REPORT==== 3-Sep-2026::12:30:09.013085 ===
    reason: closed
    msg: roadrunner response send failed
    phase: websocket_upgrade_response
=NOTICE REPORT==== 3-Sep-2026::12:30:09.013102 ===
    reason: closed
    msg: roadrunner response send failed
    phase: websocket_upgrade_response
=NOTICE REPORT==== 3-Sep-2026::12:30:09.013120 ===
    reason: closed
    msg: roadrunner response send failed
    phase: websocket_upgrade_response
=NOTICE REPORT==== 3-Sep-2026::12:30:09.013169 ===
    reason: closed
    msg: roadrunner response send failed
    phase: websocket_upgrade_response
=NOTICE REPORT==== 3-Sep-2026::12:30:09.013219 ===
    reason: closed
    msg: roadrunner response send failed
    phase: websocket_upgrade_response
=NOTICE REPORT==== 3-Sep-2026::12:30:09.013214 ===
    reason: closed
    msg: roadrunner response send failed
    phase: websocket_upgrade_response
=NOTICE REPORT==== 3-Sep-2026::12:30:09.013218 ===
    reason: closed
    msg: roadrunner response send failed
    phase: websocket_upgrade_response
=NOTICE REPORT==== 3-Sep-2026::12:30:09.013243 ===
    reason: closed
    msg: roadrunner response send failed
    phase: websocket_upgrade_response
=NOTICE REPORT==== 3-Sep-2026::12:30:09.013235 ===
    reason: closed
    msg: roadrunner response send failed
    phase: websocket_upgrade_response
=NOTICE REPORT==== 3-Sep-2026::12:30:09.013387 ===
    reason: closed
    msg: roadrunner response send failed
    phase: websocket_upgrade_response
=NOTICE REPORT==== 3-Sep-2026::12:30:09.013472 ===
    reason: closed
    msg: roadrunner response send failed
    phase: websocket_upgrade_response
=NOTICE REPORT==== 3-Sep-2026::12:30:09.014208 ===
    reason: closed
    msg: roadrunner response send failed
    phase: websocket_upgrade_response
=NOTICE REPORT==== 3-Sep-2026::12:30:09.014347 ===
    reason: closed
    msg: roadrunner response send failed
    phase: websocket_upgrade_response
=NOTICE REPORT==== 3-Sep-2026::12:30:09.014339 ===
    reason: closed
    msg: roadrunner response send failed
    phase: websocket_upgrade_response
=NOTICE REPORT==== 3-Sep-2026::12:30:09.014438 ===
    reason: closed
    msg: roadrunner response send failed
    phase: websocket_upgrade_response
=NOTICE REPORT==== 3-Sep-2026::12:30:09.014421 ===
    reason: closed
    msg: roadrunner response send failed
    phase: websocket_upgrade_response
=NOTICE REPORT==== 3-Sep-2026::12:30:09.014431 ===
    reason: closed
    msg: roadrunner response send failed
    phase: websocket_upgrade_response
=NOTICE REPORT==== 3-Sep-2026::12:30:09.014471 ===
    reason: closed
    msg: roadrunner response send failed
    phase: websocket_upgrade_response
=NOTICE REPORT==== 3-Sep-2026::12:30:09.014504 ===
    reason: closed
    msg: roadrunner response send failed
    phase: websocket_upgrade_response
=NOTICE REPORT==== 3-Sep-2026::12:30:09.014515 ===
    reason: closed
    msg: roadrunner response send failed
    phase: websocket_upgrade_response
=NOTICE REPORT==== 3-Sep-2026::12:30:09.014551 ===
    reason: closed
    msg: roadrunner response send failed
    phase: websocket_upgrade_response
=NOTICE REPORT==== 3-Sep-2026::12:30:09.014518 ===
    reason: closed
    msg: roadrunner response send failed
    phase: websocket_upgrade_response
=NOTICE REPORT==== 3-Sep-2026::12:30:09.014591 ===
    reason: closed
    msg: roadrunner response send failed
    phase: websocket_upgrade_response
=NOTICE REPORT==== 3-Sep-2026::12:30:09.014592 ===
    reason: closed
    msg: roadrunner response send failed
    phase: websocket_upgrade_response
=NOTICE REPORT==== 3-Sep-2026::12:30:09.015074 ===
    reason: closed
    msg: roadrunner response send failed
    phase: websocket_upgrade_response
=NOTICE REPORT==== 3-Sep-2026::12:30:09.015100 ===
    reason: closed
    msg: roadrunner response send failed
    phase: websocket_upgrade_response
=NOTICE REPORT==== 3-Sep-2026::12:30:09.015098 ===
    reason: closed
    msg: roadrunner response send failed
    phase: websocket_upgrade_response
=NOTICE REPORT==== 3-Sep-2026::12:30:09.015135 ===
    reason: closed
    msg: roadrunner response send failed
    phase: websocket_upgrade_response
=NOTICE REPORT==== 3-Sep-2026::12:30:09.015450 ===
    reason: closed
    msg: roadrunner response send failed
    phase: websocket_upgrade_response
=NOTICE REPORT==== 3-Sep-2026::12:30:09.015466 ===
    reason: closed
    msg: roadrunner response send failed
    phase: websocket_upgrade_response
=NOTICE REPORT==== 3-Sep-2026::12:30:09.015503 ===
    reason: closed
    msg: roadrunner response send failed
    phase: websocket_upgrade_response
=NOTICE REPORT==== 3-Sep-2026::12:30:09.015551 ===
    reason: closed
    msg: roadrunner response send failed
    phase: websocket_upgrade_response
=NOTICE REPORT==== 3-Sep-2026::12:30:09.015671 ===
    reason: closed
    msg: roadrunner response send failed
    phase: websocket_upgrade_response
=NOTICE REPORT==== 3-Sep-2026::12:30:09.015695 ===
    reason: closed
    msg: roadrunner response send failed
    phase: websocket_upgrade_response
=NOTICE REPORT==== 3-Sep-2026::12:30:09.015702 ===
    reason: closed
    msg: roadrunner response send failed
    phase: websocket_upgrade_response
=NOTICE REPORT==== 3-Sep-2026::12:30:09.015749 ===
    reason: closed
    msg: roadrunner response send failed
    phase: websocket_upgrade_response
=NOTICE REPORT==== 3-Sep-2026::12:30:09.015841 ===
    reason: closed
    msg: roadrunner response send failed
    phase: websocket_upgrade_response
=NOTICE REPORT==== 3-Sep-2026::12:30:09.015833 ===
    reason: closed
    msg: roadrunner response send failed
    phase: websocket_upgrade_response
=NOTICE REPORT==== 3-Sep-2026::12:30:09.015849 ===
    reason: closed
    msg: roadrunner response send failed
    phase: websocket_upgrade_response
=NOTICE REPORT==== 3-Sep-2026::12:30:09.015900 ===
    reason: closed
    msg: roadrunner response send failed
    phase: websocket_upgrade_response
=NOTICE REPORT==== 3-Sep-2026::12:30:09.015952 ===
    reason: closed
    msg: roadrunner response send failed
    phase: websocket_upgrade_response
=NOTICE REPORT==== 3-Sep-2026::12:30:09.015998 ===
    reason: closed
    msg: roadrunner response send failed
    phase: websocket_upgrade_response
=NOTICE REPORT==== 3-Sep-2026::12:30:09.016032 ===
    reason: closed
    msg: roadrunner response send failed
    phase: websocket_upgrade_response
=NOTICE REPORT==== 3-Sep-2026::12:30:09.016066 ===
    reason: closed
    msg: roadrunner response send failed
    phase: websocket_upgrade_response
=NOTICE REPORT==== 3-Sep-2026::12:30:09.016100 ===
    reason: closed
    msg: roadrunner response send failed
    phase: websocket_upgrade_response
=NOTICE REPORT==== 3-Sep-2026::12:30:09.016133 ===
    reason: closed
    msg: roadrunner response send failed
    phase: websocket_upgrade_response
=NOTICE REPORT==== 3-Sep-2026::12:30:09.016158 ===
    reason: closed
    msg: roadrunner response send failed
    phase: websocket_upgrade_response
=NOTICE REPORT==== 3-Sep-2026::12:30:09.016209 ===
    reason: closed
    msg: roadrunner response send failed
    phase: websocket_upgrade_response
=NOTICE REPORT==== 3-Sep-2026::12:30:09.016277 ===
    reason: closed
    msg: roadrunner response send failed
    phase: websocket_upgrade_response
=NOTICE REPORT==== 3-Sep-2026::12:30:09.016321 ===
    reason: closed
    msg: roadrunner response send failed
    phase: websocket_upgrade_response
=NOTICE REPORT==== 3-Sep-2026::12:30:09.016343 ===
    reason: closed
    msg: roadrunner response send failed
    phase: websocket_upgrade_response
=NOTICE REPORT==== 3-Sep-2026::12:30:09.016572 ===
    reason: closed
    msg: roadrunner response send failed
    phase: websocket_upgrade_response
=NOTICE REPORT==== 3-Sep-2026::12:30:09.016723 ===
    reason: closed
    msg: roadrunner response send failed
    phase: websocket_upgrade_response
=NOTICE REPORT==== 3-Sep-2026::12:30:09.016784 ===
    reason: closed
    msg: roadrunner response send failed
    phase: websocket_upgrade_response
=NOTICE REPORT==== 3-Sep-2026::12:30:09.016809 ===
    reason: closed
    msg: roadrunner response send failed
    phase: websocket_upgrade_response
=NOTICE REPORT==== 3-Sep-2026::12:30:09.016794 ===
    reason: closed
    msg: roadrunner response send failed
    phase: websocket_upgrade_response
=NOTICE REPORT==== 3-Sep-2026::12:30:09.016882 ===
    reason: closed
    msg: roadrunner response send failed
    phase: websocket_upgrade_response
=NOTICE REPORT==== 3-Sep-2026::12:30:09.016884 ===
    reason: closed
    msg: roadrunner response send failed
    phase: websocket_upgrade_response
=NOTICE REPORT==== 3-Sep-2026::12:30:09.016912 ===
    reason: closed
    msg: roadrunner response send failed
    phase: websocket_upgrade_response
=NOTICE REPORT==== 3-Sep-2026::12:30:09.016937 ===
    reason: closed
    msg: roadrunner response send failed
    phase: websocket_upgrade_response
=NOTICE REPORT==== 3-Sep-2026::12:30:09.016927 ===
    reason: closed
    msg: roadrunner response send failed
    phase: websocket_upgrade_response
=NOTICE REPORT==== 3-Sep-2026::12:30:09.016903 ===
    reason: closed
    msg: roadrunner response send failed
    phase: websocket_upgrade_response
=NOTICE REPORT==== 3-Sep-2026::12:30:09.016960 ===
    reason: closed
    msg: roadrunner response send failed
    phase: websocket_upgrade_response
=NOTICE REPORT==== 3-Sep-2026::12:30:09.017034 ===
    reason: closed
    msg: roadrunner response send failed
    phase: websocket_upgrade_response
=NOTICE REPORT==== 3-Sep-2026::12:30:09.017006 ===
    reason: closed
    msg: roadrunner response send failed
    phase: websocket_upgrade_response
=NOTICE REPORT==== 3-Sep-2026::12:30:09.017057 ===
    reason: closed
    msg: roadrunner response send failed
    phase: websocket_upgrade_response
=NOTICE REPORT==== 3-Sep-2026::12:30:09.017075 ===
    reason: closed
    msg: roadrunner response send failed
    phase: websocket_upgrade_response
=NOTICE REPORT==== 3-Sep-2026::12:30:09.017051 ===
    reason: closed
    msg: roadrunner response send failed
    phase: websocket_upgrade_response
=NOTICE REPORT==== 3-Sep-2026::12:30:09.017107 ===
    reason: closed
    msg: roadrunner response send failed
    phase: websocket_upgrade_response
=NOTICE REPORT==== 3-Sep-2026::12:30:09.017085 ===
    reason: closed
    msg: roadrunner response send failed
    phase: websocket_upgrade_response
=NOTICE REPORT==== 3-Sep-2026::12:30:09.017129 ===
    reason: closed
    msg: roadrunner response send failed
    phase: websocket_upgrade_response
=NOTICE REPORT==== 3-Sep-2026::12:30:09.017135 ===
    reason: closed
    msg: roadrunner response send failed
    phase: websocket_upgrade_response
=NOTICE REPORT==== 3-Sep-2026::12:30:09.017159 ===
    reason: closed
    msg: roadrunner response send failed
    phase: websocket_upgrade_response
=NOTICE REPORT==== 3-Sep-2026::12:30:09.017162 ===
    reason: closed
    msg: roadrunner response send failed
    phase: websocket_upgrade_response
=NOTICE REPORT==== 3-Sep-2026::12:30:09.017159 ===
    reason: closed
    msg: roadrunner response send failed
    phase: websocket_upgrade_response
=NOTICE REPORT==== 3-Sep-2026::12:30:09.017193 ===
    reason: closed
    msg: roadrunner response send failed
    phase: websocket_upgrade_response
=NOTICE REPORT==== 3-Sep-2026::12:30:09.017184 ===
    reason: closed
    msg: roadrunner response send failed
    phase: websocket_upgrade_response
=NOTICE REPORT==== 3-Sep-2026::12:30:09.017217 ===
    reason: closed
    msg: roadrunner response send failed
    phase: websocket_upgrade_response
=NOTICE REPORT==== 3-Sep-2026::12:30:09.017343 ===
    reason: closed
    msg: roadrunner response send failed
    phase: websocket_upgrade_response
=NOTICE REPORT==== 3-Sep-2026::12:30:09.017357 ===
    reason: closed
    msg: roadrunner response send failed
    phase: websocket_upgrade_response
=NOTICE REPORT==== 3-Sep-2026::12:30:09.017360 ===
    reason: closed
    msg: roadrunner response send failed
    phase: websocket_upgrade_response
=NOTICE REPORT==== 3-Sep-2026::12:30:09.017386 ===
    reason: closed
    msg: roadrunner response send failed
    phase: websocket_upgrade_response
=NOTICE REPORT==== 3-Sep-2026::12:30:09.017400 ===
    reason: closed
    msg: roadrunner response send failed
    phase: websocket_upgrade_response
=NOTICE REPORT==== 3-Sep-2026::12:30:09.018074 ===
    reason: closed
    msg: roadrunner response send failed
    phase: websocket_upgrade_response
=NOTICE REPORT==== 3-Sep-2026::12:30:09.018201 ===
    reason: closed
    msg: roadrunner response send failed
    phase: websocket_upgrade_response
=NOTICE REPORT==== 3-Sep-2026::12:30:09.018249 ===
    reason: closed
    msg: roadrunner response send failed
    phase: websocket_upgrade_response
=NOTICE REPORT==== 3-Sep-2026::12:30:09.018353 ===
    reason: closed
    msg: roadrunner response send failed
    phase: websocket_upgrade_response
=NOTICE REPORT==== 3-Sep-2026::12:30:09.018422 ===
    reason: closed
    msg: roadrunner response send failed
    phase: websocket_upgrade_response
=NOTICE REPORT==== 3-Sep-2026::12:30:09.018446 ===
    reason: closed
    msg: roadrunner response send failed
    phase: websocket_upgrade_response
=NOTICE REPORT==== 3-Sep-2026::12:30:09.018529 ===
    reason: closed
    msg: roadrunner response send failed
    phase: websocket_upgrade_response
=NOTICE REPORT==== 3-Sep-2026::12:30:09.018539 ===
    reason: closed
    msg: roadrunner response send failed
    phase: websocket_upgrade_response
=NOTICE REPORT==== 3-Sep-2026::12:30:09.018584 ===
    reason: closed
    msg: roadrunner response send failed
    phase: websocket_upgrade_response
=NOTICE REPORT==== 3-Sep-2026::12:30:09.018611 ===
    reason: closed
    msg: roadrunner response send failed
    phase: websocket_upgrade_response
=NOTICE REPORT==== 3-Sep-2026::12:30:09.018606 ===
    reason: closed
    msg: roadrunner response send failed
    phase: websocket_upgrade_response
=NOTICE REPORT==== 3-Sep-2026::12:30:09.018657 ===
    reason: closed
    msg: roadrunner response send failed
    phase: websocket_upgrade_response
=NOTICE REPORT==== 3-Sep-2026::12:30:09.018766 ===
    reason: closed
    msg: roadrunner response send failed
    phase: websocket_upgrade_response
=NOTICE REPORT==== 3-Sep-2026::12:30:09.018801 ===
    reason: closed
    msg: roadrunner response send failed
    phase: websocket_upgrade_response
=NOTICE REPORT==== 3-Sep-2026::12:30:09.018795 ===
    reason: closed
    msg: roadrunner response send failed
    phase: websocket_upgrade_response
=NOTICE REPORT==== 3-Sep-2026::12:30:09.018793 ===
    reason: closed
    msg: roadrunner response send failed
    phase: websocket_upgrade_response
=NOTICE REPORT==== 3-Sep-2026::12:30:09.018857 ===
    reason: closed
    msg: roadrunner response send failed
    phase: websocket_upgrade_response
=NOTICE REPORT==== 3-Sep-2026::12:30:09.018871 ===
    reason: closed
    msg: roadrunner response send failed
    phase: websocket_upgrade_response
=NOTICE REPORT==== 3-Sep-2026::12:30:09.018930 ===
    reason: closed
    msg: roadrunner response send failed
    phase: websocket_upgrade_response
=NOTICE REPORT==== 3-Sep-2026::12:30:09.018942 ===
    reason: closed
    msg: roadrunner response send failed
    phase: websocket_upgrade_response
=NOTICE REPORT==== 3-Sep-2026::12:30:09.018956 ===
    reason: closed
    msg: roadrunner response send failed
    phase: websocket_upgrade_response
=NOTICE REPORT==== 3-Sep-2026::12:30:09.018947 ===
    reason: closed
    msg: roadrunner response send failed
    phase: websocket_upgrade_response
=NOTICE REPORT==== 3-Sep-2026::12:30:09.018965 ===
    reason: closed
    msg: roadrunner response send failed
    phase: websocket_upgrade_response
=NOTICE REPORT==== 3-Sep-2026::12:30:09.019010 ===
    reason: closed
    msg: roadrunner response send failed
    phase: websocket_upgrade_response
=NOTICE REPORT==== 3-Sep-2026::12:30:09.019137 ===
    reason: closed
    msg: roadrunner response send failed
    phase: websocket_upgrade_response
=NOTICE REPORT==== 3-Sep-2026::12:30:09.019144 ===
    reason: closed
    msg: roadrunner response send failed
    phase: websocket_upgrade_response
=NOTICE REPORT==== 3-Sep-2026::12:30:09.019139 ===
    reason: closed
    msg: roadrunner response send failed
    phase: websocket_upgrade_response
=NOTICE REPORT==== 3-Sep-2026::12:30:09.019170 ===
    reason: closed
    msg: roadrunner response send failed
    phase: websocket_upgrade_response
=NOTICE REPORT==== 3-Sep-2026::12:30:09.019321 ===
    reason: closed
    msg: roadrunner response send failed
    phase: websocket_upgrade_response
=NOTICE REPORT==== 3-Sep-2026::12:30:09.019421 ===
    reason: closed
    msg: roadrunner response send failed
    phase: websocket_upgrade_response
=NOTICE REPORT==== 3-Sep-2026::12:30:09.019518 ===
    reason: closed
    msg: roadrunner response send failed
    phase: websocket_upgrade_response
=NOTICE REPORT==== 3-Sep-2026::12:30:09.019556 ===
    reason: closed
    msg: roadrunner response send failed
    phase: websocket_upgrade_response
=NOTICE REPORT==== 3-Sep-2026::12:30:09.019643 ===
    reason: closed
    msg: roadrunner response send failed
    phase: websocket_upgrade_response
=NOTICE REPORT==== 3-Sep-2026::12:30:09.019658 ===
    reason: closed
    msg: roadrunner response send failed
    phase: websocket_upgrade_response
=NOTICE REPORT==== 3-Sep-2026::12:30:09.019700 ===
    reason: closed
    msg: roadrunner response send failed
    phase: websocket_upgrade_response
=NOTICE REPORT==== 3-Sep-2026::12:30:09.019707 ===
    reason: closed
    msg: roadrunner response send failed
    phase: websocket_upgrade_response
=NOTICE REPORT==== 3-Sep-2026::12:30:09.019712 ===
    reason: closed
    msg: roadrunner response send failed
    phase: websocket_upgrade_response
=NOTICE REPORT==== 3-Sep-2026::12:30:09.019742 ===
    reason: closed
    msg: roadrunner response send failed
    phase: websocket_upgrade_response
=NOTICE REPORT==== 3-Sep-2026::12:30:09.019728 ===
    reason: closed
    msg: roadrunner response send failed
    phase: websocket_upgrade_response
=NOTICE REPORT==== 3-Sep-2026::12:30:09.019798 ===
    reason: closed
    msg: roadrunner response send failed
    phase: websocket_upgrade_response
=NOTICE REPORT==== 3-Sep-2026::12:30:09.019824 ===
    reason: closed
    msg: roadrunner response send failed
    phase: websocket_upgrade_response
=NOTICE REPORT==== 3-Sep-2026::12:30:09.019831 ===
    reason: closed
    msg: roadrunner response send failed
    phase: websocket_upgrade_response
=NOTICE REPORT==== 3-Sep-2026::12:30:09.019872 ===
    reason: closed
    msg: roadrunner response send failed
    phase: websocket_upgrade_response
=NOTICE REPORT==== 3-Sep-2026::12:30:09.019876 ===
    reason: closed
    msg: roadrunner response send failed
    phase: websocket_upgrade_response
=NOTICE REPORT==== 3-Sep-2026::12:30:09.019879 ===
    reason: closed
    msg: roadrunner response send failed
    phase: websocket_upgrade_response
=NOTICE REPORT==== 3-Sep-2026::12:30:09.019940 ===
    reason: closed
    msg: roadrunner response send failed
    phase: websocket_upgrade_response
=NOTICE REPORT==== 3-Sep-2026::12:30:09.019944 ===
    reason: closed
    msg: roadrunner response send failed
    phase: websocket_upgrade_response
=NOTICE REPORT==== 3-Sep-2026::12:30:09.019935 ===
    reason: closed
    msg: roadrunner response send failed
    phase: websocket_upgrade_response
=NOTICE REPORT==== 3-Sep-2026::12:30:09.019940 ===
    reason: closed
    msg: roadrunner response send failed
    phase: websocket_upgrade_response
=NOTICE REPORT==== 3-Sep-2026::12:30:09.019950 ===
    reason: closed
    msg: roadrunner response send failed
    phase: websocket_upgrade_response
=NOTICE REPORT==== 3-Sep-2026::12:30:09.019956 ===
    reason: closed
    msg: roadrunner response send failed
    phase: websocket_upgrade_response
=NOTICE REPORT==== 3-Sep-2026::12:30:09.019995 ===
    reason: closed
    msg: roadrunner response send failed
    phase: websocket_upgrade_response
=NOTICE REPORT==== 3-Sep-2026::12:30:09.020004 ===
    reason: closed
    msg: roadrunner response send failed
    phase: websocket_upgrade_response
=NOTICE REPORT==== 3-Sep-2026::12:30:09.020014 ===
    reason: closed
    msg: roadrunner response send failed
    phase: websocket_upgrade_response
=NOTICE REPORT==== 3-Sep-2026::12:30:09.020013 ===
    reason: closed
    msg: roadrunner response send failed
    phase: websocket_upgrade_response
=NOTICE REPORT==== 3-Sep-2026::12:30:09.020064 ===
    reason: closed
    msg: roadrunner response send failed
    phase: websocket_upgrade_response
=NOTICE REPORT==== 3-Sep-2026::12:30:09.020075 ===
    reason: closed
    msg: roadrunner response send failed
    phase: websocket_upgrade_response
=NOTICE REPORT==== 3-Sep-2026::12:30:09.020083 ===
    reason: closed
    msg: roadrunner response send failed
    phase: websocket_upgrade_response
=NOTICE REPORT==== 3-Sep-2026::12:30:09.020090 ===
    reason: closed
    msg: roadrunner response send failed
    phase: websocket_upgrade_response
=NOTICE REPORT==== 3-Sep-2026::12:30:09.020108 ===
    reason: closed
    msg: roadrunner response send failed
    phase: websocket_upgrade_response
=NOTICE REPORT==== 3-Sep-2026::12:30:09.020147 ===
    reason: closed
    msg: roadrunner response send failed
    phase: websocket_upgrade_response
=NOTICE REPORT==== 3-Sep-2026::12:30:09.020216 ===
    reason: closed
    msg: roadrunner response send failed
    phase: websocket_upgrade_response
=NOTICE REPORT==== 3-Sep-2026::12:30:09.020373 ===
    reason: closed
    msg: roadrunner response send failed
    phase: websocket_upgrade_response
=NOTICE REPORT==== 3-Sep-2026::12:30:09.020399 ===
    reason: closed
    msg: roadrunner response send failed
    phase: websocket_upgrade_response
=NOTICE REPORT==== 3-Sep-2026::12:30:09.020716 ===
    reason: closed
    msg: roadrunner response send failed
    phase: websocket_upgrade_response
=NOTICE REPORT==== 3-Sep-2026::12:30:09.020745 ===
    reason: closed
    msg: roadrunner response send failed
    phase: websocket_upgrade_response
=NOTICE REPORT==== 3-Sep-2026::12:30:09.020779 ===
    reason: closed
    msg: roadrunner response send failed
    phase: websocket_upgrade_response
=NOTICE REPORT==== 3-Sep-2026::12:30:09.020787 ===
    reason: closed
    msg: roadrunner response send failed
    phase: websocket_upgrade_response
=NOTICE REPORT==== 3-Sep-2026::12:30:09.020797 ===
    reason: closed
    msg: roadrunner response send failed
    phase: websocket_upgrade_response
=NOTICE REPORT==== 3-Sep-2026::12:30:09.020802 ===
    reason: closed
    msg: roadrunner response send failed
    phase: websocket_upgrade_response
=NOTICE REPORT==== 3-Sep-2026::12:30:09.020834 ===
    reason: closed
    msg: roadrunner response send failed
    phase: websocket_upgrade_response
=NOTICE REPORT==== 3-Sep-2026::12:30:09.020864 ===
    reason: closed
    msg: roadrunner response send failed
    phase: websocket_upgrade_response
=NOTICE REPORT==== 3-Sep-2026::12:30:09.020919 ===
    reason: closed
    msg: roadrunner response send failed
    phase: websocket_upgrade_response
=NOTICE REPORT==== 3-Sep-2026::12:30:09.020901 ===
    reason: closed
    msg: roadrunner response send failed
    phase: websocket_upgrade_response
=NOTICE REPORT==== 3-Sep-2026::12:30:09.020916 ===
    reason: closed
    msg: roadrunner response send failed
    phase: websocket_upgrade_response
=NOTICE REPORT==== 3-Sep-2026::12:30:09.020949 ===
    reason: closed
    msg: roadrunner response send failed
    phase: websocket_upgrade_response
=NOTICE REPORT==== 3-Sep-2026::12:30:09.020938 ===
    reason: closed
    msg: roadrunner response send failed
    phase: websocket_upgrade_response
=NOTICE REPORT==== 3-Sep-2026::12:30:09.020938 ===
    reason: closed
    msg: roadrunner response send failed
    phase: websocket_upgrade_response
=NOTICE REPORT==== 3-Sep-2026::12:30:09.020953 ===
    reason: closed
    msg: roadrunner response send failed
    phase: websocket_upgrade_response
=NOTICE REPORT==== 3-Sep-2026::12:30:09.021020 ===
    reason: closed
    msg: roadrunner response send failed
    phase: websocket_upgrade_response
=NOTICE REPORT==== 3-Sep-2026::12:30:09.021103 ===
    reason: closed
    msg: roadrunner response send failed
    phase: websocket_upgrade_response
=NOTICE REPORT==== 3-Sep-2026::12:30:09.021174 ===
    reason: closed
    msg: roadrunner response send failed
    phase: websocket_upgrade_response
=NOTICE REPORT==== 3-Sep-2026::12:30:09.021186 ===
    reason: closed
    msg: roadrunner response send failed
    phase: websocket_upgrade_response
=NOTICE REPORT==== 3-Sep-2026::12:30:09.021229 ===
    reason: closed
    msg: roadrunner response send failed
    phase: websocket_upgrade_response
=NOTICE REPORT==== 3-Sep-2026::12:30:09.021193 ===
    reason: closed
    msg: roadrunner response send failed
    phase: websocket_upgrade_response
=NOTICE REPORT==== 3-Sep-2026::12:30:09.021270 ===
    reason: closed
    msg: roadrunner response send failed
    phase: websocket_upgrade_response
=NOTICE REPORT==== 3-Sep-2026::12:30:09.021375 ===
    reason: closed
    msg: roadrunner response send failed
    phase: websocket_upgrade_response
=NOTICE REPORT==== 3-Sep-2026::12:30:09.021404 ===
    reason: closed
    msg: roadrunner response send failed
    phase: websocket_upgrade_response
=NOTICE REPORT==== 3-Sep-2026::12:30:09.021477 ===
    reason: closed
    msg: roadrunner response send failed
    phase: websocket_upgrade_response
=NOTICE REPORT==== 3-Sep-2026::12:30:09.021521 ===
    reason: closed
    msg: roadrunner response send failed
    phase: websocket_upgrade_response
=NOTICE REPORT==== 3-Sep-2026::12:30:09.021547 ===
    reason: closed
    msg: roadrunner response send failed
    phase: websocket_upgrade_response
=NOTICE REPORT==== 3-Sep-2026::12:30:09.021564 ===
    reason: closed
    msg: roadrunner response send failed
    phase: websocket_upgrade_response
=NOTICE REPORT==== 3-Sep-2026::12:30:09.021491 ===
    reason: closed
    msg: roadrunner response send failed
    phase: websocket_upgrade_response
=NOTICE REPORT==== 3-Sep-2026::12:30:09.021594 ===
    reason: closed
    msg: roadrunner response send failed
    phase: websocket_upgrade_response
=NOTICE REPORT==== 3-Sep-2026::12:30:09.021618 ===
    reason: closed
    msg: roadrunner response send failed
    phase: websocket_upgrade_response
=NOTICE REPORT==== 3-Sep-2026::12:30:09.021618 ===
    reason: closed
    msg: roadrunner response send failed
    phase: websocket_upgrade_response
=NOTICE REPORT==== 3-Sep-2026::12:30:09.021752 ===
    reason: closed
    msg: roadrunner response send failed
    phase: websocket_upgrade_response
=NOTICE REPORT==== 3-Sep-2026::12:30:09.021774 ===
    reason: closed
    msg: roadrunner response send failed
    phase: websocket_upgrade_response
=NOTICE REPORT==== 3-Sep-2026::12:30:09.021790 ===
    reason: closed
    msg: roadrunner response send failed
    phase: websocket_upgrade_response
=NOTICE REPORT==== 3-Sep-2026::12:30:09.021826 ===
    reason: closed
    msg: roadrunner response send failed
    phase: websocket_upgrade_response
=NOTICE REPORT==== 3-Sep-2026::12:30:09.021842 ===
    reason: closed
    msg: roadrunner response send failed
    phase: websocket_upgrade_response
=NOTICE REPORT==== 3-Sep-2026::12:30:09.021931 ===
    reason: closed
    msg: roadrunner response send failed
    phase: websocket_upgrade_response
=NOTICE REPORT==== 3-Sep-2026::12:30:09.022011 ===
    reason: closed
    msg: roadrunner response send failed
    phase: websocket_upgrade_response
=NOTICE REPORT==== 3-Sep-2026::12:30:09.022014 ===
    reason: closed
    msg: roadrunner response send failed
    phase: websocket_upgrade_response
=NOTICE REPORT==== 3-Sep-2026::12:30:09.022110 ===
    reason: closed
    msg: roadrunner response send failed
    phase: websocket_upgrade_response
=NOTICE REPORT==== 3-Sep-2026::12:30:09.022123 ===
    reason: closed
    msg: roadrunner response send failed
    phase: websocket_upgrade_response
=NOTICE REPORT==== 3-Sep-2026::12:30:09.022130 ===
    reason: closed
    msg: roadrunner response send failed
    phase: websocket_upgrade_response
=NOTICE REPORT==== 3-Sep-2026::12:30:09.022144 ===
    reason: closed
    msg: roadrunner response send failed
    phase: websocket_upgrade_response
=NOTICE REPORT==== 3-Sep-2026::12:30:09.022164 ===
    reason: closed
    msg: roadrunner response send failed
    phase: websocket_upgrade_response
=NOTICE REPORT==== 3-Sep-2026::12:30:09.022260 ===
    reason: closed
    msg: roadrunner response send failed
    phase: websocket_upgrade_response
=NOTICE REPORT==== 3-Sep-2026::12:30:09.022328 ===
    reason: closed
    msg: roadrunner response send failed
    phase: websocket_upgrade_response
=NOTICE REPORT==== 3-Sep-2026::12:30:09.022369 ===
    reason: closed
    msg: roadrunner response send failed
    phase: websocket_upgrade_response
=NOTICE REPORT==== 3-Sep-2026::12:30:09.022441 ===
    reason: closed
    msg: roadrunner response send failed
    phase: websocket_upgrade_response
=NOTICE REPORT==== 3-Sep-2026::12:30:09.022451 ===
    reason: closed
    msg: roadrunner response send failed
    phase: websocket_upgrade_response
=NOTICE REPORT==== 3-Sep-2026::12:30:09.022515 ===
    reason: closed
    msg: roadrunner response send failed
    phase: websocket_upgrade_response
=NOTICE REPORT==== 3-Sep-2026::12:30:09.022560 ===
    reason: closed
    msg: roadrunner response send failed
    phase: websocket_upgrade_response
=NOTICE REPORT==== 3-Sep-2026::12:30:09.022568 ===
    reason: closed
    msg: roadrunner response send failed
    phase: websocket_upgrade_response
=NOTICE REPORT==== 3-Sep-2026::12:30:09.022584 ===
    reason: closed
    msg: roadrunner response send failed
    phase: websocket_upgrade_response
=NOTICE REPORT==== 3-Sep-2026::12:30:09.022715 ===
    reason: closed
    msg: roadrunner response send failed
    phase: websocket_upgrade_response
=NOTICE REPORT==== 3-Sep-2026::12:30:09.022841 ===
    reason: closed
    msg: roadrunner response send failed
    phase: websocket_upgrade_response
=NOTICE REPORT==== 3-Sep-2026::12:30:09.022924 ===
    reason: closed
    msg: roadrunner response send failed
    phase: websocket_upgrade_response
=NOTICE REPORT==== 3-Sep-2026::12:30:09.023020 ===
    reason: closed
    msg: roadrunner response send failed
    phase: websocket_upgrade_response
=NOTICE REPORT==== 3-Sep-2026::12:30:09.023074 ===
    reason: closed
    msg: roadrunner response send failed
    phase: websocket_upgrade_response
=NOTICE REPORT==== 3-Sep-2026::12:30:09.023117 ===
    reason: closed
    msg: roadrunner response send failed
    phase: websocket_upgrade_response
=NOTICE REPORT==== 3-Sep-2026::12:30:09.023120 ===
    reason: closed
    msg: roadrunner response send failed
    phase: websocket_upgrade_response
=NOTICE REPORT==== 3-Sep-2026::12:30:09.023110 ===
    reason: closed
    msg: roadrunner response send failed
    phase: websocket_upgrade_response
=NOTICE REPORT==== 3-Sep-2026::12:30:09.023130 ===
    reason: closed
    msg: roadrunner response send failed
    phase: websocket_upgrade_response
=NOTICE REPORT==== 3-Sep-2026::12:30:09.023152 ===
    reason: closed
    msg: roadrunner response send failed
    phase: websocket_upgrade_response
=NOTICE REPORT==== 3-Sep-2026::12:30:09.023169 ===
    reason: closed
    msg: roadrunner response send failed
    phase: websocket_upgrade_response
=NOTICE REPORT==== 3-Sep-2026::12:30:09.023190 ===
    reason: closed
    msg: roadrunner response send failed
    phase: websocket_upgrade_response
=NOTICE REPORT==== 3-Sep-2026::12:30:09.023228 ===
    reason: closed
    msg: roadrunner response send failed
    phase: websocket_upgrade_response
=NOTICE REPORT==== 3-Sep-2026::12:30:09.023196 ===
    reason: closed
    msg: roadrunner response send failed
    phase: websocket_upgrade_response
=NOTICE REPORT==== 3-Sep-2026::12:30:09.023282 ===
    reason: closed
    msg: roadrunner response send failed
    phase: websocket_upgrade_response
=NOTICE REPORT==== 3-Sep-2026::12:30:09.023275 ===
    reason: closed
    msg: roadrunner response send failed
    phase: websocket_upgrade_response
=NOTICE REPORT==== 3-Sep-2026::12:30:09.023264 ===
    reason: closed
    msg: roadrunner response send failed
    phase: websocket_upgrade_response
=NOTICE REPORT==== 3-Sep-2026::12:30:09.023273 ===
    reason: closed
    msg: roadrunner response send failed
    phase: websocket_upgrade_response
=NOTICE REPORT==== 3-Sep-2026::12:30:09.023238 ===
    reason: closed
    msg: roadrunner response send failed
    phase: websocket_upgrade_response
=NOTICE REPORT==== 3-Sep-2026::12:30:09.023236 ===
    reason: closed
    msg: roadrunner response send failed
    phase: websocket_upgrade_response
=NOTICE REPORT==== 3-Sep-2026::12:30:09.023300 ===
    reason: closed
    msg: roadrunner response send failed
    phase: websocket_upgrade_response
=NOTICE REPORT==== 3-Sep-2026::12:30:09.023328 ===
    reason: closed
    msg: roadrunner response send failed
    phase: websocket_upgrade_response
=NOTICE REPORT==== 3-Sep-2026::12:30:09.023307 ===
    reason: closed
    msg: roadrunner response send failed
    phase: websocket_upgrade_response
=NOTICE REPORT==== 3-Sep-2026::12:30:09.023331 ===
    reason: closed
    msg: roadrunner response send failed
    phase: websocket_upgrade_response
=NOTICE REPORT==== 3-Sep-2026::12:30:09.023351 ===
    reason: closed
    msg: roadrunner response send failed
    phase: websocket_upgrade_response
=NOTICE REPORT==== 3-Sep-2026::12:30:09.023361 ===
    reason: closed
    msg: roadrunner response send failed
    phase: websocket_upgrade_response
=NOTICE REPORT==== 3-Sep-2026::12:30:09.023369 ===
    reason: closed
    msg: roadrunner response send failed
    phase: websocket_upgrade_response
=NOTICE REPORT==== 3-Sep-2026::12:30:09.023399 ===
    reason: closed
    msg: roadrunner response send failed
    phase: websocket_upgrade_response
=NOTICE REPORT==== 3-Sep-2026::12:30:09.023439 ===
    reason: closed
    msg: roadrunner response send failed
    phase: websocket_upgrade_response
=NOTICE REPORT==== 3-Sep-2026::12:30:09.023507 ===
    reason: closed
    msg: roadrunner response send failed
    phase: websocket_upgrade_response
=NOTICE REPORT==== 3-Sep-2026::12:30:09.023504 ===
    reason: closed
    msg: roadrunner response send failed
    phase: websocket_upgrade_response
=NOTICE REPORT==== 3-Sep-2026::12:30:09.023522 ===
    reason: closed
    msg: roadrunner response send failed
    phase: websocket_upgrade_response
=NOTICE REPORT==== 3-Sep-2026::12:30:09.023469 ===
    reason: closed
    msg: roadrunner response send failed
    phase: websocket_upgrade_response
=NOTICE REPORT==== 3-Sep-2026::12:30:09.023539 ===
    reason: closed
    msg: roadrunner response send failed
    phase: websocket_upgrade_response
=NOTICE REPORT==== 3-Sep-2026::12:30:09.023547 ===
    reason: closed
    msg: roadrunner response send failed
    phase: websocket_upgrade_response
=NOTICE REPORT==== 3-Sep-2026::12:30:09.023561 ===
    reason: closed
    msg: roadrunner response send failed
    phase: websocket_upgrade_response
=NOTICE REPORT==== 3-Sep-2026::12:30:09.023594 ===
    reason: closed
    msg: roadrunner response send failed
    phase: websocket_upgrade_response
=NOTICE REPORT==== 3-Sep-2026::12:30:09.023599 ===
    reason: closed
    msg: roadrunner response send failed
    phase: websocket_upgrade_response
=NOTICE REPORT==== 3-Sep-2026::12:30:09.023651 ===
    reason: closed
    msg: roadrunner response send failed
    phase: websocket_upgrade_response
=NOTICE REPORT==== 3-Sep-2026::12:30:09.023613 ===
    reason: closed
    msg: roadrunner response send failed
    phase: websocket_upgrade_response
=NOTICE REPORT==== 3-Sep-2026::12:30:09.023786 ===
    reason: closed
    msg: roadrunner response send failed
    phase: websocket_upgrade_response
=NOTICE REPORT==== 3-Sep-2026::12:30:09.023833 ===
    reason: closed
    msg: roadrunner response send failed
    phase: websocket_upgrade_response
=NOTICE REPORT==== 3-Sep-2026::12:30:09.024015 ===
    reason: closed
    msg: roadrunner response send failed
    phase: websocket_upgrade_response
=NOTICE REPORT==== 3-Sep-2026::12:30:09.024023 ===
    reason: closed
    msg: roadrunner response send failed
    phase: websocket_upgrade_response
=NOTICE REPORT==== 3-Sep-2026::12:30:09.024026 ===
    reason: closed
    msg: roadrunner response send failed
    phase: websocket_upgrade_response
=NOTICE REPORT==== 3-Sep-2026::12:30:09.024097 ===
    reason: closed
    msg: roadrunner response send failed
    phase: websocket_upgrade_response
=NOTICE REPORT==== 3-Sep-2026::12:30:09.024107 ===
    reason: closed
    msg: roadrunner response send failed
    phase: websocket_upgrade_response
=NOTICE REPORT==== 3-Sep-2026::12:30:09.024376 ===
    reason: closed
    msg: roadrunner response send failed
    phase: websocket_upgrade_response
=NOTICE REPORT==== 3-Sep-2026::12:30:09.024494 ===
    reason: closed
    msg: roadrunner response send failed
    phase: websocket_upgrade_response
=NOTICE REPORT==== 3-Sep-2026::12:30:09.024527 ===
    reason: closed
    msg: roadrunner response send failed
    phase: websocket_upgrade_response
=NOTICE REPORT==== 3-Sep-2026::12:30:09.024556 ===
    reason: closed
    msg: roadrunner response send failed
    phase: websocket_upgrade_response
=NOTICE REPORT==== 3-Sep-2026::12:30:09.024554 ===
    reason: closed
    msg: roadrunner response send failed
    phase: websocket_upgrade_response
=NOTICE REPORT==== 3-Sep-2026::12:30:09.024552 ===
    reason: closed
    msg: roadrunner response send failed
    phase: websocket_upgrade_response
=NOTICE REPORT==== 3-Sep-2026::12:30:09.024567 ===
    reason: closed
    msg: roadrunner response send failed
    phase: websocket_upgrade_response
=NOTICE REPORT==== 3-Sep-2026::12:30:09.024612 ===
    reason: closed
    msg: roadrunner response send failed
    phase: websocket_upgrade_response
=NOTICE REPORT==== 3-Sep-2026::12:30:09.024701 ===
    reason: closed
    msg: roadrunner response send failed
    phase: websocket_upgrade_response
=NOTICE REPORT==== 3-Sep-2026::12:30:09.024860 ===
    reason: closed
    msg: roadrunner response send failed
    phase: websocket_upgrade_response
=NOTICE REPORT==== 3-Sep-2026::12:30:09.024970 ===
    reason: closed
    msg: roadrunner response send failed
    phase: websocket_upgrade_response
=NOTICE REPORT==== 3-Sep-2026::12:30:09.025074 ===
    reason: closed
    msg: roadrunner response send failed
    phase: websocket_upgrade_response
=NOTICE REPORT==== 3-Sep-2026::12:30:09.025148 ===
    reason: closed
    msg: roadrunner response send failed
    phase: websocket_upgrade_response
=NOTICE REPORT==== 3-Sep-2026::12:30:09.025453 ===
    reason: closed
    msg: roadrunner response send failed
    phase: websocket_upgrade_response
=NOTICE REPORT==== 3-Sep-2026::12:30:09.025546 ===
    reason: closed
    msg: roadrunner response send failed
    phase: websocket_upgrade_response
=NOTICE REPORT==== 3-Sep-2026::12:30:09.025612 ===
    reason: closed
    msg: roadrunner response send failed
    phase: websocket_upgrade_response
=NOTICE REPORT==== 3-Sep-2026::12:30:09.025732 ===
    reason: closed
    msg: roadrunner response send failed
    phase: websocket_upgrade_response
=NOTICE REPORT==== 3-Sep-2026::12:30:09.025759 ===
    reason: closed
    msg: roadrunner response send failed
    phase: websocket_upgrade_response
=NOTICE REPORT==== 3-Sep-2026::12:30:09.025821 ===
    reason: closed
    msg: roadrunner response send failed
    phase: websocket_upgrade_response
=NOTICE REPORT==== 3-Sep-2026::12:30:09.025819 ===
    reason: closed
    msg: roadrunner response send failed
    phase: websocket_upgrade_response
=NOTICE REPORT==== 3-Sep-2026::12:30:09.025825 ===
    reason: closed
    msg: roadrunner response send failed
    phase: websocket_upgrade_response
=NOTICE REPORT==== 3-Sep-2026::12:30:09.025840 ===
    reason: closed
    msg: roadrunner response send failed
    phase: websocket_upgrade_response
=NOTICE REPORT==== 3-Sep-2026::12:30:09.025859 ===
    reason: closed
    msg: roadrunner response send failed
    phase: websocket_upgrade_response
=NOTICE REPORT==== 3-Sep-2026::12:30:09.025886 ===
    reason: closed
    msg: roadrunner response send failed
    phase: websocket_upgrade_response
=NOTICE REPORT==== 3-Sep-2026::12:30:09.025898 ===
    reason: closed
    msg: roadrunner response send failed
    phase: websocket_upgrade_response
=NOTICE REPORT==== 3-Sep-2026::12:30:09.025879 ===
    reason: closed
    msg: roadrunner response send failed
    phase: websocket_upgrade_response
=NOTICE REPORT==== 3-Sep-2026::12:30:09.025951 ===
    reason: closed
    msg: roadrunner response send failed
    phase: websocket_upgrade_response
=NOTICE REPORT==== 3-Sep-2026::12:30:09.025939 ===
    reason: closed
    msg: roadrunner response send failed
    phase: websocket_upgrade_response
=NOTICE REPORT==== 3-Sep-2026::12:30:09.025961 ===
    reason: closed
    msg: roadrunner response send failed
    phase: websocket_upgrade_response
=NOTICE REPORT==== 3-Sep-2026::12:30:09.025968 ===
    reason: closed
    msg: roadrunner response send failed
    phase: websocket_upgrade_response
=NOTICE REPORT==== 3-Sep-2026::12:30:09.025978 ===
    reason: closed
    msg: roadrunner response send failed
    phase: websocket_upgrade_response
=NOTICE REPORT==== 3-Sep-2026::12:30:09.025976 ===
    reason: closed
    msg: roadrunner response send failed
    phase: websocket_upgrade_response
=NOTICE REPORT==== 3-Sep-2026::12:30:09.025999 ===
    reason: closed
    msg: roadrunner response send failed
    phase: websocket_upgrade_response
=NOTICE REPORT==== 3-Sep-2026::12:30:09.026037 ===
    reason: closed
    msg: roadrunner response send failed
    phase: websocket_upgrade_response
=NOTICE REPORT==== 3-Sep-2026::12:30:09.026038 ===
    reason: closed
    msg: roadrunner response send failed
    phase: websocket_upgrade_response
=NOTICE REPORT==== 3-Sep-2026::12:30:09.026042 ===
    reason: closed
    msg: roadrunner response send failed
    phase: websocket_upgrade_response
=NOTICE REPORT==== 3-Sep-2026::12:30:09.026064 ===
    reason: closed
    msg: roadrunner response send failed
    phase: websocket_upgrade_response
=NOTICE REPORT==== 3-Sep-2026::12:30:09.026075 ===
    reason: closed
    msg: roadrunner response send failed
    phase: websocket_upgrade_response
=NOTICE REPORT==== 3-Sep-2026::12:30:09.026096 ===
    reason: closed
    msg: roadrunner response send failed
    phase: websocket_upgrade_response
=NOTICE REPORT==== 3-Sep-2026::12:30:09.026119 ===
    reason: closed
    msg: roadrunner response send failed
    phase: websocket_upgrade_response
=NOTICE REPORT==== 3-Sep-2026::12:30:09.026208 ===
    reason: closed
    msg: roadrunner response send failed
    phase: websocket_upgrade_response
=NOTICE REPORT==== 3-Sep-2026::12:30:09.026198 ===
    reason: closed
    msg: roadrunner response send failed
    phase: websocket_upgrade_response
=NOTICE REPORT==== 3-Sep-2026::12:30:09.026224 ===
    reason: closed
    msg: roadrunner response send failed
    phase: websocket_upgrade_response
=NOTICE REPORT==== 3-Sep-2026::12:30:09.026234 ===
    reason: closed
    msg: roadrunner response send failed
    phase: websocket_upgrade_response
=NOTICE REPORT==== 3-Sep-2026::12:30:09.026283 ===
    reason: closed
    msg: roadrunner response send failed
    phase: websocket_upgrade_response
=NOTICE REPORT==== 3-Sep-2026::12:30:09.026274 ===
    reason: closed
    msg: roadrunner response send failed
    phase: websocket_upgrade_response
=NOTICE REPORT==== 3-Sep-2026::12:30:09.026290 ===
    reason: closed
    msg: roadrunner response send failed
    phase: websocket_upgrade_response
=NOTICE REPORT==== 3-Sep-2026::12:30:09.026319 ===
    reason: closed
    msg: roadrunner response send failed
    phase: websocket_upgrade_response
=NOTICE REPORT==== 3-Sep-2026::12:30:09.026309 ===
    reason: closed
    msg: roadrunner response send failed
    phase: websocket_upgrade_response
=NOTICE REPORT==== 3-Sep-2026::12:30:09.026355 ===
    reason: closed
    msg: roadrunner response send failed
    phase: websocket_upgrade_response
=NOTICE REPORT==== 3-Sep-2026::12:30:09.026363 ===
    reason: closed
    msg: roadrunner response send failed
    phase: websocket_upgrade_response
=NOTICE REPORT==== 3-Sep-2026::12:30:09.026432 ===
    reason: closed
    msg: roadrunner response send failed
    phase: websocket_upgrade_response
=NOTICE REPORT==== 3-Sep-2026::12:30:09.026493 ===
    reason: closed
    msg: roadrunner response send failed
    phase: websocket_upgrade_response
=NOTICE REPORT==== 3-Sep-2026::12:30:09.026772 ===
    reason: closed
    msg: roadrunner response send failed
    phase: websocket_upgrade_response
=NOTICE REPORT==== 3-Sep-2026::12:30:09.026895 ===
    reason: closed
    msg: roadrunner response send failed
    phase: websocket_upgrade_response
=NOTICE REPORT==== 3-Sep-2026::12:30:09.026921 ===
    reason: closed
    msg: roadrunner response send failed
    phase: websocket_upgrade_response
=NOTICE REPORT==== 3-Sep-2026::12:30:09.027037 ===
    reason: closed
    msg: roadrunner response send failed
    phase: websocket_upgrade_response
=NOTICE REPORT==== 3-Sep-2026::12:30:09.027049 ===
    reason: closed
    msg: roadrunner response send failed
    phase: websocket_upgrade_response
=NOTICE REPORT==== 3-Sep-2026::12:30:09.027037 ===
    reason: closed
    msg: roadrunner response send failed
    phase: websocket_upgrade_response
=NOTICE REPORT==== 3-Sep-2026::12:30:09.027091 ===
    reason: closed
    msg: roadrunner response send failed
    phase: websocket_upgrade_response
=NOTICE REPORT==== 3-Sep-2026::12:30:09.027138 ===
    reason: closed
    msg: roadrunner response send failed
    phase: websocket_upgrade_response
=NOTICE REPORT==== 3-Sep-2026::12:30:09.027156 ===
    reason: closed
    msg: roadrunner response send failed
    phase: websocket_upgrade_response
=NOTICE REPORT==== 3-Sep-2026::12:30:09.027168 ===
    reason: closed
    msg: roadrunner response send failed
    phase: websocket_upgrade_response
=NOTICE REPORT==== 3-Sep-2026::12:30:09.027204 ===
    reason: closed
    msg: roadrunner response send failed
    phase: websocket_upgrade_response
=NOTICE REPORT==== 3-Sep-2026::12:30:09.027191 ===
    reason: closed
    msg: roadrunner response send failed
    phase: websocket_upgrade_response
=NOTICE REPORT==== 3-Sep-2026::12:30:09.027225 ===
    reason: closed
    msg: roadrunner response send failed
    phase: websocket_upgrade_response
=NOTICE REPORT==== 3-Sep-2026::12:30:09.027209 ===
    reason: closed
    msg: roadrunner response send failed
    phase: websocket_upgrade_response
=NOTICE REPORT==== 3-Sep-2026::12:30:09.027262 ===
    reason: closed
    msg: roadrunner response send failed
    phase: websocket_upgrade_response
=NOTICE REPORT==== 3-Sep-2026::12:30:09.027272 ===
    reason: closed
    msg: roadrunner response send failed
    phase: websocket_upgrade_response
=NOTICE REPORT==== 3-Sep-2026::12:30:09.027278 ===
    reason: closed
    msg: roadrunner response send failed
    phase: websocket_upgrade_response
=NOTICE REPORT==== 3-Sep-2026::12:30:09.027363 ===
    reason: closed
    msg: roadrunner response send failed
    phase: websocket_upgrade_response
=NOTICE REPORT==== 3-Sep-2026::12:30:09.027322 ===
    reason: closed
    msg: roadrunner response send failed
    phase: websocket_upgrade_response
=NOTICE REPORT==== 3-Sep-2026::12:30:09.027412 ===
    reason: closed
    msg: roadrunner response send failed
    phase: websocket_upgrade_response
=NOTICE REPORT==== 3-Sep-2026::12:30:09.027498 ===
    reason: closed
    msg: roadrunner response send failed
    phase: websocket_upgrade_response
=NOTICE REPORT==== 3-Sep-2026::12:30:09.027527 ===
    reason: closed
    msg: roadrunner response send failed
    phase: websocket_upgrade_response
=NOTICE REPORT==== 3-Sep-2026::12:30:09.027890 ===
    reason: closed
    msg: roadrunner response send failed
    phase: websocket_upgrade_response
=NOTICE REPORT==== 3-Sep-2026::12:30:09.027934 ===
    reason: closed
    msg: roadrunner response send failed
    phase: websocket_upgrade_response
=NOTICE REPORT==== 3-Sep-2026::12:30:09.027928 ===
    reason: closed
    msg: roadrunner response send failed
    phase: websocket_upgrade_response
=NOTICE REPORT==== 3-Sep-2026::12:30:09.028002 ===
    reason: closed
    msg: roadrunner response send failed
    phase: websocket_upgrade_response
=NOTICE REPORT==== 3-Sep-2026::12:30:09.027996 ===
    reason: closed
    msg: roadrunner response send failed
    phase: websocket_upgrade_response
=NOTICE REPORT==== 3-Sep-2026::12:30:09.028007 ===
    reason: closed
    msg: roadrunner response send failed
    phase: websocket_upgrade_response
=NOTICE REPORT==== 3-Sep-2026::12:30:09.028032 ===
    reason: closed
    msg: roadrunner response send failed
    phase: websocket_upgrade_response
=NOTICE REPORT==== 3-Sep-2026::12:30:09.028053 ===
    reason: closed
    msg: roadrunner response send failed
    phase: websocket_upgrade_response
=NOTICE REPORT==== 3-Sep-2026::12:30:09.028041 ===
    reason: closed
    msg: roadrunner response send failed
    phase: websocket_upgrade_response
=NOTICE REPORT==== 3-Sep-2026::12:30:09.028069 ===
    reason: closed
    msg: roadrunner response send failed
    phase: websocket_upgrade_response
=NOTICE REPORT==== 3-Sep-2026::12:30:09.028075 ===
    reason: closed
    msg: roadrunner response send failed
    phase: websocket_upgrade_response
=NOTICE REPORT==== 3-Sep-2026::12:30:09.028070 ===
    reason: closed
    msg: roadrunner response send failed
    phase: websocket_upgrade_response
=NOTICE REPORT==== 3-Sep-2026::12:30:09.028098 ===
    reason: closed
    msg: roadrunner response send failed
    phase: websocket_upgrade_response
=NOTICE REPORT==== 3-Sep-2026::12:30:09.028232 ===
    reason: closed
    msg: roadrunner response send failed
    phase: websocket_upgrade_response
=NOTICE REPORT==== 3-Sep-2026::12:30:09.028354 ===
    reason: closed
    msg: roadrunner response send failed
    phase: websocket_upgrade_response
=NOTICE REPORT==== 3-Sep-2026::12:30:09.028347 ===
    reason: closed
    msg: roadrunner response send failed
    phase: websocket_upgrade_response
=NOTICE REPORT==== 3-Sep-2026::12:30:09.028480 ===
    reason: closed
    msg: roadrunner response send failed
    phase: websocket_upgrade_response
=NOTICE REPORT==== 3-Sep-2026::12:30:09.028494 ===
    reason: closed
    msg: roadrunner response send failed
    phase: websocket_upgrade_response
=NOTICE REPORT==== 3-Sep-2026::12:30:09.028508 ===
    reason: closed
    msg: roadrunner response send failed
    phase: websocket_upgrade_response
=NOTICE REPORT==== 3-Sep-2026::12:30:09.028534 ===
    reason: closed
    msg: roadrunner response send failed
    phase: websocket_upgrade_response
=NOTICE REPORT==== 3-Sep-2026::12:30:09.028538 ===
    reason: closed
    msg: roadrunner response send failed
    phase: websocket_upgrade_response
=NOTICE REPORT==== 3-Sep-2026::12:30:09.028706 ===
    reason: closed
    msg: roadrunner response send failed
    phase: websocket_upgrade_response
=NOTICE REPORT==== 3-Sep-2026::12:30:09.028968 ===
    reason: closed
    msg: roadrunner response send failed
    phase: websocket_upgrade_response
=NOTICE REPORT==== 3-Sep-2026::12:30:09.028954 ===
    reason: closed
    msg: roadrunner response send failed
    phase: websocket_upgrade_response
=NOTICE REPORT==== 3-Sep-2026::12:30:09.029015 ===
    reason: closed
    msg: roadrunner response send failed
    phase: websocket_upgrade_response
=NOTICE REPORT==== 3-Sep-2026::12:30:09.029129 ===
    reason: closed
    msg: roadrunner response send failed
    phase: websocket_upgrade_response
=NOTICE REPORT==== 3-Sep-2026::12:30:09.029175 ===
    reason: closed
    msg: roadrunner response send failed
    phase: websocket_upgrade_response
=NOTICE REPORT==== 3-Sep-2026::12:30:09.029215 ===
    reason: closed
    msg: roadrunner response send failed
    phase: websocket_upgrade_response
=NOTICE REPORT==== 3-Sep-2026::12:30:09.029207 ===
    reason: closed
    msg: roadrunner response send failed
    phase: websocket_upgrade_response
=NOTICE REPORT==== 3-Sep-2026::12:30:09.029281 ===
    reason: closed
    msg: roadrunner response send failed
    phase: websocket_upgrade_response
=NOTICE REPORT==== 3-Sep-2026::12:30:09.029383 ===
    reason: closed
    msg: roadrunner response send failed
    phase: websocket_upgrade_response
=NOTICE REPORT==== 3-Sep-2026::12:30:09.029449 ===
    reason: closed
    msg: roadrunner response send failed
    phase: websocket_upgrade_response
=NOTICE REPORT==== 3-Sep-2026::12:30:09.029489 ===
    reason: closed
    msg: roadrunner response send failed
    phase: websocket_upgrade_response
=NOTICE REPORT==== 3-Sep-2026::12:30:09.029552 ===
    reason: closed
    msg: roadrunner response send failed
    phase: websocket_upgrade_response
=NOTICE REPORT==== 3-Sep-2026::12:30:09.029559 ===
    reason: closed
    msg: roadrunner response send failed
    phase: websocket_upgrade_response
=NOTICE REPORT==== 3-Sep-2026::12:30:09.029619 ===
    reason: closed
    msg: roadrunner response send failed
    phase: websocket_upgrade_response
=NOTICE REPORT==== 3-Sep-2026::12:30:09.029661 ===
    reason: closed
    msg: roadrunner response send failed
    phase: websocket_upgrade_response
=NOTICE REPORT==== 3-Sep-2026::12:30:09.029703 ===
    reason: closed
    msg: roadrunner response send failed
    phase: websocket_upgrade_response
=NOTICE REPORT==== 3-Sep-2026::12:30:09.029692 ===
    reason: closed
    msg: roadrunner response send failed
    phase: websocket_upgrade_response
=NOTICE REPORT==== 3-Sep-2026::12:30:09.029716 ===
    reason: closed
    msg: roadrunner response send failed
    phase: websocket_upgrade_response
=NOTICE REPORT==== 3-Sep-2026::12:30:09.029781 ===
    reason: closed
    msg: roadrunner response send failed
    phase: websocket_upgrade_response
=NOTICE REPORT==== 3-Sep-2026::12:30:09.029869 ===
    reason: closed
    msg: roadrunner response send failed
    phase: websocket_upgrade_response
=NOTICE REPORT==== 3-Sep-2026::12:30:09.029875 ===
    reason: closed
    msg: roadrunner response send failed
    phase: websocket_upgrade_response
=NOTICE REPORT==== 3-Sep-2026::12:30:09.029998 ===
    reason: closed
    msg: roadrunner response send failed
    phase: websocket_upgrade_response
=NOTICE REPORT==== 3-Sep-2026::12:30:09.029999 ===
    reason: closed
    msg: roadrunner response send failed
    phase: websocket_upgrade_response
=NOTICE REPORT==== 3-Sep-2026::12:30:09.030007 ===
    reason: closed
    msg: roadrunner response send failed
    phase: websocket_upgrade_response
=NOTICE REPORT==== 3-Sep-2026::12:30:09.030036 ===
    reason: closed
    msg: roadrunner response send failed
    phase: websocket_upgrade_response
=NOTICE REPORT==== 3-Sep-2026::12:30:09.030053 ===
    reason: closed
    msg: roadrunner response send failed
    phase: websocket_upgrade_response
=NOTICE REPORT==== 3-Sep-2026::12:30:09.030142 ===
    reason: closed
    msg: roadrunner response send failed
    phase: websocket_upgrade_response
=NOTICE REPORT==== 3-Sep-2026::12:30:09.030134 ===
    reason: closed
    msg: roadrunner response send failed
    phase: websocket_upgrade_response
=NOTICE REPORT==== 3-Sep-2026::12:30:09.030210 ===
    reason: closed
    msg: roadrunner response send failed
    phase: websocket_upgrade_response
=NOTICE REPORT==== 3-Sep-2026::12:30:09.030314 ===
    reason: closed
    msg: roadrunner response send failed
    phase: websocket_upgrade_response
=NOTICE REPORT==== 3-Sep-2026::12:30:09.030350 ===
    reason: closed
    msg: roadrunner response send failed
    phase: websocket_upgrade_response
=NOTICE REPORT==== 3-Sep-2026::12:30:09.030387 ===
    reason: closed
    msg: roadrunner response send failed
    phase: websocket_upgrade_response
=NOTICE REPORT==== 3-Sep-2026::12:30:09.030423 ===
    reason: closed
    msg: roadrunner response send failed
    phase: websocket_upgrade_response
=NOTICE REPORT==== 3-Sep-2026::12:30:09.030427 ===
    reason: closed
    msg: roadrunner response send failed
    phase: websocket_upgrade_response
=NOTICE REPORT==== 3-Sep-2026::12:30:09.030454 ===
    reason: closed
    msg: roadrunner response send failed
    phase: websocket_upgrade_response
=NOTICE REPORT==== 3-Sep-2026::12:30:09.030559 ===
    reason: closed
    msg: roadrunner response send failed
    phase: websocket_upgrade_response
=NOTICE REPORT==== 3-Sep-2026::12:30:09.030838 ===
    reason: closed
    msg: roadrunner response send failed
    phase: websocket_upgrade_response
=NOTICE REPORT==== 3-Sep-2026::12:30:09.030945 ===
    reason: closed
    msg: roadrunner response send failed
    phase: websocket_upgrade_response
=NOTICE REPORT==== 3-Sep-2026::12:30:09.031006 ===
    reason: closed
    msg: roadrunner response send failed
    phase: websocket_upgrade_response
=NOTICE REPORT==== 3-Sep-2026::12:30:09.031016 ===
    reason: closed
    msg: roadrunner response send failed
    phase: websocket_upgrade_response
=NOTICE REPORT==== 3-Sep-2026::12:30:09.031013 ===
    reason: closed
    msg: roadrunner response send failed
    phase: websocket_upgrade_response
=NOTICE REPORT==== 3-Sep-2026::12:30:09.031028 ===
    reason: closed
    msg: roadrunner response send failed
    phase: websocket_upgrade_response
=NOTICE REPORT==== 3-Sep-2026::12:30:09.031116 ===
    reason: closed
    msg: roadrunner response send failed
    phase: websocket_upgrade_response
=NOTICE REPORT==== 3-Sep-2026::12:30:09.031144 ===
    reason: closed
    msg: roadrunner response send failed
    phase: websocket_upgrade_response
=NOTICE REPORT==== 3-Sep-2026::12:30:09.031146 ===
    reason: closed
    msg: roadrunner response send failed
    phase: websocket_upgrade_response
=NOTICE REPORT==== 3-Sep-2026::12:30:09.031134 ===
    reason: closed
    msg: roadrunner response send failed
    phase: websocket_upgrade_response
=NOTICE REPORT==== 3-Sep-2026::12:30:09.031066 ===
    reason: closed
    msg: roadrunner response send failed
    phase: websocket_upgrade_response
=NOTICE REPORT==== 3-Sep-2026::12:30:09.031171 ===
    reason: closed
    msg: roadrunner response send failed
    phase: websocket_upgrade_response
=NOTICE REPORT==== 3-Sep-2026::12:30:09.031171 ===
    reason: closed
    msg: roadrunner response send failed
    phase: websocket_upgrade_response
=NOTICE REPORT==== 3-Sep-2026::12:30:09.031231 ===
    reason: closed
    msg: roadrunner response send failed
    phase: websocket_upgrade_response
=NOTICE REPORT==== 3-Sep-2026::12:30:09.031273 ===
    reason: closed
    msg: roadrunner response send failed
    phase: websocket_upgrade_response
=NOTICE REPORT==== 3-Sep-2026::12:30:09.031279 ===
    reason: closed
    msg: roadrunner response send failed
    phase: websocket_upgrade_response
=NOTICE REPORT==== 3-Sep-2026::12:30:09.031250 ===
    reason: closed
    msg: roadrunner response send failed
    phase: websocket_upgrade_response
=NOTICE REPORT==== 3-Sep-2026::12:30:09.031312 ===
    reason: closed
    msg: roadrunner response send failed
    phase: websocket_upgrade_response
=NOTICE REPORT==== 3-Sep-2026::12:30:09.031332 ===
    reason: closed
    msg: roadrunner response send failed
    phase: websocket_upgrade_response
=NOTICE REPORT==== 3-Sep-2026::12:30:09.031338 ===
    reason: closed
    msg: roadrunner response send failed
    phase: websocket_upgrade_response
=NOTICE REPORT==== 3-Sep-2026::12:30:09.031351 ===
    reason: closed
    msg: roadrunner response send failed
    phase: websocket_upgrade_response
=NOTICE REPORT==== 3-Sep-2026::12:30:09.031351 ===
    reason: closed
    msg: roadrunner response send failed
    phase: websocket_upgrade_response
=NOTICE REPORT==== 3-Sep-2026::12:30:09.031356 ===
    reason: closed
    msg: roadrunner response send failed
    phase: websocket_upgrade_response
=NOTICE REPORT==== 3-Sep-2026::12:30:09.031469 ===
    reason: closed
    msg: roadrunner response send failed
    phase: websocket_upgrade_response
=NOTICE REPORT==== 3-Sep-2026::12:30:09.031794 ===
    reason: closed
    msg: roadrunner response send failed
    phase: websocket_upgrade_response
=NOTICE REPORT==== 3-Sep-2026::12:30:09.031801 ===
    reason: closed
    msg: roadrunner response send failed
    phase: websocket_upgrade_response
=NOTICE REPORT==== 3-Sep-2026::12:30:09.031776 ===
    reason: closed
    msg: roadrunner response send failed
    phase: websocket_upgrade_response
=NOTICE REPORT==== 3-Sep-2026::12:30:09.031827 ===
    reason: closed
    msg: roadrunner response send failed
    phase: websocket_upgrade_response
=NOTICE REPORT==== 3-Sep-2026::12:30:09.032122 ===
    reason: closed
    msg: roadrunner response send failed
    phase: websocket_upgrade_response
=NOTICE REPORT==== 3-Sep-2026::12:30:09.032141 ===
    reason: closed
    msg: roadrunner response send failed
    phase: websocket_upgrade_response
=NOTICE REPORT==== 3-Sep-2026::12:30:09.032156 ===
    reason: closed
    msg: roadrunner response send failed
    phase: websocket_upgrade_response
=NOTICE REPORT==== 3-Sep-2026::12:30:09.032226 ===
    reason: closed
    msg: roadrunner response send failed
    phase: websocket_upgrade_response
=NOTICE REPORT==== 3-Sep-2026::12:30:09.032228 ===
    reason: closed
    msg: roadrunner response send failed
    phase: websocket_upgrade_response
=NOTICE REPORT==== 3-Sep-2026::12:30:09.032227 ===
    reason: closed
    msg: roadrunner response send failed
    phase: websocket_upgrade_response
=NOTICE REPORT==== 3-Sep-2026::12:30:09.032251 ===
    reason: closed
    msg: roadrunner response send failed
    phase: websocket_upgrade_response
=NOTICE REPORT==== 3-Sep-2026::12:30:09.032250 ===
    reason: closed
    msg: roadrunner response send failed
    phase: websocket_upgrade_response
=NOTICE REPORT==== 3-Sep-2026::12:30:09.032241 ===
    reason: closed
    msg: roadrunner response send failed
    phase: websocket_upgrade_response
=NOTICE REPORT==== 3-Sep-2026::12:30:09.032285 ===
    reason: closed
    msg: roadrunner response send failed
    phase: websocket_upgrade_response
=NOTICE REPORT==== 3-Sep-2026::12:30:09.032402 ===
    reason: closed
    msg: roadrunner response send failed
    phase: websocket_upgrade_response
=NOTICE REPORT==== 3-Sep-2026::12:30:09.032681 ===
    reason: closed
    msg: roadrunner response send failed
    phase: websocket_upgrade_response
=NOTICE REPORT==== 3-Sep-2026::12:30:09.032735 ===
    reason: closed
    msg: roadrunner response send failed
    phase: websocket_upgrade_response
=NOTICE REPORT==== 3-Sep-2026::12:30:09.032745 ===
    reason: closed
    msg: roadrunner response send failed
    phase: websocket_upgrade_response
=NOTICE REPORT==== 3-Sep-2026::12:30:09.032759 ===
    reason: closed
    msg: roadrunner response send failed
    phase: websocket_upgrade_response
=NOTICE REPORT==== 3-Sep-2026::12:30:09.032763 ===
    reason: closed
    msg: roadrunner response send failed
    phase: websocket_upgrade_response
=NOTICE REPORT==== 3-Sep-2026::12:30:09.032774 ===
    reason: closed
    msg: roadrunner response send failed
    phase: websocket_upgrade_response
=NOTICE REPORT==== 3-Sep-2026::12:30:09.032930 ===
    reason: closed
    msg: roadrunner response send failed
    phase: websocket_upgrade_response
=NOTICE REPORT==== 3-Sep-2026::12:30:09.032994 ===
    reason: closed
    msg: roadrunner response send failed
    phase: websocket_upgrade_response
=NOTICE REPORT==== 3-Sep-2026::12:30:09.033453 ===
    reason: closed
    msg: roadrunner response send failed
    phase: websocket_upgrade_response
=NOTICE REPORT==== 3-Sep-2026::12:30:09.033520 ===
    reason: closed
    msg: roadrunner response send failed
    phase: websocket_upgrade_response
=NOTICE REPORT==== 3-Sep-2026::12:30:09.033545 ===
    reason: closed
    msg: roadrunner response send failed
    phase: websocket_upgrade_response
=NOTICE REPORT==== 3-Sep-2026::12:30:09.033592 ===
    reason: closed
    msg: roadrunner response send failed
    phase: websocket_upgrade_response
=NOTICE REPORT==== 3-Sep-2026::12:30:09.033603 ===
    reason: closed
    msg: roadrunner response send failed
    phase: websocket_upgrade_response
=NOTICE REPORT==== 3-Sep-2026::12:30:09.033643 ===
    reason: closed
    msg: roadrunner response send failed
    phase: websocket_upgrade_response
=NOTICE REPORT==== 3-Sep-2026::12:30:09.033645 ===
    reason: closed
    msg: roadrunner response send failed
    phase: websocket_upgrade_response
=NOTICE REPORT==== 3-Sep-2026::12:30:09.033701 ===
    reason: closed
    msg: roadrunner response send failed
    phase: websocket_upgrade_response
=NOTICE REPORT==== 3-Sep-2026::12:30:09.033679 ===
    reason: closed
    msg: roadrunner response send failed
    phase: websocket_upgrade_response
=NOTICE REPORT==== 3-Sep-2026::12:30:09.033749 ===
    reason: closed
    msg: roadrunner response send failed
    phase: websocket_upgrade_response
=NOTICE REPORT==== 3-Sep-2026::12:30:09.033754 ===
    reason: closed
    msg: roadrunner response send failed
    phase: websocket_upgrade_response
=NOTICE REPORT==== 3-Sep-2026::12:30:09.033837 ===
    reason: closed
    msg: roadrunner response send failed
    phase: websocket_upgrade_response
=NOTICE REPORT==== 3-Sep-2026::12:30:09.033829 ===
    reason: closed
    msg: roadrunner response send failed
    phase: websocket_upgrade_response
=NOTICE REPORT==== 3-Sep-2026::12:30:09.033993 ===
    reason: closed
    msg: roadrunner response send failed
    phase: websocket_upgrade_response
=NOTICE REPORT==== 3-Sep-2026::12:30:09.034111 ===
    reason: closed
    msg: roadrunner response send failed
    phase: websocket_upgrade_response
=NOTICE REPORT==== 3-Sep-2026::12:30:09.034131 ===
    reason: closed
    msg: roadrunner response send failed
    phase: websocket_upgrade_response
=NOTICE REPORT==== 3-Sep-2026::12:30:09.034125 ===
    reason: closed
    msg: roadrunner response send failed
    phase: websocket_upgrade_response
=NOTICE REPORT==== 3-Sep-2026::12:30:09.034081 ===
    reason: closed
    msg: roadrunner response send failed
    phase: websocket_upgrade_response
=NOTICE REPORT==== 3-Sep-2026::12:30:09.034121 ===
    reason: closed
    msg: roadrunner response send failed
    phase: websocket_upgrade_response
=NOTICE REPORT==== 3-Sep-2026::12:30:09.034224 ===
    reason: closed
    msg: roadrunner response send failed
    phase: websocket_upgrade_response
=NOTICE REPORT==== 3-Sep-2026::12:30:09.034211 ===
    reason: closed
    msg: roadrunner response send failed
    phase: websocket_upgrade_response
=NOTICE REPORT==== 3-Sep-2026::12:30:09.034224 ===
    reason: closed
    msg: roadrunner response send failed
    phase: websocket_upgrade_response
=NOTICE REPORT==== 3-Sep-2026::12:30:09.034209 ===
    reason: closed
    msg: roadrunner response send failed
    phase: websocket_upgrade_response
=NOTICE REPORT==== 3-Sep-2026::12:30:09.034211 ===
    reason: closed
    msg: roadrunner response send failed
    phase: websocket_upgrade_response
=NOTICE REPORT==== 3-Sep-2026::12:30:09.034187 ===
    reason: closed
    msg: roadrunner response send failed
    phase: websocket_upgrade_response
=NOTICE REPORT==== 3-Sep-2026::12:30:09.034346 ===
    reason: closed
    msg: roadrunner response send failed
    phase: websocket_upgrade_response
=NOTICE REPORT==== 3-Sep-2026::12:30:09.034283 ===
    reason: closed
    msg: roadrunner response send failed
    phase: websocket_upgrade_response
=NOTICE REPORT==== 3-Sep-2026::12:30:09.034367 ===
    reason: closed
    msg: roadrunner response send failed
    phase: websocket_upgrade_response
=NOTICE REPORT==== 3-Sep-2026::12:30:09.034426 ===
    reason: closed
    msg: roadrunner response send failed
    phase: websocket_upgrade_response
=NOTICE REPORT==== 3-Sep-2026::12:30:09.034461 ===
    reason: closed
    msg: roadrunner response send failed
    phase: websocket_upgrade_response
=NOTICE REPORT==== 3-Sep-2026::12:30:09.034482 ===
    reason: closed
    msg: roadrunner response send failed
    phase: websocket_upgrade_response
=NOTICE REPORT==== 3-Sep-2026::12:30:09.034484 ===
    reason: closed
    msg: roadrunner response send failed
    phase: websocket_upgrade_response
=NOTICE REPORT==== 3-Sep-2026::12:30:09.034471 ===
    reason: closed
    msg: roadrunner response send failed
    phase: websocket_upgrade_response
=NOTICE REPORT==== 3-Sep-2026::12:30:09.034517 ===
    reason: closed
    msg: roadrunner response send failed
    phase: websocket_upgrade_response
=NOTICE REPORT==== 3-Sep-2026::12:30:09.034528 ===
    reason: closed
    msg: roadrunner response send failed
    phase: websocket_upgrade_response
=NOTICE REPORT==== 3-Sep-2026::12:30:09.034566 ===
    reason: closed
    msg: roadrunner response send failed
    phase: websocket_upgrade_response
=NOTICE REPORT==== 3-Sep-2026::12:30:09.034549 ===
    reason: closed
    msg: roadrunner response send failed
    phase: websocket_upgrade_response
=NOTICE REPORT==== 3-Sep-2026::12:30:09.034613 ===
    reason: closed
    msg: roadrunner response send failed
    phase: websocket_upgrade_response
=NOTICE REPORT==== 3-Sep-2026::12:30:09.034668 ===
    reason: closed
    msg: roadrunner response send failed
    phase: websocket_upgrade_response
=NOTICE REPORT==== 3-Sep-2026::12:30:09.034671 ===
    reason: closed
    msg: roadrunner response send failed
    phase: websocket_upgrade_response
=NOTICE REPORT==== 3-Sep-2026::12:30:09.034693 ===
    reason: closed
    msg: roadrunner response send failed
    phase: websocket_upgrade_response
=NOTICE REPORT==== 3-Sep-2026::12:30:09.034726 ===
    reason: closed
    msg: roadrunner response send failed
    phase: websocket_upgrade_response
=NOTICE REPORT==== 3-Sep-2026::12:30:09.034813 ===
    reason: closed
    msg: roadrunner response send failed
    phase: websocket_upgrade_response
=NOTICE REPORT==== 3-Sep-2026::12:30:09.034813 ===
    reason: closed
    msg: roadrunner response send failed
    phase: websocket_upgrade_response
=NOTICE REPORT==== 3-Sep-2026::12:30:09.034817 ===
    reason: closed
    msg: roadrunner response send failed
    phase: websocket_upgrade_response
=NOTICE REPORT==== 3-Sep-2026::12:30:09.034878 ===
    reason: closed
    msg: roadrunner response send failed
    phase: websocket_upgrade_response
=NOTICE REPORT==== 3-Sep-2026::12:30:09.034888 ===
    reason: closed
    msg: roadrunner response send failed
    phase: websocket_upgrade_response
=NOTICE REPORT==== 3-Sep-2026::12:30:09.034944 ===
    reason: closed
    msg: roadrunner response send failed
    phase: websocket_upgrade_response
=NOTICE REPORT==== 3-Sep-2026::12:30:09.034951 ===
    reason: closed
    msg: roadrunner response send failed
    phase: websocket_upgrade_response
=NOTICE REPORT==== 3-Sep-2026::12:30:09.034953 ===
    reason: closed
    msg: roadrunner response send failed
    phase: websocket_upgrade_response
=NOTICE REPORT==== 3-Sep-2026::12:30:09.035131 ===
    reason: closed
    msg: roadrunner response send failed
    phase: websocket_upgrade_response
=NOTICE REPORT==== 3-Sep-2026::12:30:09.035203 ===
    reason: closed
    msg: roadrunner response send failed
    phase: websocket_upgrade_response
=NOTICE REPORT==== 3-Sep-2026::12:30:09.035265 ===
    reason: closed
    msg: roadrunner response send failed
    phase: websocket_upgrade_response
=NOTICE REPORT==== 3-Sep-2026::12:30:09.035484 ===
    reason: closed
    msg: roadrunner response send failed
    phase: websocket_upgrade_response
=NOTICE REPORT==== 3-Sep-2026::12:30:09.035531 ===
    reason: closed
    msg: roadrunner response send failed
    phase: websocket_upgrade_response
=NOTICE REPORT==== 3-Sep-2026::12:30:09.035523 ===
    reason: closed
    msg: roadrunner response send failed
    phase: websocket_upgrade_response
=NOTICE REPORT==== 3-Sep-2026::12:30:09.035547 ===
    reason: closed
    msg: roadrunner response send failed
    phase: websocket_upgrade_response
=NOTICE REPORT==== 3-Sep-2026::12:30:09.035557 ===
    reason: closed
    msg: roadrunner response send failed
    phase: websocket_upgrade_response
=NOTICE REPORT==== 3-Sep-2026::12:30:09.035724 ===
    reason: closed
    msg: roadrunner response send failed
    phase: websocket_upgrade_response
=NOTICE REPORT==== 3-Sep-2026::12:30:09.035736 ===
    reason: closed
    msg: roadrunner response send failed
    phase: websocket_upgrade_response
=NOTICE REPORT==== 3-Sep-2026::12:30:09.035764 ===
    reason: closed
    msg: roadrunner response send failed
    phase: websocket_upgrade_response
=NOTICE REPORT==== 3-Sep-2026::12:30:09.035851 ===
    reason: closed
    msg: roadrunner response send failed
    phase: websocket_upgrade_response
=NOTICE REPORT==== 3-Sep-2026::12:30:09.035905 ===
    reason: closed
    msg: roadrunner response send failed
    phase: websocket_upgrade_response
=NOTICE REPORT==== 3-Sep-2026::12:30:09.035924 ===
    reason: closed
    msg: roadrunner response send failed
    phase: websocket_upgrade_response
=NOTICE REPORT==== 3-Sep-2026::12:30:09.035937 ===
    reason: closed
    msg: roadrunner response send failed
    phase: websocket_upgrade_response
=NOTICE REPORT==== 3-Sep-2026::12:30:09.035961 ===
    reason: closed
    msg: roadrunner response send failed
    phase: websocket_upgrade_response
=NOTICE REPORT==== 3-Sep-2026::12:30:09.035971 ===
    reason: closed
    msg: roadrunner response send failed
    phase: websocket_upgrade_response
=NOTICE REPORT==== 3-Sep-2026::12:30:09.035978 ===
    reason: closed
    msg: roadrunner response send failed
    phase: websocket_upgrade_response
=NOTICE REPORT==== 3-Sep-2026::12:30:09.035946 ===
    reason: closed
    msg: roadrunner response send failed
    phase: websocket_upgrade_response
=NOTICE REPORT==== 3-Sep-2026::12:30:09.036140 ===
    reason: closed
    msg: roadrunner response send failed
    phase: websocket_upgrade_response
=NOTICE REPORT==== 3-Sep-2026::12:30:09.036370 ===
    reason: closed
    msg: roadrunner response send failed
    phase: websocket_upgrade_response
=NOTICE REPORT==== 3-Sep-2026::12:30:09.036458 ===
    reason: closed
    msg: roadrunner response send failed
    phase: websocket_upgrade_response
=NOTICE REPORT==== 3-Sep-2026::12:30:09.036467 ===
    reason: closed
    msg: roadrunner response send failed
    phase: websocket_upgrade_response
=NOTICE REPORT==== 3-Sep-2026::12:30:09.036500 ===
    reason: closed
    msg: roadrunner response send failed
    phase: websocket_upgrade_response
=NOTICE REPORT==== 3-Sep-2026::12:30:09.036539 ===
    reason: closed
    msg: roadrunner response send failed
    phase: websocket_upgrade_response
=NOTICE REPORT==== 3-Sep-2026::12:30:09.036559 ===
    reason: closed
    msg: roadrunner response send failed
    phase: websocket_upgrade_response
=NOTICE REPORT==== 3-Sep-2026::12:30:09.036580 ===
    reason: closed
    msg: roadrunner response send failed
    phase: websocket_upgrade_response
=NOTICE REPORT==== 3-Sep-2026::12:30:09.036580 ===
    reason: closed
    msg: roadrunner response send failed
    phase: websocket_upgrade_response
=NOTICE REPORT==== 3-Sep-2026::12:30:09.036661 ===
    reason: closed
    msg: roadrunner response send failed
    phase: websocket_upgrade_response
=NOTICE REPORT==== 3-Sep-2026::12:30:09.036722 ===
    reason: closed
    msg: roadrunner response send failed
    phase: websocket_upgrade_response
=NOTICE REPORT==== 3-Sep-2026::12:30:09.036752 ===
    reason: closed
    msg: roadrunner response send failed
    phase: websocket_upgrade_response
=NOTICE REPORT==== 3-Sep-2026::12:30:09.036764 ===
    reason: closed
    msg: roadrunner response send failed
    phase: websocket_upgrade_response
=NOTICE REPORT==== 3-Sep-2026::12:30:09.036762 ===
    reason: closed
    msg: roadrunner response send failed
    phase: websocket_upgrade_response
=NOTICE REPORT==== 3-Sep-2026::12:30:09.036768 ===
    reason: closed
    msg: roadrunner response send failed
    phase: websocket_upgrade_response
=NOTICE REPORT==== 3-Sep-2026::12:30:09.036780 ===
    reason: closed
    msg: roadrunner response send failed
    phase: websocket_upgrade_response
=NOTICE REPORT==== 3-Sep-2026::12:30:09.036773 ===
    reason: closed
    msg: roadrunner response send failed
    phase: websocket_upgrade_response
=NOTICE REPORT==== 3-Sep-2026::12:30:09.036795 ===
    reason: closed
    msg: roadrunner response send failed
    phase: websocket_upgrade_response
=NOTICE REPORT==== 3-Sep-2026::12:30:09.036801 ===
    reason: closed
    msg: roadrunner response send failed
    phase: websocket_upgrade_response
=NOTICE REPORT==== 3-Sep-2026::12:30:09.036824 ===
    reason: closed
    msg: roadrunner response send failed
    phase: websocket_upgrade_response
=NOTICE REPORT==== 3-Sep-2026::12:30:09.036805 ===
    reason: closed
    msg: roadrunner response send failed
    phase: websocket_upgrade_response
=NOTICE REPORT==== 3-Sep-2026::12:30:09.036847 ===
    reason: closed
    msg: roadrunner response send failed
    phase: websocket_upgrade_response
=NOTICE REPORT==== 3-Sep-2026::12:30:09.036846 ===
    reason: closed
    msg: roadrunner response send failed
    phase: websocket_upgrade_response
=NOTICE REPORT==== 3-Sep-2026::12:30:09.036850 ===
    reason: closed
    msg: roadrunner response send failed
    phase: websocket_upgrade_response
=NOTICE REPORT==== 3-Sep-2026::12:30:09.036882 ===
    reason: closed
    msg: roadrunner response send failed
    phase: websocket_upgrade_response
=NOTICE REPORT==== 3-Sep-2026::12:30:09.036886 ===
    reason: closed
    msg: roadrunner response send failed
    phase: websocket_upgrade_response
=NOTICE REPORT==== 3-Sep-2026::12:30:09.036912 ===
    reason: closed
    msg: roadrunner response send failed
    phase: websocket_upgrade_response
=NOTICE REPORT==== 3-Sep-2026::12:30:09.036885 ===
    reason: closed
    msg: roadrunner response send failed
    phase: websocket_upgrade_response
=NOTICE REPORT==== 3-Sep-2026::12:30:09.036892 ===
    reason: closed
    msg: roadrunner response send failed
    phase: websocket_upgrade_response
=NOTICE REPORT==== 3-Sep-2026::12:30:09.036925 ===
    reason: closed
    msg: roadrunner response send failed
    phase: websocket_upgrade_response
=NOTICE REPORT==== 3-Sep-2026::12:30:09.036946 ===
    reason: closed
    msg: roadrunner response send failed
    phase: websocket_upgrade_response
=NOTICE REPORT==== 3-Sep-2026::12:30:09.036973 ===
    reason: closed
    msg: roadrunner response send failed
    phase: websocket_upgrade_response
=NOTICE REPORT==== 3-Sep-2026::12:30:09.036985 ===
    reason: closed
    msg: roadrunner response send failed
    phase: websocket_upgrade_response
=NOTICE REPORT==== 3-Sep-2026::12:30:09.037001 ===
    reason: closed
    msg: roadrunner response send failed
    phase: websocket_upgrade_response
=NOTICE REPORT==== 3-Sep-2026::12:30:09.036999 ===
    reason: closed
    msg: roadrunner response send failed
    phase: websocket_upgrade_response
=NOTICE REPORT==== 3-Sep-2026::12:30:09.036982 ===
    reason: closed
    msg: roadrunner response send failed
    phase: websocket_upgrade_response
=NOTICE REPORT==== 3-Sep-2026::12:30:09.037090 ===
    reason: closed
    msg: roadrunner response send failed
    phase: websocket_upgrade_response
=NOTICE REPORT==== 3-Sep-2026::12:30:09.037126 ===
    reason: closed
    msg: roadrunner response send failed
    phase: websocket_upgrade_response
=NOTICE REPORT==== 3-Sep-2026::12:30:09.037209 ===
    reason: closed
    msg: roadrunner response send failed
    phase: websocket_upgrade_response
=NOTICE REPORT==== 3-Sep-2026::12:30:09.037238 ===
    reason: closed
    msg: roadrunner response send failed
    phase: websocket_upgrade_response
=NOTICE REPORT==== 3-Sep-2026::12:30:09.037289 ===
    reason: closed
    msg: roadrunner response send failed
    phase: websocket_upgrade_response
=NOTICE REPORT==== 3-Sep-2026::12:30:09.037285 ===
    reason: closed
    msg: roadrunner response send failed
    phase: websocket_upgrade_response
=NOTICE REPORT==== 3-Sep-2026::12:30:09.037307 ===
    reason: closed
    msg: roadrunner response send failed
    phase: websocket_upgrade_response
=NOTICE REPORT==== 3-Sep-2026::12:30:09.037313 ===
    reason: closed
    msg: roadrunner response send failed
    phase: websocket_upgrade_response
=NOTICE REPORT==== 3-Sep-2026::12:30:09.037319 ===
    reason: closed
    msg: roadrunner response send failed
    phase: websocket_upgrade_response
=NOTICE REPORT==== 3-Sep-2026::12:30:09.037305 ===
    reason: closed
    msg: roadrunner response send failed
    phase: websocket_upgrade_response
=NOTICE REPORT==== 3-Sep-2026::12:30:09.037349 ===
    reason: closed
    msg: roadrunner response send failed
    phase: websocket_upgrade_response
=NOTICE REPORT==== 3-Sep-2026::12:30:09.037360 ===
    reason: closed
    msg: roadrunner response send failed
    phase: websocket_upgrade_response
=NOTICE REPORT==== 3-Sep-2026::12:30:09.037366 ===
    reason: closed
    msg: roadrunner response send failed
    phase: websocket_upgrade_response
=NOTICE REPORT==== 3-Sep-2026::12:30:09.037397 ===
    reason: closed
    msg: roadrunner response send failed
    phase: websocket_upgrade_response
=NOTICE REPORT==== 3-Sep-2026::12:30:09.037422 ===
    reason: closed
    msg: roadrunner response send failed
    phase: websocket_upgrade_response
=NOTICE REPORT==== 3-Sep-2026::12:30:09.037432 ===
    reason: closed
    msg: roadrunner response send failed
    phase: websocket_upgrade_response
=NOTICE REPORT==== 3-Sep-2026::12:30:09.037437 ===
    reason: closed
    msg: roadrunner response send failed
    phase: websocket_upgrade_response
=NOTICE REPORT==== 3-Sep-2026::12:30:09.037445 ===
    reason: closed
    msg: roadrunner response send failed
    phase: websocket_upgrade_response
=NOTICE REPORT==== 3-Sep-2026::12:30:09.037418 ===
    reason: closed
    msg: roadrunner response send failed
    phase: websocket_upgrade_response
=NOTICE REPORT==== 3-Sep-2026::12:30:09.037457 ===
    reason: closed
    msg: roadrunner response send failed
    phase: websocket_upgrade_response
=NOTICE REPORT==== 3-Sep-2026::12:30:09.037511 ===
    reason: closed
    msg: roadrunner response send failed
    phase: websocket_upgrade_response
=NOTICE REPORT==== 3-Sep-2026::12:30:09.037493 ===
    reason: closed
    msg: roadrunner response send failed
    phase: websocket_upgrade_response
=NOTICE REPORT==== 3-Sep-2026::12:30:09.037514 ===
    reason: closed
    msg: roadrunner response send failed
    phase: websocket_upgrade_response
=NOTICE REPORT==== 3-Sep-2026::12:30:09.037550 ===
    reason: closed
    msg: roadrunner response send failed
    phase: websocket_upgrade_response
=NOTICE REPORT==== 3-Sep-2026::12:30:09.037611 ===
    reason: closed
    msg: roadrunner response send failed
    phase: websocket_upgrade_response
=NOTICE REPORT==== 3-Sep-2026::12:30:09.037646 ===
    reason: closed
    msg: roadrunner response send failed
    phase: websocket_upgrade_response
=NOTICE REPORT==== 3-Sep-2026::12:30:09.037680 ===
    reason: closed
    msg: roadrunner response send failed
    phase: websocket_upgrade_response
=NOTICE REPORT==== 3-Sep-2026::12:30:09.037733 ===
    reason: closed
    msg: roadrunner response send failed
    phase: websocket_upgrade_response
=NOTICE REPORT==== 3-Sep-2026::12:30:09.037752 ===
    reason: closed
    msg: roadrunner response send failed
    phase: websocket_upgrade_response
=NOTICE REPORT==== 3-Sep-2026::12:30:09.037827 ===
    reason: closed
    msg: roadrunner response send failed
    phase: websocket_upgrade_response
=NOTICE REPORT==== 3-Sep-2026::12:30:09.037873 ===
    reason: closed
    msg: roadrunner response send failed
    phase: websocket_upgrade_response
=NOTICE REPORT==== 3-Sep-2026::12:30:09.037891 ===
    reason: closed
    msg: roadrunner response send failed
    phase: websocket_upgrade_response
=NOTICE REPORT==== 3-Sep-2026::12:30:09.038030 ===
    reason: closed
    msg: roadrunner response send failed
    phase: websocket_upgrade_response
=NOTICE REPORT==== 3-Sep-2026::12:30:09.038259 ===
    reason: closed
    msg: roadrunner response send failed
    phase: websocket_upgrade_response
=NOTICE REPORT==== 3-Sep-2026::12:30:09.038466 ===
    reason: closed
    msg: roadrunner response send failed
    phase: websocket_upgrade_response
=NOTICE REPORT==== 3-Sep-2026::12:30:09.038584 ===
    reason: closed
    msg: roadrunner response send failed
    phase: websocket_upgrade_response
=NOTICE REPORT==== 3-Sep-2026::12:30:09.038616 ===
    reason: closed
    msg: roadrunner response send failed
    phase: websocket_upgrade_response
=NOTICE REPORT==== 3-Sep-2026::12:30:09.038644 ===
    reason: closed
    msg: roadrunner response send failed
    phase: websocket_upgrade_response
=NOTICE REPORT==== 3-Sep-2026::12:30:09.038664 ===
    reason: closed
    msg: roadrunner response send failed
    phase: websocket_upgrade_response
=NOTICE REPORT==== 3-Sep-2026::12:30:09.038842 ===
    reason: closed
    msg: roadrunner response send failed
    phase: websocket_upgrade_response
=NOTICE REPORT==== 3-Sep-2026::12:30:09.038809 ===
    reason: closed
    msg: roadrunner response send failed
    phase: websocket_upgrade_response
=NOTICE REPORT==== 3-Sep-2026::12:30:09.038840 ===
    reason: closed
    msg: roadrunner response send failed
    phase: websocket_upgrade_response
=NOTICE REPORT==== 3-Sep-2026::12:30:09.038864 ===
    reason: closed
    msg: roadrunner response send failed
    phase: websocket_upgrade_response
=NOTICE REPORT==== 3-Sep-2026::12:30:09.038872 ===
    reason: closed
    msg: roadrunner response send failed
    phase: websocket_upgrade_response
=NOTICE REPORT==== 3-Sep-2026::12:30:09.038933 ===
    reason: closed
    msg: roadrunner response send failed
    phase: websocket_upgrade_response
=NOTICE REPORT==== 3-Sep-2026::12:30:09.039222 ===
    reason: closed
    msg: roadrunner response send failed
    phase: websocket_upgrade_response
=NOTICE REPORT==== 3-Sep-2026::12:30:09.039271 ===
    reason: closed
    msg: roadrunner response send failed
    phase: websocket_upgrade_response
=NOTICE REPORT==== 3-Sep-2026::12:30:09.039329 ===
    reason: closed
    msg: roadrunner response send failed
    phase: websocket_upgrade_response
=NOTICE REPORT==== 3-Sep-2026::12:30:09.039344 ===
    reason: closed
    msg: roadrunner response send failed
    phase: websocket_upgrade_response
=NOTICE REPORT==== 3-Sep-2026::12:30:09.039335 ===
    reason: closed
    msg: roadrunner response send failed
    phase: websocket_upgrade_response
=NOTICE REPORT==== 3-Sep-2026::12:30:09.039352 ===
    reason: closed
    msg: roadrunner response send failed
    phase: websocket_upgrade_response
=NOTICE REPORT==== 3-Sep-2026::12:30:09.039372 ===
    reason: closed
    msg: roadrunner response send failed
    phase: websocket_upgrade_response
=NOTICE REPORT==== 3-Sep-2026::12:30:09.039397 ===
    reason: closed
    msg: roadrunner response send failed
    phase: websocket_upgrade_response
=NOTICE REPORT==== 3-Sep-2026::12:30:09.039361 ===
    reason: closed
    msg: roadrunner response send failed
    phase: websocket_upgrade_response
=NOTICE REPORT==== 3-Sep-2026::12:30:09.039416 ===
    reason: closed
    msg: roadrunner response send failed
    phase: websocket_upgrade_response
=NOTICE REPORT==== 3-Sep-2026::12:30:16.262135 ===
    reason: closed
    msg: roadrunner response send failed
    phase: websocket_upgrade_response
=NOTICE REPORT==== 3-Sep-2026::12:30:16.262354 ===
    reason: closed
    msg: roadrunner response send failed
    phase: websocket_upgrade_response
=NOTICE REPORT==== 3-Sep-2026::12:30:16.268174 ===
    reason: closed
    msg: roadrunner response send failed
    phase: websocket_upgrade_response
=NOTICE REPORT==== 3-Sep-2026::12:30:16.271781 ===
    reason: closed
    msg: roadrunner response send failed
    phase: websocket_upgrade_response
=NOTICE REPORT==== 3-Sep-2026::12:30:16.274077 ===
    reason: closed
    msg: roadrunner response send failed
    phase: websocket_upgrade_response
=NOTICE REPORT==== 3-Sep-2026::12:30:16.274234 ===
    reason: closed
    msg: roadrunner response send failed
    phase: websocket_upgrade_response
=NOTICE REPORT==== 3-Sep-2026::12:30:16.274242 ===
    reason: closed
    msg: roadrunner response send failed
    phase: websocket_upgrade_response
=NOTICE REPORT==== 3-Sep-2026::12:30:16.277823 ===
    reason: closed
    msg: roadrunner response send failed
    phase: websocket_upgrade_response
=NOTICE REPORT==== 3-Sep-2026::12:30:16.279020 ===
    reason: closed
    msg: roadrunner response send failed
    phase: websocket_upgrade_response
=NOTICE REPORT==== 3-Sep-2026::12:30:16.281344 ===
    reason: closed
    msg: roadrunner response send failed
    phase: websocket_upgrade_response
=NOTICE REPORT==== 3-Sep-2026::12:30:16.281818 ===
    reason: closed
    msg: roadrunner response send failed
    phase: websocket_upgrade_response
=NOTICE REPORT==== 3-Sep-2026::12:30:16.283105 ===
    reason: closed
    msg: roadrunner response send failed
    phase: websocket_upgrade_response
=NOTICE REPORT==== 3-Sep-2026::12:30:16.283721 ===
    reason: closed
    msg: roadrunner response send failed
    phase: websocket_upgrade_response
=NOTICE REPORT==== 3-Sep-2026::12:30:16.284112 ===
    reason: closed
    msg: roadrunner response send failed
    phase: websocket_upgrade_response
=NOTICE REPORT==== 3-Sep-2026::12:30:16.284715 ===
    reason: closed
    msg: roadrunner response send failed
    phase: websocket_upgrade_response
=NOTICE REPORT==== 3-Sep-2026::12:30:16.284857 ===
    reason: closed
    msg: roadrunner response send failed
    phase: websocket_upgrade_response
=NOTICE REPORT==== 3-Sep-2026::12:30:16.285150 ===
    reason: closed
    msg: roadrunner response send failed
    phase: websocket_upgrade_response
=NOTICE REPORT==== 3-Sep-2026::12:30:16.285227 ===
    reason: closed
    msg: roadrunner response send failed
    phase: websocket_upgrade_response
=NOTICE REPORT==== 3-Sep-2026::12:30:16.285755 ===
    reason: closed
    msg: roadrunner response send failed
    phase: websocket_upgrade_response
=NOTICE REPORT==== 3-Sep-2026::12:30:16.288407 ===
    reason: closed
    msg: roadrunner response send failed
    phase: websocket_upgrade_response
=NOTICE REPORT==== 3-Sep-2026::12:30:16.288422 ===
    reason: closed
    msg: roadrunner response send failed
    phase: websocket_upgrade_response
=NOTICE REPORT==== 3-Sep-2026::12:30:16.288691 ===
    reason: closed
    msg: roadrunner response send failed
    phase: websocket_upgrade_response
=NOTICE REPORT==== 3-Sep-2026::12:30:16.288704 ===
    reason: closed
    msg: roadrunner response send failed
    phase: websocket_upgrade_response
=NOTICE REPORT==== 3-Sep-2026::12:30:16.288859 ===
    reason: closed
    msg: roadrunner response send failed
    phase: websocket_upgrade_response
=NOTICE REPORT==== 3-Sep-2026::12:30:16.288911 ===
    reason: closed
    msg: roadrunner response send failed
    phase: websocket_upgrade_response
=NOTICE REPORT==== 3-Sep-2026::12:30:16.289834 ===
    reason: closed
    msg: roadrunner response send failed
    phase: websocket_upgrade_response
=NOTICE REPORT==== 3-Sep-2026::12:30:16.289890 ===
    reason: closed
    msg: roadrunner response send failed
    phase: websocket_upgrade_response
=NOTICE REPORT==== 3-Sep-2026::12:30:16.290221 ===
    reason: closed
    msg: roadrunner response send failed
    phase: websocket_upgrade_response
=NOTICE REPORT==== 3-Sep-2026::12:30:16.290511 ===
    reason: closed
    msg: roadrunner response send failed
    phase: websocket_upgrade_response
=NOTICE REPORT==== 3-Sep-2026::12:30:16.290593 ===
    reason: closed
    msg: roadrunner response send failed
    phase: websocket_upgrade_response
=NOTICE REPORT==== 3-Sep-2026::12:30:16.291036 ===
    reason: closed
    msg: roadrunner response send failed
    phase: websocket_upgrade_response
=NOTICE REPORT==== 3-Sep-2026::12:30:16.293947 ===
    reason: closed
    msg: roadrunner response send failed
    phase: websocket_upgrade_response
=NOTICE REPORT==== 3-Sep-2026::12:30:16.294067 ===
    reason: closed
    msg: roadrunner response send failed
    phase: websocket_upgrade_response
=NOTICE REPORT==== 3-Sep-2026::12:30:16.294253 ===
    reason: closed
    msg: roadrunner response send failed
    phase: websocket_upgrade_response
=NOTICE REPORT==== 3-Sep-2026::12:30:16.295113 ===
    reason: closed
    msg: roadrunner response send failed
    phase: websocket_upgrade_response
=NOTICE REPORT==== 3-Sep-2026::12:30:16.295166 ===
    reason: closed
    msg: roadrunner response send failed
    phase: websocket_upgrade_response
=NOTICE REPORT==== 3-Sep-2026::12:30:16.295491 ===
    reason: closed
    msg: roadrunner response send failed
    phase: websocket_upgrade_response
=NOTICE REPORT==== 3-Sep-2026::12:30:16.295552 ===
    reason: closed
    msg: roadrunner response send failed
    phase: websocket_upgrade_response
=NOTICE REPORT==== 3-Sep-2026::12:30:16.295717 ===
    reason: closed
    msg: roadrunner response send failed
    phase: websocket_upgrade_response
=NOTICE REPORT==== 3-Sep-2026::12:30:16.296872 ===
    reason: closed
    msg: roadrunner response send failed
    phase: websocket_upgrade_response
=NOTICE REPORT==== 3-Sep-2026::12:30:16.297394 ===
    reason: closed
    msg: roadrunner response send failed
    phase: websocket_upgrade_response
=NOTICE REPORT==== 3-Sep-2026::12:30:16.297504 ===
    reason: closed
    msg: roadrunner response send failed
    phase: websocket_upgrade_response
=NOTICE REPORT==== 3-Sep-2026::12:30:16.297520 ===
    reason: closed
    msg: roadrunner response send failed
    phase: websocket_upgrade_response
=NOTICE REPORT==== 3-Sep-2026::12:30:16.297605 ===
    reason: closed
    msg: roadrunner response send failed
    phase: websocket_upgrade_response
=NOTICE REPORT==== 3-Sep-2026::12:30:16.297611 ===
    reason: closed
    msg: roadrunner response send failed
    phase: websocket_upgrade_response
=NOTICE REPORT==== 3-Sep-2026::12:30:16.297657 ===
    reason: closed
    msg: roadrunner response send failed
    phase: websocket_upgrade_response
=NOTICE REPORT==== 3-Sep-2026::12:30:16.297731 ===
    reason: closed
    msg: roadrunner response send failed
    phase: websocket_upgrade_response
=NOTICE REPORT==== 3-Sep-2026::12:30:16.297810 ===
    reason: closed
    msg: roadrunner response send failed
    phase: websocket_upgrade_response
=NOTICE REPORT==== 3-Sep-2026::12:30:16.297837 ===
    reason: closed
    msg: roadrunner response send failed
    phase: websocket_upgrade_response
=NOTICE REPORT==== 3-Sep-2026::12:30:16.297849 ===
    reason: closed
    msg: roadrunner response send failed
    phase: websocket_upgrade_response
=NOTICE REPORT==== 3-Sep-2026::12:30:16.297838 ===
    reason: closed
    msg: roadrunner response send failed
    phase: websocket_upgrade_response
=NOTICE REPORT==== 3-Sep-2026::12:30:16.297930 ===
    reason: closed
    msg: roadrunner response send failed
    phase: websocket_upgrade_response
=NOTICE REPORT==== 3-Sep-2026::12:30:16.297960 ===
    reason: closed
    msg: roadrunner response send failed
    phase: websocket_upgrade_response
=NOTICE REPORT==== 3-Sep-2026::12:30:16.297977 ===
    reason: closed
    msg: roadrunner response send failed
    phase: websocket_upgrade_response
=NOTICE REPORT==== 3-Sep-2026::12:30:16.299047 ===
    reason: closed
    msg: roadrunner response send failed
    phase: websocket_upgrade_response
=NOTICE REPORT==== 3-Sep-2026::12:30:16.299773 ===
    reason: closed
    msg: roadrunner response send failed
    phase: websocket_upgrade_response
=NOTICE REPORT==== 3-Sep-2026::12:30:16.301463 ===
    reason: closed
    msg: roadrunner response send failed
    phase: websocket_upgrade_response
=NOTICE REPORT==== 3-Sep-2026::12:30:16.301827 ===
    reason: closed
    msg: roadrunner response send failed
    phase: websocket_upgrade_response
=NOTICE REPORT==== 3-Sep-2026::12:30:16.302499 ===
    reason: closed
    msg: roadrunner response send failed
    phase: websocket_upgrade_response
=NOTICE REPORT==== 3-Sep-2026::12:30:16.302526 ===
    reason: closed
    msg: roadrunner response send failed
    phase: websocket_upgrade_response
=NOTICE REPORT==== 3-Sep-2026::12:30:16.303636 ===
    reason: closed
    msg: roadrunner response send failed
    phase: websocket_upgrade_response
=NOTICE REPORT==== 3-Sep-2026::12:30:16.303709 ===
    reason: closed
    msg: roadrunner response send failed
    phase: websocket_upgrade_response
=NOTICE REPORT==== 3-Sep-2026::12:30:16.303767 ===
    reason: closed
    msg: roadrunner response send failed
    phase: websocket_upgrade_response
=NOTICE REPORT==== 3-Sep-2026::12:30:16.303814 ===
    reason: closed
    msg: roadrunner response send failed
    phase: websocket_upgrade_response
=NOTICE REPORT==== 3-Sep-2026::12:30:16.303829 ===
    reason: closed
    msg: roadrunner response send failed
    phase: websocket_upgrade_response
=NOTICE REPORT==== 3-Sep-2026::12:30:16.303885 ===
    reason: closed
    msg: roadrunner response send failed
    phase: websocket_upgrade_response
=NOTICE REPORT==== 3-Sep-2026::12:30:16.303913 ===
    reason: closed
    msg: roadrunner response send failed
    phase: websocket_upgrade_response
=NOTICE REPORT==== 3-Sep-2026::12:30:16.303938 ===
    reason: closed
    msg: roadrunner response send failed
    phase: websocket_upgrade_response
=NOTICE REPORT==== 3-Sep-2026::12:30:16.303955 ===
    reason: closed
    msg: roadrunner response send failed
    phase: websocket_upgrade_response
=NOTICE REPORT==== 3-Sep-2026::12:30:16.303895 ===
    reason: closed
    msg: roadrunner response send failed
    phase: websocket_upgrade_response
=NOTICE REPORT==== 3-Sep-2026::12:30:16.304003 ===
    reason: closed
    msg: roadrunner response send failed
    phase: websocket_upgrade_response
=NOTICE REPORT==== 3-Sep-2026::12:30:16.305042 ===
    reason: closed
    msg: roadrunner response send failed
    phase: websocket_upgrade_response
=NOTICE REPORT==== 3-Sep-2026::12:30:16.305069 ===
    reason: closed
    msg: roadrunner response send failed
    phase: websocket_upgrade_response
=NOTICE REPORT==== 3-Sep-2026::12:30:16.305263 ===
    reason: closed
    msg: roadrunner response send failed
    phase: websocket_upgrade_response
=NOTICE REPORT==== 3-Sep-2026::12:30:16.305414 ===
    reason: closed
    msg: roadrunner response send failed
    phase: websocket_upgrade_response
=NOTICE REPORT==== 3-Sep-2026::12:30:16.305589 ===
    reason: closed
    msg: roadrunner response send failed
    phase: websocket_upgrade_response
=NOTICE REPORT==== 3-Sep-2026::12:30:16.305616 ===
    reason: closed
    msg: roadrunner response send failed
    phase: websocket_upgrade_response
=NOTICE REPORT==== 3-Sep-2026::12:30:16.306889 ===
    reason: closed
    msg: roadrunner response send failed
    phase: websocket_upgrade_response
=NOTICE REPORT==== 3-Sep-2026::12:30:16.307017 ===
    reason: closed
    msg: roadrunner response send failed
    phase: websocket_upgrade_response
=NOTICE REPORT==== 3-Sep-2026::12:30:16.306973 ===
    reason: closed
    msg: roadrunner response send failed
    phase: websocket_upgrade_response
=NOTICE REPORT==== 3-Sep-2026::12:30:16.307063 ===
    reason: closed
    msg: roadrunner response send failed
    phase: websocket_upgrade_response
=NOTICE REPORT==== 3-Sep-2026::12:30:16.307144 ===
    reason: closed
    msg: roadrunner response send failed
    phase: websocket_upgrade_response
=NOTICE REPORT==== 3-Sep-2026::12:30:16.307195 ===
    reason: closed
    msg: roadrunner response send failed
    phase: websocket_upgrade_response
=NOTICE REPORT==== 3-Sep-2026::12:30:16.307322 ===
    reason: closed
    msg: roadrunner response send failed
    phase: websocket_upgrade_response
=NOTICE REPORT==== 3-Sep-2026::12:30:16.307493 ===
    reason: closed
    msg: roadrunner response send failed
    phase: websocket_upgrade_response
=NOTICE REPORT==== 3-Sep-2026::12:30:16.307501 ===
    reason: closed
    msg: roadrunner response send failed
    phase: websocket_upgrade_response
=NOTICE REPORT==== 3-Sep-2026::12:30:16.307617 ===
    reason: closed
    msg: roadrunner response send failed
    phase: websocket_upgrade_response
=NOTICE REPORT==== 3-Sep-2026::12:30:16.307735 ===
    reason: closed
    msg: roadrunner response send failed
    phase: websocket_upgrade_response
=NOTICE REPORT==== 3-Sep-2026::12:30:16.308808 ===
    reason: closed
    msg: roadrunner response send failed
    phase: websocket_upgrade_response
=NOTICE REPORT==== 3-Sep-2026::12:30:16.309309 ===
    reason: closed
    msg: roadrunner response send failed
    phase: websocket_upgrade_response
=NOTICE REPORT==== 3-Sep-2026::12:30:16.309362 ===
    reason: closed
    msg: roadrunner response send failed
    phase: websocket_upgrade_response
=NOTICE REPORT==== 3-Sep-2026::12:30:16.309356 ===
    reason: closed
    msg: roadrunner response send failed
    phase: websocket_upgrade_response
=NOTICE REPORT==== 3-Sep-2026::12:30:16.309382 ===
    reason: closed
    msg: roadrunner response send failed
    phase: websocket_upgrade_response
=NOTICE REPORT==== 3-Sep-2026::12:30:16.310043 ===
    reason: closed
    msg: roadrunner response send failed
    phase: websocket_upgrade_response
=NOTICE REPORT==== 3-Sep-2026::12:30:16.310268 ===
    reason: closed
    msg: roadrunner response send failed
    phase: websocket_upgrade_response
=NOTICE REPORT==== 3-Sep-2026::12:30:16.310425 ===
    reason: closed
    msg: roadrunner response send failed
    phase: websocket_upgrade_response
=NOTICE REPORT==== 3-Sep-2026::12:30:16.310438 ===
    reason: closed
    msg: roadrunner response send failed
    phase: websocket_upgrade_response
=NOTICE REPORT==== 3-Sep-2026::12:30:16.310428 ===
    reason: closed
    msg: roadrunner response send failed
    phase: websocket_upgrade_response
=NOTICE REPORT==== 3-Sep-2026::12:30:16.310548 ===
    reason: closed
    msg: roadrunner response send failed
    phase: websocket_upgrade_response
=NOTICE REPORT==== 3-Sep-2026::12:30:16.311094 ===
    reason: closed
    msg: roadrunner response send failed
    phase: websocket_upgrade_response
=NOTICE REPORT==== 3-Sep-2026::12:30:16.311141 ===
    reason: closed
    msg: roadrunner response send failed
    phase: websocket_upgrade_response
=NOTICE REPORT==== 3-Sep-2026::12:30:16.311215 ===
    reason: closed
    msg: roadrunner response send failed
    phase: websocket_upgrade_response
=NOTICE REPORT==== 3-Sep-2026::12:30:16.311297 ===
    reason: closed
    msg: roadrunner response send failed
    phase: websocket_upgrade_response
=NOTICE REPORT==== 3-Sep-2026::12:30:16.311302 ===
    reason: closed
    msg: roadrunner response send failed
    phase: websocket_upgrade_response
=NOTICE REPORT==== 3-Sep-2026::12:30:16.311432 ===
    reason: closed
    msg: roadrunner response send failed
    phase: websocket_upgrade_response
=NOTICE REPORT==== 3-Sep-2026::12:30:16.311439 ===
    reason: closed
    msg: roadrunner response send failed
    phase: websocket_upgrade_response
=NOTICE REPORT==== 3-Sep-2026::12:30:16.311456 ===
    reason: closed
    msg: roadrunner response send failed
    phase: websocket_upgrade_response
=NOTICE REPORT==== 3-Sep-2026::12:30:16.311454 ===
    reason: closed
    msg: roadrunner response send failed
    phase: websocket_upgrade_response
=NOTICE REPORT==== 3-Sep-2026::12:30:16.311535 ===
    reason: closed
    msg: roadrunner response send failed
    phase: websocket_upgrade_response
=NOTICE REPORT==== 3-Sep-2026::12:30:16.311638 ===
    reason: closed
    msg: roadrunner response send failed
    phase: websocket_upgrade_response
=NOTICE REPORT==== 3-Sep-2026::12:30:16.311705 ===
    reason: closed
    msg: roadrunner response send failed
    phase: websocket_upgrade_response
=NOTICE REPORT==== 3-Sep-2026::12:30:16.311805 ===
    reason: closed
    msg: roadrunner response send failed
    phase: websocket_upgrade_response
=NOTICE REPORT==== 3-Sep-2026::12:30:16.311844 ===
    reason: closed
    msg: roadrunner response send failed
    phase: websocket_upgrade_response
=NOTICE REPORT==== 3-Sep-2026::12:30:16.311989 ===
    reason: closed
    msg: roadrunner response send failed
    phase: websocket_upgrade_response
=NOTICE REPORT==== 3-Sep-2026::12:30:16.312021 ===
    reason: closed
    msg: roadrunner response send failed
    phase: websocket_upgrade_response
=NOTICE REPORT==== 3-Sep-2026::12:30:16.312128 ===
    reason: closed
    msg: roadrunner response send failed
    phase: websocket_upgrade_response
=NOTICE REPORT==== 3-Sep-2026::12:30:16.312173 ===
    reason: closed
    msg: roadrunner response send failed
    phase: websocket_upgrade_response
=NOTICE REPORT==== 3-Sep-2026::12:30:16.312221 ===
    reason: closed
    msg: roadrunner response send failed
    phase: websocket_upgrade_response
=NOTICE REPORT==== 3-Sep-2026::12:30:16.313704 ===
    reason: closed
    msg: roadrunner response send failed
    phase: websocket_upgrade_response
=NOTICE REPORT==== 3-Sep-2026::12:30:16.313845 ===
    reason: closed
    msg: roadrunner response send failed
    phase: websocket_upgrade_response
=NOTICE REPORT==== 3-Sep-2026::12:30:16.313883 ===
    reason: closed
    msg: roadrunner response send failed
    phase: websocket_upgrade_response
=NOTICE REPORT==== 3-Sep-2026::12:30:16.313940 ===
    reason: closed
    msg: roadrunner response send failed
    phase: websocket_upgrade_response
=NOTICE REPORT==== 3-Sep-2026::12:30:16.313972 ===
    reason: closed
    msg: roadrunner response send failed
    phase: websocket_upgrade_response
=NOTICE REPORT==== 3-Sep-2026::12:30:16.313927 ===
    reason: closed
    msg: roadrunner response send failed
    phase: websocket_upgrade_response
=NOTICE REPORT==== 3-Sep-2026::12:30:16.313991 ===
    reason: closed
    msg: roadrunner response send failed
    phase: websocket_upgrade_response
=NOTICE REPORT==== 3-Sep-2026::12:30:16.314071 ===
    reason: closed
    msg: roadrunner response send failed
    phase: websocket_upgrade_response
=NOTICE REPORT==== 3-Sep-2026::12:30:16.314127 ===
    reason: closed
    msg: roadrunner response send failed
    phase: websocket_upgrade_response
=NOTICE REPORT==== 3-Sep-2026::12:30:16.314162 ===
    reason: closed
    msg: roadrunner response send failed
    phase: websocket_upgrade_response
=NOTICE REPORT==== 3-Sep-2026::12:30:16.314211 ===
    reason: closed
    msg: roadrunner response send failed
    phase: websocket_upgrade_response
=NOTICE REPORT==== 3-Sep-2026::12:30:16.314231 ===
    reason: closed
    msg: roadrunner response send failed
    phase: websocket_upgrade_response
=NOTICE REPORT==== 3-Sep-2026::12:30:16.314250 ===
    reason: closed
    msg: roadrunner response send failed
    phase: websocket_upgrade_response
=NOTICE REPORT==== 3-Sep-2026::12:30:16.314259 ===
    reason: closed
    msg: roadrunner response send failed
    phase: websocket_upgrade_response
=NOTICE REPORT==== 3-Sep-2026::12:30:16.314297 ===
    reason: closed
    msg: roadrunner response send failed
    phase: websocket_upgrade_response
=NOTICE REPORT==== 3-Sep-2026::12:30:16.314294 ===
    reason: closed
    msg: roadrunner response send failed
    phase: websocket_upgrade_response
=NOTICE REPORT==== 3-Sep-2026::12:30:16.314397 ===
    reason: closed
    msg: roadrunner response send failed
    phase: websocket_upgrade_response
=NOTICE REPORT==== 3-Sep-2026::12:30:16.314506 ===
    reason: closed
    msg: roadrunner response send failed
    phase: websocket_upgrade_response
=NOTICE REPORT==== 3-Sep-2026::12:30:16.315418 ===
    reason: closed
    msg: roadrunner response send failed
    phase: websocket_upgrade_response
=NOTICE REPORT==== 3-Sep-2026::12:30:16.315446 ===
    reason: closed
    msg: roadrunner response send failed
    phase: websocket_upgrade_response
=NOTICE REPORT==== 3-Sep-2026::12:30:16.316139 ===
    reason: closed
    msg: roadrunner response send failed
    phase: websocket_upgrade_response
=NOTICE REPORT==== 3-Sep-2026::12:30:16.316242 ===
    reason: closed
    msg: roadrunner response send failed
    phase: websocket_upgrade_response
=NOTICE REPORT==== 3-Sep-2026::12:30:16.316271 ===
    reason: closed
    msg: roadrunner response send failed
    phase: websocket_upgrade_response
=NOTICE REPORT==== 3-Sep-2026::12:30:16.316295 ===
    reason: closed
    msg: roadrunner response send failed
    phase: websocket_upgrade_response
=NOTICE REPORT==== 3-Sep-2026::12:30:16.316313 ===
    reason: closed
    msg: roadrunner response send failed
    phase: websocket_upgrade_response
=NOTICE REPORT==== 3-Sep-2026::12:30:16.316326 ===
    reason: closed
    msg: roadrunner response send failed
    phase: websocket_upgrade_response
=NOTICE REPORT==== 3-Sep-2026::12:30:16.316324 ===
    reason: closed
    msg: roadrunner response send failed
    phase: websocket_upgrade_response
=NOTICE REPORT==== 3-Sep-2026::12:30:16.316504 ===
    reason: closed
    msg: roadrunner response send failed
    phase: websocket_upgrade_response
=NOTICE REPORT==== 3-Sep-2026::12:30:16.316812 ===
    reason: closed
    msg: roadrunner response send failed
    phase: websocket_upgrade_response
=NOTICE REPORT==== 3-Sep-2026::12:30:16.316879 ===
    reason: closed
    msg: roadrunner response send failed
    phase: websocket_upgrade_response
=NOTICE REPORT==== 3-Sep-2026::12:30:16.317048 ===
    reason: closed
    msg: roadrunner response send failed
    phase: websocket_upgrade_response
=NOTICE REPORT==== 3-Sep-2026::12:30:16.317031 ===
    reason: closed
    msg: roadrunner response send failed
    phase: websocket_upgrade_response
=NOTICE REPORT==== 3-Sep-2026::12:30:16.317458 ===
    reason: closed
    msg: roadrunner response send failed
    phase: websocket_upgrade_response
=NOTICE REPORT==== 3-Sep-2026::12:30:16.317466 ===
    reason: closed
    msg: roadrunner response send failed
    phase: websocket_upgrade_response
=NOTICE REPORT==== 3-Sep-2026::12:30:16.317567 ===
    reason: closed
    msg: roadrunner response send failed
    phase: websocket_upgrade_response
=NOTICE REPORT==== 3-Sep-2026::12:30:16.317562 ===
    reason: closed
    msg: roadrunner response send failed
    phase: websocket_upgrade_response
=NOTICE REPORT==== 3-Sep-2026::12:30:16.317576 ===
    reason: closed
    msg: roadrunner response send failed
    phase: websocket_upgrade_response
=NOTICE REPORT==== 3-Sep-2026::12:30:16.317582 ===
    reason: closed
    msg: roadrunner response send failed
    phase: websocket_upgrade_response
=NOTICE REPORT==== 3-Sep-2026::12:30:16.317696 ===
    reason: closed
    msg: roadrunner response send failed
    phase: websocket_upgrade_response
=NOTICE REPORT==== 3-Sep-2026::12:30:16.317724 ===
    reason: closed
    msg: roadrunner response send failed
    phase: websocket_upgrade_response
=NOTICE REPORT==== 3-Sep-2026::12:30:16.317731 ===
    reason: closed
    msg: roadrunner response send failed
    phase: websocket_upgrade_response
=NOTICE REPORT==== 3-Sep-2026::12:30:16.317779 ===
    reason: closed
    msg: roadrunner response send failed
    phase: websocket_upgrade_response
=NOTICE REPORT==== 3-Sep-2026::12:30:16.317811 ===
    reason: closed
    msg: roadrunner response send failed
    phase: websocket_upgrade_response
=NOTICE REPORT==== 3-Sep-2026::12:30:16.317820 ===
    reason: closed
    msg: roadrunner response send failed
    phase: websocket_upgrade_response
=NOTICE REPORT==== 3-Sep-2026::12:30:16.317924 ===
    reason: closed
    msg: roadrunner response send failed
    phase: websocket_upgrade_response
=NOTICE REPORT==== 3-Sep-2026::12:30:16.317974 ===
    reason: closed
    msg: roadrunner response send failed
    phase: websocket_upgrade_response
=NOTICE REPORT==== 3-Sep-2026::12:30:16.318198 ===
    reason: closed
    msg: roadrunner response send failed
    phase: websocket_upgrade_response
=NOTICE REPORT==== 3-Sep-2026::12:30:16.318279 ===
    reason: closed
    msg: roadrunner response send failed
    phase: websocket_upgrade_response
=NOTICE REPORT==== 3-Sep-2026::12:30:16.318742 ===
    reason: closed
    msg: roadrunner response send failed
    phase: websocket_upgrade_response
=NOTICE REPORT==== 3-Sep-2026::12:30:16.318728 ===
    reason: closed
    msg: roadrunner response send failed
    phase: websocket_upgrade_response
=NOTICE REPORT==== 3-Sep-2026::12:30:16.318763 ===
    reason: closed
    msg: roadrunner response send failed
    phase: websocket_upgrade_response
=NOTICE REPORT==== 3-Sep-2026::12:30:16.318858 ===
    reason: closed
    msg: roadrunner response send failed
    phase: websocket_upgrade_response
=NOTICE REPORT==== 3-Sep-2026::12:30:16.318899 ===
    reason: closed
    msg: roadrunner response send failed
    phase: websocket_upgrade_response
=NOTICE REPORT==== 3-Sep-2026::12:30:16.319711 ===
    reason: closed
    msg: roadrunner response send failed
    phase: websocket_upgrade_response
=NOTICE REPORT==== 3-Sep-2026::12:30:16.319745 ===
    reason: closed
    msg: roadrunner response send failed
    phase: websocket_upgrade_response
=NOTICE REPORT==== 3-Sep-2026::12:30:16.319767 ===
    reason: closed
    msg: roadrunner response send failed
    phase: websocket_upgrade_response
=NOTICE REPORT==== 3-Sep-2026::12:30:16.319779 ===
    reason: closed
    msg: roadrunner response send failed
    phase: websocket_upgrade_response
=NOTICE REPORT==== 3-Sep-2026::12:30:16.319861 ===
    reason: closed
    msg: roadrunner response send failed
    phase: websocket_upgrade_response
=NOTICE REPORT==== 3-Sep-2026::12:30:16.319807 ===
    reason: closed
    msg: roadrunner response send failed
    phase: websocket_upgrade_response
=NOTICE REPORT==== 3-Sep-2026::12:30:16.319882 ===
    reason: closed
    msg: roadrunner response send failed
    phase: websocket_upgrade_response
=NOTICE REPORT==== 3-Sep-2026::12:30:16.319932 ===
    reason: closed
    msg: roadrunner response send failed
    phase: websocket_upgrade_response
=NOTICE REPORT==== 3-Sep-2026::12:30:16.319982 ===
    reason: closed
    msg: roadrunner response send failed
    phase: websocket_upgrade_response
=NOTICE REPORT==== 3-Sep-2026::12:30:16.320017 ===
    reason: closed
    msg: roadrunner response send failed
    phase: websocket_upgrade_response
=NOTICE REPORT==== 3-Sep-2026::12:30:16.320045 ===
    reason: closed
    msg: roadrunner response send failed
    phase: websocket_upgrade_response
=NOTICE REPORT==== 3-Sep-2026::12:30:16.320047 ===
    reason: closed
    msg: roadrunner response send failed
    phase: websocket_upgrade_response
=NOTICE REPORT==== 3-Sep-2026::12:30:16.320049 ===
    reason: closed
    msg: roadrunner response send failed
    phase: websocket_upgrade_response
=NOTICE REPORT==== 3-Sep-2026::12:30:16.320077 ===
    reason: closed
    msg: roadrunner response send failed
    phase: websocket_upgrade_response
=NOTICE REPORT==== 3-Sep-2026::12:30:16.320125 ===
    reason: closed
    msg: roadrunner response send failed
    phase: websocket_upgrade_response
=NOTICE REPORT==== 3-Sep-2026::12:30:16.320166 ===
    reason: closed
    msg: roadrunner response send failed
    phase: websocket_upgrade_response
=NOTICE REPORT==== 3-Sep-2026::12:30:16.321216 ===
    reason: closed
    msg: roadrunner response send failed
    phase: websocket_upgrade_response
=NOTICE REPORT==== 3-Sep-2026::12:30:16.321301 ===
    reason: closed
    msg: roadrunner response send failed
    phase: websocket_upgrade_response
=NOTICE REPORT==== 3-Sep-2026::12:30:16.321306 ===
    reason: closed
    msg: roadrunner response send failed
    phase: websocket_upgrade_response
=NOTICE REPORT==== 3-Sep-2026::12:30:16.321338 ===
    reason: closed
    msg: roadrunner response send failed
    phase: websocket_upgrade_response
=NOTICE REPORT==== 3-Sep-2026::12:30:16.321362 ===
    reason: closed
    msg: roadrunner response send failed
    phase: websocket_upgrade_response
=NOTICE REPORT==== 3-Sep-2026::12:30:16.321379 ===
    reason: closed
    msg: roadrunner response send failed
    phase: websocket_upgrade_response
=NOTICE REPORT==== 3-Sep-2026::12:30:16.321416 ===
    reason: closed
    msg: roadrunner response send failed
    phase: websocket_upgrade_response
=NOTICE REPORT==== 3-Sep-2026::12:30:16.321434 ===
    reason: closed
    msg: roadrunner response send failed
    phase: websocket_upgrade_response
=NOTICE REPORT==== 3-Sep-2026::12:30:16.321460 ===
    reason: closed
    msg: roadrunner response send failed
    phase: websocket_upgrade_response
=NOTICE REPORT==== 3-Sep-2026::12:30:16.321470 ===
    reason: closed
    msg: roadrunner response send failed
    phase: websocket_upgrade_response
=NOTICE REPORT==== 3-Sep-2026::12:30:16.321518 ===
    reason: closed
    msg: roadrunner response send failed
    phase: websocket_upgrade_response
=NOTICE REPORT==== 3-Sep-2026::12:30:16.321517 ===
    reason: closed
    msg: roadrunner response send failed
    phase: websocket_upgrade_response
=NOTICE REPORT==== 3-Sep-2026::12:30:16.321530 ===
    reason: closed
    msg: roadrunner response send failed
    phase: websocket_upgrade_response
=NOTICE REPORT==== 3-Sep-2026::12:30:16.321560 ===
    reason: closed
    msg: roadrunner response send failed
    phase: websocket_upgrade_response
=NOTICE REPORT==== 3-Sep-2026::12:30:16.321533 ===
    reason: closed
    msg: roadrunner response send failed
    phase: websocket_upgrade_response
=NOTICE REPORT==== 3-Sep-2026::12:30:16.321585 ===
    reason: closed
    msg: roadrunner response send failed
    phase: websocket_upgrade_response
=NOTICE REPORT==== 3-Sep-2026::12:30:16.321570 ===
    reason: closed
    msg: roadrunner response send failed
    phase: websocket_upgrade_response
=NOTICE REPORT==== 3-Sep-2026::12:30:16.321588 ===
    reason: closed
    msg: roadrunner response send failed
    phase: websocket_upgrade_response
=NOTICE REPORT==== 3-Sep-2026::12:30:16.321615 ===
    reason: closed
    msg: roadrunner response send failed
    phase: websocket_upgrade_response
=NOTICE REPORT==== 3-Sep-2026::12:30:16.321658 ===
    reason: closed
    msg: roadrunner response send failed
    phase: websocket_upgrade_response
=NOTICE REPORT==== 3-Sep-2026::12:30:16.321710 ===
    reason: closed
    msg: roadrunner response send failed
    phase: websocket_upgrade_response
=NOTICE REPORT==== 3-Sep-2026::12:30:16.321739 ===
    reason: closed
    msg: roadrunner response send failed
    phase: websocket_upgrade_response
=NOTICE REPORT==== 3-Sep-2026::12:30:16.321725 ===
    reason: closed
    msg: roadrunner response send failed
    phase: websocket_upgrade_response
=NOTICE REPORT==== 3-Sep-2026::12:30:16.321757 ===
    reason: closed
    msg: roadrunner response send failed
    phase: websocket_upgrade_response
=NOTICE REPORT==== 3-Sep-2026::12:30:16.321773 ===
    reason: closed
    msg: roadrunner response send failed
    phase: websocket_upgrade_response
=NOTICE REPORT==== 3-Sep-2026::12:30:16.321768 ===
    reason: closed
    msg: roadrunner response send failed
    phase: websocket_upgrade_response
=NOTICE REPORT==== 3-Sep-2026::12:30:16.321787 ===
    reason: closed
    msg: roadrunner response send failed
    phase: websocket_upgrade_response
=NOTICE REPORT==== 3-Sep-2026::12:30:16.321947 ===
    reason: closed
    msg: roadrunner response send failed
    phase: websocket_upgrade_response
=NOTICE REPORT==== 3-Sep-2026::12:30:16.321986 ===
    reason: closed
    msg: roadrunner response send failed
    phase: websocket_upgrade_response
=NOTICE REPORT==== 3-Sep-2026::12:30:16.321967 ===
    reason: closed
    msg: roadrunner response send failed
    phase: websocket_upgrade_response
=NOTICE REPORT==== 3-Sep-2026::12:30:16.322012 ===
    reason: closed
    msg: roadrunner response send failed
    phase: websocket_upgrade_response
=NOTICE REPORT==== 3-Sep-2026::12:30:16.322155 ===
    reason: closed
    msg: roadrunner response send failed
    phase: websocket_upgrade_response
=NOTICE REPORT==== 3-Sep-2026::12:30:16.322167 ===
    reason: closed
    msg: roadrunner response send failed
    phase: websocket_upgrade_response
=NOTICE REPORT==== 3-Sep-2026::12:30:16.322223 ===
    reason: closed
    msg: roadrunner response send failed
    phase: websocket_upgrade_response
=NOTICE REPORT==== 3-Sep-2026::12:30:16.322297 ===
    reason: closed
    msg: roadrunner response send failed
    phase: websocket_upgrade_response
=NOTICE REPORT==== 3-Sep-2026::12:30:16.322388 ===
    reason: closed
    msg: roadrunner response send failed
    phase: websocket_upgrade_response
=NOTICE REPORT==== 3-Sep-2026::12:30:16.322383 ===
    reason: closed
    msg: roadrunner response send failed
    phase: websocket_upgrade_response
=NOTICE REPORT==== 3-Sep-2026::12:30:16.322422 ===
    reason: closed
    msg: roadrunner response send failed
    phase: websocket_upgrade_response
=NOTICE REPORT==== 3-Sep-2026::12:30:16.322441 ===
    reason: closed
    msg: roadrunner response send failed
    phase: websocket_upgrade_response
=NOTICE REPORT==== 3-Sep-2026::12:30:16.322461 ===
    reason: closed
    msg: roadrunner response send failed
    phase: websocket_upgrade_response
=NOTICE REPORT==== 3-Sep-2026::12:30:16.322528 ===
    reason: closed
    msg: roadrunner response send failed
    phase: websocket_upgrade_response
=NOTICE REPORT==== 3-Sep-2026::12:30:16.322544 ===
    reason: closed
    msg: roadrunner response send failed
    phase: websocket_upgrade_response
=NOTICE REPORT==== 3-Sep-2026::12:30:16.322523 ===
    reason: closed
    msg: roadrunner response send failed
    phase: websocket_upgrade_response
=NOTICE REPORT==== 3-Sep-2026::12:30:16.322549 ===
    reason: closed
    msg: roadrunner response send failed
    phase: websocket_upgrade_response
=NOTICE REPORT==== 3-Sep-2026::12:30:16.322582 ===
    reason: closed
    msg: roadrunner response send failed
    phase: websocket_upgrade_response
=NOTICE REPORT==== 3-Sep-2026::12:30:16.322634 ===
    reason: closed
    msg: roadrunner response send failed
    phase: websocket_upgrade_response
=NOTICE REPORT==== 3-Sep-2026::12:30:16.322668 ===
    reason: closed
    msg: roadrunner response send failed
    phase: websocket_upgrade_response
=NOTICE REPORT==== 3-Sep-2026::12:30:16.322695 ===
    reason: closed
    msg: roadrunner response send failed
    phase: websocket_upgrade_response
=NOTICE REPORT==== 3-Sep-2026::12:30:16.322681 ===
    reason: closed
    msg: roadrunner response send failed
    phase: websocket_upgrade_response
=NOTICE REPORT==== 3-Sep-2026::12:30:16.322708 ===
    reason: closed
    msg: roadrunner response send failed
    phase: websocket_upgrade_response
=NOTICE REPORT==== 3-Sep-2026::12:30:16.322771 ===
    reason: closed
    msg: roadrunner response send failed
    phase: websocket_upgrade_response
=NOTICE REPORT==== 3-Sep-2026::12:30:16.322728 ===
    reason: closed
    msg: roadrunner response send failed
    phase: websocket_upgrade_response
=NOTICE REPORT==== 3-Sep-2026::12:30:16.322747 ===
    reason: closed
    msg: roadrunner response send failed
    phase: websocket_upgrade_response
=NOTICE REPORT==== 3-Sep-2026::12:30:16.322787 ===
    reason: closed
    msg: roadrunner response send failed
    phase: websocket_upgrade_response
=NOTICE REPORT==== 3-Sep-2026::12:30:16.322797 ===
    reason: closed
    msg: roadrunner response send failed
    phase: websocket_upgrade_response
=NOTICE REPORT==== 3-Sep-2026::12:30:16.322815 ===
    reason: closed
    msg: roadrunner response send failed
    phase: websocket_upgrade_response
=NOTICE REPORT==== 3-Sep-2026::12:30:16.322772 ===
    reason: closed
    msg: roadrunner response send failed
    phase: websocket_upgrade_response
=NOTICE REPORT==== 3-Sep-2026::12:30:16.322848 ===
    reason: closed
    msg: roadrunner response send failed
    phase: websocket_upgrade_response
=NOTICE REPORT==== 3-Sep-2026::12:30:16.322934 ===
    reason: closed
    msg: roadrunner response send failed
    phase: websocket_upgrade_response
=NOTICE REPORT==== 3-Sep-2026::12:30:16.322946 ===
    reason: closed
    msg: roadrunner response send failed
    phase: websocket_upgrade_response
=NOTICE REPORT==== 3-Sep-2026::12:30:16.322928 ===
    reason: closed
    msg: roadrunner response send failed
    phase: websocket_upgrade_response
=NOTICE REPORT==== 3-Sep-2026::12:30:16.322967 ===
    reason: closed
    msg: roadrunner response send failed
    phase: websocket_upgrade_response
=NOTICE REPORT==== 3-Sep-2026::12:30:16.323020 ===
    reason: closed
    msg: roadrunner response send failed
    phase: websocket_upgrade_response
=NOTICE REPORT==== 3-Sep-2026::12:30:16.323055 ===
    reason: closed
    msg: roadrunner response send failed
    phase: websocket_upgrade_response
=NOTICE REPORT==== 3-Sep-2026::12:30:16.323079 ===
    reason: closed
    msg: roadrunner response send failed
    phase: websocket_upgrade_response
=NOTICE REPORT==== 3-Sep-2026::12:30:16.323106 ===
    reason: closed
    msg: roadrunner response send failed
    phase: websocket_upgrade_response
=NOTICE REPORT==== 3-Sep-2026::12:30:16.323114 ===
    reason: closed
    msg: roadrunner response send failed
    phase: websocket_upgrade_response
=NOTICE REPORT==== 3-Sep-2026::12:30:16.323120 ===
    reason: closed
    msg: roadrunner response send failed
    phase: websocket_upgrade_response
=NOTICE REPORT==== 3-Sep-2026::12:30:16.323249 ===
    reason: closed
    msg: roadrunner response send failed
    phase: websocket_upgrade_response
=NOTICE REPORT==== 3-Sep-2026::12:30:16.323277 ===
    reason: closed
    msg: roadrunner response send failed
    phase: websocket_upgrade_response
=NOTICE REPORT==== 3-Sep-2026::12:30:16.323284 ===
    reason: closed
    msg: roadrunner response send failed
    phase: websocket_upgrade_response
=NOTICE REPORT==== 3-Sep-2026::12:30:16.323282 ===
    reason: closed
    msg: roadrunner response send failed
    phase: websocket_upgrade_response
=NOTICE REPORT==== 3-Sep-2026::12:30:16.323358 ===
    reason: closed
    msg: roadrunner response send failed
    phase: websocket_upgrade_response
=NOTICE REPORT==== 3-Sep-2026::12:30:16.323403 ===
    reason: closed
    msg: roadrunner response send failed
    phase: websocket_upgrade_response
=NOTICE REPORT==== 3-Sep-2026::12:30:16.323473 ===
    reason: closed
    msg: roadrunner response send failed
    phase: websocket_upgrade_response
=NOTICE REPORT==== 3-Sep-2026::12:30:16.323542 ===
    reason: closed
    msg: roadrunner response send failed
    phase: websocket_upgrade_response
=NOTICE REPORT==== 3-Sep-2026::12:30:16.323683 ===
    reason: closed
    msg: roadrunner response send failed
    phase: websocket_upgrade_response
=NOTICE REPORT==== 3-Sep-2026::12:30:16.323642 ===
    reason: closed
    msg: roadrunner response send failed
    phase: websocket_upgrade_response
=NOTICE REPORT==== 3-Sep-2026::12:30:16.323722 ===
    reason: closed
    msg: roadrunner response send failed
    phase: websocket_upgrade_response
=NOTICE REPORT==== 3-Sep-2026::12:30:16.323728 ===
    reason: closed
    msg: roadrunner response send failed
    phase: websocket_upgrade_response
=NOTICE REPORT==== 3-Sep-2026::12:30:16.323732 ===
    reason: closed
    msg: roadrunner response send failed
    phase: websocket_upgrade_response
=NOTICE REPORT==== 3-Sep-2026::12:30:16.323778 ===
    reason: closed
    msg: roadrunner response send failed
    phase: websocket_upgrade_response
=NOTICE REPORT==== 3-Sep-2026::12:30:16.323779 ===
    reason: closed
    msg: roadrunner response send failed
    phase: websocket_upgrade_response
=NOTICE REPORT==== 3-Sep-2026::12:30:16.323783 ===
    reason: closed
    msg: roadrunner response send failed
    phase: websocket_upgrade_response
=NOTICE REPORT==== 3-Sep-2026::12:30:16.323781 ===
    reason: closed
    msg: roadrunner response send failed
    phase: websocket_upgrade_response
=NOTICE REPORT==== 3-Sep-2026::12:30:16.323795 ===
    reason: closed
    msg: roadrunner response send failed
    phase: websocket_upgrade_response
=NOTICE REPORT==== 3-Sep-2026::12:30:16.323809 ===
    reason: closed
    msg: roadrunner response send failed
    phase: websocket_upgrade_response
=NOTICE REPORT==== 3-Sep-2026::12:30:16.323805 ===
    reason: closed
    msg: roadrunner response send failed
    phase: websocket_upgrade_response
=NOTICE REPORT==== 3-Sep-2026::12:30:16.323807 ===
    reason: closed
    msg: roadrunner response send failed
    phase: websocket_upgrade_response
=NOTICE REPORT==== 3-Sep-2026::12:30:16.323860 ===
    reason: closed
    msg: roadrunner response send failed
    phase: websocket_upgrade_response
=NOTICE REPORT==== 3-Sep-2026::12:30:16.323921 ===
    reason: closed
    msg: roadrunner response send failed
    phase: websocket_upgrade_response
=NOTICE REPORT==== 3-Sep-2026::12:30:16.323938 ===
    reason: closed
    msg: roadrunner response send failed
    phase: websocket_upgrade_response
=NOTICE REPORT==== 3-Sep-2026::12:30:16.323950 ===
    reason: closed
    msg: roadrunner response send failed
    phase: websocket_upgrade_response
=NOTICE REPORT==== 3-Sep-2026::12:30:16.323978 ===
    reason: closed
    msg: roadrunner response send failed
    phase: websocket_upgrade_response
=NOTICE REPORT==== 3-Sep-2026::12:30:16.323999 ===
    reason: closed
    msg: roadrunner response send failed
    phase: websocket_upgrade_response
=NOTICE REPORT==== 3-Sep-2026::12:30:16.323999 ===
    reason: closed
    msg: roadrunner response send failed
    phase: websocket_upgrade_response
=NOTICE REPORT==== 3-Sep-2026::12:30:16.324051 ===
    reason: closed
    msg: roadrunner response send failed
    phase: websocket_upgrade_response
=NOTICE REPORT==== 3-Sep-2026::12:30:16.324073 ===
    reason: closed
    msg: roadrunner response send failed
    phase: websocket_upgrade_response
=NOTICE REPORT==== 3-Sep-2026::12:30:16.324091 ===
    reason: closed
    msg: roadrunner response send failed
    phase: websocket_upgrade_response
=NOTICE REPORT==== 3-Sep-2026::12:30:16.324089 ===
    reason: closed
    msg: roadrunner response send failed
    phase: websocket_upgrade_response
=NOTICE REPORT==== 3-Sep-2026::12:30:16.324137 ===
    reason: closed
    msg: roadrunner response send failed
    phase: websocket_upgrade_response
=NOTICE REPORT==== 3-Sep-2026::12:30:16.324200 ===
    reason: closed
    msg: roadrunner response send failed
    phase: websocket_upgrade_response
=NOTICE REPORT==== 3-Sep-2026::12:30:16.324229 ===
    reason: closed
    msg: roadrunner response send failed
    phase: websocket_upgrade_response
=NOTICE REPORT==== 3-Sep-2026::12:30:16.324213 ===
    reason: closed
    msg: roadrunner response send failed
    phase: websocket_upgrade_response
=NOTICE REPORT==== 3-Sep-2026::12:30:16.324213 ===
    reason: closed
    msg: roadrunner response send failed
    phase: websocket_upgrade_response
=NOTICE REPORT==== 3-Sep-2026::12:30:16.324335 ===
    reason: closed
    msg: roadrunner response send failed
    phase: websocket_upgrade_response
=NOTICE REPORT==== 3-Sep-2026::12:30:16.324379 ===
    reason: closed
    msg: roadrunner response send failed
    phase: websocket_upgrade_response
=NOTICE REPORT==== 3-Sep-2026::12:30:16.324438 ===
    reason: closed
    msg: roadrunner response send failed
    phase: websocket_upgrade_response
=NOTICE REPORT==== 3-Sep-2026::12:30:16.324479 ===
    reason: closed
    msg: roadrunner response send failed
    phase: websocket_upgrade_response
=NOTICE REPORT==== 3-Sep-2026::12:30:16.324494 ===
    reason: closed
    msg: roadrunner response send failed
    phase: websocket_upgrade_response
=NOTICE REPORT==== 3-Sep-2026::12:30:16.324491 ===
    reason: closed
    msg: roadrunner response send failed
    phase: websocket_upgrade_response
=NOTICE REPORT==== 3-Sep-2026::12:30:16.324512 ===
    reason: closed
    msg: roadrunner response send failed
    phase: websocket_upgrade_response
=NOTICE REPORT==== 3-Sep-2026::12:30:16.324534 ===
    reason: closed
    msg: roadrunner response send failed
    phase: websocket_upgrade_response
=NOTICE REPORT==== 3-Sep-2026::12:30:16.324584 ===
    reason: closed
    msg: roadrunner response send failed
    phase: websocket_upgrade_response
=NOTICE REPORT==== 3-Sep-2026::12:30:16.324603 ===
    reason: closed
    msg: roadrunner response send failed
    phase: websocket_upgrade_response
=NOTICE REPORT==== 3-Sep-2026::12:30:16.324597 ===
    reason: closed
    msg: roadrunner response send failed
    phase: websocket_upgrade_response
=NOTICE REPORT==== 3-Sep-2026::12:30:16.324599 ===
    reason: closed
    msg: roadrunner response send failed
    phase: websocket_upgrade_response
=NOTICE REPORT==== 3-Sep-2026::12:30:16.324677 ===
    reason: closed
    msg: roadrunner response send failed
    phase: websocket_upgrade_response
=NOTICE REPORT==== 3-Sep-2026::12:30:16.324745 ===
    reason: closed
    msg: roadrunner response send failed
    phase: websocket_upgrade_response
=NOTICE REPORT==== 3-Sep-2026::12:30:16.324770 ===
    reason: closed
    msg: roadrunner response send failed
    phase: websocket_upgrade_response
=NOTICE REPORT==== 3-Sep-2026::12:30:16.324771 ===
    reason: closed
    msg: roadrunner response send failed
    phase: websocket_upgrade_response
=NOTICE REPORT==== 3-Sep-2026::12:30:16.324884 ===
    reason: closed
    msg: roadrunner response send failed
    phase: websocket_upgrade_response
=NOTICE REPORT==== 3-Sep-2026::12:30:16.324906 ===
    reason: closed
    msg: roadrunner response send failed
    phase: websocket_upgrade_response
=NOTICE REPORT==== 3-Sep-2026::12:30:16.324921 ===
    reason: closed
    msg: roadrunner response send failed
    phase: websocket_upgrade_response
=NOTICE REPORT==== 3-Sep-2026::12:30:16.324843 ===
    reason: closed
    msg: roadrunner response send failed
    phase: websocket_upgrade_response
=NOTICE REPORT==== 3-Sep-2026::12:30:16.324961 ===
    reason: closed
    msg: roadrunner response send failed
    phase: websocket_upgrade_response
=NOTICE REPORT==== 3-Sep-2026::12:30:16.324948 ===
    reason: closed
    msg: roadrunner response send failed
    phase: websocket_upgrade_response
=NOTICE REPORT==== 3-Sep-2026::12:30:16.324859 ===
    reason: closed
    msg: roadrunner response send failed
    phase: websocket_upgrade_response
=NOTICE REPORT==== 3-Sep-2026::12:30:16.325000 ===
    reason: closed
    msg: roadrunner response send failed
    phase: websocket_upgrade_response
=NOTICE REPORT==== 3-Sep-2026::12:30:16.325028 ===
    reason: closed
    msg: roadrunner response send failed
    phase: websocket_upgrade_response
=NOTICE REPORT==== 3-Sep-2026::12:30:16.325039 ===
    reason: closed
    msg: roadrunner response send failed
    phase: websocket_upgrade_response
=NOTICE REPORT==== 3-Sep-2026::12:30:16.325044 ===
    reason: closed
    msg: roadrunner response send failed
    phase: websocket_upgrade_response
=NOTICE REPORT==== 3-Sep-2026::12:30:16.325058 ===
    reason: closed
    msg: roadrunner response send failed
    phase: websocket_upgrade_response
=NOTICE REPORT==== 3-Sep-2026::12:30:16.325097 ===
    reason: closed
    msg: roadrunner response send failed
    phase: websocket_upgrade_response
=NOTICE REPORT==== 3-Sep-2026::12:30:16.325123 ===
    reason: closed
    msg: roadrunner response send failed
    phase: websocket_upgrade_response
=NOTICE REPORT==== 3-Sep-2026::12:30:16.325129 ===
    reason: closed
    msg: roadrunner response send failed
    phase: websocket_upgrade_response
=NOTICE REPORT==== 3-Sep-2026::12:30:16.325175 ===
    reason: closed
    msg: roadrunner response send failed
    phase: websocket_upgrade_response
=NOTICE REPORT==== 3-Sep-2026::12:30:16.325215 ===
    reason: closed
    msg: roadrunner response send failed
    phase: websocket_upgrade_response
=NOTICE REPORT==== 3-Sep-2026::12:30:16.325191 ===
    reason: closed
    msg: roadrunner response send failed
    phase: websocket_upgrade_response
=NOTICE REPORT==== 3-Sep-2026::12:30:16.325222 ===
    reason: closed
    msg: roadrunner response send failed
    phase: websocket_upgrade_response
=NOTICE REPORT==== 3-Sep-2026::12:30:16.325246 ===
    reason: closed
    msg: roadrunner response send failed
    phase: websocket_upgrade_response
=NOTICE REPORT==== 3-Sep-2026::12:30:16.325233 ===
    reason: closed
    msg: roadrunner response send failed
    phase: websocket_upgrade_response
=NOTICE REPORT==== 3-Sep-2026::12:30:16.325290 ===
    reason: closed
    msg: roadrunner response send failed
    phase: websocket_upgrade_response
=NOTICE REPORT==== 3-Sep-2026::12:30:16.325327 ===
    reason: closed
    msg: roadrunner response send failed
    phase: websocket_upgrade_response
=NOTICE REPORT==== 3-Sep-2026::12:30:16.325417 ===
    reason: closed
    msg: roadrunner response send failed
    phase: websocket_upgrade_response
=NOTICE REPORT==== 3-Sep-2026::12:30:16.325495 ===
    reason: closed
    msg: roadrunner response send failed
    phase: websocket_upgrade_response
=NOTICE REPORT==== 3-Sep-2026::12:30:16.325593 ===
    reason: closed
    msg: roadrunner response send failed
    phase: websocket_upgrade_response
=NOTICE REPORT==== 3-Sep-2026::12:30:16.325605 ===
    reason: closed
    msg: roadrunner response send failed
    phase: websocket_upgrade_response
=NOTICE REPORT==== 3-Sep-2026::12:30:16.325604 ===
    reason: closed
    msg: roadrunner response send failed
    phase: websocket_upgrade_response
=NOTICE REPORT==== 3-Sep-2026::12:30:16.325590 ===
    reason: closed
    msg: roadrunner response send failed
    phase: websocket_upgrade_response
=NOTICE REPORT==== 3-Sep-2026::12:30:16.325607 ===
    reason: closed
    msg: roadrunner response send failed
    phase: websocket_upgrade_response
=NOTICE REPORT==== 3-Sep-2026::12:30:16.325642 ===
    reason: closed
    msg: roadrunner response send failed
    phase: websocket_upgrade_response
=NOTICE REPORT==== 3-Sep-2026::12:30:16.325702 ===
    reason: closed
    msg: roadrunner response send failed
    phase: websocket_upgrade_response
=NOTICE REPORT==== 3-Sep-2026::12:30:16.325698 ===
    reason: closed
    msg: roadrunner response send failed
    phase: websocket_upgrade_response
=NOTICE REPORT==== 3-Sep-2026::12:30:16.325709 ===
    reason: closed
    msg: roadrunner response send failed
    phase: websocket_upgrade_response
=NOTICE REPORT==== 3-Sep-2026::12:30:16.325705 ===
    reason: closed
    msg: roadrunner response send failed
    phase: websocket_upgrade_response
=NOTICE REPORT==== 3-Sep-2026::12:30:16.325723 ===
    reason: closed
    msg: roadrunner response send failed
    phase: websocket_upgrade_response
=NOTICE REPORT==== 3-Sep-2026::12:30:16.325765 ===
    reason: closed
    msg: roadrunner response send failed
    phase: websocket_upgrade_response
=NOTICE REPORT==== 3-Sep-2026::12:30:16.325881 ===
    reason: closed
    msg: roadrunner response send failed
    phase: websocket_upgrade_response
=NOTICE REPORT==== 3-Sep-2026::12:30:16.325945 ===
    reason: closed
    msg: roadrunner response send failed
    phase: websocket_upgrade_response
=NOTICE REPORT==== 3-Sep-2026::12:30:16.325982 ===
    reason: closed
    msg: roadrunner response send failed
    phase: websocket_upgrade_response
=NOTICE REPORT==== 3-Sep-2026::12:30:16.325999 ===
    reason: closed
    msg: roadrunner response send failed
    phase: websocket_upgrade_response
=NOTICE REPORT==== 3-Sep-2026::12:30:16.325998 ===
    reason: closed
    msg: roadrunner response send failed
    phase: websocket_upgrade_response
=NOTICE REPORT==== 3-Sep-2026::12:30:16.325990 ===
    reason: closed
    msg: roadrunner response send failed
    phase: websocket_upgrade_response
=NOTICE REPORT==== 3-Sep-2026::12:30:16.326029 ===
    reason: closed
    msg: roadrunner response send failed
    phase: websocket_upgrade_response
=NOTICE REPORT==== 3-Sep-2026::12:30:16.326033 ===
    reason: closed
    msg: roadrunner response send failed
    phase: websocket_upgrade_response
=NOTICE REPORT==== 3-Sep-2026::12:30:16.326050 ===
    reason: closed
    msg: roadrunner response send failed
    phase: websocket_upgrade_response
=NOTICE REPORT==== 3-Sep-2026::12:30:16.326074 ===
    reason: closed
    msg: roadrunner response send failed
    phase: websocket_upgrade_response
=NOTICE REPORT==== 3-Sep-2026::12:30:16.326097 ===
    reason: closed
    msg: roadrunner response send failed
    phase: websocket_upgrade_response
=NOTICE REPORT==== 3-Sep-2026::12:30:16.326088 ===
    reason: closed
    msg: roadrunner response send failed
    phase: websocket_upgrade_response
=NOTICE REPORT==== 3-Sep-2026::12:30:16.326147 ===
    reason: closed
    msg: roadrunner response send failed
    phase: websocket_upgrade_response
=NOTICE REPORT==== 3-Sep-2026::12:30:16.326111 ===
    reason: closed
    msg: roadrunner response send failed
    phase: websocket_upgrade_response
=NOTICE REPORT==== 3-Sep-2026::12:30:16.326161 ===
    reason: closed
    msg: roadrunner response send failed
    phase: websocket_upgrade_response
=NOTICE REPORT==== 3-Sep-2026::12:30:16.326184 ===
    reason: closed
    msg: roadrunner response send failed
    phase: websocket_upgrade_response
=NOTICE REPORT==== 3-Sep-2026::12:30:16.326195 ===
    reason: closed
    msg: roadrunner response send failed
    phase: websocket_upgrade_response
=NOTICE REPORT==== 3-Sep-2026::12:30:16.326212 ===
    reason: closed
    msg: roadrunner response send failed
    phase: websocket_upgrade_response
=NOTICE REPORT==== 3-Sep-2026::12:30:16.326253 ===
    reason: closed
    msg: roadrunner response send failed
    phase: websocket_upgrade_response
=NOTICE REPORT==== 3-Sep-2026::12:30:16.326246 ===
    reason: closed
    msg: roadrunner response send failed
    phase: websocket_upgrade_response
=NOTICE REPORT==== 3-Sep-2026::12:30:16.326304 ===
    reason: closed
    msg: roadrunner response send failed
    phase: websocket_upgrade_response
=NOTICE REPORT==== 3-Sep-2026::12:30:16.326313 ===
    reason: closed
    msg: roadrunner response send failed
    phase: websocket_upgrade_response
=NOTICE REPORT==== 3-Sep-2026::12:30:16.326344 ===
    reason: closed
    msg: roadrunner response send failed
    phase: websocket_upgrade_response
=NOTICE REPORT==== 3-Sep-2026::12:30:16.326356 ===
    reason: closed
    msg: roadrunner response send failed
    phase: websocket_upgrade_response
=NOTICE REPORT==== 3-Sep-2026::12:30:16.326373 ===
    reason: closed
    msg: roadrunner response send failed
    phase: websocket_upgrade_response
=NOTICE REPORT==== 3-Sep-2026::12:30:16.326550 ===
    reason: closed
    msg: roadrunner response send failed
    phase: websocket_upgrade_response
=NOTICE REPORT==== 3-Sep-2026::12:30:16.326533 ===
    reason: closed
    msg: roadrunner response send failed
    phase: websocket_upgrade_response
=NOTICE REPORT==== 3-Sep-2026::12:30:16.326670 ===
    reason: closed
    msg: roadrunner response send failed
    phase: websocket_upgrade_response
=NOTICE REPORT==== 3-Sep-2026::12:30:16.326704 ===
    reason: closed
    msg: roadrunner response send failed
    phase: websocket_upgrade_response
=NOTICE REPORT==== 3-Sep-2026::12:30:16.326730 ===
    reason: closed
    msg: roadrunner response send failed
    phase: websocket_upgrade_response
=NOTICE REPORT==== 3-Sep-2026::12:30:16.326824 ===
    reason: closed
    msg: roadrunner response send failed
    phase: websocket_upgrade_response
=NOTICE REPORT==== 3-Sep-2026::12:30:16.326835 ===
    reason: closed
    msg: roadrunner response send failed
    phase: websocket_upgrade_response
=NOTICE REPORT==== 3-Sep-2026::12:30:16.326822 ===
    reason: closed
    msg: roadrunner response send failed
    phase: websocket_upgrade_response
=NOTICE REPORT==== 3-Sep-2026::12:30:16.326850 ===
    reason: closed
    msg: roadrunner response send failed
    phase: websocket_upgrade_response
=NOTICE REPORT==== 3-Sep-2026::12:30:16.326915 ===
    reason: closed
    msg: roadrunner response send failed
    phase: websocket_upgrade_response
=NOTICE REPORT==== 3-Sep-2026::12:30:16.326921 ===
    reason: closed
    msg: roadrunner response send failed
    phase: websocket_upgrade_response
=NOTICE REPORT==== 3-Sep-2026::12:30:16.326990 ===
    reason: closed
    msg: roadrunner response send failed
    phase: websocket_upgrade_response
=NOTICE REPORT==== 3-Sep-2026::12:30:16.326986 ===
    reason: closed
    msg: roadrunner response send failed
    phase: websocket_upgrade_response
=NOTICE REPORT==== 3-Sep-2026::12:30:16.327012 ===
    reason: closed
    msg: roadrunner response send failed
    phase: websocket_upgrade_response
=NOTICE REPORT==== 3-Sep-2026::12:30:16.326983 ===
    reason: closed
    msg: roadrunner response send failed
    phase: websocket_upgrade_response
=NOTICE REPORT==== 3-Sep-2026::12:30:16.327059 ===
    reason: closed
    msg: roadrunner response send failed
    phase: websocket_upgrade_response
=NOTICE REPORT==== 3-Sep-2026::12:30:16.327034 ===
    reason: closed
    msg: roadrunner response send failed
    phase: websocket_upgrade_response
=NOTICE REPORT==== 3-Sep-2026::12:30:16.327055 ===
    reason: closed
    msg: roadrunner response send failed
    phase: websocket_upgrade_response
=NOTICE REPORT==== 3-Sep-2026::12:30:16.327064 ===
    reason: closed
    msg: roadrunner response send failed
    phase: websocket_upgrade_response
=NOTICE REPORT==== 3-Sep-2026::12:30:16.327083 ===
    reason: closed
    msg: roadrunner response send failed
    phase: websocket_upgrade_response
=NOTICE REPORT==== 3-Sep-2026::12:30:16.327105 ===
    reason: closed
    msg: roadrunner response send failed
    phase: websocket_upgrade_response
=NOTICE REPORT==== 3-Sep-2026::12:30:16.327108 ===
    reason: closed
    msg: roadrunner response send failed
    phase: websocket_upgrade_response
=NOTICE REPORT==== 3-Sep-2026::12:30:16.327114 ===
    reason: closed
    msg: roadrunner response send failed
    phase: websocket_upgrade_response
=NOTICE REPORT==== 3-Sep-2026::12:30:16.327146 ===
    reason: closed
    msg: roadrunner response send failed
    phase: websocket_upgrade_response
=NOTICE REPORT==== 3-Sep-2026::12:30:16.327154 ===
    reason: closed
    msg: roadrunner response send failed
    phase: websocket_upgrade_response
=NOTICE REPORT==== 3-Sep-2026::12:30:16.327203 ===
    reason: closed
    msg: roadrunner response send failed
    phase: websocket_upgrade_response
=NOTICE REPORT==== 3-Sep-2026::12:30:16.327188 ===
    reason: closed
    msg: roadrunner response send failed
    phase: websocket_upgrade_response
=NOTICE REPORT==== 3-Sep-2026::12:30:16.327213 ===
    reason: closed
    msg: roadrunner response send failed
    phase: websocket_upgrade_response
=NOTICE REPORT==== 3-Sep-2026::12:30:16.327222 ===
    reason: closed
    msg: roadrunner response send failed
    phase: websocket_upgrade_response
=NOTICE REPORT==== 3-Sep-2026::12:30:16.327214 ===
    reason: closed
    msg: roadrunner response send failed
    phase: websocket_upgrade_response
=NOTICE REPORT==== 3-Sep-2026::12:30:16.327241 ===
    reason: closed
    msg: roadrunner response send failed
    phase: websocket_upgrade_response
=NOTICE REPORT==== 3-Sep-2026::12:30:16.327258 ===
    reason: closed
    msg: roadrunner response send failed
    phase: websocket_upgrade_response
=NOTICE REPORT==== 3-Sep-2026::12:30:16.327243 ===
    reason: closed
    msg: roadrunner response send failed
    phase: websocket_upgrade_response
=NOTICE REPORT==== 3-Sep-2026::12:30:16.327333 ===
    reason: closed
    msg: roadrunner response send failed
    phase: websocket_upgrade_response
=NOTICE REPORT==== 3-Sep-2026::12:30:16.327349 ===
    reason: closed
    msg: roadrunner response send failed
    phase: websocket_upgrade_response
=NOTICE REPORT==== 3-Sep-2026::12:30:16.327351 ===
    reason: closed
    msg: roadrunner response send failed
    phase: websocket_upgrade_response
=NOTICE REPORT==== 3-Sep-2026::12:30:16.327356 ===
    reason: closed
    msg: roadrunner response send failed
    phase: websocket_upgrade_response
=NOTICE REPORT==== 3-Sep-2026::12:30:16.327470 ===
    reason: closed
    msg: roadrunner response send failed
    phase: websocket_upgrade_response
=NOTICE REPORT==== 3-Sep-2026::12:30:16.327491 ===
    reason: closed
    msg: roadrunner response send failed
    phase: websocket_upgrade_response
=NOTICE REPORT==== 3-Sep-2026::12:30:16.327546 ===
    reason: closed
    msg: roadrunner response send failed
    phase: websocket_upgrade_response
=NOTICE REPORT==== 3-Sep-2026::12:30:16.327603 ===
    reason: closed
    msg: roadrunner response send failed
    phase: websocket_upgrade_response
=NOTICE REPORT==== 3-Sep-2026::12:30:16.327591 ===
    reason: closed
    msg: roadrunner response send failed
    phase: websocket_upgrade_response
=NOTICE REPORT==== 3-Sep-2026::12:30:16.327742 ===
    reason: closed
    msg: roadrunner response send failed
    phase: websocket_upgrade_response
=NOTICE REPORT==== 3-Sep-2026::12:30:16.327761 ===
    reason: closed
    msg: roadrunner response send failed
    phase: websocket_upgrade_response
=NOTICE REPORT==== 3-Sep-2026::12:30:16.327771 ===
    reason: closed
    msg: roadrunner response send failed
    phase: websocket_upgrade_response
=NOTICE REPORT==== 3-Sep-2026::12:30:16.327991 ===
    reason: closed
    msg: roadrunner response send failed
    phase: websocket_upgrade_response
=NOTICE REPORT==== 3-Sep-2026::12:30:16.328068 ===
    reason: closed
    msg: roadrunner response send failed
    phase: websocket_upgrade_response
=NOTICE REPORT==== 3-Sep-2026::12:30:16.328327 ===
    reason: closed
    msg: roadrunner response send failed
    phase: websocket_upgrade_response
=NOTICE REPORT==== 3-Sep-2026::12:30:16.328321 ===
    reason: closed
    msg: roadrunner response send failed
    phase: websocket_upgrade_response
=NOTICE REPORT==== 3-Sep-2026::12:30:16.328350 ===
    reason: closed
    msg: roadrunner response send failed
    phase: websocket_upgrade_response
=NOTICE REPORT==== 3-Sep-2026::12:30:16.328573 ===
    reason: closed
    msg: roadrunner response send failed
    phase: websocket_upgrade_response
=NOTICE REPORT==== 3-Sep-2026::12:30:16.328582 ===
    reason: closed
    msg: roadrunner response send failed
    phase: websocket_upgrade_response
=NOTICE REPORT==== 3-Sep-2026::12:30:16.328678 ===
    reason: closed
    msg: roadrunner response send failed
    phase: websocket_upgrade_response
=NOTICE REPORT==== 3-Sep-2026::12:30:16.328682 ===
    reason: closed
    msg: roadrunner response send failed
    phase: websocket_upgrade_response
=NOTICE REPORT==== 3-Sep-2026::12:30:16.328668 ===
    reason: closed
    msg: roadrunner response send failed
    phase: websocket_upgrade_response
=NOTICE REPORT==== 3-Sep-2026::12:30:16.328725 ===
    reason: closed
    msg: roadrunner response send failed
    phase: websocket_upgrade_response
=NOTICE REPORT==== 3-Sep-2026::12:30:16.328749 ===
    reason: closed
    msg: roadrunner response send failed
    phase: websocket_upgrade_response
=NOTICE REPORT==== 3-Sep-2026::12:30:16.328737 ===
    reason: closed
    msg: roadrunner response send failed
    phase: websocket_upgrade_response
=NOTICE REPORT==== 3-Sep-2026::12:30:16.328782 ===
    reason: closed
    msg: roadrunner response send failed
    phase: websocket_upgrade_response
=NOTICE REPORT==== 3-Sep-2026::12:30:16.328835 ===
    reason: closed
    msg: roadrunner response send failed
    phase: websocket_upgrade_response
=NOTICE REPORT==== 3-Sep-2026::12:30:16.328858 ===
    reason: closed
    msg: roadrunner response send failed
    phase: websocket_upgrade_response
=NOTICE REPORT==== 3-Sep-2026::12:30:16.328854 ===
    reason: closed
    msg: roadrunner response send failed
    phase: websocket_upgrade_response
=NOTICE REPORT==== 3-Sep-2026::12:30:16.328836 ===
    reason: closed
    msg: roadrunner response send failed
    phase: websocket_upgrade_response
=NOTICE REPORT==== 3-Sep-2026::12:30:16.328889 ===
    reason: closed
    msg: roadrunner response send failed
    phase: websocket_upgrade_response
=NOTICE REPORT==== 3-Sep-2026::12:30:16.328871 ===
    reason: closed
    msg: roadrunner response send failed
    phase: websocket_upgrade_response
=NOTICE REPORT==== 3-Sep-2026::12:30:16.328939 ===
    reason: closed
    msg: roadrunner response send failed
    phase: websocket_upgrade_response
=NOTICE REPORT==== 3-Sep-2026::12:30:16.328944 ===
    reason: closed
    msg: roadrunner response send failed
    phase: websocket_upgrade_response
=NOTICE REPORT==== 3-Sep-2026::12:30:16.328957 ===
    reason: closed
    msg: roadrunner response send failed
    phase: websocket_upgrade_response
=NOTICE REPORT==== 3-Sep-2026::12:30:16.328962 ===
    reason: closed
    msg: roadrunner response send failed
    phase: websocket_upgrade_response
=NOTICE REPORT==== 3-Sep-2026::12:30:16.328966 ===
    reason: closed
    msg: roadrunner response send failed
    phase: websocket_upgrade_response
=NOTICE REPORT==== 3-Sep-2026::12:30:16.328974 ===
    reason: closed
    msg: roadrunner response send failed
    phase: websocket_upgrade_response
=NOTICE REPORT==== 3-Sep-2026::12:30:16.328972 ===
    reason: closed
    msg: roadrunner response send failed
    phase: websocket_upgrade_response
=NOTICE REPORT==== 3-Sep-2026::12:30:16.328998 ===
    reason: closed
    msg: roadrunner response send failed
    phase: websocket_upgrade_response
=NOTICE REPORT==== 3-Sep-2026::12:30:16.328975 ===
    reason: closed
    msg: roadrunner response send failed
    phase: websocket_upgrade_response
=NOTICE REPORT==== 3-Sep-2026::12:30:16.329018 ===
    reason: closed
    msg: roadrunner response send failed
    phase: websocket_upgrade_response
=NOTICE REPORT==== 3-Sep-2026::12:30:16.329040 ===
    reason: closed
    msg: roadrunner response send failed
    phase: websocket_upgrade_response
=NOTICE REPORT==== 3-Sep-2026::12:30:16.329024 ===
    reason: closed
    msg: roadrunner response send failed
    phase: websocket_upgrade_response
=NOTICE REPORT==== 3-Sep-2026::12:30:16.329048 ===
    reason: closed
    msg: roadrunner response send failed
    phase: websocket_upgrade_response
=NOTICE REPORT==== 3-Sep-2026::12:30:16.329051 ===
    reason: closed
    msg: roadrunner response send failed
    phase: websocket_upgrade_response
=NOTICE REPORT==== 3-Sep-2026::12:30:16.329084 ===
    reason: closed
    msg: roadrunner response send failed
    phase: websocket_upgrade_response
=NOTICE REPORT==== 3-Sep-2026::12:30:16.329087 ===
    reason: closed
    msg: roadrunner response send failed
    phase: websocket_upgrade_response
=NOTICE REPORT==== 3-Sep-2026::12:30:16.329087 ===
    reason: closed
    msg: roadrunner response send failed
    phase: websocket_upgrade_response
=NOTICE REPORT==== 3-Sep-2026::12:30:16.329106 ===
    reason: closed
    msg: roadrunner response send failed
    phase: websocket_upgrade_response
=NOTICE REPORT==== 3-Sep-2026::12:30:16.329122 ===
    reason: closed
    msg: roadrunner response send failed
    phase: websocket_upgrade_response
=NOTICE REPORT==== 3-Sep-2026::12:30:16.329211 ===
    reason: closed
    msg: roadrunner response send failed
    phase: websocket_upgrade_response
=NOTICE REPORT==== 3-Sep-2026::12:30:16.329115 ===
    reason: closed
    msg: roadrunner response send failed
    phase: websocket_upgrade_response
=NOTICE REPORT==== 3-Sep-2026::12:30:16.329144 ===
    reason: closed
    msg: roadrunner response send failed
    phase: websocket_upgrade_response
=NOTICE REPORT==== 3-Sep-2026::12:30:16.329400 ===
    reason: closed
    msg: roadrunner response send failed
    phase: websocket_upgrade_response
=NOTICE REPORT==== 3-Sep-2026::12:30:16.329469 ===
    reason: closed
    msg: roadrunner response send failed
    phase: websocket_upgrade_response
=NOTICE REPORT==== 3-Sep-2026::12:30:16.329511 ===
    reason: closed
    msg: roadrunner response send failed
    phase: websocket_upgrade_response
=NOTICE REPORT==== 3-Sep-2026::12:30:16.329554 ===
    reason: closed
    msg: roadrunner response send failed
    phase: websocket_upgrade_response
=NOTICE REPORT==== 3-Sep-2026::12:30:16.329595 ===
    reason: closed
    msg: roadrunner response send failed
    phase: websocket_upgrade_response
=NOTICE REPORT==== 3-Sep-2026::12:30:16.329645 ===
    reason: closed
    msg: roadrunner response send failed
    phase: websocket_upgrade_response
=NOTICE REPORT==== 3-Sep-2026::12:30:16.329576 ===
    reason: closed
    msg: roadrunner response send failed
    phase: websocket_upgrade_response
=NOTICE REPORT==== 3-Sep-2026::12:30:16.329648 ===
    reason: closed
    msg: roadrunner response send failed
    phase: websocket_upgrade_response
=NOTICE REPORT==== 3-Sep-2026::12:30:16.329656 ===
    reason: closed
    msg: roadrunner response send failed
    phase: websocket_upgrade_response
=NOTICE REPORT==== 3-Sep-2026::12:30:16.329696 ===
    reason: closed
    msg: roadrunner response send failed
    phase: websocket_upgrade_response
=NOTICE REPORT==== 3-Sep-2026::12:30:16.329690 ===
    reason: closed
    msg: roadrunner response send failed
    phase: websocket_upgrade_response
=NOTICE REPORT==== 3-Sep-2026::12:30:16.329679 ===
    reason: closed
    msg: roadrunner response send failed
    phase: websocket_upgrade_response
=NOTICE REPORT==== 3-Sep-2026::12:30:16.329709 ===
    reason: closed
    msg: roadrunner response send failed
    phase: websocket_upgrade_response
=NOTICE REPORT==== 3-Sep-2026::12:30:16.329741 ===
    reason: closed
    msg: roadrunner response send failed
    phase: websocket_upgrade_response
=NOTICE REPORT==== 3-Sep-2026::12:30:16.329810 ===
    reason: closed
    msg: roadrunner response send failed
    phase: websocket_upgrade_response
=NOTICE REPORT==== 3-Sep-2026::12:30:16.329832 ===
    reason: closed
    msg: roadrunner response send failed
    phase: websocket_upgrade_response
=NOTICE REPORT==== 3-Sep-2026::12:30:16.329863 ===
    reason: closed
    msg: roadrunner response send failed
    phase: websocket_upgrade_response
=NOTICE REPORT==== 3-Sep-2026::12:30:16.329873 ===
    reason: closed
    msg: roadrunner response send failed
    phase: websocket_upgrade_response
=NOTICE REPORT==== 3-Sep-2026::12:30:16.329955 ===
    reason: closed
    msg: roadrunner response send failed
    phase: websocket_upgrade_response
=NOTICE REPORT==== 3-Sep-2026::12:30:16.329953 ===
    reason: closed
    msg: roadrunner response send failed
    phase: websocket_upgrade_response
=NOTICE REPORT==== 3-Sep-2026::12:30:16.329964 ===
    reason: closed
    msg: roadrunner response send failed
    phase: websocket_upgrade_response
=NOTICE REPORT==== 3-Sep-2026::12:30:16.329958 ===
    reason: closed
    msg: roadrunner response send failed
    phase: websocket_upgrade_response
=NOTICE REPORT==== 3-Sep-2026::12:30:16.329980 ===
    reason: closed
    msg: roadrunner response send failed
    phase: websocket_upgrade_response
=NOTICE REPORT==== 3-Sep-2026::12:30:16.330009 ===
    reason: closed
    msg: roadrunner response send failed
    phase: websocket_upgrade_response
=NOTICE REPORT==== 3-Sep-2026::12:30:16.330028 ===
    reason: closed
    msg: roadrunner response send failed
    phase: websocket_upgrade_response
=NOTICE REPORT==== 3-Sep-2026::12:30:16.330061 ===
    reason: closed
    msg: roadrunner response send failed
    phase: websocket_upgrade_response
=NOTICE REPORT==== 3-Sep-2026::12:30:16.330113 ===
    reason: closed
    msg: roadrunner response send failed
    phase: websocket_upgrade_response
=NOTICE REPORT==== 3-Sep-2026::12:30:16.330117 ===
    reason: closed
    msg: roadrunner response send failed
    phase: websocket_upgrade_response
=NOTICE REPORT==== 3-Sep-2026::12:30:16.330111 ===
    reason: closed
    msg: roadrunner response send failed
    phase: websocket_upgrade_response
=NOTICE REPORT==== 3-Sep-2026::12:30:16.330140 ===
    reason: closed
    msg: roadrunner response send failed
    phase: websocket_upgrade_response
=NOTICE REPORT==== 3-Sep-2026::12:30:16.330147 ===
    reason: closed
    msg: roadrunner response send failed
    phase: websocket_upgrade_response
=NOTICE REPORT==== 3-Sep-2026::12:30:16.330134 ===
    reason: closed
    msg: roadrunner response send failed
    phase: websocket_upgrade_response
=NOTICE REPORT==== 3-Sep-2026::12:30:16.330166 ===
    reason: closed
    msg: roadrunner response send failed
    phase: websocket_upgrade_response
=NOTICE REPORT==== 3-Sep-2026::12:30:16.330575 ===
    reason: closed
    msg: roadrunner response send failed
    phase: websocket_upgrade_response
=NOTICE REPORT==== 3-Sep-2026::12:30:16.330602 ===
    reason: closed
    msg: roadrunner response send failed
    phase: websocket_upgrade_response
=NOTICE REPORT==== 3-Sep-2026::12:30:16.330661 ===
    reason: closed
    msg: roadrunner response send failed
    phase: websocket_upgrade_response
=NOTICE REPORT==== 3-Sep-2026::12:30:16.330657 ===
    reason: closed
    msg: roadrunner response send failed
    phase: websocket_upgrade_response
=NOTICE REPORT==== 3-Sep-2026::12:30:16.330716 ===
    reason: closed
    msg: roadrunner response send failed
    phase: websocket_upgrade_response
=NOTICE REPORT==== 3-Sep-2026::12:30:16.330706 ===
    reason: closed
    msg: roadrunner response send failed
    phase: websocket_upgrade_response
=NOTICE REPORT==== 3-Sep-2026::12:30:16.330704 ===
    reason: closed
    msg: roadrunner response send failed
    phase: websocket_upgrade_response
=NOTICE REPORT==== 3-Sep-2026::12:30:16.330748 ===
    reason: closed
    msg: roadrunner response send failed
    phase: websocket_upgrade_response
=NOTICE REPORT==== 3-Sep-2026::12:30:16.330755 ===
    reason: closed
    msg: roadrunner response send failed
    phase: websocket_upgrade_response
=NOTICE REPORT==== 3-Sep-2026::12:30:16.330767 ===
    reason: closed
    msg: roadrunner response send failed
    phase: websocket_upgrade_response
=NOTICE REPORT==== 3-Sep-2026::12:30:16.330808 ===
    reason: closed
    msg: roadrunner response send failed
    phase: websocket_upgrade_response
=NOTICE REPORT==== 3-Sep-2026::12:30:16.330826 ===
    reason: closed
    msg: roadrunner response send failed
    phase: websocket_upgrade_response
=NOTICE REPORT==== 3-Sep-2026::12:30:16.330785 ===
    reason: closed
    msg: roadrunner response send failed
    phase: websocket_upgrade_response
=NOTICE REPORT==== 3-Sep-2026::12:30:16.330838 ===
    reason: closed
    msg: roadrunner response send failed
    phase: websocket_upgrade_response
=NOTICE REPORT==== 3-Sep-2026::12:30:16.330876 ===
    reason: closed
    msg: roadrunner response send failed
    phase: websocket_upgrade_response
=NOTICE REPORT==== 3-Sep-2026::12:30:16.330878 ===
    reason: closed
    msg: roadrunner response send failed
    phase: websocket_upgrade_response
=NOTICE REPORT==== 3-Sep-2026::12:30:16.330880 ===
    reason: closed
    msg: roadrunner response send failed
    phase: websocket_upgrade_response
=NOTICE REPORT==== 3-Sep-2026::12:30:16.330909 ===
    reason: closed
    msg: roadrunner response send failed
    phase: websocket_upgrade_response
=NOTICE REPORT==== 3-Sep-2026::12:30:16.330948 ===
    reason: closed
    msg: roadrunner response send failed
    phase: websocket_upgrade_response
=NOTICE REPORT==== 3-Sep-2026::12:30:16.330994 ===
    reason: closed
    msg: roadrunner response send failed
    phase: websocket_upgrade_response
=NOTICE REPORT==== 3-Sep-2026::12:30:16.331004 ===
    reason: closed
    msg: roadrunner response send failed
    phase: websocket_upgrade_response
=NOTICE REPORT==== 3-Sep-2026::12:30:16.331052 ===
    reason: closed
    msg: roadrunner response send failed
    phase: websocket_upgrade_response
=NOTICE REPORT==== 3-Sep-2026::12:30:16.331068 ===
    reason: closed
    msg: roadrunner response send failed
    phase: websocket_upgrade_response
=NOTICE REPORT==== 3-Sep-2026::12:30:16.331132 ===
    reason: closed
    msg: roadrunner response send failed
    phase: websocket_upgrade_response
=NOTICE REPORT==== 3-Sep-2026::12:30:16.331248 ===
    reason: closed
    msg: roadrunner response send failed
    phase: websocket_upgrade_response
=NOTICE REPORT==== 3-Sep-2026::12:30:16.331269 ===
    reason: closed
    msg: roadrunner response send failed
    phase: websocket_upgrade_response
=NOTICE REPORT==== 3-Sep-2026::12:30:16.331281 ===
    reason: closed
    msg: roadrunner response send failed
    phase: websocket_upgrade_response
=NOTICE REPORT==== 3-Sep-2026::12:30:16.331534 ===
    reason: closed
    msg: roadrunner response send failed
    phase: websocket_upgrade_response
=NOTICE REPORT==== 3-Sep-2026::12:30:16.331680 ===
    reason: closed
    msg: roadrunner response send failed
    phase: websocket_upgrade_response
=NOTICE REPORT==== 3-Sep-2026::12:30:16.331677 ===
    reason: closed
    msg: roadrunner response send failed
    phase: websocket_upgrade_response
=NOTICE REPORT==== 3-Sep-2026::12:30:16.331718 ===
    reason: closed
    msg: roadrunner response send failed
    phase: websocket_upgrade_response
=NOTICE REPORT==== 3-Sep-2026::12:30:16.331760 ===
    reason: closed
    msg: roadrunner response send failed
    phase: websocket_upgrade_response
=NOTICE REPORT==== 3-Sep-2026::12:30:16.331782 ===
    reason: closed
    msg: roadrunner response send failed
    phase: websocket_upgrade_response
=NOTICE REPORT==== 3-Sep-2026::12:30:16.331774 ===
    reason: closed
    msg: roadrunner response send failed
    phase: websocket_upgrade_response
=NOTICE REPORT==== 3-Sep-2026::12:30:16.331760 ===
    reason: closed
    msg: roadrunner response send failed
    phase: websocket_upgrade_response
=NOTICE REPORT==== 3-Sep-2026::12:30:16.331831 ===
    reason: closed
    msg: roadrunner response send failed
    phase: websocket_upgrade_response
=NOTICE REPORT==== 3-Sep-2026::12:30:16.331850 ===
    reason: closed
    msg: roadrunner response send failed
    phase: websocket_upgrade_response
=NOTICE REPORT==== 3-Sep-2026::12:30:16.331848 ===
    reason: closed
    msg: roadrunner response send failed
    phase: websocket_upgrade_response
=NOTICE REPORT==== 3-Sep-2026::12:30:16.331912 ===
    reason: closed
    msg: roadrunner response send failed
    phase: websocket_upgrade_response
=NOTICE REPORT==== 3-Sep-2026::12:30:16.331931 ===
    reason: closed
    msg: roadrunner response send failed
    phase: websocket_upgrade_response
=NOTICE REPORT==== 3-Sep-2026::12:30:16.331939 ===
    reason: closed
    msg: roadrunner response send failed
    phase: websocket_upgrade_response
=NOTICE REPORT==== 3-Sep-2026::12:30:16.331940 ===
    reason: closed
    msg: roadrunner response send failed
    phase: websocket_upgrade_response
=NOTICE REPORT==== 3-Sep-2026::12:30:16.331948 ===
    reason: closed
    msg: roadrunner response send failed
    phase: websocket_upgrade_response
=NOTICE REPORT==== 3-Sep-2026::12:30:16.331948 ===
    reason: closed
    msg: roadrunner response send failed
    phase: websocket_upgrade_response
=NOTICE REPORT==== 3-Sep-2026::12:30:16.331996 ===
    reason: closed
    msg: roadrunner response send failed
    phase: websocket_upgrade_response
=NOTICE REPORT==== 3-Sep-2026::12:30:16.332044 ===
    reason: closed
    msg: roadrunner response send failed
    phase: websocket_upgrade_response
=NOTICE REPORT==== 3-Sep-2026::12:30:16.332132 ===
    reason: closed
    msg: roadrunner response send failed
    phase: websocket_upgrade_response
=NOTICE REPORT==== 3-Sep-2026::12:30:16.332135 ===
    reason: closed
    msg: roadrunner response send failed
    phase: websocket_upgrade_response
=NOTICE REPORT==== 3-Sep-2026::12:30:16.332134 ===
    reason: closed
    msg: roadrunner response send failed
    phase: websocket_upgrade_response
=NOTICE REPORT==== 3-Sep-2026::12:30:16.332159 ===
    reason: closed
    msg: roadrunner response send failed
    phase: websocket_upgrade_response
=NOTICE REPORT==== 3-Sep-2026::12:30:16.332196 ===
    reason: closed
    msg: roadrunner response send failed
    phase: websocket_upgrade_response
=NOTICE REPORT==== 3-Sep-2026::12:30:16.332199 ===
    reason: closed
    msg: roadrunner response send failed
    phase: websocket_upgrade_response
=NOTICE REPORT==== 3-Sep-2026::12:30:16.332193 ===
    reason: closed
    msg: roadrunner response send failed
    phase: websocket_upgrade_response
=NOTICE REPORT==== 3-Sep-2026::12:30:16.332230 ===
    reason: closed
    msg: roadrunner response send failed
    phase: websocket_upgrade_response
=NOTICE REPORT==== 3-Sep-2026::12:30:16.332256 ===
    reason: closed
    msg: roadrunner response send failed
    phase: websocket_upgrade_response
=NOTICE REPORT==== 3-Sep-2026::12:30:16.332328 ===
    reason: closed
    msg: roadrunner response send failed
    phase: websocket_upgrade_response
=NOTICE REPORT==== 3-Sep-2026::12:30:16.332375 ===
    reason: closed
    msg: roadrunner response send failed
    phase: websocket_upgrade_response
=NOTICE REPORT==== 3-Sep-2026::12:30:16.332364 ===
    reason: closed
    msg: roadrunner response send failed
    phase: websocket_upgrade_response
=NOTICE REPORT==== 3-Sep-2026::12:30:16.332450 ===
    reason: closed
    msg: roadrunner response send failed
    phase: websocket_upgrade_response
=NOTICE REPORT==== 3-Sep-2026::12:30:16.332466 ===
    reason: closed
    msg: roadrunner response send failed
    phase: websocket_upgrade_response
=NOTICE REPORT==== 3-Sep-2026::12:30:16.332526 ===
    reason: closed
    msg: roadrunner response send failed
    phase: websocket_upgrade_response
=NOTICE REPORT==== 3-Sep-2026::12:30:16.332533 ===
    reason: closed
    msg: roadrunner response send failed
    phase: websocket_upgrade_response
=NOTICE REPORT==== 3-Sep-2026::12:30:16.332645 ===
    reason: closed
    msg: roadrunner response send failed
    phase: websocket_upgrade_response
=NOTICE REPORT==== 3-Sep-2026::12:30:16.332829 ===
    reason: closed
    msg: roadrunner response send failed
    phase: websocket_upgrade_response
=NOTICE REPORT==== 3-Sep-2026::12:30:16.332870 ===
    reason: closed
    msg: roadrunner response send failed
    phase: websocket_upgrade_response
=NOTICE REPORT==== 3-Sep-2026::12:30:16.332882 ===
    reason: closed
    msg: roadrunner response send failed
    phase: websocket_upgrade_response
=NOTICE REPORT==== 3-Sep-2026::12:30:16.332934 ===
    reason: closed
    msg: roadrunner response send failed
    phase: websocket_upgrade_response
=NOTICE REPORT==== 3-Sep-2026::12:30:16.333176 ===
    reason: closed
    msg: roadrunner response send failed
    phase: websocket_upgrade_response
=NOTICE REPORT==== 3-Sep-2026::12:30:16.333382 ===
    reason: closed
    msg: roadrunner response send failed
    phase: websocket_upgrade_response
=NOTICE REPORT==== 3-Sep-2026::12:30:16.333455 ===
    reason: closed
    msg: roadrunner response send failed
    phase: websocket_upgrade_response
=NOTICE REPORT==== 3-Sep-2026::12:30:16.333502 ===
    reason: closed
    msg: roadrunner response send failed
    phase: websocket_upgrade_response
=NOTICE REPORT==== 3-Sep-2026::12:30:16.333514 ===
    reason: closed
    msg: roadrunner response send failed
    phase: websocket_upgrade_response
=NOTICE REPORT==== 3-Sep-2026::12:30:16.333529 ===
    reason: closed
    msg: roadrunner response send failed
    phase: websocket_upgrade_response
=NOTICE REPORT==== 3-Sep-2026::12:30:16.333544 ===
    reason: closed
    msg: roadrunner response send failed
    phase: websocket_upgrade_response
=NOTICE REPORT==== 3-Sep-2026::12:30:16.333566 ===
    reason: closed
    msg: roadrunner response send failed
    phase: websocket_upgrade_response
=NOTICE REPORT==== 3-Sep-2026::12:30:16.333549 ===
    reason: closed
    msg: roadrunner response send failed
    phase: websocket_upgrade_response
=NOTICE REPORT==== 3-Sep-2026::12:30:16.333591 ===
    reason: closed
    msg: roadrunner response send failed
    phase: websocket_upgrade_response
=NOTICE REPORT==== 3-Sep-2026::12:30:16.333887 ===
    reason: closed
    msg: roadrunner response send failed
    phase: websocket_upgrade_response
=NOTICE REPORT==== 3-Sep-2026::12:30:16.334017 ===
    reason: closed
    msg: roadrunner response send failed
    phase: websocket_upgrade_response
=NOTICE REPORT==== 3-Sep-2026::12:30:16.334039 ===
    reason: closed
    msg: roadrunner response send failed
    phase: websocket_upgrade_response
=NOTICE REPORT==== 3-Sep-2026::12:30:16.334357 ===
    reason: closed
    msg: roadrunner response send failed
    phase: websocket_upgrade_response
=NOTICE REPORT==== 3-Sep-2026::12:30:16.334389 ===
    reason: closed
    msg: roadrunner response send failed
    phase: websocket_upgrade_response
=NOTICE REPORT==== 3-Sep-2026::12:30:16.334488 ===
    reason: closed
    msg: roadrunner response send failed
    phase: websocket_upgrade_response
=NOTICE REPORT==== 3-Sep-2026::12:30:16.334530 ===
    reason: closed
    msg: roadrunner response send failed
    phase: websocket_upgrade_response
=NOTICE REPORT==== 3-Sep-2026::12:30:16.334578 ===
    reason: closed
    msg: roadrunner response send failed
    phase: websocket_upgrade_response
=NOTICE REPORT==== 3-Sep-2026::12:30:16.334724 ===
    reason: closed
    msg: roadrunner response send failed
    phase: websocket_upgrade_response
=NOTICE REPORT==== 3-Sep-2026::12:30:16.334734 ===
    reason: closed
    msg: roadrunner response send failed
    phase: websocket_upgrade_response
=NOTICE REPORT==== 3-Sep-2026::12:30:16.334738 ===
    reason: closed
    msg: roadrunner response send failed
    phase: websocket_upgrade_response
=NOTICE REPORT==== 3-Sep-2026::12:30:16.334742 ===
    reason: closed
    msg: roadrunner response send failed
    phase: websocket_upgrade_response
=NOTICE REPORT==== 3-Sep-2026::12:30:16.334739 ===
    reason: closed
    msg: roadrunner response send failed
    phase: websocket_upgrade_response
=NOTICE REPORT==== 3-Sep-2026::12:30:16.334820 ===
    reason: closed
    msg: roadrunner response send failed
    phase: websocket_upgrade_response
=NOTICE REPORT==== 3-Sep-2026::12:30:16.334841 ===
    reason: closed
    msg: roadrunner response send failed
    phase: websocket_upgrade_response
=NOTICE REPORT==== 3-Sep-2026::12:30:16.334854 ===
    reason: closed
    msg: roadrunner response send failed
    phase: websocket_upgrade_response
=NOTICE REPORT==== 3-Sep-2026::12:30:16.334879 ===
    reason: closed
    msg: roadrunner response send failed
    phase: websocket_upgrade_response
=NOTICE REPORT==== 3-Sep-2026::12:30:16.334910 ===
    reason: closed
    msg: roadrunner response send failed
    phase: websocket_upgrade_response
=NOTICE REPORT==== 3-Sep-2026::12:30:16.335017 ===
    reason: closed
    msg: roadrunner response send failed
    phase: websocket_upgrade_response
=NOTICE REPORT==== 3-Sep-2026::12:30:16.335036 ===
    reason: closed
    msg: roadrunner response send failed
    phase: websocket_upgrade_response
=NOTICE REPORT==== 3-Sep-2026::12:30:16.335051 ===
    reason: closed
    msg: roadrunner response send failed
    phase: websocket_upgrade_response
=NOTICE REPORT==== 3-Sep-2026::12:30:16.335090 ===
    reason: closed
    msg: roadrunner response send failed
    phase: websocket_upgrade_response
=NOTICE REPORT==== 3-Sep-2026::12:30:16.335079 ===
    reason: closed
    msg: roadrunner response send failed
    phase: websocket_upgrade_response
=NOTICE REPORT==== 3-Sep-2026::12:30:16.335506 ===
    reason: closed
    msg: roadrunner response send failed
    phase: websocket_upgrade_response
=NOTICE REPORT==== 3-Sep-2026::12:30:16.335525 ===
    reason: closed
    msg: roadrunner response send failed
    phase: websocket_upgrade_response
=NOTICE REPORT==== 3-Sep-2026::12:30:16.335557 ===
    reason: closed
    msg: roadrunner response send failed
    phase: websocket_upgrade_response
=NOTICE REPORT==== 3-Sep-2026::12:30:16.335563 ===
    reason: closed
    msg: roadrunner response send failed
    phase: websocket_upgrade_response
=NOTICE REPORT==== 3-Sep-2026::12:30:16.335617 ===
    reason: closed
    msg: roadrunner response send failed
    phase: websocket_upgrade_response
=NOTICE REPORT==== 3-Sep-2026::12:30:16.335649 ===
    reason: closed
    msg: roadrunner response send failed
    phase: websocket_upgrade_response
=NOTICE REPORT==== 3-Sep-2026::12:30:16.335690 ===
    reason: closed
    msg: roadrunner response send failed
    phase: websocket_upgrade_response
=NOTICE REPORT==== 3-Sep-2026::12:30:16.335728 ===
    reason: closed
    msg: roadrunner response send failed
    phase: websocket_upgrade_response
=NOTICE REPORT==== 3-Sep-2026::12:30:16.335733 ===
    reason: closed
    msg: roadrunner response send failed
    phase: websocket_upgrade_response
=NOTICE REPORT==== 3-Sep-2026::12:30:16.335801 ===
    reason: closed
    msg: roadrunner response send failed
    phase: websocket_upgrade_response
=NOTICE REPORT==== 3-Sep-2026::12:30:16.335874 ===
    reason: closed
    msg: roadrunner response send failed
    phase: websocket_upgrade_response
=NOTICE REPORT==== 3-Sep-2026::12:30:16.335921 ===
    reason: closed
    msg: roadrunner response send failed
    phase: websocket_upgrade_response
=NOTICE REPORT==== 3-Sep-2026::12:30:16.335977 ===
    reason: closed
    msg: roadrunner response send failed
    phase: websocket_upgrade_response
=NOTICE REPORT==== 3-Sep-2026::12:30:16.336036 ===
    reason: closed
    msg: roadrunner response send failed
    phase: websocket_upgrade_response
=NOTICE REPORT==== 3-Sep-2026::12:30:16.336064 ===
    reason: closed
    msg: roadrunner response send failed
    phase: websocket_upgrade_response
=NOTICE REPORT==== 3-Sep-2026::12:30:16.336030 ===
    reason: closed
    msg: roadrunner response send failed
    phase: websocket_upgrade_response
=NOTICE REPORT==== 3-Sep-2026::12:30:16.336064 ===
    reason: closed
    msg: roadrunner response send failed
    phase: websocket_upgrade_response
=NOTICE REPORT==== 3-Sep-2026::12:30:16.336042 ===
    reason: closed
    msg: roadrunner response send failed
    phase: websocket_upgrade_response
=NOTICE REPORT==== 3-Sep-2026::12:30:16.336089 ===
    reason: closed
    msg: roadrunner response send failed
    phase: websocket_upgrade_response
=NOTICE REPORT==== 3-Sep-2026::12:30:16.336168 ===
    reason: closed
    msg: roadrunner response send failed
    phase: websocket_upgrade_response
=NOTICE REPORT==== 3-Sep-2026::12:30:16.336242 ===
    reason: closed
    msg: roadrunner response send failed
    phase: websocket_upgrade_response
=NOTICE REPORT==== 3-Sep-2026::12:30:16.336318 ===
    reason: closed
    msg: roadrunner response send failed
    phase: websocket_upgrade_response
=NOTICE REPORT==== 3-Sep-2026::12:30:16.336336 ===
    reason: closed
    msg: roadrunner response send failed
    phase: websocket_upgrade_response
=NOTICE REPORT==== 3-Sep-2026::12:30:16.336333 ===
    reason: closed
    msg: roadrunner response send failed
    phase: websocket_upgrade_response
=NOTICE REPORT==== 3-Sep-2026::12:30:16.336408 ===
    reason: closed
    msg: roadrunner response send failed
    phase: websocket_upgrade_response
=NOTICE REPORT==== 3-Sep-2026::12:30:16.336414 ===
    reason: closed
    msg: roadrunner response send failed
    phase: websocket_upgrade_response
=NOTICE REPORT==== 3-Sep-2026::12:30:16.336431 ===
    reason: closed
    msg: roadrunner response send failed
    phase: websocket_upgrade_response
=NOTICE REPORT==== 3-Sep-2026::12:30:16.336435 ===
    reason: closed
    msg: roadrunner response send failed
    phase: websocket_upgrade_response
=NOTICE REPORT==== 3-Sep-2026::12:30:16.336434 ===
    reason: closed
    msg: roadrunner response send failed
    phase: websocket_upgrade_response
=NOTICE REPORT==== 3-Sep-2026::12:30:16.336458 ===
    reason: closed
    msg: roadrunner response send failed
    phase: websocket_upgrade_response
=NOTICE REPORT==== 3-Sep-2026::12:30:16.336472 ===
    reason: closed
    msg: roadrunner response send failed
    phase: websocket_upgrade_response
=NOTICE REPORT==== 3-Sep-2026::12:30:16.336501 ===
    reason: closed
    msg: roadrunner response send failed
    phase: websocket_upgrade_response
=NOTICE REPORT==== 3-Sep-2026::12:30:16.336542 ===
    reason: closed
    msg: roadrunner response send failed
    phase: websocket_upgrade_response
=NOTICE REPORT==== 3-Sep-2026::12:30:16.336566 ===
    reason: closed
    msg: roadrunner response send failed
    phase: websocket_upgrade_response
=NOTICE REPORT==== 3-Sep-2026::12:30:16.336614 ===
    reason: closed
    msg: roadrunner response send failed
    phase: websocket_upgrade_response
=NOTICE REPORT==== 3-Sep-2026::12:30:16.336608 ===
    reason: closed
    msg: roadrunner response send failed
    phase: websocket_upgrade_response
=NOTICE REPORT==== 3-Sep-2026::12:30:16.336645 ===
    reason: closed
    msg: roadrunner response send failed
    phase: websocket_upgrade_response
=NOTICE REPORT==== 3-Sep-2026::12:30:16.336658 ===
    reason: closed
    msg: roadrunner response send failed
    phase: websocket_upgrade_response
=NOTICE REPORT==== 3-Sep-2026::12:30:16.336696 ===
    reason: closed
    msg: roadrunner response send failed
    phase: websocket_upgrade_response
=NOTICE REPORT==== 3-Sep-2026::12:30:16.336994 ===
    reason: closed
    msg: roadrunner response send failed
    phase: websocket_upgrade_response
=NOTICE REPORT==== 3-Sep-2026::12:30:16.337200 ===
    reason: closed
    msg: roadrunner response send failed
    phase: websocket_upgrade_response
=NOTICE REPORT==== 3-Sep-2026::12:30:16.337202 ===
    reason: closed
    msg: roadrunner response send failed
    phase: websocket_upgrade_response
=NOTICE REPORT==== 3-Sep-2026::12:30:16.337211 ===
    reason: closed
    msg: roadrunner response send failed
    phase: websocket_upgrade_response
=NOTICE REPORT==== 3-Sep-2026::12:30:16.337241 ===
    reason: closed
    msg: roadrunner response send failed
    phase: websocket_upgrade_response
=NOTICE REPORT==== 3-Sep-2026::12:30:16.337259 ===
    reason: closed
    msg: roadrunner response send failed
    phase: websocket_upgrade_response
=NOTICE REPORT==== 3-Sep-2026::12:30:16.337267 ===
    reason: closed
    msg: roadrunner response send failed
    phase: websocket_upgrade_response
=NOTICE REPORT==== 3-Sep-2026::12:30:16.337271 ===
    reason: closed
    msg: roadrunner response send failed
    phase: websocket_upgrade_response
=NOTICE REPORT==== 3-Sep-2026::12:30:16.337778 ===
    reason: closed
    msg: roadrunner response send failed
    phase: websocket_upgrade_response
=NOTICE REPORT==== 3-Sep-2026::12:30:16.337781 ===
    reason: closed
    msg: roadrunner response send failed
    phase: websocket_upgrade_response
=NOTICE REPORT==== 3-Sep-2026::12:30:16.337802 ===
    reason: closed
    msg: roadrunner response send failed
    phase: websocket_upgrade_response
=NOTICE REPORT==== 3-Sep-2026::12:30:16.337799 ===
    reason: closed
    msg: roadrunner response send failed
    phase: websocket_upgrade_response
=NOTICE REPORT==== 3-Sep-2026::12:30:16.337830 ===
    reason: closed
    msg: roadrunner response send failed
    phase: websocket_upgrade_response
=NOTICE REPORT==== 3-Sep-2026::12:30:16.337860 ===
    reason: closed
    msg: roadrunner response send failed
    phase: websocket_upgrade_response
=NOTICE REPORT==== 3-Sep-2026::12:30:16.337972 ===
    reason: closed
    msg: roadrunner response send failed
    phase: websocket_upgrade_response
=NOTICE REPORT==== 3-Sep-2026::12:30:16.338017 ===
    reason: closed
    msg: roadrunner response send failed
    phase: websocket_upgrade_response
=NOTICE REPORT==== 3-Sep-2026::12:30:16.338038 ===
    reason: closed
    msg: roadrunner response send failed
    phase: websocket_upgrade_response
=NOTICE REPORT==== 3-Sep-2026::12:30:16.338500 ===
    reason: closed
    msg: roadrunner response send failed
    phase: websocket_upgrade_response
=NOTICE REPORT==== 3-Sep-2026::12:30:16.338505 ===
    reason: closed
    msg: roadrunner response send failed
    phase: websocket_upgrade_response
=NOTICE REPORT==== 3-Sep-2026::12:30:16.338559 ===
    reason: closed
    msg: roadrunner response send failed
    phase: websocket_upgrade_response
=NOTICE REPORT==== 3-Sep-2026::12:30:16.338598 ===
    reason: closed
    msg: roadrunner response send failed
    phase: websocket_upgrade_response
=NOTICE REPORT==== 3-Sep-2026::12:30:16.338615 ===
    reason: closed
    msg: roadrunner response send failed
    phase: websocket_upgrade_response
=NOTICE REPORT==== 3-Sep-2026::12:30:16.338587 ===
    reason: closed
    msg: roadrunner response send failed
    phase: websocket_upgrade_response
=NOTICE REPORT==== 3-Sep-2026::12:30:16.338667 ===
    reason: closed
    msg: roadrunner response send failed
    phase: websocket_upgrade_response
=NOTICE REPORT==== 3-Sep-2026::12:30:16.338683 ===
    reason: closed
    msg: roadrunner response send failed
    phase: websocket_upgrade_response
=NOTICE REPORT==== 3-Sep-2026::12:30:16.338678 ===
    reason: closed
    msg: roadrunner response send failed
    phase: websocket_upgrade_response
=NOTICE REPORT==== 3-Sep-2026::12:30:16.338706 ===
    reason: closed
    msg: roadrunner response send failed
    phase: websocket_upgrade_response
=NOTICE REPORT==== 3-Sep-2026::12:30:16.338700 ===
    reason: closed
    msg: roadrunner response send failed
    phase: websocket_upgrade_response
=NOTICE REPORT==== 3-Sep-2026::12:30:16.338749 ===
    reason: closed
    msg: roadrunner response send failed
    phase: websocket_upgrade_response
=NOTICE REPORT==== 3-Sep-2026::12:30:16.338760 ===
    reason: closed
    msg: roadrunner response send failed
    phase: websocket_upgrade_response
=NOTICE REPORT==== 3-Sep-2026::12:30:16.338774 ===
    reason: closed
    msg: roadrunner response send failed
    phase: websocket_upgrade_response
=NOTICE REPORT==== 3-Sep-2026::12:30:16.338796 ===
    reason: closed
    msg: roadrunner response send failed
    phase: websocket_upgrade_response
=NOTICE REPORT==== 3-Sep-2026::12:30:16.339143 ===
    reason: closed
    msg: roadrunner response send failed
    phase: websocket_upgrade_response
=NOTICE REPORT==== 3-Sep-2026::12:30:16.339168 ===
    reason: closed
    msg: roadrunner response send failed
    phase: websocket_upgrade_response
=NOTICE REPORT==== 3-Sep-2026::12:30:16.339185 ===
    reason: closed
    msg: roadrunner response send failed
    phase: websocket_upgrade_response
=NOTICE REPORT==== 3-Sep-2026::12:30:16.339215 ===
    reason: closed
    msg: roadrunner response send failed
    phase: websocket_upgrade_response
=NOTICE REPORT==== 3-Sep-2026::12:30:16.339211 ===
    reason: closed
    msg: roadrunner response send failed
    phase: websocket_upgrade_response
=NOTICE REPORT==== 3-Sep-2026::12:30:16.339229 ===
    reason: closed
    msg: roadrunner response send failed
    phase: websocket_upgrade_response
=NOTICE REPORT==== 3-Sep-2026::12:30:16.339251 ===
    reason: closed
    msg: roadrunner response send failed
    phase: websocket_upgrade_response
=NOTICE REPORT==== 3-Sep-2026::12:30:16.339210 ===
    reason: closed
    msg: roadrunner response send failed
    phase: websocket_upgrade_response
=NOTICE REPORT==== 3-Sep-2026::12:30:16.339261 ===
    reason: closed
    msg: roadrunner response send failed
    phase: websocket_upgrade_response
=NOTICE REPORT==== 3-Sep-2026::12:30:16.339291 ===
    reason: closed
    msg: roadrunner response send failed
    phase: websocket_upgrade_response
=NOTICE REPORT==== 3-Sep-2026::12:30:16.339297 ===
    reason: closed
    msg: roadrunner response send failed
    phase: websocket_upgrade_response
=NOTICE REPORT==== 3-Sep-2026::12:30:16.339380 ===
    reason: closed
    msg: roadrunner response send failed
    phase: websocket_upgrade_response
=NOTICE REPORT==== 3-Sep-2026::12:30:16.339376 ===
    reason: closed
    msg: roadrunner response send failed
    phase: websocket_upgrade_response
=NOTICE REPORT==== 3-Sep-2026::12:30:16.339415 ===
    reason: closed
    msg: roadrunner response send failed
    phase: websocket_upgrade_response
=NOTICE REPORT==== 3-Sep-2026::12:30:16.339410 ===
    reason: closed
    msg: roadrunner response send failed
    phase: websocket_upgrade_response
=NOTICE REPORT==== 3-Sep-2026::12:30:16.339444 ===
    reason: closed
    msg: roadrunner response send failed
    phase: websocket_upgrade_response
=NOTICE REPORT==== 3-Sep-2026::12:30:16.339469 ===
    reason: closed
    msg: roadrunner response send failed
    phase: websocket_upgrade_response
=NOTICE REPORT==== 3-Sep-2026::12:30:16.339479 ===
    reason: closed
    msg: roadrunner response send failed
    phase: websocket_upgrade_response
=NOTICE REPORT==== 3-Sep-2026::12:30:16.339471 ===
    reason: closed
    msg: roadrunner response send failed
    phase: websocket_upgrade_response
=NOTICE REPORT==== 3-Sep-2026::12:30:16.339467 ===
    reason: closed
    msg: roadrunner response send failed
    phase: websocket_upgrade_response
=NOTICE REPORT==== 3-Sep-2026::12:30:16.339498 ===
    reason: closed
    msg: roadrunner response send failed
    phase: websocket_upgrade_response
=NOTICE REPORT==== 3-Sep-2026::12:30:16.339503 ===
    reason: closed
    msg: roadrunner response send failed
    phase: websocket_upgrade_response
=NOTICE REPORT==== 3-Sep-2026::12:30:16.339514 ===
    reason: closed
    msg: roadrunner response send failed
    phase: websocket_upgrade_response
=NOTICE REPORT==== 3-Sep-2026::12:30:16.339870 ===
    reason: closed
    msg: roadrunner response send failed
    phase: websocket_upgrade_response
=NOTICE REPORT==== 3-Sep-2026::12:30:16.339893 ===
    reason: closed
    msg: roadrunner response send failed
    phase: websocket_upgrade_response
=NOTICE REPORT==== 3-Sep-2026::12:30:16.339917 ===
    reason: closed
    msg: roadrunner response send failed
    phase: websocket_upgrade_response
=NOTICE REPORT==== 3-Sep-2026::12:30:16.339937 ===
    reason: closed
    msg: roadrunner response send failed
    phase: websocket_upgrade_response
=NOTICE REPORT==== 3-Sep-2026::12:30:16.339946 ===
    reason: closed
    msg: roadrunner response send failed
    phase: websocket_upgrade_response
=NOTICE REPORT==== 3-Sep-2026::12:30:16.340012 ===
    reason: closed
    msg: roadrunner response send failed
    phase: websocket_upgrade_response
=NOTICE REPORT==== 3-Sep-2026::12:30:16.340008 ===
    reason: closed
    msg: roadrunner response send failed
    phase: websocket_upgrade_response
=NOTICE REPORT==== 3-Sep-2026::12:30:16.340019 ===
    reason: closed
    msg: roadrunner response send failed
    phase: websocket_upgrade_response
=NOTICE REPORT==== 3-Sep-2026::12:30:16.340033 ===
    reason: closed
    msg: roadrunner response send failed
    phase: websocket_upgrade_response
=NOTICE REPORT==== 3-Sep-2026::12:30:16.340131 ===
    reason: closed
    msg: roadrunner response send failed
    phase: websocket_upgrade_response
=NOTICE REPORT==== 3-Sep-2026::12:30:16.340136 ===
    reason: closed
    msg: roadrunner response send failed
    phase: websocket_upgrade_response
=NOTICE REPORT==== 3-Sep-2026::12:30:16.340160 ===
    reason: closed
    msg: roadrunner response send failed
    phase: websocket_upgrade_response
=NOTICE REPORT==== 3-Sep-2026::12:30:16.340203 ===
    reason: closed
    msg: roadrunner response send failed
    phase: websocket_upgrade_response
=NOTICE REPORT==== 3-Sep-2026::12:30:16.340186 ===
    reason: closed
    msg: roadrunner response send failed
    phase: websocket_upgrade_response
=NOTICE REPORT==== 3-Sep-2026::12:30:16.340218 ===
    reason: closed
    msg: roadrunner response send failed
    phase: websocket_upgrade_response
=NOTICE REPORT==== 3-Sep-2026::12:30:16.340244 ===
    reason: closed
    msg: roadrunner response send failed
    phase: websocket_upgrade_response
=NOTICE REPORT==== 3-Sep-2026::12:30:16.340245 ===
    reason: closed
    msg: roadrunner response send failed
    phase: websocket_upgrade_response
=NOTICE REPORT==== 3-Sep-2026::12:30:16.340285 ===
    reason: closed
    msg: roadrunner response send failed
    phase: websocket_upgrade_response
=NOTICE REPORT==== 3-Sep-2026::12:30:16.340300 ===
    reason: closed
    msg: roadrunner response send failed
    phase: websocket_upgrade_response
=NOTICE REPORT==== 3-Sep-2026::12:30:16.340325 ===
    reason: closed
    msg: roadrunner response send failed
    phase: websocket_upgrade_response
=NOTICE REPORT==== 3-Sep-2026::12:30:16.340383 ===
    reason: closed
    msg: roadrunner response send failed
    phase: websocket_upgrade_response
=NOTICE REPORT==== 3-Sep-2026::12:30:16.340476 ===
    reason: closed
    msg: roadrunner response send failed
    phase: websocket_upgrade_response
=NOTICE REPORT==== 3-Sep-2026::12:30:16.340522 ===
    reason: closed
    msg: roadrunner response send failed
    phase: websocket_upgrade_response
=NOTICE REPORT==== 3-Sep-2026::12:30:16.341045 ===
    reason: closed
    msg: roadrunner response send failed
    phase: websocket_upgrade_response
=NOTICE REPORT==== 3-Sep-2026::12:30:16.341211 ===
    reason: closed
    msg: roadrunner response send failed
    phase: websocket_upgrade_response
=NOTICE REPORT==== 3-Sep-2026::12:30:16.341566 ===
    reason: closed
    msg: roadrunner response send failed
    phase: websocket_upgrade_response
=NOTICE REPORT==== 3-Sep-2026::12:30:16.341806 ===
    reason: closed
    msg: roadrunner response send failed
    phase: websocket_upgrade_response
=NOTICE REPORT==== 3-Sep-2026::12:30:16.341913 ===
    reason: closed
    msg: roadrunner response send failed
    phase: websocket_upgrade_response
=NOTICE REPORT==== 3-Sep-2026::12:30:16.341944 ===
    reason: closed
    msg: roadrunner response send failed
    phase: websocket_upgrade_response
=NOTICE REPORT==== 3-Sep-2026::12:30:16.342108 ===
    reason: closed
    msg: roadrunner response send failed
    phase: websocket_upgrade_response
=NOTICE REPORT==== 3-Sep-2026::12:30:16.342168 ===
    reason: closed
    msg: roadrunner response send failed
    phase: websocket_upgrade_response
=NOTICE REPORT==== 3-Sep-2026::12:30:16.342192 ===
    reason: closed
    msg: roadrunner response send failed
    phase: websocket_upgrade_response
=NOTICE REPORT==== 3-Sep-2026::12:30:16.342407 ===
    reason: closed
    msg: roadrunner response send failed
    phase: websocket_upgrade_response
=NOTICE REPORT==== 3-Sep-2026::12:30:16.342405 ===
    reason: closed
    msg: roadrunner response send failed
    phase: websocket_upgrade_response
=NOTICE REPORT==== 3-Sep-2026::12:30:16.342484 ===
    reason: closed
    msg: roadrunner response send failed
    phase: websocket_upgrade_response
=NOTICE REPORT==== 3-Sep-2026::12:30:16.342506 ===
    reason: closed
    msg: roadrunner response send failed
    phase: websocket_upgrade_response
=NOTICE REPORT==== 3-Sep-2026::12:30:16.342502 ===
    reason: closed
    msg: roadrunner response send failed
    phase: websocket_upgrade_response
=NOTICE REPORT==== 3-Sep-2026::12:30:16.342556 ===
    reason: closed
    msg: roadrunner response send failed
    phase: websocket_upgrade_response
=NOTICE REPORT==== 3-Sep-2026::12:30:16.342558 ===
    reason: closed
    msg: roadrunner response send failed
    phase: websocket_upgrade_response
=NOTICE REPORT==== 3-Sep-2026::12:30:16.342514 ===
    reason: closed
    msg: roadrunner response send failed
    phase: websocket_upgrade_response
=NOTICE REPORT==== 3-Sep-2026::12:30:16.342575 ===
    reason: closed
    msg: roadrunner response send failed
    phase: websocket_upgrade_response
=NOTICE REPORT==== 3-Sep-2026::12:30:16.342610 ===
    reason: closed
    msg: roadrunner response send failed
    phase: websocket_upgrade_response
=NOTICE REPORT==== 3-Sep-2026::12:30:16.342633 ===
    reason: closed
    msg: roadrunner response send failed
    phase: websocket_upgrade_response
=NOTICE REPORT==== 3-Sep-2026::12:30:16.342646 ===
    reason: closed
    msg: roadrunner response send failed
    phase: websocket_upgrade_response
=NOTICE REPORT==== 3-Sep-2026::12:30:16.343040 ===
    reason: closed
    msg: roadrunner response send failed
    phase: websocket_upgrade_response
=NOTICE REPORT==== 3-Sep-2026::12:30:16.343069 ===
    reason: closed
    msg: roadrunner response send failed
    phase: websocket_upgrade_response
=NOTICE REPORT==== 3-Sep-2026::12:30:16.343116 ===
    reason: closed
    msg: roadrunner response send failed
    phase: websocket_upgrade_response
=NOTICE REPORT==== 3-Sep-2026::12:30:16.343192 ===
    reason: closed
    msg: roadrunner response send failed
    phase: websocket_upgrade_response
=NOTICE REPORT==== 3-Sep-2026::12:30:16.343267 ===
    reason: closed
    msg: roadrunner response send failed
    phase: websocket_upgrade_response
=NOTICE REPORT==== 3-Sep-2026::12:30:16.343243 ===
    reason: closed
    msg: roadrunner response send failed
    phase: websocket_upgrade_response
=NOTICE REPORT==== 3-Sep-2026::12:30:16.343281 ===
    reason: closed
    msg: roadrunner response send failed
    phase: websocket_upgrade_response
=NOTICE REPORT==== 3-Sep-2026::12:30:16.343300 ===
    reason: closed
    msg: roadrunner response send failed
    phase: websocket_upgrade_response
=NOTICE REPORT==== 3-Sep-2026::12:30:16.343326 ===
    reason: closed
    msg: roadrunner response send failed
    phase: websocket_upgrade_response
=NOTICE REPORT==== 3-Sep-2026::12:30:16.343387 ===
    reason: closed
    msg: roadrunner response send failed
    phase: websocket_upgrade_response
=NOTICE REPORT==== 3-Sep-2026::12:30:16.343382 ===
    reason: closed
    msg: roadrunner response send failed
    phase: websocket_upgrade_response
=NOTICE REPORT==== 3-Sep-2026::12:30:16.343404 ===
    reason: closed
    msg: roadrunner response send failed
    phase: websocket_upgrade_response
=NOTICE REPORT==== 3-Sep-2026::12:30:16.343409 ===
    reason: closed
    msg: roadrunner response send failed
    phase: websocket_upgrade_response
=NOTICE REPORT==== 3-Sep-2026::12:30:16.343527 ===
    reason: closed
    msg: roadrunner response send failed
    phase: websocket_upgrade_response
=NOTICE REPORT==== 3-Sep-2026::12:30:16.343862 ===
    reason: closed
    msg: roadrunner response send failed
    phase: websocket_upgrade_response
=NOTICE REPORT==== 3-Sep-2026::12:30:16.343873 ===
    reason: closed
    msg: roadrunner response send failed
    phase: websocket_upgrade_response
=NOTICE REPORT==== 3-Sep-2026::12:30:16.343919 ===
    reason: closed
    msg: roadrunner response send failed
    phase: websocket_upgrade_response
=NOTICE REPORT==== 3-Sep-2026::12:30:16.343931 ===
    reason: closed
    msg: roadrunner response send failed
    phase: websocket_upgrade_response
=NOTICE REPORT==== 3-Sep-2026::12:30:16.343969 ===
    reason: closed
    msg: roadrunner response send failed
    phase: websocket_upgrade_response
=NOTICE REPORT==== 3-Sep-2026::12:30:16.343984 ===
    reason: closed
    msg: roadrunner response send failed
    phase: websocket_upgrade_response
=NOTICE REPORT==== 3-Sep-2026::12:30:16.343964 ===
    reason: closed
    msg: roadrunner response send failed
    phase: websocket_upgrade_response
=NOTICE REPORT==== 3-Sep-2026::12:30:16.344028 ===
    reason: closed
    msg: roadrunner response send failed
    phase: websocket_upgrade_response
=NOTICE REPORT==== 3-Sep-2026::12:30:16.344063 ===
    reason: closed
    msg: roadrunner response send failed
    phase: websocket_upgrade_response
=NOTICE REPORT==== 3-Sep-2026::12:30:16.344151 ===
    reason: closed
    msg: roadrunner response send failed
    phase: websocket_upgrade_response
=NOTICE REPORT==== 3-Sep-2026::12:30:16.344098 ===
    reason: closed
    msg: roadrunner response send failed
    phase: websocket_upgrade_response
=NOTICE REPORT==== 3-Sep-2026::12:30:16.344210 ===
    reason: closed
    msg: roadrunner response send failed
    phase: websocket_upgrade_response
=NOTICE REPORT==== 3-Sep-2026::12:30:16.344179 ===
    reason: closed
    msg: roadrunner response send failed
    phase: websocket_upgrade_response
=NOTICE REPORT==== 3-Sep-2026::12:30:16.344188 ===
    reason: closed
    msg: roadrunner response send failed
    phase: websocket_upgrade_response
=NOTICE REPORT==== 3-Sep-2026::12:30:16.344145 ===
    reason: closed
    msg: roadrunner response send failed
    phase: websocket_upgrade_response
=NOTICE REPORT==== 3-Sep-2026::12:30:16.344213 ===
    reason: closed
    msg: roadrunner response send failed
    phase: websocket_upgrade_response
=NOTICE REPORT==== 3-Sep-2026::12:30:16.344161 ===
    reason: closed
    msg: roadrunner response send failed
    phase: websocket_upgrade_response
=NOTICE REPORT==== 3-Sep-2026::12:30:16.344239 ===
    reason: closed
    msg: roadrunner response send failed
    phase: websocket_upgrade_response
=NOTICE REPORT==== 3-Sep-2026::12:30:16.344243 ===
    reason: closed
    msg: roadrunner response send failed
    phase: websocket_upgrade_response
=NOTICE REPORT==== 3-Sep-2026::12:30:16.344243 ===
    reason: closed
    msg: roadrunner response send failed
    phase: websocket_upgrade_response
=NOTICE REPORT==== 3-Sep-2026::12:30:16.344177 ===
    reason: closed
    msg: roadrunner response send failed
    phase: websocket_upgrade_response
=NOTICE REPORT==== 3-Sep-2026::12:30:16.344310 ===
    reason: closed
    msg: roadrunner response send failed
    phase: websocket_upgrade_response
=NOTICE REPORT==== 3-Sep-2026::12:30:16.344301 ===
    reason: closed
    msg: roadrunner response send failed
    phase: websocket_upgrade_response
=NOTICE REPORT==== 3-Sep-2026::12:30:16.344512 ===
    reason: closed
    msg: roadrunner response send failed
    phase: websocket_upgrade_response
=NOTICE REPORT==== 3-Sep-2026::12:30:16.344520 ===
    reason: closed
    msg: roadrunner response send failed
    phase: websocket_upgrade_response
=NOTICE REPORT==== 3-Sep-2026::12:30:16.344614 ===
    reason: closed
    msg: roadrunner response send failed
    phase: websocket_upgrade_response
=NOTICE REPORT==== 3-Sep-2026::12:30:16.344601 ===
    reason: closed
    msg: roadrunner response send failed
    phase: websocket_upgrade_response
=NOTICE REPORT==== 3-Sep-2026::12:30:16.344645 ===
    reason: closed
    msg: roadrunner response send failed
    phase: websocket_upgrade_response
=NOTICE REPORT==== 3-Sep-2026::12:30:16.344659 ===
    reason: closed
    msg: roadrunner response send failed
    phase: websocket_upgrade_response
=NOTICE REPORT==== 3-Sep-2026::12:30:16.344652 ===
    reason: closed
    msg: roadrunner response send failed
    phase: websocket_upgrade_response
=NOTICE REPORT==== 3-Sep-2026::12:30:16.344743 ===
    reason: closed
    msg: roadrunner response send failed
    phase: websocket_upgrade_response
=NOTICE REPORT==== 3-Sep-2026::12:30:16.344777 ===
    reason: closed
    msg: roadrunner response send failed
    phase: websocket_upgrade_response
=NOTICE REPORT==== 3-Sep-2026::12:30:16.344798 ===
    reason: closed
    msg: roadrunner response send failed
    phase: websocket_upgrade_response
=NOTICE REPORT==== 3-Sep-2026::12:30:16.344781 ===
    reason: closed
    msg: roadrunner response send failed
    phase: websocket_upgrade_response
=NOTICE REPORT==== 3-Sep-2026::12:30:16.344800 ===
    reason: closed
    msg: roadrunner response send failed
    phase: websocket_upgrade_response
=NOTICE REPORT==== 3-Sep-2026::12:30:16.344812 ===
    reason: closed
    msg: roadrunner response send failed
    phase: websocket_upgrade_response
=NOTICE REPORT==== 3-Sep-2026::12:30:16.344800 ===
    reason: closed
    msg: roadrunner response send failed
    phase: websocket_upgrade_response
=NOTICE REPORT==== 3-Sep-2026::12:30:16.344839 ===
    reason: closed
    msg: roadrunner response send failed
    phase: websocket_upgrade_response
=NOTICE REPORT==== 3-Sep-2026::12:30:16.344851 ===
    reason: closed
    msg: roadrunner response send failed
    phase: websocket_upgrade_response
=NOTICE REPORT==== 3-Sep-2026::12:30:16.344882 ===
    reason: closed
    msg: roadrunner response send failed
    phase: websocket_upgrade_response
=NOTICE REPORT==== 3-Sep-2026::12:30:16.344907 ===
    reason: closed
    msg: roadrunner response send failed
    phase: websocket_upgrade_response
=NOTICE REPORT==== 3-Sep-2026::12:30:16.344935 ===
    reason: closed
    msg: roadrunner response send failed
    phase: websocket_upgrade_response
=NOTICE REPORT==== 3-Sep-2026::12:30:16.344946 ===
    reason: closed
    msg: roadrunner response send failed
    phase: websocket_upgrade_response
=NOTICE REPORT==== 3-Sep-2026::12:30:16.344939 ===
    reason: closed
    msg: roadrunner response send failed
    phase: websocket_upgrade_response
=NOTICE REPORT==== 3-Sep-2026::12:30:16.344948 ===
    reason: closed
    msg: roadrunner response send failed
    phase: websocket_upgrade_response
=NOTICE REPORT==== 3-Sep-2026::12:30:16.344967 ===
    reason: closed
    msg: roadrunner response send failed
    phase: websocket_upgrade_response
=NOTICE REPORT==== 3-Sep-2026::12:30:16.345103 ===
    reason: closed
    msg: roadrunner response send failed
    phase: websocket_upgrade_response
=NOTICE REPORT==== 3-Sep-2026::12:30:16.345114 ===
    reason: closed
    msg: roadrunner response send failed
    phase: websocket_upgrade_response
=NOTICE REPORT==== 3-Sep-2026::12:30:16.345115 ===
    reason: closed
    msg: roadrunner response send failed
    phase: websocket_upgrade_response
=NOTICE REPORT==== 3-Sep-2026::12:30:16.345881 ===
    reason: closed
    msg: roadrunner response send failed
    phase: websocket_upgrade_response
=NOTICE REPORT==== 3-Sep-2026::12:30:16.346255 ===
    reason: closed
    msg: roadrunner response send failed
    phase: websocket_upgrade_response
=NOTICE REPORT==== 3-Sep-2026::12:30:16.346830 ===
    reason: closed
    msg: roadrunner response send failed
    phase: websocket_upgrade_response
=NOTICE REPORT==== 3-Sep-2026::12:30:16.346932 ===
    reason: closed
    msg: roadrunner response send failed
    phase: websocket_upgrade_response
=NOTICE REPORT==== 3-Sep-2026::12:30:16.346972 ===
    reason: closed
    msg: roadrunner response send failed
    phase: websocket_upgrade_response
=NOTICE REPORT==== 3-Sep-2026::12:30:16.347146 ===
    reason: closed
    msg: roadrunner response send failed
    phase: websocket_upgrade_response
=NOTICE REPORT==== 3-Sep-2026::12:30:16.347161 ===
    reason: closed
    msg: roadrunner response send failed
    phase: websocket_upgrade_response
=NOTICE REPORT==== 3-Sep-2026::12:30:16.347159 ===
    reason: closed
    msg: roadrunner response send failed
    phase: websocket_upgrade_response
=NOTICE REPORT==== 3-Sep-2026::12:30:16.347215 ===
    reason: closed
    msg: roadrunner response send failed
    phase: websocket_upgrade_response
=NOTICE REPORT==== 3-Sep-2026::12:30:16.347307 ===
    reason: closed
    msg: roadrunner response send failed
    phase: websocket_upgrade_response
=NOTICE REPORT==== 3-Sep-2026::12:30:16.347464 ===
    reason: closed
    msg: roadrunner response send failed
    phase: websocket_upgrade_response
=NOTICE REPORT==== 3-Sep-2026::12:30:16.347591 ===
    reason: closed
    msg: roadrunner response send failed
    phase: websocket_upgrade_response
=NOTICE REPORT==== 3-Sep-2026::12:30:16.347642 ===
    reason: closed
    msg: roadrunner response send failed
    phase: websocket_upgrade_response
=NOTICE REPORT==== 3-Sep-2026::12:30:16.347709 ===
    reason: closed
    msg: roadrunner response send failed
    phase: websocket_upgrade_response
=NOTICE REPORT==== 3-Sep-2026::12:30:16.347696 ===
    reason: closed
    msg: roadrunner response send failed
    phase: websocket_upgrade_response
=NOTICE REPORT==== 3-Sep-2026::12:30:16.347709 ===
    reason: closed
    msg: roadrunner response send failed
    phase: websocket_upgrade_response
=NOTICE REPORT==== 3-Sep-2026::12:30:16.347787 ===
    reason: closed
    msg: roadrunner response send failed
    phase: websocket_upgrade_response
=NOTICE REPORT==== 3-Sep-2026::12:30:16.347776 ===
    reason: closed
    msg: roadrunner response send failed
    phase: websocket_upgrade_response
=NOTICE REPORT==== 3-Sep-2026::12:30:16.347803 ===
    reason: closed
    msg: roadrunner response send failed
    phase: websocket_upgrade_response
=NOTICE REPORT==== 3-Sep-2026::12:30:16.347819 ===
    reason: closed
    msg: roadrunner response send failed
    phase: websocket_upgrade_response
=NOTICE REPORT==== 3-Sep-2026::12:30:16.347847 ===
    reason: closed
    msg: roadrunner response send failed
    phase: websocket_upgrade_response
=NOTICE REPORT==== 3-Sep-2026::12:30:16.347829 ===
    reason: closed
    msg: roadrunner response send failed
    phase: websocket_upgrade_response
=NOTICE REPORT==== 3-Sep-2026::12:30:16.347852 ===
    reason: closed
    msg: roadrunner response send failed
    phase: websocket_upgrade_response
=NOTICE REPORT==== 3-Sep-2026::12:30:16.347885 ===
    reason: closed
    msg: roadrunner response send failed
    phase: websocket_upgrade_response
=NOTICE REPORT==== 3-Sep-2026::12:30:16.347887 ===
    reason: closed
    msg: roadrunner response send failed
    phase: websocket_upgrade_response
=NOTICE REPORT==== 3-Sep-2026::12:30:16.347952 ===
    reason: closed
    msg: roadrunner response send failed
    phase: websocket_upgrade_response
=NOTICE REPORT==== 3-Sep-2026::12:30:16.347960 ===
    reason: closed
    msg: roadrunner response send failed
    phase: websocket_upgrade_response
=NOTICE REPORT==== 3-Sep-2026::12:30:16.347973 ===
    reason: closed
    msg: roadrunner response send failed
    phase: websocket_upgrade_response
=NOTICE REPORT==== 3-Sep-2026::12:30:16.348050 ===
    reason: closed
    msg: roadrunner response send failed
    phase: websocket_upgrade_response
=NOTICE REPORT==== 3-Sep-2026::12:30:16.348265 ===
    reason: closed
    msg: roadrunner response send failed
    phase: websocket_upgrade_response
=NOTICE REPORT==== 3-Sep-2026::12:30:16.348288 ===
    reason: closed
    msg: roadrunner response send failed
    phase: websocket_upgrade_response
=NOTICE REPORT==== 3-Sep-2026::12:30:16.348314 ===
    reason: closed
    msg: roadrunner response send failed
    phase: websocket_upgrade_response
=NOTICE REPORT==== 3-Sep-2026::12:30:16.348291 ===
    reason: closed
    msg: roadrunner response send failed
    phase: websocket_upgrade_response
=NOTICE REPORT==== 3-Sep-2026::12:30:16.348387 ===
    reason: closed
    msg: roadrunner response send failed
    phase: websocket_upgrade_response
=NOTICE REPORT==== 3-Sep-2026::12:30:16.348399 ===
    reason: closed
    msg: roadrunner response send failed
    phase: websocket_upgrade_response
=NOTICE REPORT==== 3-Sep-2026::12:30:16.348400 ===
    reason: closed
    msg: roadrunner response send failed
    phase: websocket_upgrade_response
=NOTICE REPORT==== 3-Sep-2026::12:30:16.348497 ===
    reason: closed
    msg: roadrunner response send failed
    phase: websocket_upgrade_response
=NOTICE REPORT==== 3-Sep-2026::12:30:16.348491 ===
    reason: closed
    msg: roadrunner response send failed
    phase: websocket_upgrade_response
=NOTICE REPORT==== 3-Sep-2026::12:30:16.348456 ===
    reason: closed
    msg: roadrunner response send failed
    phase: websocket_upgrade_response
=NOTICE REPORT==== 3-Sep-2026::12:30:16.348496 ===
    reason: closed
    msg: roadrunner response send failed
    phase: websocket_upgrade_response
=NOTICE REPORT==== 3-Sep-2026::12:30:16.348496 ===
    reason: closed
    msg: roadrunner response send failed
    phase: websocket_upgrade_response
=NOTICE REPORT==== 3-Sep-2026::12:30:16.348531 ===
    reason: closed
    msg: roadrunner response send failed
    phase: websocket_upgrade_response
=NOTICE REPORT==== 3-Sep-2026::12:30:16.348547 ===
    reason: closed
    msg: roadrunner response send failed
    phase: websocket_upgrade_response
=NOTICE REPORT==== 3-Sep-2026::12:30:16.348535 ===
    reason: closed
    msg: roadrunner response send failed
    phase: websocket_upgrade_response
=NOTICE REPORT==== 3-Sep-2026::12:30:16.348558 ===
    reason: closed
    msg: roadrunner response send failed
    phase: websocket_upgrade_response
=NOTICE REPORT==== 3-Sep-2026::12:30:16.348588 ===
    reason: closed
    msg: roadrunner response send failed
    phase: websocket_upgrade_response
=NOTICE REPORT==== 3-Sep-2026::12:30:16.348571 ===
    reason: closed
    msg: roadrunner response send failed
    phase: websocket_upgrade_response
=NOTICE REPORT==== 3-Sep-2026::12:30:16.348820 ===
    reason: closed
    msg: roadrunner response send failed
    phase: websocket_upgrade_response
=NOTICE REPORT==== 3-Sep-2026::12:30:16.348815 ===
    reason: closed
    msg: roadrunner response send failed
    phase: websocket_upgrade_response
=NOTICE REPORT==== 3-Sep-2026::12:30:16.348825 ===
    reason: closed
    msg: roadrunner response send failed
    phase: websocket_upgrade_response
=NOTICE REPORT==== 3-Sep-2026::12:30:16.348846 ===
    reason: closed
    msg: roadrunner response send failed
    phase: websocket_upgrade_response
=NOTICE REPORT==== 3-Sep-2026::12:30:16.348925 ===
    reason: closed
    msg: roadrunner response send failed
    phase: websocket_upgrade_response
=NOTICE REPORT==== 3-Sep-2026::12:30:16.348962 ===
    reason: closed
    msg: roadrunner response send failed
    phase: websocket_upgrade_response
=NOTICE REPORT==== 3-Sep-2026::12:30:16.348969 ===
    reason: closed
    msg: roadrunner response send failed
    phase: websocket_upgrade_response
=NOTICE REPORT==== 3-Sep-2026::12:30:16.348992 ===
    reason: closed
    msg: roadrunner response send failed
    phase: websocket_upgrade_response
=NOTICE REPORT==== 3-Sep-2026::12:30:16.348982 ===
    reason: closed
    msg: roadrunner response send failed
    phase: websocket_upgrade_response
=NOTICE REPORT==== 3-Sep-2026::12:30:16.348991 ===
    reason: closed
    msg: roadrunner response send failed
    phase: websocket_upgrade_response
=NOTICE REPORT==== 3-Sep-2026::12:30:16.349014 ===
    reason: closed
    msg: roadrunner response send failed
    phase: websocket_upgrade_response
=NOTICE REPORT==== 3-Sep-2026::12:30:16.349039 ===
    reason: closed
    msg: roadrunner response send failed
    phase: websocket_upgrade_response
=NOTICE REPORT==== 3-Sep-2026::12:30:16.349102 ===
    reason: closed
    msg: roadrunner response send failed
    phase: websocket_upgrade_response
=NOTICE REPORT==== 3-Sep-2026::12:30:16.349146 ===
    reason: closed
    msg: roadrunner response send failed
    phase: websocket_upgrade_response
=NOTICE REPORT==== 3-Sep-2026::12:30:16.349173 ===
    reason: closed
    msg: roadrunner response send failed
    phase: websocket_upgrade_response
=NOTICE REPORT==== 3-Sep-2026::12:30:16.349202 ===
    reason: closed
    msg: roadrunner response send failed
    phase: websocket_upgrade_response
=NOTICE REPORT==== 3-Sep-2026::12:30:16.349241 ===
    reason: closed
    msg: roadrunner response send failed
    phase: websocket_upgrade_response
=NOTICE REPORT==== 3-Sep-2026::12:30:16.349285 ===
    reason: closed
    msg: roadrunner response send failed
    phase: websocket_upgrade_response
=NOTICE REPORT==== 3-Sep-2026::12:30:16.349277 ===
    reason: closed
    msg: roadrunner response send failed
    phase: websocket_upgrade_response
=NOTICE REPORT==== 3-Sep-2026::12:30:16.349337 ===
    reason: closed
    msg: roadrunner response send failed
    phase: websocket_upgrade_response
=NOTICE REPORT==== 3-Sep-2026::12:30:16.349401 ===
    reason: closed
    msg: roadrunner response send failed
    phase: websocket_upgrade_response
=NOTICE REPORT==== 3-Sep-2026::12:30:16.349459 ===
    reason: closed
    msg: roadrunner response send failed
    phase: websocket_upgrade_response
=NOTICE REPORT==== 3-Sep-2026::12:30:16.349467 ===
    reason: closed
    msg: roadrunner response send failed
    phase: websocket_upgrade_response
=NOTICE REPORT==== 3-Sep-2026::12:30:16.349481 ===
    reason: closed
    msg: roadrunner response send failed
    phase: websocket_upgrade_response
=NOTICE REPORT==== 3-Sep-2026::12:30:16.349467 ===
    reason: closed
    msg: roadrunner response send failed
    phase: websocket_upgrade_response
=NOTICE REPORT==== 3-Sep-2026::12:30:16.349654 ===
    reason: closed
    msg: roadrunner response send failed
    phase: websocket_upgrade_response
=NOTICE REPORT==== 3-Sep-2026::12:30:16.349666 ===
    reason: closed
    msg: roadrunner response send failed
    phase: websocket_upgrade_response
=NOTICE REPORT==== 3-Sep-2026::12:30:16.349690 ===
    reason: closed
    msg: roadrunner response send failed
    phase: websocket_upgrade_response
=NOTICE REPORT==== 3-Sep-2026::12:30:16.350738 ===
    reason: closed
    msg: roadrunner response send failed
    phase: websocket_upgrade_response
=NOTICE REPORT==== 3-Sep-2026::12:30:16.351111 ===
    reason: closed
    msg: roadrunner response send failed
    phase: websocket_upgrade_response
=NOTICE REPORT==== 3-Sep-2026::12:30:16.351135 ===
    reason: closed
    msg: roadrunner response send failed
    phase: websocket_upgrade_response
=NOTICE REPORT==== 3-Sep-2026::12:30:16.351155 ===
    reason: closed
    msg: roadrunner response send failed
    phase: websocket_upgrade_response
=NOTICE REPORT==== 3-Sep-2026::12:30:16.351245 ===
    reason: closed
    msg: roadrunner response send failed
    phase: websocket_upgrade_response
=NOTICE REPORT==== 3-Sep-2026::12:30:16.351259 ===
    reason: closed
    msg: roadrunner response send failed
    phase: websocket_upgrade_response
=NOTICE REPORT==== 3-Sep-2026::12:30:16.351321 ===
    reason: closed
    msg: roadrunner response send failed
    phase: websocket_upgrade_response
=NOTICE REPORT==== 3-Sep-2026::12:30:16.351342 ===
    reason: closed
    msg: roadrunner response send failed
    phase: websocket_upgrade_response
=NOTICE REPORT==== 3-Sep-2026::12:30:16.351364 ===
    reason: closed
    msg: roadrunner response send failed
    phase: websocket_upgrade_response
=NOTICE REPORT==== 3-Sep-2026::12:30:16.351345 ===
    reason: closed
    msg: roadrunner response send failed
    phase: websocket_upgrade_response
=NOTICE REPORT==== 3-Sep-2026::12:30:16.351386 ===
    reason: closed
    msg: roadrunner response send failed
    phase: websocket_upgrade_response
=NOTICE REPORT==== 3-Sep-2026::12:30:16.351474 ===
    reason: closed
    msg: roadrunner response send failed
    phase: websocket_upgrade_response
=NOTICE REPORT==== 3-Sep-2026::12:30:16.351518 ===
    reason: closed
    msg: roadrunner response send failed
    phase: websocket_upgrade_response
=NOTICE REPORT==== 3-Sep-2026::12:30:16.351554 ===
    reason: closed
    msg: roadrunner response send failed
    phase: websocket_upgrade_response
=NOTICE REPORT==== 3-Sep-2026::12:30:16.351594 ===
    reason: closed
    msg: roadrunner response send failed
    phase: websocket_upgrade_response
=NOTICE REPORT==== 3-Sep-2026::12:30:16.351635 ===
    reason: closed
    msg: roadrunner response send failed
    phase: websocket_upgrade_response
=NOTICE REPORT==== 3-Sep-2026::12:30:16.351769 ===
    reason: closed
    msg: roadrunner response send failed
    phase: websocket_upgrade_response
=NOTICE REPORT==== 3-Sep-2026::12:30:16.351839 ===
    reason: closed
    msg: roadrunner response send failed
    phase: websocket_upgrade_response
=NOTICE REPORT==== 3-Sep-2026::12:30:16.351842 ===
    reason: closed
    msg: roadrunner response send failed
    phase: websocket_upgrade_response
=NOTICE REPORT==== 3-Sep-2026::12:30:16.351843 ===
    reason: closed
    msg: roadrunner response send failed
    phase: websocket_upgrade_response
=NOTICE REPORT==== 3-Sep-2026::12:30:16.351855 ===
    reason: closed
    msg: roadrunner response send failed
    phase: websocket_upgrade_response
=NOTICE REPORT==== 3-Sep-2026::12:30:16.351901 ===
    reason: closed
    msg: roadrunner response send failed
    phase: websocket_upgrade_response
=NOTICE REPORT==== 3-Sep-2026::12:30:16.351942 ===
    reason: closed
    msg: roadrunner response send failed
    phase: websocket_upgrade_response
=NOTICE REPORT==== 3-Sep-2026::12:30:16.352012 ===
    reason: closed
    msg: roadrunner response send failed
    phase: websocket_upgrade_response
=NOTICE REPORT==== 3-Sep-2026::12:30:16.352035 ===
    reason: closed
    msg: roadrunner response send failed
    phase: websocket_upgrade_response
=NOTICE REPORT==== 3-Sep-2026::12:30:16.352046 ===
    reason: closed
    msg: roadrunner response send failed
    phase: websocket_upgrade_response
=NOTICE REPORT==== 3-Sep-2026::12:30:16.352047 ===
    reason: closed
    msg: roadrunner response send failed
    phase: websocket_upgrade_response
=NOTICE REPORT==== 3-Sep-2026::12:30:16.352063 ===
    reason: closed
    msg: roadrunner response send failed
    phase: websocket_upgrade_response
=NOTICE REPORT==== 3-Sep-2026::12:30:16.352103 ===
    reason: closed
    msg: roadrunner response send failed
    phase: websocket_upgrade_response
=NOTICE REPORT==== 3-Sep-2026::12:30:16.352192 ===
    reason: closed
    msg: roadrunner response send failed
    phase: websocket_upgrade_response
=NOTICE REPORT==== 3-Sep-2026::12:30:16.352224 ===
    reason: closed
    msg: roadrunner response send failed
    phase: websocket_upgrade_response
=NOTICE REPORT==== 3-Sep-2026::12:30:16.352238 ===
    reason: closed
    msg: roadrunner response send failed
    phase: websocket_upgrade_response
=NOTICE REPORT==== 3-Sep-2026::12:30:16.352311 ===
    reason: closed
    msg: roadrunner response send failed
    phase: websocket_upgrade_response
=NOTICE REPORT==== 3-Sep-2026::12:30:16.352328 ===
    reason: closed
    msg: roadrunner response send failed
    phase: websocket_upgrade_response
=NOTICE REPORT==== 3-Sep-2026::12:30:16.352376 ===
    reason: closed
    msg: roadrunner response send failed
    phase: websocket_upgrade_response
=NOTICE REPORT==== 3-Sep-2026::12:30:16.352377 ===
    reason: closed
    msg: roadrunner response send failed
    phase: websocket_upgrade_response
=NOTICE REPORT==== 3-Sep-2026::12:30:16.352395 ===
    reason: closed
    msg: roadrunner response send failed
    phase: websocket_upgrade_response
=NOTICE REPORT==== 3-Sep-2026::12:30:16.352385 ===
    reason: closed
    msg: roadrunner response send failed
    phase: websocket_upgrade_response
=NOTICE REPORT==== 3-Sep-2026::12:30:16.352413 ===
    reason: closed
    msg: roadrunner response send failed
    phase: websocket_upgrade_response
=NOTICE REPORT==== 3-Sep-2026::12:30:16.352444 ===
    reason: closed
    msg: roadrunner response send failed
    phase: websocket_upgrade_response
=NOTICE REPORT==== 3-Sep-2026::12:30:16.352467 ===
    reason: closed
    msg: roadrunner response send failed
    phase: websocket_upgrade_response
=NOTICE REPORT==== 3-Sep-2026::12:30:16.352478 ===
    reason: closed
    msg: roadrunner response send failed
    phase: websocket_upgrade_response
=NOTICE REPORT==== 3-Sep-2026::12:30:16.352527 ===
    reason: closed
    msg: roadrunner response send failed
    phase: websocket_upgrade_response
=NOTICE REPORT==== 3-Sep-2026::12:30:16.352587 ===
    reason: closed
    msg: roadrunner response send failed
    phase: websocket_upgrade_response
=NOTICE REPORT==== 3-Sep-2026::12:30:16.352614 ===
    reason: closed
    msg: roadrunner response send failed
    phase: websocket_upgrade_response
=NOTICE REPORT==== 3-Sep-2026::12:30:16.352679 ===
    reason: closed
    msg: roadrunner response send failed
    phase: websocket_upgrade_response
=NOTICE REPORT==== 3-Sep-2026::12:30:16.352820 ===
    reason: closed
    msg: roadrunner response send failed
    phase: websocket_upgrade_response
=NOTICE REPORT==== 3-Sep-2026::12:30:16.352954 ===
    reason: closed
    msg: roadrunner response send failed
    phase: websocket_upgrade_response
=NOTICE REPORT==== 3-Sep-2026::12:30:16.353039 ===
    reason: closed
    msg: roadrunner response send failed
    phase: websocket_upgrade_response
=NOTICE REPORT==== 3-Sep-2026::12:30:16.353045 ===
    reason: closed
    msg: roadrunner response send failed
    phase: websocket_upgrade_response
=NOTICE REPORT==== 3-Sep-2026::12:30:16.353054 ===
    reason: closed
    msg: roadrunner response send failed
    phase: websocket_upgrade_response
=NOTICE REPORT==== 3-Sep-2026::12:30:16.353086 ===
    reason: closed
    msg: roadrunner response send failed
    phase: websocket_upgrade_response
=NOTICE REPORT==== 3-Sep-2026::12:30:16.353101 ===
    reason: closed
    msg: roadrunner response send failed
    phase: websocket_upgrade_response
=NOTICE REPORT==== 3-Sep-2026::12:30:16.353084 ===
    reason: closed
    msg: roadrunner response send failed
    phase: websocket_upgrade_response
=NOTICE REPORT==== 3-Sep-2026::12:30:16.353137 ===
    reason: closed
    msg: roadrunner response send failed
    phase: websocket_upgrade_response
=NOTICE REPORT==== 3-Sep-2026::12:30:16.353139 ===
    reason: closed
    msg: roadrunner response send failed
    phase: websocket_upgrade_response
=NOTICE REPORT==== 3-Sep-2026::12:30:16.353140 ===
    reason: closed
    msg: roadrunner response send failed
    phase: websocket_upgrade_response
=NOTICE REPORT==== 3-Sep-2026::12:30:16.353161 ===
    reason: closed
    msg: roadrunner response send failed
    phase: websocket_upgrade_response
=NOTICE REPORT==== 3-Sep-2026::12:30:16.353169 ===
    reason: closed
    msg: roadrunner response send failed
    phase: websocket_upgrade_response
=NOTICE REPORT==== 3-Sep-2026::12:30:16.353167 ===
    reason: closed
    msg: roadrunner response send failed
    phase: websocket_upgrade_response
=NOTICE REPORT==== 3-Sep-2026::12:30:16.353198 ===
    reason: closed
    msg: roadrunner response send failed
    phase: websocket_upgrade_response
=NOTICE REPORT==== 3-Sep-2026::12:30:16.353194 ===
    reason: closed
    msg: roadrunner response send failed
    phase: websocket_upgrade_response
=NOTICE REPORT==== 3-Sep-2026::12:30:16.353209 ===
    reason: closed
    msg: roadrunner response send failed
    phase: websocket_upgrade_response
=NOTICE REPORT==== 3-Sep-2026::12:30:16.353191 ===
    reason: closed
    msg: roadrunner response send failed
    phase: websocket_upgrade_response
=NOTICE REPORT==== 3-Sep-2026::12:30:16.353246 ===
    reason: closed
    msg: roadrunner response send failed
    phase: websocket_upgrade_response
=NOTICE REPORT==== 3-Sep-2026::12:30:16.353281 ===
    reason: closed
    msg: roadrunner response send failed
    phase: websocket_upgrade_response
=NOTICE REPORT==== 3-Sep-2026::12:30:16.353285 ===
    reason: closed
    msg: roadrunner response send failed
    phase: websocket_upgrade_response
=NOTICE REPORT==== 3-Sep-2026::12:30:16.353328 ===
    reason: closed
    msg: roadrunner response send failed
    phase: websocket_upgrade_response
=NOTICE REPORT==== 3-Sep-2026::12:30:16.353322 ===
    reason: closed
    msg: roadrunner response send failed
    phase: websocket_upgrade_response
=NOTICE REPORT==== 3-Sep-2026::12:30:16.353352 ===
    reason: closed
    msg: roadrunner response send failed
    phase: websocket_upgrade_response
=NOTICE REPORT==== 3-Sep-2026::12:30:16.353409 ===
    reason: closed
    msg: roadrunner response send failed
    phase: websocket_upgrade_response
=NOTICE REPORT==== 3-Sep-2026::12:30:16.353398 ===
    reason: closed
    msg: roadrunner response send failed
    phase: websocket_upgrade_response
=NOTICE REPORT==== 3-Sep-2026::12:30:16.353535 ===
    reason: closed
    msg: roadrunner response send failed
    phase: websocket_upgrade_response
=NOTICE REPORT==== 3-Sep-2026::12:30:16.353580 ===
    reason: closed
    msg: roadrunner response send failed
    phase: websocket_upgrade_response
=NOTICE REPORT==== 3-Sep-2026::12:30:16.353685 ===
    reason: closed
    msg: roadrunner response send failed
    phase: websocket_upgrade_response
=NOTICE REPORT==== 3-Sep-2026::12:30:16.353867 ===
    reason: closed
    msg: roadrunner response send failed
    phase: websocket_upgrade_response
=NOTICE REPORT==== 3-Sep-2026::12:30:16.353889 ===
    reason: closed
    msg: roadrunner response send failed
    phase: websocket_upgrade_response
=NOTICE REPORT==== 3-Sep-2026::12:30:16.353922 ===
    reason: closed
    msg: roadrunner response send failed
    phase: websocket_upgrade_response
=NOTICE REPORT==== 3-Sep-2026::12:30:16.353948 ===
    reason: closed
    msg: roadrunner response send failed
    phase: websocket_upgrade_response
=NOTICE REPORT==== 3-Sep-2026::12:30:16.354349 ===
    reason: closed
    msg: roadrunner response send failed
    phase: websocket_upgrade_response
=NOTICE REPORT==== 3-Sep-2026::12:30:16.354337 ===
    reason: closed
    msg: roadrunner response send failed
    phase: websocket_upgrade_response
=NOTICE REPORT==== 3-Sep-2026::12:30:16.354915 ===
    reason: closed
    msg: roadrunner response send failed
    phase: websocket_upgrade_response
=NOTICE REPORT==== 3-Sep-2026::12:30:16.354931 ===
    reason: closed
    msg: roadrunner response send failed
    phase: websocket_upgrade_response
=NOTICE REPORT==== 3-Sep-2026::12:30:16.354980 ===
    reason: closed
    msg: roadrunner response send failed
    phase: websocket_upgrade_response
=NOTICE REPORT==== 3-Sep-2026::12:30:16.355549 ===
    reason: closed
    msg: roadrunner response send failed
    phase: websocket_upgrade_response
=NOTICE REPORT==== 3-Sep-2026::12:30:16.355568 ===
    reason: closed
    msg: roadrunner response send failed
    phase: websocket_upgrade_response
=NOTICE REPORT==== 3-Sep-2026::12:30:16.355582 ===
    reason: closed
    msg: roadrunner response send failed
    phase: websocket_upgrade_response
=NOTICE REPORT==== 3-Sep-2026::12:30:16.355618 ===
    reason: closed
    msg: roadrunner response send failed
    phase: websocket_upgrade_response
=NOTICE REPORT==== 3-Sep-2026::12:30:16.355614 ===
    reason: closed
    msg: roadrunner response send failed
    phase: websocket_upgrade_response
=NOTICE REPORT==== 3-Sep-2026::12:30:16.355687 ===
    reason: closed
    msg: roadrunner response send failed
    phase: websocket_upgrade_response
=NOTICE REPORT==== 3-Sep-2026::12:30:16.355712 ===
    reason: closed
    msg: roadrunner response send failed
    phase: websocket_upgrade_response
=NOTICE REPORT==== 3-Sep-2026::12:30:16.355907 ===
    reason: closed
    msg: roadrunner response send failed
    phase: websocket_upgrade_response
=NOTICE REPORT==== 3-Sep-2026::12:30:16.355944 ===
    reason: closed
    msg: roadrunner response send failed
    phase: websocket_upgrade_response
=NOTICE REPORT==== 3-Sep-2026::12:30:16.355987 ===
    reason: closed
    msg: roadrunner response send failed
    phase: websocket_upgrade_response
=NOTICE REPORT==== 3-Sep-2026::12:30:16.355977 ===
    reason: closed
    msg: roadrunner response send failed
    phase: websocket_upgrade_response
=NOTICE REPORT==== 3-Sep-2026::12:30:16.356051 ===
    reason: closed
    msg: roadrunner response send failed
    phase: websocket_upgrade_response
=NOTICE REPORT==== 3-Sep-2026::12:30:16.356076 ===
    reason: closed
    msg: roadrunner response send failed
    phase: websocket_upgrade_response
=NOTICE REPORT==== 3-Sep-2026::12:30:16.356075 ===
    reason: closed
    msg: roadrunner response send failed
    phase: websocket_upgrade_response
=NOTICE REPORT==== 3-Sep-2026::12:30:16.356110 ===
    reason: closed
    msg: roadrunner response send failed
    phase: websocket_upgrade_response
=NOTICE REPORT==== 3-Sep-2026::12:30:16.356189 ===
    reason: closed
    msg: roadrunner response send failed
    phase: websocket_upgrade_response
=NOTICE REPORT==== 3-Sep-2026::12:30:16.356234 ===
    reason: closed
    msg: roadrunner response send failed
    phase: websocket_upgrade_response
=NOTICE REPORT==== 3-Sep-2026::12:30:16.356290 ===
    reason: closed
    msg: roadrunner response send failed
    phase: websocket_upgrade_response
=NOTICE REPORT==== 3-Sep-2026::12:30:16.356310 ===
    reason: closed
    msg: roadrunner response send failed
    phase: websocket_upgrade_response
=NOTICE REPORT==== 3-Sep-2026::12:30:16.356322 ===
    reason: closed
    msg: roadrunner response send failed
    phase: websocket_upgrade_response
=NOTICE REPORT==== 3-Sep-2026::12:30:16.356345 ===
    reason: closed
    msg: roadrunner response send failed
    phase: websocket_upgrade_response
=NOTICE REPORT==== 3-Sep-2026::12:30:16.356376 ===
    reason: closed
    msg: roadrunner response send failed
    phase: websocket_upgrade_response
=NOTICE REPORT==== 3-Sep-2026::12:30:16.356402 ===
    reason: closed
    msg: roadrunner response send failed
    phase: websocket_upgrade_response
=NOTICE REPORT==== 3-Sep-2026::12:30:16.356417 ===
    reason: closed
    msg: roadrunner response send failed
    phase: websocket_upgrade_response
=NOTICE REPORT==== 3-Sep-2026::12:30:16.356574 ===
    reason: closed
    msg: roadrunner response send failed
    phase: websocket_upgrade_response
=NOTICE REPORT==== 3-Sep-2026::12:30:16.356599 ===
    reason: closed
    msg: roadrunner response send failed
    phase: websocket_upgrade_response
=NOTICE REPORT==== 3-Sep-2026::12:30:16.356659 ===
    reason: closed
    msg: roadrunner response send failed
    phase: websocket_upgrade_response
=NOTICE REPORT==== 3-Sep-2026::12:30:16.356668 ===
    reason: closed
    msg: roadrunner response send failed
    phase: websocket_upgrade_response
=NOTICE REPORT==== 3-Sep-2026::12:30:16.356682 ===
    reason: closed
    msg: roadrunner response send failed
    phase: websocket_upgrade_response
=NOTICE REPORT==== 3-Sep-2026::12:30:16.356689 ===
    reason: closed
    msg: roadrunner response send failed
    phase: websocket_upgrade_response
=NOTICE REPORT==== 3-Sep-2026::12:30:16.356778 ===
    reason: closed
    msg: roadrunner response send failed
    phase: websocket_upgrade_response
=NOTICE REPORT==== 3-Sep-2026::12:30:16.356779 ===
    reason: closed
    msg: roadrunner response send failed
    phase: websocket_upgrade_response
=NOTICE REPORT==== 3-Sep-2026::12:30:16.356798 ===
    reason: closed
    msg: roadrunner response send failed
    phase: websocket_upgrade_response
=NOTICE REPORT==== 3-Sep-2026::12:30:16.356790 ===
    reason: closed
    msg: roadrunner response send failed
    phase: websocket_upgrade_response
=NOTICE REPORT==== 3-Sep-2026::12:30:16.356822 ===
    reason: closed
    msg: roadrunner response send failed
    phase: websocket_upgrade_response
=NOTICE REPORT==== 3-Sep-2026::12:30:16.356841 ===
    reason: closed
    msg: roadrunner response send failed
    phase: websocket_upgrade_response
=NOTICE REPORT==== 3-Sep-2026::12:30:16.356851 ===
    reason: closed
    msg: roadrunner response send failed
    phase: websocket_upgrade_response
=NOTICE REPORT==== 3-Sep-2026::12:30:16.356884 ===
    reason: closed
    msg: roadrunner response send failed
    phase: websocket_upgrade_response
=NOTICE REPORT==== 3-Sep-2026::12:30:16.356923 ===
    reason: closed
    msg: roadrunner response send failed
    phase: websocket_upgrade_response
=NOTICE REPORT==== 3-Sep-2026::12:30:16.356921 ===
    reason: closed
    msg: roadrunner response send failed
    phase: websocket_upgrade_response
=NOTICE REPORT==== 3-Sep-2026::12:30:16.356952 ===
    reason: closed
    msg: roadrunner response send failed
    phase: websocket_upgrade_response
=NOTICE REPORT==== 3-Sep-2026::12:30:16.356958 ===
    reason: closed
    msg: roadrunner response send failed
    phase: websocket_upgrade_response
=NOTICE REPORT==== 3-Sep-2026::12:30:16.356962 ===
    reason: closed
    msg: roadrunner response send failed
    phase: websocket_upgrade_response
=NOTICE REPORT==== 3-Sep-2026::12:30:16.357017 ===
    reason: closed
    msg: roadrunner response send failed
    phase: websocket_upgrade_response
=NOTICE REPORT==== 3-Sep-2026::12:30:16.357033 ===
    reason: closed
    msg: roadrunner response send failed
    phase: websocket_upgrade_response
=NOTICE REPORT==== 3-Sep-2026::12:30:16.357077 ===
    reason: closed
    msg: roadrunner response send failed
    phase: websocket_upgrade_response
=NOTICE REPORT==== 3-Sep-2026::12:30:16.357096 ===
    reason: closed
    msg: roadrunner response send failed
    phase: websocket_upgrade_response
=NOTICE REPORT==== 3-Sep-2026::12:30:16.357067 ===
    reason: closed
    msg: roadrunner response send failed
    phase: websocket_upgrade_response
=NOTICE REPORT==== 3-Sep-2026::12:30:16.357092 ===
    reason: closed
    msg: roadrunner response send failed
    phase: websocket_upgrade_response
=NOTICE REPORT==== 3-Sep-2026::12:30:16.357120 ===
    reason: closed
    msg: roadrunner response send failed
    phase: websocket_upgrade_response
=NOTICE REPORT==== 3-Sep-2026::12:30:16.357151 ===
    reason: closed
    msg: roadrunner response send failed
    phase: websocket_upgrade_response
