Loaded 50 dataset items from /data/dataset.json
[main(----) WRN] Vibe was run as root, and no user/group has been specified for privilege lowering. Running with full permissions.
Listening for requests on http://0.0.0.0:8080/
Listening for requests on http://0.0.0.0:8080/
Listening for requests on http://0.0.0.0:8080/
Listening for requests on http://0.0.0.0:8080/
Listening for requests on http://0.0.0.0:8080/
Listening for requests on http://0.0.0.0:8080/
Listening for requests on http://0.0.0.0:8080/
Listening for requests on http://0.0.0.0:8080/
Listening for requests on http://0.0.0.0:8080/
Listening for requests on http://0.0.0.0:8080/
Listening for requests on http://0.0.0.0:8080/
Listening for requests on http://0.0.0.0:8080/
Listening for requests on http://0.0.0.0:8080/
Listening for requests on http://0.0.0.0:8080/
Listening for requests on http://0.0.0.0:8080/
Listening for requests on http://0.0.0.0:8080/
Listening for requests on http://0.0.0.0:8080/
Listening for requests on http://0.0.0.0:8080/
Listening for requests on http://0.0.0.0:8080/
Listening for requests on http://0.0.0.0:8080/
Listening for requests on http://0.0.0.0:8080/
Listening for requests on http://0.0.0.0:8080/
Listening for requests on http://0.0.0.0:8080/
Listening for requests on http://0.0.0.0:8080/
Listening for requests on http://0.0.0.0:8080/
Listening for requests on http://0.0.0.0:8080/
Listening for requests on http://0.0.0.0:8080/
Listening for requests on http://0.0.0.0:8080/
Listening for requests on http://0.0.0.0:8080/
Listening for requests on http://0.0.0.0:8080/
Listening for requests on http://0.0.0.0:8080/
Listening for requests on http://0.0.0.0:8080/
Listening for requests on http://0.0.0.0:8080/
Listening for requests on http://0.0.0.0:8080/
Listening for requests on http://0.0.0.0:8080/
Listening for requests on http://0.0.0.0:8080/
Listening for requests on http://0.0.0.0:8080/
Listening for requests on http://0.0.0.0:8080/
Listening for requests on http://0.0.0.0:8080/
Listening for requests on http://0.0.0.0:8080/
Listening for requests on http://0.0.0.0:8080/
Listening for requests on http://0.0.0.0:8080/
Listening for requests on http://0.0.0.0:8080/
Listening for requests on http://0.0.0.0:8080/
Listening for requests on http://0.0.0.0:8080/
Listening for requests on http://0.0.0.0:8080/
Listening for requests on http://0.0.0.0:8080/
Listening for requests on http://0.0.0.0:8080/
Listening for requests on http://0.0.0.0:8080/
Listening for requests on http://0.0.0.0:8080/
Listening for requests on http://0.0.0.0:8080/
Listening for requests on http://0.0.0.0:8080/
Listening for requests on http://0.0.0.0:8080/
Listening for requests on http://0.0.0.0:8080/
Listening for requests on http://0.0.0.0:8080/
Listening for requests on http://0.0.0.0:8080/
Listening for requests on http://0.0.0.0:8080/
Listening for requests on http://0.0.0.0:8080/
Listening for requests on http://0.0.0.0:8080/
Listening for requests on http://0.0.0.0:8080/
Listening for requests on http://0.0.0.0:8080/
Listening for requests on http://0.0.0.0:8080/
Listening for requests on http://0.0.0.0:8080/
Listening for requests on http://0.0.0.0:8080/
sock error 104!
sock error 104!
sock error 104!
sock error 104!
sock error 104!
sock error 104!
sock error 104!
sock error 104!
sock error 104!
sock error 104!
sock error 104!
sock error 104!
sock error 104!
sock error 104!
sock error 104!
sock error 104!
sock error 104!
sock error 104!
sock error 104!
sock error 104!
sock error sock erro104!
r 104!
sock error 104!
sock error 104!
sock error 104!
sock error 104!
sock error 104!
sock error 104!
sock error 104!
sock error 104!
sock error 104!
sock error 104!
sock error 104!
sock error 104!
sock error 104!
sock error 104!
sock error 104!
sock error 104!
sock error 104!
sock error 104!
sock error 104!
sock error 104!
sock error 104!
sock error 104!
sock error 104!
sock error 104!
sock error 104!
sock error 104!
sock error 104!
sock error 104!
sock error 104!
sock error 104!
sock error 104!
sock error 104!
sock error 104!
sock errsock error 104!
or 104!
sock error 104!
sock error 104!
sock error 104!
sock error 104!
sock error 104!
sock error 104!
sock error 104!
sock error 104!
sock error 104!
sock error 104!
sock error 104!
sock error 104!
sock error sock error 104!
104!
sock error 104!
sock error 104!
sock error 104!
sock error 104!
sock error 104!
sock error 104!
sock error 104!
sock error 104!
sock error 104!
sock error 104!
sock error 104!
sock error 104!
sock error 104!
sock error 104!
sock error 104!
sock error 104!
sock error 104!
sock error 104!
sock error 104!
sock error 104!
sock error 104!
sock error 104!
sock error 104!
sock error 104!
sock error 104!
sock error 104!
sock error 104!
sock error 104!
sock error 104!
sock error 104!
sock error 104!
sock error 104!
sock error 104!
sock error 104!
sock error 104!
sock error 104!
sock error 104!
sock error 104!
sock error 104!
sock error 104!
sock error 104!
sock error 104!
sock error 104!
sock error 104!
sock error 104!
sock error 104!
sock error 104!
sock error 104!
socsock error 104!
k error 104!
sock error 104!
sock error 104!
sock error 104!
sock error 104!
sock error 104!
sock error 104!
sock error 104!
sock error 104!
sock error 104!
sock error 104!
sock error 104!
sock error 104!
sock error 104!
sock error 104!
sock error 104!
sock error 104!
sock error 104!
sock error 104!
sock error 104!
sock error 104!
sock error 104!
sock error 104!
sock error 104!
sock error 104!
sock error 104!
sock error 104!
sock error 104!
sock error 104!
sock error 104!
sock error 104!
sock error 104!
sock error 104!
sock error 104!
sock error 104!
sock error 104!
sock error 104!
sock error 104!
sock error 104!
sock error 104!
sock error 104!
sock error 104!
sock error 104!
sock error 104!
sock error 104!
sock error 104!
sock error 104!
sock error 104!
sock error 104!
sock error 104!
sock error 104!
sock error 104!
sock error 104!
sock error 104!
sock error 104!
sock error 104!
sock error 104!
sock error 104!
sock error 104!
sock error 104!
sock error 104!
sock error 104!
sock error 104!
sock error 104!
sock error 104!
sock error 104!
sock error 104!
sock error 104!
sock error 104!
sock error 104!
sock error 104!
sock error 104!
sosock erck error 104!
ror 104sock err!
or 104!
sock error 104!
sock error 104!
sock error 104!
sock error 104!
sock error 104!
sock error 104!
sock error sock err104!
or 104!
sock error 104!
sock error 104!
sock error 104!
sock error 104!
sock error 104!
sock error 104!
sock error 104!
sock error 104!
sock error 104!
sock error 104!
sock error 104!
sock error 104!
sock error 104!
sock error 104!
sock error 104!
sock error 104!
sock error 104!
sock error 104!
sock error 104!
sock error 104!
sock error 104!
sock error 104!
sock error 104!
sock error 104!
sock error 104!
sock error 104!
sock error 104!
sock error 104!
sock error 104!
sock error 104!
sock error 104!
sock error 104!
sock error 104!
sock error 104!
sock error 104!
sock error 104!
sock error 104!
sock error 104!
sock error 104!
sock error 104!
sock error 104!
sock error 104!
sock error 104!
sock error 104!
sock error 104!
sock error 104!
sock error 104!
sock error 104!
sock error 104!
sock error 104!
sock error 104!
sock error 104!
sock error 104!
sock error 104!
sock error 104!
sock error 104!
sock error 104!
sock error 104!
sock error 104!
sock error 104!
sock error 104!
sock error 104!
sock error 104!
sock error 104!
sock error sock error 104!
104!
sock error 104!
sock error 104!
sock error 104!
sock error 104!
sock error 104!
sock error 104!
sock error 104!
sock error 104!
sock error 104!
sock error 104!
sock error 104!
sock error 104!
sock error 104!
sock error 104!
sock error 104!
sock error 104!
sock error 104!
sock error 104!
sock error 104!
sock error 104!
sock error 104!
sock error 104!
sock error 104!
sock error 104!
sock error 104!
sock error 104!
sock error 10sock error 104!
4!
sock error 104!
sock error 104!
sock error 104!
sock error 104!
sock error 104!
sock error 104!
sock error 104!
sock error 104!
sock error 104!
sock error 104!
sock error 104!
sock error 104!
sock error 104!
sock error 104!
sock error 104!
sock error 104!
sock error 104!
sock error 104!
sock error 104!
sock error 104!
sock error 104!
sock error 104!
sock error 104!
sock error 104!
sock error 104!
sock error 104!
sock error 104!
sock error 104!
sock error 104!
sock error 104!
sock error 104!
sock error 104!
sock error 104!
sock error 104!
sock error 1sock error 104!
04!
sock error 104!
sock error 104!
sock error 104!
sock error 104!
sock error 104!
sock error 104!
sock error 104!
sock error 104!
sock error 104!
sock error 104!
sock error 104!
sock error 104!
sock error 104!
sock error 104!
sock error 104!
sock error 104!
sock error 104!
sock error 104!
sock error 104!
sock error 104!
sock error 104!
sock error 104!
sock error 104!
sock error 104!
sock error 104!
sock error 104!
sock error 104!
sock error 104!
sock error 104!
sock error 104!
sock error 104!
sock error 104!
sock error 104!
sock error 104!
sock error 104!
sock error 104!
sock error 104!
sock error 104!
sock error 104!
sock error 104!
sock error 104!
sock error 104!
sock error 104!
sock error 104!
sock error 104!
sock error 104!
sock error 104!
sock error 104!
sock error 104!
sock error 104!
sock error 104!
sock error 104!
sock error 104!
sock error 104!
sock error 104!
sock error 104!
sock error 104!
sock error 104!
sock error 104!
sock error 104!
sock error 104!
sock error 104!
sock error 104!
sock error 104!
sock error 104!
sock error 104!
sock error 104!
sock error 104!
sock error 104!
sock error 104!
sock error 104!
sock error 104!
sock error 104!
sock error 104!
sock error 104!
sock error 104!
sock error 104!
sock error 104!
sock error 104!
sock error 104!
sock error 104!
sock error 104!
sock error 104!
sock error 104!
sock error 104!
sock error 104!
sock error 104!
sock error 104!
sock error 104!
sock error 104!
sock error 104!
sock error 104!
sock error 104!
sock error 104!
sock error 104!
sock error 104!
sock error 104!
sock error 104!
sock error 104!
sock error 104!
sock error 104!
sock error 104!
sock error 104!
sock error 104!
sock error 104!
sock error 104!
sock error 104!
sock error 104!
sock error 104!
sock error 104!
sock error 104!
sock error 104!
sock error 104!
sock error 104!
sock error 104!
sock error 104!
sock error 104!
sock error 104!
sock error 104!
sock error 104!
sock error 104!
sock error 104!
sock error 104!
sock error 104!
sock error 104!
sock error 104!
sock error 104!
sock error 104!
sock error 104!
sock error 104!
sock error 104!
sock error 104!
sock error 104!
sock error 104!
sock error 104!
sock error 104!
sock error 104!
sock error 104!
sock error 104!
sock error 104!
sock error 104!
sock error 104!
sock error 104!
sock error 104!
sock error 104!
sock error 104!
sock error 104!
sock error 104!
sock error 104!
sock error 104!
sock error 104!
sock error 104!
sock error 104!
sock error 104!
sock error 104!
sock error 104!
sock error 104!
sock error 104!
sock error 104!
sock error 104!
sock error 104!
sock error 104!
sock error 104!
sock error 104!
sock error 104!
sock error 104!
sock error 104!
sock error 104!
sock error 104!
sock error 104!
sock error 104!
sock error 104!
sock error 104!
sock error 104!
sock error 104!
sock error 104!
sock error 104!
sock error 104!
sock ersock error 104!
ror 104!
sock error 104!
sock error 104!
sock error 104!
sock error 104!
sock error 104!
sock error 104!
sock error 104!
sock error 104!
sock error 104!
sock error 104!
sock error 104!
sock error 104!
sock error 104!
sock error 104!
sock error 104!
sock error 104!
sock error 104!
sock error 104!
sock error 104!
sock error 104!
sock error 104!
sock error 104!
sock error 104!
sock error 104!
sock error 104!
sock error 104!
sock error 104!
sock error 104!
sock error 104!
sock error 104!
sock error 104!
sock error 104!
sock error 104!
sock error 104!
sock error 104!
sock error 104!
sock error 104!
sock error 104!
sock error 104!
sock error 104!
sock error 104!
sock error 104!
sock error 104!
sock error 104!
sock error 104!
sock error 104!
sock error 104!
sock error 104!
sock error 104!
sock error 104!
sock error 104!
sock error 104!
sock error 104!
sock error 104!
sock error 104!
sock error 104!
sock error 104!
sock error 104!
sock error 104!
sock error 104!
sock error 104!
sock error 104!
sock error 104!
sock error 104!
sock error 104!
sock error 104!
sock error 104!
sock error 104!
sock error 104!
sock error 104sock error 104!
!
sock error 104!
sock error 104!
sock error 104!
sock error 104!
sock error 104!
sock error 104!
sock error 104!
sock error 104!
sock error 104!
sock error 104!
sock error 104!
sock error 104!
sock error 104!
sock error 104!
sock error 104!
sock error 104!
sock error 104!
sock error 104!
sock error 104!
sock error 104!
sock error 104!
sock error 104!
sock error 104!
sock error 104!
sock error 104!
sock error 104!
sock error 104!
sock error 104!
sock error 104!
sock error 104!
sock error 104!
sock error 104!
sock error 104!
sock error 104!
sock error 104!
sock error 104!
sock error 104!
sock error 104!
sock error 104!
sock error 104!
sock error 104!
sock error 104!
sock error 104!
sock error 104!
sock error 104!
sock error 104!
sock error 104!
sock error 104!
sock error 104!
sock error 104!
sock error 104!
sock error 104!
sock error 104!
sock error 104!
sock error 104!
sock error 104!
sock error 104!
sock error 104!
sock error 104!
sock error 104!
sock error 104!
sock error 104!
sock error 104!
sock sock error 104!err
or 104!
sock error 104!
sock error 104!
sock error 10sock error 104!
4!
sock error 104!
sock error 104!
sock error 104!
sock error 104!
sock error 104!
sock error 104!
sock error 104!
sock error 104!
sock error 104!
sock error 104!
sock error 104!
sock error 104!
sock error 104!
sock error 104!
sock error 104!
sock error 104!
sock error 104!
sock error 104!
sock error 104!
sock error 104!
sock error 104!
sock error 104!
sock error 104!
sock error 104!
sock error 104!
sock error 104!
sock error 104!
sock error 104!
sock error 104!
ssock error 104!
ock error 104!
sock error 104!
sock error 104!
sock error 104!
sock error 104!
sock error 104!
sock error 104!
sock error 104!
sock error 104!
sock error 104!
sock error 104!
sock error 104!
sock error 104!
sock error 104!
sock errorsock error 104!
 104!
sock error 104!
sock error 104!
sock error 104!
sock error 104!
sock error 104!
sock error 104!
sock error 104!
sock error 104!
sock error 104!
sock error 104!
sock error 104!
sock error 104!
sock error 104!
sock error 104!
sock error 104!
sock error 104!
sock error 104!
sock error 104!
sock error 104!
sock error 104!
sock error 104!
sock error 104!
sock error 104!
sock error 104!
sock error 104!
sock error 104!
sock error 104!
sock error 104!
sock error 104!
sock error 104!
sock error 104!
sock error 104!
sock error 104!
sock error 104!
sock error 104!
sock error 104!
sock error 104!
sock error 104!
sock error 104!
sock error 104!
sock error 104!
sock error 104!
sock error 104!
sock error 104!
sock error 104!
sock error 104!
sock error 104!
sock error 104!
sock error 104!
sock error 104!
sock error 104!
sock error 104!
sock error 104!
sock error 104!
sock error 104!
sock error 104!
sock error 104!
sock errorsock  104!
error 104!
sock error 104!
sock error 104!
sock error 104!
sock error 104!
sock error 104!
sock error 104!
sock error 104!
sock errsock eroror 10sock error 41r 104!04
!
!
sock error 104!
sock error 104!
sock error 104!
sock error 104!
sock error 104!
sock error 104!
sock error 104!
sock error 104!
sock error 104!
sock error 104!
sock error 104!
sock errosock error 104!
r 104!
sock error 104!
sock error 104!
sock error 104!
sock error 104!
sock error 104!
sock error 104!
sock error 104!
sock error 104!
sock error 104!
sock error 104!
sock error 104!
sock error 104!
sock error 104!
sock error 104!
sock error 104!
sock error 104!
sock error 104!
sock error 104!
sock error 104!
sock error 104!
sock error 104!
sock error 104!
sock error 104!
sock error 104!
sock error 104!
sock error 104!
sock error 104!
sock error 104!
sock error 104!
sock error 104!
sock error 104!
sock error 104!
sock error 104!
sock error 104!
sock error 104!
sock error 104!
sock error 104!
sock error 104!
sock error 104!
sock error 104!
sock error 104!
sock error 104!
sock error 104!
sock error 104!
sock error 104!
sock error 104!
sock error 104!
sock error 104!
sock error 104!
sock error 104!
sock error 104!
sock error 104!
sock error 104!
sock error 104!
sock error 104!
sock error 104!
sock error 104!
sock error 104!
sock error 104!
sock error 104!
sock error 104!
sock error 104!
sock error 104!
sock error 104!
sock error 104!
sock error 104!
sock error 104!
sock error 104!
sock error 104!
sock error 104!
sock error 104!
sock error 104!
sock error 104!
sock error 104!
sock error 104!
sock error 104!
sock error 104!
sock error 104!
sock error 104!
sock error 104!
sock error 104!
sock error 104!
sock error 104!
sock error 104!sock error 104!
sock error 104!

sock error 104!
sock error 104!
sock error 104!
sock error 104!
sock error 104!
sock error 104!
sock error 104!
sock error 104!
sock ersock error 104!
ror 104!
sock error 104!
sock error 104!
sock error 104!
sock error 104!
sock error 104!
sock error 104!
sock error 104!
sock error 104!
sock error 104!
sock error 104!
sock error 104!
sock error 104!
sock error 104!
sock error 104!
sock error 104!
sock error 104!
sock error 104!
sock error 104!
sock error 104!
sock error 104!
sock error 104!
sock error 104!
sock error 104!
sock error 104!
sock error 104!
sock error 104!
sock error 104!
sock error 104!
sock error 104!
sock error 104!
sock error 104!
sock error 104!
sock error 104!
sock error 104!
sock error 104!
sock error 104!
sock error 104!
sock error 104!
sock error 104!
sock error 104!
sock error 104!
sock error 104!
sock error 104!
sock error 104!
sock error 104!
sock error 104!
sock error 104!
sock error 104!
sock error 104!
sock error 104!
sock error 104!
sock error 104!
sock error 104!
sock error 104!
sock error 104!
sock error 104!
sock error 104!
sock error 104!
sock error 104!
sock error 104!
sock error 104!
sock error 104!
sock error 104!
sock error 104!
sock error 104!
sock error 104!
sock error 104!
sock error 104!
sock error 104!
sock error 104!
sock error 104!
sock error 104!
sock error 104!
sock error 104!
sock error 104!
sock error 104!
sock error 104!
sock error 104!
sock error 104!
sock error 104!
sock error 104!
sock error 104!
sock error 104!
sock error 104!
sock error 104!
sock error 104!
sock error 104!
sock error 104!
sock error 104!
sock error 104!
sock error 104!
sock error 104!
sock error 104!
sock error 104!
sock error 104!
sock error 104!
sock error 104!
sock error 104!
sock error 104!
sock error 104!
sock error 104!
sock error 104!
ssock error 104!
ock error 104!
sock error 104!
sock error 104!
sock error 104!
sock error 104!
sock error 104!
sock error 104!
sock error 104!
sock error 104!
sock error 104!
sock error 104!
sock error 104!
sock error 104!
sock error 104!
sock error 104!
sock error 104!
sock error 104!
sock error 104!
sock error 104!
sock error 104!
sock error 104!
sock error 104!
sock error 104!
sock error 104!
sock error 104!
sock error 104!
sock error 104!
sock error 104!
socksock error 104!
 error 104!
sock error 104!
sock error 104!
sock error 104!
sock error 104!
sock error 104!
sock error 104!
sock error 104!
sock error 104!
sock error 104!
sock error 104!
sock error 104!
sock error 104!
sock error 104!
sock error 104!
sock error 104!
sock error 104!
sock error 104!
sock error 104!
sock error 104!
sock error 104!
sock error 104!
sock error 104!
sock error 104!
sock error 104!
sock error 104!
sock error 104!
sock error 104!
sock error 104!
sock error 104!
sock error 104!
sock error 104!
sock error 104!
sock error 104!
sock error 104!
sock error 104!
sock error 104!
sock error 104!
sock error 104!
sock error 104!
sock error 104!
sock error 104!
sock error 104!
sock error 104!
sock error 104!
sock error 104!
sock error 104!
sock error 104!
sock error 104!
sock error 104!
sock error 104!
sock error 104!
sock error 104!
sock error 104!
sock error 104!
sock error 104!
sock error 104!
sock error 104!
sock error 104!
sock error 104!
sock error 104!
sock error 104!
sock error 104!
sock error 104!
sock error 104!
sock error 104!
sock error 104!
sock error 104!
sock error 104!
sock error 104!
sock error 104!
sock error 104!
sock error 104!
sock error 104!
sock error 104!
sock error 104!
sock error 104!
sock error 104!
sock error 104!
sock error 104!
sock error 104!
sock error 104!
sock error 104!
sock error 104!
sock error 104!
sock error 104!
sock error 104!
sock error 104!
sock error 104!
sock error 104!
sock error 104!
sock error 104!
sock error 104!
sock error 104!
sock error 104!
sock error 104!
sock error 104!
sock error 104!
sock error 104!
sock error 104!
sock error 104!
sock error 104!
sock error 104!
sock error 104!
sock error 104!
sock error 104!
sock error 104!
sock error 104!
sock error 104!
sock error 104!
sock errorsock error 104!
 104!
sock error 104!
sock error 104!
sock error 104!
sock error 104!
sock error 104!
sock error 104!
sock error 104!
sock error 104!
sock error 104!
sock error 104!
sock error 104!
sock error 104!
sock error 104!
sock error 104!
sock error 104!
sock error 104!
sock error 104!
socksock error 104! error 104!

sock error 104!
sock error 104!
sock error 104!
sock error 104!
sock error 104!
sock error 104!
sock error 104!
sock error 104!
sock error 104!
sock error 104!
sock error 104!
sock error 104!
sock error 104!
sock error 104!
sock error 104!
sock error 104!
sock error 104!
sock error 104!
sock error 104!
sock error 104!
sock error 104!
sock error 104!
sock error 104!
sock error 104!
sock error 104!
sock error 104!
sock error 104!
sock error 104!
sock error 104!
sock error 104!
sock error 104!
sock error 104!
sock error 104!
sock error 104!
sock error 104!
sock error 104!
sock errosock error 104!
r 104!
sock error 104!
sock error 104!
sock error 104!
ssock error 104!
sock error 104!
ock error 1sock erro04!
r 104!
sock error 104!
sock error 104!
sock error 104!
sock error 104!
sock error 104!
sock error 1sock error 104!
04!
sock error 104!
sock error 104!
sock error 104!
sock error 104!
sock error 104!
sock error 104!
sock error 104!
sock error 104!
sock error 104!
sock error 104!
sock error 104!
sock error 104!
sock error 104!
sock error 104!
sock error 104!
sock error 104!
sock error 104!
sock error 104!
sock error 104!
sock error 104!
sock error 104!
sock error 104!
sock error 104!
sock error 104!
sock error 104!
sock error 104!
sock error 104!
sock error 104!
sock error 104!
sock error 104!
sock error 104!
sock error 104!
sock error 104!
sock error 104!
sock error 104!
sock error 104!
sock error 104!
sock error 104!
sock error 104!
sock error 104!
sock error 104!
sock error 104!
sock error 104!
sock error 104!
sock error 104!
sock error 104!
sock error 104!
sock error 104!
sock error 104!
sock error 104!
sock error 104!
sock error 104!
sock error 104!
sock error 104!
sock error 104!
sock error 104!
sock error 104!
sock error 104!
sock error 104!
sock error sock error 104104!
!
sock error 104!
sock error 104!
sock error 104!
sock error 104!
sock error 104!
sock error 104!
sock error 104!
sock error 104!
sock error 104!
sock error 104!
sock error 104!
sock error 104!
sock error 104!
sock error 104!
sock error 104!
sock error 104ssock error 1sock error 104!
!
ock error 104!
04!
sock error 104!
sock error 104!
sock error 104!
sock error 104!
sock error 104!
sock error 104!
sock error 104!
sock error 104!
sock error 104!
sock errsock error 104!
sock error o104!
r 104!
sock error 104!
sock error 104!
sock error 104!
sock error 104!
sock error 104!
sock error 104!
sock error 104!
sock error 104!
sock error 104!
sock error 104!
sock error 104!
sock error 104!
sock error 104!
sock error 104!
sock error 104!
sock error 104!
sock error 104!
sock error 104!
sock error 104!
sock error 104!
sock error 104!
sock error 104!
sock error 104!
sock error 104!
sock error 104!
sock error 104!
sock error 104!
sock error 104!
sock error 104!
sock error 104!
sock error 104!
sock error 104!
sock error 104!
sock error 104!
sock error 104!
sock error 104!
sock error 104!
sock error 104!
sock error 104!
sock error 104!
sock error 104!
sock error 104!
sock error 104!
sock error 104!
sock error 104!
sock error 104!
sock error 104!
sock error 104!
sock error 104!
sock error 104!
sock error 104!
sock error 104!
sock error 104!
sock error 104!
sock error 104!
sock error 104!
sock error 104!
sock error 104!
sock error 104!
sock error 104!
sock error 104!
sock error 104!
sock error 104!
sock error 104!
sock error 104!
sock error 104!
sock error 104!
sock error 104!
sock error 104!
sock error 104!
sock error 104!
sock error 104!
sock error 104!
sock error 104!
sock error 104!
sock error 104!
sock error 104!
sock sock error 104!
error 10sock error 104!
4!
sock error 104!
sock error 104!
sock error 104!
sock error 104!
sock error 104!
sock error 104!
sock error 104!
sock error 104!
sock error 104!
sock error 104!
sock error 104!
sock error 104!
sock error 104!
sock error 104!
sock error 104!
sock error 104!
sock error 104!
sock error 104!
sock error 104!
sock error 104!
sock error 104!
sock error 104!
sock error 104!
sock error 104!
sock error 104!
sock error 104!
sock error 104!
sock error 104!
sock error 104!
sock error 104!
sock error 104!
sock error 104!
sock error 104!
sock error 104!
sock error 104!
sock error 104!
sock error 104!
sock error 104!
sock error 104!
sock error 104!
sock error 104!
sock error 104!
sock error 104!
sock error 104!
sock error 104!
sock error 104!
sock error 104!
sock error 104!
sock error 104!
sock error 104!
sock error 104!
sock error 104!
sock error 104!
sock error 104!
sock error 104!
sock error 104!
sock error 104!
sock error 104!
sock esock error 104!
rror 104!
sock error 104!
sock error 104!
sock error 104!
sock error 104!
sock error 104!
sock error 104!
sock error 104!
sock error 104!
sock error 104!
sock error 104!
sock error 104!
sock error 104!
sock error 104!
sock error 104!
sock error 104!
sock error 104!
sock error 104!
sock error 1sock error 104!
04!
sock error 104!
sock error 104!
sock error 104!
sock error 104!
sock error 104!
sock error 104!
sock error 104!
sock error 104!
sock error 104!
sock error 104!
sock errsoorc k error 104!
104!
sock error 104!
sock error 104!
sock error 104!
sock error 104!
sock error 104!
sock error 104!
sock error 104!
sock error 104!
sock error 104!
sock error 104!
sock error 104!
sock error 104!
sock error 104!
sock error 104!
sock error 104!
sock error 104!
sock error 104!
sock error 104!
sock error 104!
sock error 104!
sock error 104!
sock error 104!
sock error 104!
sock error 104!
sock error 104!
sock error 104!
sock error 104!
sock error 104!
sock error 104!
sock error 104!
sock error 104!
sock error 104!
sock error 104!
sock error 104!
sock error 104!
sock error 104!
sock error 104!
sock error 104!
sock error 104!
sock error 104!
sock error 104!
sock error 104!
sock error 104!
sock error 104!
sock error 104!
sock error 104!
sock error 104!
sock error 104!
sock error 104!
sock error 104!
sock error 104!
sock error 104!
sock error 104!
sock error 104!
sock error 104!
sock error 104!
sock error 104!
sock error 104!
sock error 104!
sock error 104!
sock error 104!
sock error 104!
sock error 104!
sock error 104!
sock esock error 104!
rror 104!
sock error 104!
sock error 104!
sock error 104!
sock error 104!
sock error 104!
sock error 104!
sock error 104!
sock error 104!
sock error 104!
sock error 104!
sock error 104!
sock error 104!
sock error 104!
sock error 104!
sock error 104!
sock error 104!
sock error 104!
sock error 104!
sock error 104!
sock error 104!
socksock error error 104!
 104!
sock error 104!
sock error 104!
sock error 104!
sock error 104!
sock error 104!
sock errosock error 104!
r 104!
sock error 104!
sock error 104!
sock error 104!
sock error 104!
sock error 104!
sosock error 104!
ck error 104!
sock error 104!
sock error 104!
sock error 104!
sock error 104!
sock error 104!
sock error 104!
sock error 104!
sock error 104!
sock error 104!
sock error 104!
sock error 104!
sock error 104!
sock error 104!
sock error 104!
sock error 104!
sock error 104!
sock error 104!
sock error 104!
sock error 104!
sock error 104!
sock error 104!
sock error 104sock error 104!
!
sock error 104!
sock error 104!
sock error 104!
sock error 104!
sock error 104!
sock error 104!
sock error 104!
sock error 104!
sock error 104!
sock error 104!
sock error 104!
sock error 104!
sock error 104!
sock error 104!
sock error 104!
sock error 104!
sock error 104!
sock error 104!
sock error 104!
sock error 104!
sock error 104!
sock error 104!
sock error 104!
sock error 104!
sock error 104!
sock error 104!
sock error 104!
sock error 104!
sock error 104!
sock error 104!
sock error 104!
sock error 104!
sock error 104!
sock errsock error 104!
or 104!
sock error 104!
sock sock error error 104!
104!
sock error 104!
sock error 104!
sock error 104!
sock error 104!
sock error 104!
sock error 104!
sock error 10sock error 104!
4!
sock error 104!
sock error 104!
sock error 104!
sock error 104!
sock error 104!
sock error 104!
sock error 104!
sock error 104!
sock error 104!
sock error 104!
sock error 104!
sock error 104!
sock error 104!
sock error 104!
sock error 104!
sock error 104!
sock error 104!
sock error 104!
sock error 104!
sock error 104!
sock error 104!
sock error 104!
sock error 104!
sock error 104!
sock error 104!
sock error 104!
sock error 104!
sock error 104!
sock error 104!
sock error 104!
sock error 104!
sock error 104!
sock error 104!
sock error 104!
sock error 104!
sock error 104!
sock error 104!
sock error 104!
sock error 104!
sock error 104!
sock error 104!
sock error 104!
sock error 104!
sock error 104!
sock error 104!
sock error 104!
sock error 104!
sock error 104!
sock error 104!
sock error 104!
sock error 104!
sock error 104!
sock error 104!
sock error 104!
sock error 104!
sock error 104!
sock error 104!
sock error 104!
sock error 104!
sock error 104!
sock error 104!
sock error 104!
sock error 104!
sock error 104!
sock error 104!
sock error 104!
sock error 104!
sock error 104!
sock error 104!
sock error 104!
sock error 104!
sock error 104!
sock error 104!
sock error 104!
sock error 104!
sock error 104!
sock error 104!
sock error 104!
sock error 104!
sock error 104!
sock error 104!
sock error 104!
sock error 104!
sock error 104!
sock error 104!
sock error 104!
sock error 104!
sock error 104!
sock error 104!
sock error 104!
sock error 104!
sock error 104!
sock error 104!
sock error 104!
sock error 104!
sock error 104!
sock error 104!
sock error 104!
sock error 104!
sock error 104!
sock error 104!
sock error 104!
sock error 104!
sock error 104!
sock error 104!
sock error 104!
sock error 104!
sock error 104!
sock error 104!
sock error 104!
sock error 104!
sock error 104!
sock esock error 104!
rror 104!
sock error 104!
sock error 104!
sock error 104!
sock error 104!
sock error 104!
sock error 104!
sock error 104!
sock error 104!
sock error 104!
sock error 104!
sock error 104!
sock error 104!
sock error 104!
sock error 104!
sock error 104!
sock error 104!
sock error 104!
sock error 104!
sock error 104!
sock error 104!
sock error 104!
sock error 104!
sock error 104!
sock error 104!
sock error 104!
sock error 104!
sock error 104!
sock error 104!
sock error 104!
sock error 104!
sock error 104!
sock error 104!
sock error 104!
sock error 104!
sock error 104!
sock error 104!
sock error 104!
sock error 104!
sock error 104!
sock error 104!
sock error 104!
sock error 104!
sock error 104!
sock error 104!
sock error 104!
sock error 104!
sock error 104!
sock error 104!
sock error 104!
sock error 104!
sock error 104!
sock error 104!
sock error 104!
sock error 104!
sock error 104!
sock error 104!
sock error 104!
sock error 104!
sock error 104!
sock error 104!
sock error 104!
sock error 104!
sock error 104!
sock error 104!
sock error 104!
sock error 104!
sock error 104!
sock error 104!
sock error 104!
sock error 104!
sock error 104!
sock error 104!
sock error 104!
sock error 104!
sock error 104!
sock error 104!
sock error 104!
sock error 104!
sock error 104!
sock error 104!
sock error 104!
sock error 104!
sock error 104!
sock error 104!
sock error 104!
sock error 104!
sock error 104!
sock error 104!
sock error 104!
sock error 104!
sock error 104!
sock error 104!
sock error 104!
sock error 104!
sock error 104!
sock error 104!
sock error 104!
sock error 104!
sock error 104!
sock error 104!
sock error 104!
sock error 104!
sock error 104!
sock error 104sock err!
or 104!
sock error 104!
sock error 104!
sock error 104!
sock error 104!
sock error 104!
sock error 104!
sock error 104!
sock error 104!
sock error 104!
sock error 104!
sock error 104!
sock error 104!
sock error 104!
sock error 104!
sock error 104!
sock error 104!
sock error 104!
sock error 104!
sock error 104!
sock error 104!
sock error 104!
sock error 104!
sock error 104!
sock error 104!
sock error 104!
sock error 104!
sock error 104!
sock error 104!
sock error 104!
sock error 104!
sock error 104!
sock error 104!
sock error 104!
sock error 104!
sock error 104!
sock error 104sock error 104!
!
sock error 104!
sock error 104!
sock error 104!
sock error 104!
sock error 104!
sock error 104!
sock error 104!
sock error 104!
sock error 104!
sock error 104!
sock error 104!
sock error 104!
sock error 104!
sock error 104!
sock error 104!
sock error 104!
sock error 104!
sock error 104!
sock error 104!
sock error 104!
sock error 104!
sock error 104!
sock error 104!
sock error 104!
sock error 104!
sock error 104!
sock error 104!
sock errosock error 104!
sock error 104!
r 104!
sock error 104!
sock error 104!
sock error 104!
sock error 104!
sock error 104!
sock error 104!
sock error 104!
sock error 104!
sock error 104!
sock error 104!
sock error 104!
sock error 104!
sock error 104!
sock error 104!
sock error 104!
sock error 104!
sock error 104!
sock error 104!
sock error 104!
sock error 104!
sock error 104!
sock error 104!
sock error 104!
sosock ersock error 104!
ror 104!
ck error 104!
sock error 104!
sock error 104!
sock error 104!
sock error 104!
sock error 104!
sock error 104!
sock error 104!
sock error 104!
sock error 104!
sock error 104!
sock error 104!
sock error 104!
sock error 104!
sock error 104!
sock error 104!
sock error 104!
sock error 104!
sock error 104!
sock error 104!
sock error 104!
sock error 104!
sock error 104!
sock error 104!
sock error 104!
sock error 104!
sock error 104!
sock error 104!
sock error 104!
sock error 104!
sock error 104!
sock error 104!
sock error 104!
sock error 104!
sock error 104!
sock error 104!
sock error 104!
sock error 104!
sock error 104!
sock error 104!
sock error 104!
sock error 104!
sock errorsock error 1 104!
04!
sock error 104!
sock error 104!
sock error 104!
sock error 104!
sock error 104!
sock error 104!
sock error 104!
sock error 104!
sock error 104!
sock error 104!
sock error 104!
sock error 104!
sock error 104!
sock error 104!
sock error 104!
sock error 104!
sock error 104!
sock error 104!
sock error 104!
sock error 104!
sock error 104!
sock error 104!
sock error 104!
sock error 104!
sock error 104!
sock error 104!
sock error 104!
sock error 104sock e!
rror 104!
sock error 104!
sock error 104!
sock error 104!
sock error 104!
sock error 104!
sock error 104!
sock error 104!
sock error 104!
sock error 104!
sock error 104!
sock error 104!
sock error 104!
sock error 104!
sock error 104!
sock error 104!
sock error 104!
sock error 104!
sock error 104!
sock error 104!
sock error 104!
sock error 104!
sock error 104!
sock error 104!
sock error 104!
sock error 104!
sock error 104!
sock error 104!
sock error 104!
sock error 10sock error 104!
4!
sock error 104!
sock error 104!
sock error 104!
sock error 104!
sock error 104!
sock error 104!
sock error 104!
sock error 104!
sock error 104!
sock error 104!
sock error 104!
sock error 104!
sock error 104!
sock error 104!
sock error 104!
sock error 104!
sock error 104!
sock error 104!
sock error 104!
sock error 104!
sock error 104!
sock error 104!
sock error 104!
sock error 104!
sock error 104!
sock error 104!
sock error 104!
sock error 104!
sock error 104!
sock error 104!
sock error 104!
sock error 104!
sock error 104!
sock error 104!
sock error 104!
sock error 104!
sock error 104!
sock error 104!
sock error 104!
sock error 104!
sock error 104!
sock error 104!
sock error 104!
sock error 104!
sock error 104!
sock error 104!
sock error 104!
sock error 104!
sock error 104!
sock error 104!
sock error 104!
sock error 104!
sock error 104!
sock error 104!
sock error 104!
sock error 104!
sock error 104!
sock error 104!
sock error 104!
sock error 104!
sock error 104!
sock error 104!
sock error 104!
sock error 104!
sock error 104!
sock error 104!
sock error 104!
sock error 104!
sock error 104!
sock error 104!
sock error 104!
sock error 104!
sock error 104!
sock error 104!
sock error 104!
sock error 104!
sock error 104!
sock error 104!
sock error 104!
sock error 104!
sock error 104!
sock error 104!
sock error 104!
sock error 104!
sock error 104!
sock error 104!
sock error 104!
sock error 104!
sock error 104!
sock error 104!
sock error 104!
sock error 104!
sock error 104!
sock error 104!
sock error 104!
sock error 104!
sock error 104!
sock error 104!
sock error 104!
sock error 104!
sock error 104!
sock error 104!
sock error 104!
sock error 104!
sock error 104!
sock error 104!
sock error 104!
sock error 104!
sock error 104!
sock error 104!
sock error 104!
sock error 104!
sock error 104!
sock error 104!
sock error 104!
sock error 104!
sock error 104!
sock error 104!
sock error 104!
sock error 104!
sock error 104!
sock error 104!
sock error 104!
sock error 104!
sock error 104!
sock error 104!
sock error 104!
sock error 104!
sock error 104!
sock error 104!
sock error 104!
sock error 104!
sock error 104!
sock error 104!
sock error 104!
sock error 104!
sock error 104!
sock error 104!
sock error 104!
sosock error 104!
ck error 104!
sock error 104!
sock error 104!
sock error 104!
sock error 104!
sock esock error 104!
rror 104!
sock error 104!
sock error 104!
sock error 104!
sock error 104!
sock error 104!
sock error 104!
sock error 104!
sock error 104!
sock error 104!
sock error 104!
sock error 104!
sock error 104!
sock error 104!
sock error 104!
sock error 104!
sock error 104!
sock error 104!
sock error 104!
sock error 104!
sock error 104!
sock error 104!
sock error 104!
sock error 104!
sock error 104!
sock error 104!
sock error 104!
sock error 104!
sock error 104!
sock error 104!
sock error 104!
sock error 104!
sock error 104!
sock error 104!
sock error 104!
sock error 104!
sock error 104!
sock error 104!
sock error 104!
sock error 104!
sock error 104!
sock error 104!
sock error 104!
sock error 104!
sock error 104!
sock error 104!
sock error 104!
sock error 104!
sock error 104!
sock error 104!
sock error 104!
sock error 104!
sock error 104!
sock error 104!
sock error 104!
sock error 104!
sock error 104!
sock esock error 104!
rror 104!
sock error 104!
sock error 104!
sock error 104!
sock error 104!
sock error 104!
sock error 104!
sock error 104!
sock error 104!
sock error 104!
sock error 104!
sock error 104!
sock error 104!
sock error 104!
sock error 104!
sock error 104!
sock error 104!
sock error 104!
sock error 104!
sock error 104!
sock error 104!
sock error 104!
sock error 104!
sock error 104!
sock error 104!
sock error 104!
sock error 104!
sock error 104!
sock error 104!
sock error 104!
sock error 104!
sock error 104!
sock errorsock er 104ror 104!
!
sock error 104!
sock error 104!
sock error 104!
sock error 104!
sock error 104!
sock error 104!
sock error 104!
sock error 104!
sock error 104!
sock error 104!
sock error 104!
sock error 104!
sock error 104!
sock error 104!
sock error 104!
sock error 104!
sock error 104!
sock error 104!
sock error 104!
sock error 104!
sock error 104!
sock error 104!
sock error 104!
sock error 104!
sock error 104!
sock error 104!
sock error 104!
sock error 104!
sock error 104!
sock error 104!
sock error 104!
sock error 104!
sock error 104!
sock error 104!
sock error 104!
sock error 104!
sock error 104!
sock error 104!
sock error 104!
sock error 104!
sock error 104!
sock error 104!
sock error 104!
sock error 104!
sock error 104!
sock error 104!
sock error 104!
sock error 104!
sock error 104!
sock error 104!
sock error 104!
sock error 104!
sock error 104!
sock error 104!
sock error 104!
sock error 104!
sock error 104!
sock error 104!
sock error 104!
sock error 104!
sock error 104!
sock error 104!
sock error 104!
sock error 104!
sock error 104!
sock error 104!
sock error 104!
sock error 104!
sock error 104!
sock error 104!
sock error 104!
sock error 104!
sock error 104!
sock error 104!
sock error 104!
sock error 104!
sock error 104!
sock error 104!
sock error 104!
sock error 104!
sock error 104!
sock error 104!
sock error 104!
sock error 104!
sock error 104!
sock error 104!
sock error 104!
sock error 104!
sock error 104!
sock error 104!
sock error 104!
sock error 104!
sock error 104!
sock error 104!
sock error 104!
sock error 104!
sock error 104!
sock error 104!
sock error 104!
sock error 104!
sock error 104!
sock error 104!
sock error 104!
sock error 104!
sock error 104!
sock error 104!
sock error 104!
sock error 104!
sock error 104!
sock error 104!
sock error 104!
sock error 104!
sock error 104!
sock error 104!
sock error 104!
sock error 104!
sock error 104!
sock error 104!
socsock error 104!
k error 104!
sock error 104!
sock error 104!
sock error 104!
sock error 104!
sock error 104!
sock error 104!
sock error 104!
sock error 104!
sock error 104!
sock error 104!
sock error 104!
sock error 104!
sock error 104!
sock error 104!
sock error 104!
sock error 104!
sock error 104!
sock error 104!
sock error 104!
sock error 104!
sock error 104!
sock error 104!
sock error 104!
sock error 104!
sock error 104!
sock error 104!
sock error 104!
sock error 104!
sock error 104!
sock error 104!
sock error 104!
sock error 104!
sock error 104!
sock error 104!
sock error 104!
sock error 104!
sock error 104!
sock error 104!
sock error 104!
sock error 104!
sock error sock errors104!
 104!
ock error 104!
sock error 104!
sock error 104!
sock error 104!
sock error 104!
sock error 104!
sock error 104!
sock error 104!
sock error 104!
sock error 104!
sock error 104!
sock error 104!
sock error 104!
sock error 104!
sock error 104!
sock error 104!
sock error 104!
sock error 104!
sock error 104!
sock error 104!
sock error 104!
sock error 104!
sock error 104!
sock error 104!
sock error 104!
sock error 104!
sock error 104!
sock error 104!
sock error 104!
sock error 104!
sock error 104!
sock error 104!
sock error 104!
sock error 104!
sock error 104!
sock error 104!
sock error 104!
sock error 104!
sock error 104!
sock error 104!
sock error 104!
sock error 104!
sock error 104!
sock error 104!
sock error 104!
sock error 104!
sock error 104!
sock error 104!
sock error 104!
sock error 104!
sock error 104!
sock error 104!
sock error 104!
sock error 104!
sock error 104!
sock error 104!
sock error 104!
sock error 104!
sock error 104!
sock error 104!
sock error 104!
sock error 104!
sock error 104!
sock error 104!
sock error 104!
socksock error 104!
 error 104!
sock error 104!
sock error 104!
sock error 104!
sock error 104!
sock error 104!
sock error 104!
sock error 104!
sock error 104!
sock error 104!
sock error 104!
sock error 104!
sock error 104!
sock error 104!
sock error 104!
sock error 104!
sock error 104!
sock error 104!
sock error 104!
sock error 104!
sock error 104!
sock error 104!
sock error 104!
sock error 104!
sock error 104!
sock error 104!
sock error 104!
sock error 104!
sock error 104!
sock error 104!
sock error 104!
sock error 104!
sock error 104!
sock error 104!
sock error 104!
sock error 104!
sock error 104!
sock error 104!
sock error 104!
sock error 104!
sock error 104!
sock error 104!
sock error 104!
sock error 104!
sock error 104!
sock error 104!
sock error 104!
sock error 104!
sock error 104!
sock error 104!
sock error 104!
sock error 104!
sock error 104!
sock error 104!
sock error 104!
sock errsoorc 1k0 error 104!
4!
sock error 104!
sock error 104!
sock error 104!
sock error 104!
sock error 104!
sock error 104!
sock error 104!
sock error 104!
sock error 104!
sock error 104sock error !
104!
sock error 104!
sock error 104!
sock error 104sock error 104!
sock error 104!
!
sock error 104!
sock error 104!
sock error 104!
sock error 104!
sock error 104!
sock error 104!
sock error 104!
sock error 104!
sock error 104!
sock error 104!
sock error 104!
sock error 104!
sock error 104!
sock error 104!
sock error 104!
sock error 104!
sosock error 104!
ck error 104!
sock error 104!
sock error 104!
sock error 104!
sock error 104!
sock error 104!
sock error 104!
sock error 104!
sock error 104!
sock error 104!
sock error 104!
sock error 104!
sock error 104!
sock error 104!
sock error 104!
sock errsockor sock 10 error 1404e!
!
rror 104!
sock error 104!
sock error 104!
sock error 104!
sock error 104!
sock error 104!
sock error 104!
sock error 104!
sock error 104!
sock error 104!
sock error 104!
sock error 104!
sock error 104!
sock error 104!
sock error 104!
sock error 104!
sock error 104!
sock error 104!
sock error 104!
sock error 104!
sock error 104!
sock error 104!
sock error 104!
sock error 104!
sock error 104!
sock error 104!
sock error 104!
sock error 104!
sock error 104!
sock error 104!
sock error 104!
sock error 104!
sock error 104!
sock error 104!
sock error 104!
sock error 104!
sock error 104!
sock esock error 104!
sock error 104rror 104!
!
sock error 104!
sock error 104!
sock error 104!
sock error 104!
sock error 104!
sock error 104!
sock error 104!
sock error 104!
sock error 104!
sock error 104!
sock error 104!
sock error 104!
sock error 104!
sock error 104!
sock error 104!
sock error 104!
sock error 104!
sock error 104!
sock error 104!
sock error 104!
sock error 104!
sock errsock error 104!
or 104!
sock error 104!
sock error 104!
sock error 104!
sock error 104!
sock error 104!
sock error 104!
sock error 104!
sock error 104!
sock error 104!
sock error 104!
sock error 104!
sock error 104!
sock error 104!
sock error 104!
sock error 104!
sock error 104!
sock errosock error 104!
r 104!
sock error 104!
sock error 104!
sock error 104!
sock error 104!
sock error 104!
sock error 104!
sock error 104!
sock error 104!
sock error 104!
sock error 104!
sock error 104!
sock error 104!
sock error 104!
sock error 104!
sock error 104!
sock error 104!
sock error 104!
sock error 104!
sock error 104!
sock error 104!
sock error 104!
sock error 104!
sock error 104!
sock error 104!
sock error 104!
sock error 104!
sock error 104!
sock error 104!
sock error 104!
sock error 104!
sock error 104!
sock error 104!
sock error 104!
sock error 104!
sock error 104!
sock error 104!
sock error 104!
sock error 104!
sock error 104!
sock error 104!
sock error s104!
ock error 104!
sock error 104!
sock error 104!
sock error 104!
sock error 104!
sock error 104!
sock error 104!
sock error 104!
sock error 104!
sock error 104!
sock error 104!
sock errosock error 104!
sock error 104!
r 104!
sock error 104!
sock error 104!
sock error 104!
sock error 104!
sock error 104!
sock error 104!
sock error 104!
sock error 104!
sock error 104!
sock error 104!
sock error 104!
sock error 104!
sock error 104!
sock error 104!
sock error 104!
sock error 104!
sock error 104!
sock error 104!
sock error 104!
sock error 104!
sock error 104!
sock error 104!
sock error 104!
sock error 104!
sock error 104!
sock error 104!sock error 104!

sock error 104!
sock error 104!
sock error 104!
sock error 104!
sock error 104!
sock error 104!
sock error 104!
sock error 104!
sock error 104!
sock error 104!
sock error 104!
sock error 104!
sock error 104!
sock error 104!
sock error 104!
sock error 104!
sock error 104!
sock error 104!
sock error 104!
sock error 104!
sock error 104!
sock error 104!
sock error 104!
sock error 104!
sock error 104!
sock error 104!
sock error 104!
sock error 104!
sock error 104!
sock error 104!
sock error 104!
sock error 104!
sock error 104!
sock error 104!
sock error 104!
sock error 104!
sock error 104!
sock error 104!
sock error 104!
sock error 104!
sock error 104!
sock error 104!
sock error 104!
sock error 104!
sock error 104!
sock error 104!
sock error 104!
sock error 104!
sock error 104!
sock error 104!
sock error 104!
sock error 104!
sock error 104!
sock error 104!
sock error 104!
sock error 104!
sock error 104!
sock error 104!
sock error 104!
sock error 104!
sock error 104!
sock error 104!
sock error 104!
sock error 104!
sock error 104!
sock error 104!
sock error 104!
sock error 104!
sock error 104!
sock error 104!
sock error 104!
sock error 104!
sock error 104!
sock error 104!
sock error 104!
sock error 104!
sock error 104!
sock error 104!
sock error 104!
sock error 104!
sock error 104!
sock error 104!
sock error 104!
sock error 104!
sock error 104!
sock errosock errorr 104!
 104!
sock error 104!
sock error 104!
sock error 104!
sock error 104!
sock error 104!
sock error 104!
sock error 104!
sock error 104!
sock error 104!
sock error 104!
sock error 104!
sock error 104!
sock error 104!
sock error 104!
sock error 104!
sock error 104!
sock error 104!
sock error 104!
sock error 104!
sock error 104!
sock error 104!
sock error 104!
sock error 104!
sock error 104!
sock error 104!
sock error 104!
sock error 104!
sock error 104!
sock error 104!
sock error 104!
sock error 104!
sock error 104!
sock error 104!
sock error 104!
sock error 104!
sock error 104!
sock error 104!
sock error 104!
sock error 104!
sock error 104!
sock error 104!
sock error 104!
sock error 104!
sock error 104!
sock error 104!
sock error 104!
sock error 104!
sock error 104!
sock error 104!
sock error 104!
sock error 104!
sock error 104!
sock error 104!
sock error 104!
sock error 104!
sock error 104!
sock error 104!
sock error 104!
sock error 104!
sock error 104!
sock error 104!
sock error 104!
sock error 104!
sock error 104!
sock error 104!
sock error 104!
sock error 104!
sock error 104!
sock error 104!
sock error 104!
sock error 104!
sock error 104!
sock error 104!
sock error 104!
sock error 104!
sock error 104!
sock error 104!
sock error 104!
sock error 104!
sock error 104!
sock error 104!
sock error 104!
sock error 104!
sock error 104!
sock error 104!
sock error 104!
sock error 104!
sock error 104!
sock error 104!
sock error so104!
ck error 104!
sock error 104!
sock error 104!
sock error 104!
sock error 104!
sock error 104!
sock error 104!
sock error 104!
sock error 104!
sock error 104!
sock error 104!
sock error 104!
sock error 104!
sock errsock error 104!
or 104!
sock error 104!
sock error 104!
sock error 104!
sock error 104!
sock error 104!
sock error 104!
sock error 104!
sock error 104!
sock error 104!
sock error 104!
sock error 104!
sock error 104!
sock error 104!
sock error 104!
sock error 104!
sock error 104!
sock error 104!
sock error 104!
sock error 104!
sock error 104!
sock error 104!
sock error 104!
sock error 104!
sock error 104!
sock error 104!
sock error 104!
sock error 104!
sock error 104!
sock error 104!
sock error 104!
sock error 104!
sock error 104!
sock sock error 104!
error 104!
sock error 104!
sock error 104!
sock error 104!
sock error 104!
sock error 104!
sock error 104!
sock error 104!
sock error 104!
sock error 104!
soscokc k error 104!
error 104!
sock error 104!
sock error 104!
sock error 104!
sock error 104!
sock error 104!
sock error 104!
sock error 104!
sock error 104!
sock error 104!
sock error 104!
sock error 104!
sock error 104!
sock error 104!
sock error 104!
sock error 104!
sock error 104!
sock error 104!
sock error 104!
sock error 104!
sock error 104!
sock error 104!
sock error 104!
sock error 104!
sock error 104!
sock error 104sock error 104!
!
sock error 104!
sock error 104!
sock error 104!
sock error 104!
sock error 104!
sock error 104!
sock error 104!
sock error 104!
sock error 104!
sock error 104!
sock error 104!
sock error 104!
sock error 104!
sock error 104!
sock error 104!
sock error 104!
sock error 104!
sock error 104!
sock error 104!
sock error 104!
sock error 104!
sock error 104!
sock error 104!
sock error 104!
sock error 104!
sock error 104!
sock error 104!
sock error 104!
sock error 104!
sock error 104!
sock error 104!
sock error sock er104!
ror 104!
sock error 104!
sock error 104!
sock error 104!
sock error 104!
sock error 104!
sock error 104!
sock error 104!
sock error 104!
sock error 104!
sock error 104!
sock error 104!
sock error 104!
sock error 104!
sock error 104!
sock error 104!
sock error 104!
sock error 104!
sock error 104!
sock error 104!
sock error sock errors1ock e04!
 104!
rror 104!
sock error 104!
sock error 104!
sock error 104!
sockso ckerror 104!
 error 104!
sock error 104!
sock error 104!
sock error 104!
sock error 104!
sock error 104!
sock error 104!
sock error 104!
sock error 104!
sock error 104!
sock error 104!
sock error 104!
sock error 104!
sock error 104!
sock error 104!
sock error 104!
sock error 104!
sock error 104!
sock error 104!
sock error 104!
sock error 104!
sock error 104!
sock error 104!
sock error 104!
sock error 104!
sock error 104!
sock error 104!
sock error 104!
sock error 104!
sock error 104!
sock error 104!
sock error 104!
sock error 104!
sock error 104!
sock error 104!
sock error 104!
sock error 104!
sock error 104!
sock error 104!
sock error 104!
sock error 104!
sock sock error 104sock error 104!
error 104!!

sock error 104!
sock error 104!
socksock error 104!
 error 104!
sock error 104!
sock error 104!
sock error 104!
sock error 104!
sock error 104!
sock error 104!
sock error 104!
sock error 104!
sock error 104!
sock error 104!
sock error 104!
sock error 104!
sock error 104sock erro!
r 104!
sock error 104!
sock error 104!
ssock error 104!
ock error 104!
sock error 104!
sock error 104!
sock error 104!
sock error 104!
sock error 104!
sock error 104!
sock error 104!
sock error 104!
sock error 104!
sock error 104!
sock error 104!
sock error 104!
sock error 104!
sock error 104!
sock error 104!
sock error 104!
sock error 104!
sock error 104!
sock error 104!
sock error 104!
sock error 104!
sock error 104!
sock error 104!
sock error 104!
sock error 104!
sock error 104!
sock error 104!
sock error 104!
sock error 104!
sock error 104!
sock error 104!
sock sock error 104!
error 104!
sock error 104!
sock error 104!
sock error 104!
sock error 104!
sock error 104!
sock error 104!
sock error 104!
sock error 104!
sock error 104!
sock error 104!
sock error 104!
sock error 104!
sock error 104!
sock error 104!
sock error 104!
sock error 104!
sock error 104!
sock error 104!
sock error 104!
sock error 104!
sock error 104!
sock error 104!
sock error 104!
sock error 104!
sock error 104!
sock error 104!
sock error 104!
sock error 104!
sock error 104!
sock error 104!
sock error 104!
sock error 104!
sock error 104!
sock error 104!
sock error 104!
sock error 104!
sock error 104!
sock error 104!
sock error 104!
sock error 104!
sock error 104!
sock error 104!
sock error 104!
sock error 104!
sock error 104!
sock error 104!
sock error 104!
sock error 104!
sock error 104!
sock error 104!
sock error 104!
sock error 104!
sock error 104!
sock error 104!
sock errorso 1c0k4 error 104!
!
sock error 104!
sock error 104!
[vibe-worker-10(QapH) WRN] Failed to get remote address for TCP connection
[vibe-worker-38(RLCK) WRN] Failed to get remote address for TCP connection
[vibe-worker-19(VDTz) WRN] Failed to get remote address for TCP connection
[vibe-worker-39(n4D8) WRN] Failed to get remote address for TCP connection
[vibe-worker-40(MDTh) WRN] Failed to get remote address for TCP connection
[vibe-worker-35(Lbn6) WRN] Failed to get remote address for TCP connection
[vibe-worker-40(OIQA) WRN] Failed to get remote address for TCP connection
[vibe-worker-18(W1CN) WRN] Failed to get remote address for TCP connection
[vibe-worker-20(I2rt) WRN] Failed to get remote address for TCP connection
[vibe-worker-3(qs+0) WRN] Failed to get remote address for TCP connection
[vibe-worker-63(dCu6) WRN] Failed to get remote address for TCP connection
[vibe-worker-40(e3EO) WRN] Failed to get remote address for TCP connection
[vibe-worker-43(vwD9) WRN] Failed to get remote address for TCP connection
[vibe-worker-21(61hd) WRN] Failed to get remote address for TCP connection
[vibe-worker-40(p6sS) WRN] Failed to get remote address for TCP connection
[vibe-worker-4(rcwO) WRN] Failed to get remote address for TCP connection
[vibe-worker-5(A8h5) WRN] Failed to get remote address for TCP connection
[vibe-worker-36(SrTI) WRN] Failed to get remote address for TCP connection
[vibe-worker-40(RDN5) WRN] Failed to get remote address for TCP connection
[vibe-worker-4(z3Lu) WRN] Failed to get remote address for TCP connection
[vibe-worker-40(+xhU) WRN] Failed to get remote address for TCP connection
[vibe-worker-34(WR9J) WRN] Failed to get remote address for TCP connection
[vibe-worker-35(PEaT) WRN] Failed to get remote address for TCP connection
[vibe-worker-19(9efT) WRN] Failed to get remote address for TCP connection
[vibe-worker-9(JLVi) WRN] Failed to get remote address for TCP connection
[vibe-worker-36(kKeR) WRN] Failed to get remote address for TCP connection
[vibe-worker-36(8kRR) WRN] Failed to get remote address for TCP connection
[vibe-worker-37(HIUv) WRN] Failed to get remote address for TCP connection
[vibe-worker-17(s29J) WRN] Failed to get remote address for TCP connection
[vibe-worker-6(deaw) WRN] Failed to get remote address for TCP connection
[vibe-worker-50(aYqt) WRN] Failed to get remote address for TCP connection
[vibe-worker-48(Xbsd) WRN] Failed to get remote address for TCP connection
[vibe-worker-43(VQiG) WRN] Failed to get remote address for TCP connection
[vibe-worker-43(WMI6) WRN] Failed to get remote address for TCP connection
[vibe-worker-19(dt6S) WRN] Failed to get remote address for TCP connection
[vibe-worker-38(rVgd) WRN] Failed to get remote address for TCP connection
[vibe-worker-17(4sJn) WRN] Failed to get remote address for TCP connection
[vibe-worker-6(JqqL) WRN] Failed to get remote address for TCP connection
[vibe-worker-48(QM16) WRN] Failed to get remote address for TCP connection
[vibe-worker-6(le2O) WRN] Failed to get remote address for TCP connection
[vibe-worker-43(/l53) WRN] Failed to get remote address for TCP connection
[vibe-worker-4(p6jT) WRN] Failed to get remote address for TCP connection
[vibe-worker-5(BXoZ) WRN] Failed to get remote address for TCP connection
[vibe-worker-4(QnOy) WRN] Failed to get remote address for TCP connection
[vibe-worker-9(jXi5) WRN] Failed to get remote address for TCP connection
[vibe-worker-9(vHaG) WRN] Failed to get remote address for TCP connection
[vibe-worker-3(Q96s) WRN] Failed to get remote address for TCP connection
[vibe-worker-38(3bYF) WRN] Failed to get remote address for TCP connection
[vibe-worker-48(EiR+) WRN] Failed to get remote address for TCP connection
[vibe-worker-9(fT3I) WRN] Failed to get remote address for TCP connection
[vibe-worker-18(OMmo) WRN] Failed to get remote address for TCP connection
[vibe-worker-43(mB/m) WRN] Failed to get remote address for TCP connection
[vibe-worker-3(loRG) WRN] Failed to get remote address for TCP connection
[vibe-worker-9(l43I) WRN] Failed to get remote address for TCP connection
[vibe-worker-9(6fbf) WRN] Failed to get remote address for TCP connection
[vibe-worker-43(f9Jn) WRN] Failed to get remote address for TCP connection
[vibe-worker-3(wHNM) WRN] Failed to get remote address for TCP connection
[vibe-worker-3(GXlo) WRN] Failed to get remote address for TCP connection
[vibe-worker-3(66xc) WRN] Failed to get remote address for TCP connection
[vibe-worker-18(uokt) WRN] Failed to get remote address for TCP connection
[vibe-worker-3(Hxzk) WRN] Failed to get remote address for TCP connection
[vibe-worker-3(KTyq) WRN] Failed to get remote address for TCP connection
[vibe-worker-3(1bBr) WRN] Failed to get remote address for TCP connection
[vibe-worker-3(55o2) WRN] Failed to get remote address for TCP connection
[vibe-worker-3(GMn/) WRN] Failed to get remote address for TCP connection
[vibe-worker-3(yAnT) WRN] Failed to get remote address for TCP connection
[vibe-worker-3(QdRo) WRN] Failed to get remote address for TCP connection
[vibe-worker-3(S4OP) WRN] Failed to get remote address for TCP connection
sock error 104!
sock error 104!
sock error 104!
sock error 104!
sock error 104!
sock error 104!
sock errsock error 104or 104!
!
sock error 104!
sock error 104!
sock error 104!
sock error 104!
sock error 104!
sock error 104!
sock error 104!
sock error 104!
sock error 104!
sock error 104!
sock error 104!
sock error 104!
sock error 104!
sock error 104!
sock error 104!
sock error 104!
sock error 104!
sock error 104!
sock error 104!
sock error 104!
sock error sock error 10104!
4!
sock error 104!
sock error 104!
sock error 104!
sock sock error 104!
error 104!
sock error 104!
sock error 104!
sock error 104!
sock error 104!
sock error 10sock error 104!
sock err4!
or 104!
sock error 104!
sock error 104!
sock error 104!
socksock errorsso 10c error 10k 4ock error 104!
4!
error 104!
!
sock error 104!
sock error 104!
sock error 104!
sock error 104!
sock error 104!
sock error 104!
sock error 104!
sock error 104!
sock error 104!
sock error 104!
sock error 104sock er!
ror 104!
sock error 104!
sock error 104!
sock error 104!
sock error 104!
sock error 104!
sock error 104!
sock error 104!
sock error 104!
sock error 104!
sock error 104!
sock error 104!
sock error 104!
sock error 104!
sock error 104!
sock error 104!
sock error 104!
sock error 104!
sock error 104!
sock error 104!
sock error 104!
sock error 104!
sock error 104!
sock error 104!
sock error 104!
sock error 104!
sock error 104!
sock error 104!
sock error 104!
sock error 104!
sock error 104!
sock error 104!
sock error 104!
sock error 104!
sock error 104!
sock error 104!
sock error 104!
sock error 104!
sock error 104!
sock error 104!
sock error 104!
sock error 104!
sock error 104!
sock error 104!
sock error 104!
sock error 104!
sock error 104!
sock error 104!
sock error 104!
sock error 104!
sock error 104!
sock error 104!
sock error 104!
sock error 104!
sock error 104!
sock error 104!
sock error 104!
sock error 104!
sock error 104!
sock error 104!
sock error 104!
sock error 104!
sock error 104!
sock error 104!
sock error 104!
sock error 104!
sock error 104!
sock error 104!
sock error 104!
sock error 104!
sock error 104!
sock error 104!
sock error 104!
socsock errk errsor oock error 104!
104!
r 104!
sock error 104!
sock error 104!
sock error 104!
ssock error 104!
ock error 104!
sock error 104!
sock error 104!
sock error 104!
sock error 104!
sock error 104!
sock error 104!
sock error 104!
sock error 104!
sock error 104!
sock error 104!
sock error 104!
sock error 104!
sock error 104!
sock error 104!
sock error 104!
sock error 104!
sock error 104!
sock error 104!
sock error 104!
sock error 104!
sock error 104!
sock error 104!
sock error 104!
sock error 104!
sock error 104!
sock error 104!
sock error 104!
sock error 104!
sock error 104!
sock error 104!
sock error 104!
sock error 104!
sock error 104!
sock error 104!
sock error 104!
sock error 104!
sock error 104!
sock error 104!
sock error 104!
sock error 104!
sock error 104!
sock error 104!
sock error 104!
sock error 104!
sock error 1sock erro04!
r 104!
sock error 104!
sock error 104!
sock error 104!
sock error 104!
sock error 104!
sock error 104!
sock error 104!
sock error 104!
sock error 104!
sock error 104!
sock error 104!
sock error 104!
sock error 104!
sock error 104!
sock error 104!
sock error 104!
sock error 104!
sock error 104!
sock error 104!
sock error 104!
sock error 104!
sock error 104!
sock error 104!
sock error 104!
sock error 104!
sock error 104!
sock error 104!
sock error 104!
sock error 104!
sock error 104!
sock error 104!
sock error 104!
sock error 104!
sock error 104!
sock error 104!
sock error 104!
sock error 104!
sock error 104!
sock error 104!
sock error 104!
sock error 104!
sock error 104!
sock error 104!
sock error 104!
sock error 104!
sock error 104!
sock error 104!
sock error 104!
sock error 104!
sock error 104!
sock error 104!
sock error 104!
sock error 104!
sock error 104!
sock error 104!
sock error 104!
sock error 104!
sock error 104!
sock error 104!
sock error 104!
sock error 104!
sock error 104!
sock error 104!
sock error 104!
sock error 104!
sock error 104!
sock error 104!
sock error 104!
sock error 104!
sock error 104!
sock error 104!
sock error 104!
sock error 104!
sock error 104!
sock error 104!
sock error 104!
sock error 104!
sock error 104!
sock error 104!
sock error 104!
sock error 104!
sock error 104!
sock error 104!
sock error 104!
sock error 104!
sock error 104!
sock error 104!
sock error 104!
sock errsock error 104!
or 104!
sock error 104!
sock error 104!
sock error 104!
sock error 104!
sock error 104!
sock error 104!
sock error 104!
sock error 104!
sock error 104!
sock error 104!
sock error 104!
sock error 104!
sock error 104!
sock error 104!
sock error 104!
sock error 104!
sock error 104!
sock error sock error 104!
104!
sock error 104!
sock error 104!
sock error 104!
sock error 104!
sock error 104!
sock error 104!
sock error 104!
sock error 104!
socsock error 104!sock ek error 104!
rror 104!

sock error 104!
sock error 104!
sock error 104!
sock error 104!
ssock error 104!
ock error 104!
sock error 104!
sock sock error 104!
soeck error 104!
rror 104!
sock error 104!
sock error 104!
sock error 104!
sock error 104!
sock error 104!
sock error 104!
sock error 104!
sock error 104!
sock error 104!
sock error 104!
sock error 104!
sock error 104!
sock error 104!
sock error 104!
sock error 104!
sosock error 104!
ck error 104!
sock error 104!
sock esock error 104!
rror 104!
sock error 104!
sock error 104!
sock error 104!
sock error 104!
sock error 104!
sock error 104!
sock error 104!
sock error 104!
sock error 104!
sock error 104!
sock error 104!
sock error 104!
sock error 104!
sock error 104!
sock error 104!
sock error 104!
sock error 104!
sock error 104!
sock error 104!
sock error 104!
sock error 104!
sock error 104!
sock error 104!
sock error 104!
sock error 104!
sock error 104!
sock error 104!
sock error 104!
sock error 104!
sock error 104!
sock error 104!
sock error 104!
sock error 104!
sock error 104!
sock error 104!
sock error 104!
sock error 104!
sock error 104sock error 104!
!
sock error 104!
sock error 104!
sock error 104!
sock error 104!
sock error 104!
sock error 104!
sock error 104!
sock error 104!
sock error 104!
sock error 104!
sock error 104!
sock error 104!
sock error 104!
sock error 104!
sock error 104!
sock error 104!
sock error 104!
sock error 104!
sock error 104!
sock error 104!
sock error 104!
sock error 104!
sock error 104!
sock errsock error 1or 104!
04!
sock error 104!
sock error 104!
sock error 104!
sock error 104!
sock error 104!
sock error 104!
sock error 104!
sock error 104!
sock error 104!
sock error 104!
sock error 104!
sock error 104!
sock error 104!
sock error 104!
sock error 104!
sock error 104!
sock error 104!
sock error 104!
sock error 104!
sock error 104!
sock error 104!
sock error 104!
sock error 104!
sock error 104!
sock error 104!
sock error 104!
sock error 104!
sock error 104!
sock error 104!
sock error 104!
sock error 104!
sock error 104!
sock error 104!
sock error 104!
sock error 104!
sock error 104!
sock error 104!
sock error 104!
sock error 104!
sock error 104!
sock error 104!
sock error 104!
sock error 104!
sock error 104!
sock error 104!
sock error 104!
sock ersock error 104!
ror 104!
sock error 104!
sock error 104!
sock error 104!
sock error 104!
sock error 104!
sock error 104!
sock error 104!
sock error 104!
sock error 104!
sock error 104!
sock error 104!
sock error 104!
sock error 104!
sock error 104!
sock error 104!
sock error 104!
ssock error 104!
ock error 104!
sock error 104!
sock error 104!
sock error 104!
sock error 104!
sock error 104!
sock error 104!
sock error 104!
sock error 104!
sock error 104!
sock error 104!
sock error 104!
sock error 104!
sock error 104!
sock error 104!
sock error 104!
sock error 104!
sock error 104!
sock error 104!
sock error 104!
sock error 104!
sock error 104!
sock error 104!
sock error 104!
sock errosock error 104!
sock error 104!
r 104!
sock error 104!
sock error 104!
sock error 104!
sock error 104!
sock error 104!
sock error 104!
sock error 104!
sock error 104!
sock error 104!
sock error 104!
sock error 104!
sock error 104!
sock error 104!
sock error 104!
sock error 104!
sock error 104!
sock error 104!
sock error 104!
sock error 104!
sock error 104!
sock errorsock error 104!
 104!
sock error 104!
sock error 104!
sock error 104!
sock error 104!
sock error 104!
sock error 104!
sosock error 104!
ck error 104!
sock error 104!
sock error 104!
sock error 104!
sock error 104!
sock error 104!
sock error 104!
sock error 104!
sock error 104!
sock error 104!
sock error 104!
sock error 104!
sock error 104!
sock error 104!
sock error 104!
sock error 104!
sock error 104!
sock error 104!
sock error 104!
sock error 104!
sock error 104!
sock error 104!
sock error 104!
sock error 104!
sock error 104!
sock error 104!
sock error 104!
sock error 104!
sock error 104!
sock error 104!
sock error 104!
sock error 104!
sock error 104!
sock error 104!
sock error 104!
sock error 104!
sock error 104!
sock error 104!
sock error 104!
sock error 104!
sock error 104!
sock error 104!
sock error 104!
sock error 104!
sock error 104!
sock error 104!
sock error 104!
sock error 104!
sock error 104!
sock error 104!
sock error 104!
sock error 104!
sock errosock error 104!
r 104!
sock error 104!
sock error 104!
sock error 104!
sock error 104!
sock error 104!
sock error 104!
sock error 104!
sock error 104!
sock error 104!
sock error 104!
sock error 104!
sock error 104!
sock sock socksoerror 104!
ck error 104 error error 1!04!
104!

sock error 104!
sock error 104!
sock error 104!
sock error 104!
sock error 104!
sock error 104!
sock error 104!
sock error 104!
sock error 104!
sock error 104!
sock error 104!
sock error 104!
sock error 104!
sock error 104!
sock error 104!
sock error 104!
sock error 104!
sock error 104!
sock error 104so!
ck error 104!
sock error 104!
sock error 104!
sock error 104!
sock error 104!
sock error 104!
sock error 104!
sock error 104!
sock error 104!
sock error 104!
sock error 104!
sock error 104!
sock error 104!
sock error 104!
sock error 104!
sock error 104!
sock error 104!
sock error 104!
sock error 104!
sock error 104!
sock error 104!
sock error 104!
sock error 104!
sock error 104!
sock error 104!
sock error 104!
sock error 104!
sock error 104!
sock error 104!
sock error 104!
sock error 104!
sock error 104!
sock error 104!
sock error 104!
sock error 104!
sock error 104!
sock error 104!
sock error 104!
sock error 104!
sock error 104!
sock error 104!
sock error 104!
sock error 104!
sock error 104!
sock error 104!
sock error 104!
sock error 104!
sock error 104!
sock error 104!
sock error 104!
sock error 104!
sock error 104!
sock error 104!
sock error 104!
sock error 104!
sock error 104!
sosock error c104!
k error 104!
sock error 104!
sock error 104!
sock error 104!
sock error 104!
sock error 104!
sock error 104!
sock error 104!
sock error 104!
sock error 104!
sock error 104!
sock error 104!
sock error 104!
sock error 104!
sock error 104!
sock error 104!
sock error 104!
sock error 104!
sock error 104!
sock error 104!
sock error 104!
sock error 104!
sock error 104!
sock error 104!
sock error 104!
sock error 104!
sock error 104!
sock error 104!
sock error 104!
sock error 104!
sock error 104!
socsok error 10ck error 104!
4!
sock error 104!
sock error 104!
sock error 104!
sock error 104!
sock error 104!
sock error 104!
sock error 104!
sock error 104!
sock error 104!
sock error 104!
sock error 104!
sock error 104!
sock error 104!
sock error 104!
sock error 104!sock error 104!

sock error 104!
sosock error 104!
ck error 104!
sock error 104!
sock error 104!
sock error 104!
sock error 104!
sock error 104!
sock error 104!
sock error 104!
sock error 104!
sock error 104!
sock error 104!
sock error 104!
sock error 104!
sock error 104!
sock error 104!
sock error 104!
sock error 104!
sock error 104!
sock error 104!
sock error 104!
sock error 104!
sock error 104!
sock error 104!
sock error 104!
sock error 104!
sock error 104!
sock error 104!
sock error 104!
sock error 104!
sock error 104!
sock error 104!
sock error 104!
sock error 104!
sock error 104!
sock error 104!
sock error 104!
sock error 104!
sock error 104!
sock error 104!
sock error 104!
sock error 104!
sock error 104!
sock error 104!
sock error 104!
sock error 104!
sock error 104!
sock error 104!
sock error 104!
sock error 104!
sock error 104!
sock error 104!
sock error 104!
sock error 104!
sock error 104!
sock error 104!
sock error 104!
sock error 104!
sock error 104!
sock error 104!
sock error 104!
sock error 104!
sock error 104!
sock error 104!
sock error 104!
sock error 104!
sock error 104!
sock error 104!
sock error 104!
sock error 104!
sock error 104!
sock error 104!
sock error 104!
sock error 104!
sock error 104!
sock error 104!
sock error 104!
sock error 104!
sock error 104!
sock error 104!
sock error 104!
sock error 104!
sock error 104!
sock error 104!
sock error 104!
sock error 104!
sock error 104!
sock error 104!
sock error 104!
sock error 104!
sock error 104!
sock error 104!
sock error 104!
sock error 104!
sock error 104!
sock error 104!
sock error 104!
sock error 104!
sock error 104!
sock error 104!
sock error 104!
sock error 104!
sock error 104!
sosock error 104!
ck error 104!
sock error 104!
sock error 104!
sock error 104!
sock error 104!
sock error 104!
sock error 104!
sock error 104!
sock error 104!
sock error 104!
sock error 104!
sock error 104!
sock error 104!
sock error 104!
sock error 104!
sock error 104!
sock error 104!
sock error 104!
sock error 104!
sock error 104!
sock error 104!
sock error 104!
sock error 104!
sock error 104!
sock error 104!
sock error 104!
sock error 104!
sock error 104!
sock error 104!
sock error 104!
sock error 104!
sock error 104!
sock error 104!
sock error 104!
sock error 104!
sock error 104!
sock error 104!
sock error 104!
sock error 104!
sock error sock error 104!
sock error 104!
104!
sock error 104!
sock error 104!
sock error 104!
sock error 104!
socksock error 104!
sock error 104!
 error 104!
sock error 104!
sock error 104!
sock error 104!
sock error 104!
sock error 104!
sock error 104!
sock error 104!
sock error 104!
sock error 104!
sock error 104!
sock error 104!sock error sock error104!
 104!

sock error 104!
sock error 104!
sock error 104!
sock error 104!
sock error 104!
sock error 104!
sock error 104!
sock error 104!
sock error 104!
sock error 104!
sock error 104!
sock error 104!
sock error 104!
sock error 104!
sock error 104!
sock error 104!
sock error 104!
sock error 104!
sock error 104!
sock error 104!
sock error 104!
sock error 104!
sock error 104!
sock error 104!
ssock error 104!
ock error 104!
sock error 104!
sock error 104!
sock error 104!
sock error 104!
sock error 104!
sock error 104!
sock error 104!
sock error 104!
sock error 104!
sock error 104!
sock error 104!
sock error 104!
sock error 104!
sock error 104!
sock error 104!
sock error 104!
sock error 104!
sock error 104!
sock error 104!
sock error 104!
sock error 104!
sock error 104!
sock error 104!
sock error 104!
sock error 104!
sock error 104!
sock error 104!
sock error 104!
sock error 104!
sock error 104!
sock error 104!
sock error 104!
sock error 104!
sock error 104!
sock error 104!
sock error 104!
sock error 104!
sock error 104!
sock error 104!
sock error 104!
sock error 104!
sock error 104!
sock error 104!
sock error 104!
sock error 104!
sock error 104!
sock error 104!
sock error 104!
sock error 104!
sock error 104!
sock error 104!
sock error 104!
sock error 104!
sock error 104!
sock error 104!
sock error 104!
sock error 104!
sock error 104!
sock error 104!
sock error 104!
sock error 104!
sock error 104!
sock error 104!
sock error 104!
sock error 104!
sock error 104!
sock error 104sock error 104!
!
sock error 104!
sock error 104!
sock error 104!
sock error 104!
sock error 104!
sock error 104!
sock error 104!
sock error 104!
sock error 104!
sock error 104!
sock error 104!
sock error 104!
sock error 104!
sock error 104!
sock error 104!
sock error 104!
sock error 104!
sock error 104!
sock error 104!
sock error 104!
sock error 104!
sock error 104!
sock error 104!
sock error 104!
sock error 104!
sock error 104!
sock error 104!
sock error 104!
sock error 104!
sock error 104!
sock error 104!
sock error 104!
sock error 104!
sock error 104!
sock error 104!
sock error 104!
sock error 104!
sock error 104!
sock error 104!
sock error 104!
sock error 104!
sock error 104!
sock error 104!
sock error 104!
sock error 104!
sock error 104!
sock error 104!
sock error 104!
sock error 104!
sock error 104!
sock error 104!
sock error 104!
sock errsock error or 104!
104!
sock error 104!
sock error 104!
sock error 104!
sock error 104!
sock error 104!
sock error 104!
sock error 104!
sock error 104!
sock error 104!
sock error 104!
sock error 104!
sock error 104!
sock error 104!
sock error 104!
sock error 104!
sock error 104!
sock error 104!
sock error 104!
sock error 104!
sock error 104!
sock error 104!
sock error 104!
sock error 104!
sock error 104!
sock error 104!
sock error 104!
sock error 104!
sock error 104!
sock error 104!
sock error 104!
sock error 104!
sock error 104!
sock error 104!
sock error 104!
sock error 104!
sock error 104!
sock error 104!
sock error 104!
sock error 104!
sock error 104!
sock error 104!
sock error 104!
sock error 104!
sock error 104!
sock error 104!
sock error 104!
sock error 104!
sock error 104!
sock error 104!
sock error 104!
sock error 104!
sock error 104!
sock error 104!
sock error 104!
sock error 104!
sock error 104!
sock error 104!
sock error 104!
sock error 104!
sock error 104!
sock error 104!
sock error 104!
sock error 104!
sock error 104!
sock error 104!
sock error 104!
sock error 104!
sock error 104!
sock error 104!
sock error 104!
sock error 104!
sock error 104!
sock error 104!
sock error 104!sock error
 104!
sock error 104!
sock error 104!
sock error 104!
sock error 104!
sock error 104!
sock error 104!
sock error 104!
sock error 104!
sock error 104!
sock error 104!
sock error 104!
sock error 104!
sock error 104!
sock error 104!
sock error 104!
sock error 104!
sock error 104!
sock error 104!
sock error 104!
sock error 104!
sock error 104!
sock error 104!
sock error 104!
sock error 104!
sock error 104!
sock error 104!
sock error 104!
sock error 104!
sock error 104!
sock error 104!
sock error 104!
sock error 104!
sock error 104!
sock error 104!
sock error 104!
sock error 104!
sock error 104!
socksock error 104!
 error 104!
sock error 104!
sock error 104!
sock error 104!sock error 104!

sock error 104!
sock error 104!
socsock error 104!
k error 104!
sock error 104!
sock error 104!
sock error 104!
sock error 104!
sock error 104!
sock error 104!
sock error 104!
sock error 104!
sock sock error 104!
sock error 104!
error 104!
sock error 104!
sock error 104!
sock error 104!
sock error 104!
sock error 104!
sock error 104!
sock error 104!
sock error 104!
sock error 104!
sock error 104!
sock error 104!
sock error 104!
sock error 104!
sock error 104!
sock error 104!
sock error 104!
sock error 104!
sock error 104!
sock error 104!
sock error 10sock error 104!
4!
sock error 104!
sock error 104!
sock error 104!
sock error 104!
sock error 104!
sock error 104!
sock error 104!
sock error 104!
sock error 104!
sock error 104!
sock error 104!
sock error 104!
sock error 104!
sock error 104!
sock error 104!
sock error 104!
sock error 104!
ssock error 104!
ock error 104!
sock error 104!
sock error 104!
sock error 104!
sock error 104!
sock error 104!
sock error 104!
sock error 104!
sock error 104!
sock error 104!
sock error 104!
sock error 104!
sock error 104!
sock error 104!
sock error 104!
sock error 104!
sock error 104!
sock error 104!
sock error 104!
sock error 104!
sock error 104!
sock error 104!
sock error 104!
sock error 104!
sock error 104!
sock error 104!
sock error 104!
sock error 104!
sock error 104!
sock error 104!
sock error 104!
sock error 104!
sock error 104!
sock error 104!
sock error 104!
sock error 104!
sock error 104!
sock error 104!
sock error 104!
sock error 104!
sock error 104!
sock error 104!
sock error 104!
sock error 104!
sock error 104!
sock error 104!
sock error 104!
sock error 104!
sock error 104!
sock error 104!
sock error 104!
sock error 104!
sock error 104!
sock error 104!
sock error 104!
sock error 104!
sock error 104!
sock error 104!
sock error 104!
sock error 104!
sock error 104!
sock error 104!
sock error 104!
sock error 104!
sock error 104!
sock error 104!
sock error 104!
sock error 104!
sock error 104!
sock error 104!
sock error 104!
sock error 104!
sock error 104!
sock error 104!
sock error 104!
sock error 104!
sock error 104!
sock error 104!
sock errsocksoor soc1ck 04!e
k error r err1ro04!or r1
04!
 104!
sock error 104sock error 104!
!
sock error 104!
sock error 104!
sock error 104!
sock error 104!
sock error 104!
sock error 104!
sock error 104!
sock error 104!
sock error 104!
sock error 104!
sock error 104!
sock error 104!
sock error 104!
sock error 104!
sock error 104!
sock error 104!
sock error 104!
sock error 104!
sock error 104!
sock error 104!
sock error 104!
sock error 104!
sock error 104!
sock error 104!
sock error 104!
sock error 104!
sock error 104!
sock error 104!
sock error 104!
sock error 104!
sock error 104!
sock error 104!
sock error 104!
sock error 104!
sock error 104!
sock error 104!
sock error 104!
sock error 104!
sock error 104!
sock error 104!
sock error 104!
sock error 104!
sock error 104!
sock error 104!
sock error 104!
sock error 104sock error 104!
!
sock error 104!
sock error 104!
sock error 104!
sock error 104!
sock error 104!
sock error 104!
sock error 104!
sock error 104!
sock error 104!
sock error 104!
sock error 104!
sock error 104!
sock error 104!
sock error 104!
sock error 104!
sock error 104!
sock error 104!
sock error 104!
sock error 104!
sock error 104!
sock error 104!
sock error 104!
sock error 104!
sock error 104!
ssock error 104!
ock error 104!
sock error 104!
sock error 104!
sock error 104!
sock error 104!
sock error 104!
sock error 104!
sock error 104!
sock error 104!
sock error 104!
sock error 104!
sock error 104!
sock error 104!
sock error 104!
sock error 104!
sock errosock error 104!
r 104!
sock error 104!
sock errosock error 104!
r 104!
sock error 104!
sock error 104!
sock error 104!
sock error 104!
sock error 104!
sock error 104!
sock error 104!
sock error 104!
sock error 104!
socsock error 104!
k error 104!
sock error 104!
sock error 104!
sock error 104!
sock error 104!
sock error 104!
sock error 104!
sock error 104!
sock error 104!
sock error 104!
sock error 104!
sock error 104!
sock error 1sock erro04!
r 104!
sock error 104!
sock error 104!
sock error 104!
sock error 104!
sock error 104!
sock error 104!
sock error 104!
sock error 104!
sock error 104!
sock error 104!
sock error 104!
sock error 104!
sock error 104!
sock error 104!
sock error 104!
sock error 104!
sock error 104!
sock error 104!
sock error 104!
sock error 104!
sock error 104!
sock error 104!
sock error 104!
sock error 104!
sock error 104!
sock error 104!
sock error 104!
sock error 104!
sock error 104!
sock error 104!
sock error 104!
sock error 104!
sock error 104!
sock error 104!
sock error 104!
sock error 104!
sock error 104!
sock error 104!
socksock error 104!
 error 104!
sock error 104!
sock error 104!
sock error 104!
sock error 104!
sock error 104!
sock error 104!
sock error 104!
sock error 104!
sock error 104!
sock error 104!
sock error 104!
sock error 104!
sock error 104!
sock error 104!
sock error 104!
sock error 104!
sock error 104!
sock error 104!
sock error 104!
sock error 104!
sock error 104!
sock error 104!
sock error 104!
sock error 104!
sock error 104!
sock error 104!
sock error 104!
sock error 104!
sock error 104!
sock error 104!
sock error 104!
sock error 104!
sock error 104!
sock error 104!
sock error 104!
sock error 104!
sock error 104!
sock error 104!
sock error 104!
sock error 104!
sock error 104!
sock error 104!
sock error 104!
sock error 104!
sock error 104!
sock error 104!
sock error 104!
sock error 104!
sock error 104!
sock error 104!
sock error 104!
sock error 104!
sock error 104!
sock error 104!
sock error 104!
sock error 104!
sock error 104!
sock error 104!
sock error 104!
sock error 104!
sock error 104!
sock error 104!
sock error 104!
sock error 104!
sock error 104!
sock error 104!
sock error 104!
sock error 104!
sock error 104!sock error
 104!
sock error 104!
sock error 104!
sock error 104!
sock error 104!
sock error 104!
sock error 104!
sock error 104!
sock error 104!
sock error 104!
sock error 104!
sock error 104!
sock error 104!
sock error 104!
sock error 104!
sock error 104!
sock error 104!
sock error 104!
sock error 104!
sock error 104!
sock error 104!
sock error 104!
sock error 104!
sock error 104!
sock error 104!
sock error 104!
sock error 104!
sock error 104!
sock error 104!
sock error 104!
sock error 104!
sock error 104!
sock error 104!
sock error 104!
sock error 104!
sock error 104!
sock error 104!
sock error 104!
sock error 104!
sock error 104!
sock error 104!
sock error 104!
sock error 104!
sock error 104!
sock error 104!
sock error 104!
sock error 104!
sock error 104!
sock error 104!
sock error 104!
sock error 104!
sock error 104!
sock error 104!
sock error 104!
sock error 104!
sock error 104!
sock error 104!
sock error 104!
sock error 104!
sock error 104!
sock error 104!
sock error 104!
sock error 104!
sock error 104!
sock error 104!
sock error 104!
sock error 104!
sock error 104!
sock error 104!
sock error 104!
sock error 104!
sock error 104!
sock error 104!
sock error 104!
sock error 104!
sock error 104!
sock error 104!
sock error 104!
sock error 104!
sock error 104!
sock error 104sock error 104!
!
sock error 104!
sock error 104!
sock error 104!
sock error 104!
ssock error 104!
sock ock error 104!
sock error 104!
error 104!
sock error 104!
sock error 104!
sock error 104!
sock error 104!
sock error 104!
sock error 104!
sock error 104!
sock error 104!
sock error 104!
sock error 104!
sock error 104!
sock error 104!
sock error 104!
sock error 104!
sock error 104!
sock error 104!
sock error 104!
sock error 104!
sock error 104!
sock error 104!
sock error 104!
sock error 104!
sock error 104!
sock error 104!
sock error 104!
sock error 104!
sock error 104!
sock error 104!
sock errsock eor 104rror!
 104!
sock error ssock e1ock e04rro!r
r 104!
ror 104!
sock error 104!
sock error 104!
sock error 104!
sock error 104!
sock error 104!
sock error 104!
sock error 104!
sock error 104!
sock error 104!
sock error 104!
sock error 104!
sock error 104!
sock error 104!
sock error sock error 104!
104!
sock error 104!
sock error 104!
sock error 104!
sock error 104!
sock error 104!
sock error 104!
sock error 104!
sock error 104!
sock error 104!
sock error 104!
sock error 104!
sock error 104!
sock error 104!
sock error 104!
sock error 104!
sock error 104!
sock error 104!
sock error 104!
sock error 104!
sock error 104!
sock error 104!
sock error 104!
sock error 104!
sock error 104!
sock error 104!
sock error 104!
sock error 104!
sock error 104!
sock error 104!
sock error 104!
sock error 104!
sock error 104!
sock error 104!
sock error 104!
sock error 104!
sock error 104!
sock error 104!
sock error 104!
sock error 104!
sock error 104!
sock error 104!
sock error 104!
sock error 104!
sock error 104!
sock error 104!
sock error 104!
sock error 104!
sock error 104!
sock error 104!
sock error 104!
sock error 104!
sock error 104!
sock error 104!
sock error 104!
sock error 104!
sock error 104!
sock error 104!
sock error 104!
sock error 104!
sock error 104!
sock error 104!
sock error 104!
sock error 104!
sock error 104!
sock error 104!
sock error 104!
sock error 104!
sock error 104!
sock error 104!
sock error 104!
sock error 104!
sock error 104!
sock error 104!
sock error 104!
sock error 104!
sock error 104!
sock error 104!
sock error 104!
sock error 104!
sock error 104!
sock error 104!
sock error 104!
sock error 104!
sock error 104!
sock error 104!
sock error 104!
sock error 104!
sock error 104!
sock error 104!
sock error 104!
sock error 104!
sock error 104!
sock error 104!
sock error 104!
sock error 104!
sock error 104!
sock error 104!
sock ersock error 104ror 104!
!
sock error 104!
sock error 104!
sock error 104!
sock error 104!
sock error 104!
sock error 104!
sock error 104!
sock error 104!
sock error 104!
sock error 104!
sock error 104!
sock error 104!
sock error 104!
sock error 104!
sock error 104!
sock error 104!
sock error 104!
sock error 104!
sock error 104!
sock error 104!
sock error 104!
sock error 104!
sock error 104!
sock error 104!
sock error 104!
sock error 104!
sock error 104!
sock error 104!
sock error 104!
sock error 104!
sock error 104!
sock error 104!
sock error 104!
sock error 104!
sock error 104!
sock error 104!
sock error 104!
sock error 104!
sock error 104!
sock error 104!
sock error 104!
sock error 104!
sock error 104!
sock error 104!
sock error 104!
sock error 104!
sock error 104!
sock error 104!
sock error 104!
sock error 104!
sock error 104!
sock error 104!
sock error 104!
sock error 104!
sock error 104!
sock error 104!
sock error 104!
sock error 104!
sock error 104!
sock error 104!
sock error 104!
sock error 104!
sock error 104!
sock error 104!
sock error 104!
sock error 104!
sock error 104!
sock error 104!
sock error 104!
sock error 104!
sock error 104!
sock error 104!
sock errorsock error 104!
 104!
sock error 104!
sock error 104!
sock error 104!
sock error 104!
sock error 104!
sock error 104!
sock error 104!
sock error 104!
sock error 104!
sock error 104!
sock error 104!
sock error 104!
sock error 104!
sock error 104!
sock error 104!
sock error 104!
sock error 104!
sock error 104!
sock error 104!
sock sock error 104!
error 104!
sock error 104!
sock error 104!
sock error 104!
sock error 104!
sock error 104!
sock error 104!
sock error 104!
sock error 104!
sock error 104!
sock error 104!
sock error 104!
sock error 104!
sock error 104!
sock error 104!
sock error 104!
sock error 104!
sock error 104!
sock error 104!
sock error 104!
sock error 104!
sock error 104!
sock error 104!
sock error 104!
sock error 104!
sock error 104!
sock error 104!
sock error 104!
sock error 104!
sock error 104!
sock error 104!
sock error 104!
sock error 104!
sock errosock error 104!
sock error rs 104!
104!
ock error 104!
sock error 104!
sock error 104!
sock error 104!
sock error 104!
sock error 104!
sock error 104!
sock error 104!
sock error 104!
sock error 104!
sock error 104!
sock error 104!
sock error 104!
sock error 104!
sock error 104!
sock error 104!
sock error 104!
sock error 104!
sock error 104!
sock error 104!
sock error 104!
sock error 104!
sock error 104!
sock error 104!
sock error 104!
sock error 104!
sock error 104!
sock error 104!
sock error 104!
sosock error 104!
ck error 104!
sock error 104!
sock error 104!
sock error 104!
sock error 104!
sock error 104!
sock error 104!
sock error 104!
sock error 104!
sock error 104!
sock error 104!
sock error 104!
sock error 104!
sock error 104!
sock error 104!
sock error 104!
sock error 104!
sock error 104!
sock error 104!
sock errsock error 104!
or 104!
sock error 104!
sock error 104!
sock error 10sock error 104!
4!
sock error 104!
sock error 104!
sock error 104!
sock error 104!
sock error 104!
sock errsock errosock eror 104!
ror 104!
r 104!
sock error 104!
sock error 104!
sock error 104!
sock error 104!
sock error 104!
sock error 104!
sock error 104!
sock error 104!
sock error 104!
sock error 104!
sock error 104!
sock error 104!
sock error 104!
sock error 104!
sock error 104!
sock error 104!
sock error 104!
sock error 104!
sock error 104!
sock error 104!
sock error 104!
sock error 104!
sock error 104!
sock error 104!
sock error 104!
sock error 104!
sock error 104!
sock error 104!
sock error 104!
sock error 104!
sock error 104!
sock error 104!
sock error 104!
sock error 104!
sock error sock error 104!
104!
sock error 104!sock error 104
!
sock error 104!
sock error 104!
sock error 104!
sock error 104!
sock error 104!
sock error 104!
sock error 104!
sock error 104!
sock error 104!
sock error 104!
sock errosock error s10r oc104!
k error 104!
4!
sock error 104!
sock error 104!
sock error 104!
sock error 104!
sock error 104!
sock error 104!
sock error 104!
sock error 104!
sock error 104!
sock error 104!
sock error 104!
sock error 104!
sock error 104!
sock error 104!
sock error 104!
sock error 104!
sock error 104!
sock error 104!
sock error 104!
sock error 104!
sock error 104!
sock error 104!
sock error 104!
sock error 104!
sock error 104!
sock error 104!
sock error 104!
sock error 104!
sock error 104!
sock error 104!
sock error 104!
sock error 104!
sock error 104!
sock error 104!
sock error 104!
sock error 104!
sock error 104!
sock error 104!
sock error 104!
sock error 104!
sock error 104!
sock error 104!
sock error 104!
sock error 104!
sock error 104!
sock error 104!
sock error 104!
sock error 104!
socksock error 104!
sock error 104!
 error 104!
sock error 104!
sock error 104!
sock error 104!
sock error 104!
sock error 104!
sock error 104!
sock error 104!
sock error 104!
sock error 104!
sock error 104!
sock error 104!
sock error 104!
sock error 104!
sock error 104!
sock error 104!
sock error 104!
sock error 104!
sock error 104!
sock error 104!
sock error 104!
sock error 104!
sock error 104!
sock error 104!
sock error 104!
sock error 104!
sock error 104!
sock error 104!
sock error 104!
sock error 104!
sock error 104!
sock error 104!
sock error 104!
sock error 104!
sock error 104!
sock error 104!
sock error 104!
ssock error 1sock error 1004!
sock error 104!ock e
rror 104!
4!
sock error 104!
sock error 104!
socsock error 104!
k error 104!
sock error 104!
sock error 104!
sock error 104!
sock error 104!
sock error 104!
sock error 104!
sock error 104!
sock error 104!
sock error 104!
sock error 104!
sock error 104!
sock error 10sock error 104!
4!
sock error 104!
sock error 104!
sock error 104!
sock error 104!
sock error 104!
sock error 104!
sock ersock error 104!
ror 104!
sock error 104!
sock error 104!
sock error 104!
sock error 104!
sock error 104!
sock error 104!
sock error 104!
sock error 104!
sock error 104!
sock error 104!
ssock error osock error ck error 104!
104!
104!
sock error 104!
sock error 104!
sock error 104!
sock error 104!
sock error 104!
sock error 104!
sock error 104!
sock error 104!
sock error 104!
sock error 104!
sock error 104!
sock error 104!
sock error 104!
sock error 104!
sock error 104!
sock error 104!
sock error 104!
sock error 104!
sock error 104!
sock error 104!
sock error 104!
sock error 104!
sock error 104!
sock error 104!
sock error 104!
sock error 104!
sock error 104!
sock error 104!
sock error 104!
sock error 104!
sock error 104!
sock error 104!
sock error 104!
sock error 104!
sock error 104!
sock error 104!
sock error 104!
sock error 104!
sock error 104!
sock error 104!
sock error 104!
sosock error 104!
ck error 104!
sock error 104!
sock error 104!
sock error 104!
sock error 104!
sock error 104!
sock error 104!
sock error 104!
sock error 104!
sock error 104!
sock error 104!
sock error 104!
sock error 104!
sock error 104!
sock error 104!
sock error 104!
sock error 104!
sock error 104!
sock error 104!
sock error 104!
sock error 104!
sock error 104!
sock error 104!
sock error 104!
sock error 104!
sock error 104!
sock error 104!
sock error 104!
sock error 104!
sock error 104!
sock error 104!
sock error 104!
sock error 104!
sock error 104!
sock error 104!
sock error 104!
sock error 104!
sock error 104!
sock error 104!
sock error 104!
sock error 104!
sock error 104!
sock error 104!
sock error 104!
sock error 104!
sock error 104!
sock error 104!
sock error 104!
sock error 104!
sock error 104!
sock error 104!
sock error 104!
sock error 104!
sock error 104!
sock error 104!
sock error 104!
sock error 104!
sock error 104!
sock error 104!
sock error 104!
sock error 104!
sock error 104!
sock error 104!
sock error 104!
sock error 104!
sock error 104!
sock error 104!
sock error 104!
sock error 104!
sock error 104!
sock error 104!
sock error 104!
sock error 104!
sock error 104!
sock error 104!
sock error 104!
sock error 104!
sock error 104!
sock error 104!
sock error 104!
sock error 104!
sock error 104!
sock error 104!
sock error 104!
sock error 104!
sock error 104!
sock error 104!
sock error 104!
sock error 104!
sock error 104!
sock error 104!
sock error 104!
sock error 104!
sock error 104!
sock error 104!
sock error 104!
sock error 104!
sock error 104!
sock error 104!
sock error 104!
sock error 104!sock error 104!

sock error 104!
sock error 104!
sock error 104!
sock error 104!
sock error 104!
sock error 104!
sock error 104!
sock error 104!
sock error 104!
sock error 104!
sock error 104!
sock error 104!
sock error 104!
sock error 104!
sock error 104!
sock error 104!
sock error 104!
sock error 104!
sock error 104!
sock error 104!
sock error 104!
sock error 104!
sock error 104!
sock error 104!
sock error 104!
sock error 104!
sock error 104!
sock error 104!
sock error 104!
sock error 104!
sock error 104!
sock error 104!
sock error 104!
sock error 104!
sock error 104!
sock error 104!
sock error 104!
sock error 104!
sock error 104!
sock error 104!
sock error 104!
sock error 104!
sock error 104!
sock error 104!
sock error 104!
sock error 104!
sock error 104!
sock error 104!
sock error 104!
sock error 104!
sock error 104!
sock error 104!
sock error 104!
sock error 104!
sock error 104!
sock error 104!
sock error 104!
sock error 104!
sock error 104!
sock error 104!
sock error 104!
sock error 104!
sock error 104!
sock error 104!
sock error 104!
sock error 104!
sock error 104!
sock error 104!
sock error 104!
sock error 104!
sock error 104!
sock error 104!
sock error 104!
sock error 104!
sock error 104!
sock error 104!
sock error 104!
sock error 104!
sock error 104!
sock error 104!
sock error 104!
sock error 104!
sock error 104!
sock error 104!
sock error 104!
sock error 104!
sock error 104!
sock error 104!
sock error 104!
sock error 104!
sock error 104!
sock error 104!
sock error 104!
sock error 104!
sock error 104!
sock error 104!
sock error 104!
sock error 104!
sock error 104!
sock error 104!
sock error 104!
sock error 104!
sock error 104!
sock error 104!
sock error 104!
sock error 104!
sock error 104!
sock error 104!
sock error 104!
sock error 104!
sock error 104!
sock error 104!
sock error 104!
sock error 104!
sock error 104!
sock error 104!
sock error 104!
sock error 104!
sock error 104!
sock error 104!
sock error 104!
sock error 104!
sock error 104!
sock error 104!
sock error 104!
sock error 104!
sock error 104!
sock error 104!
sock error 104!
sock error 104!
sock error 104!
sock error 104!
sock error 104!
sock error 104!
sock error 104!
sock error 104!
sock error 104!
sock error 104!
sock error 104!
sock error 104!
sock error 104!
sock error 104!
sock error 104!
sock error 104!
sock error 104!
sock error 104!
sock error 104!
sock error 104!
sock error 104!
sock error 104!
sock error 104!
sock error sock error 10104!
4!
sock errosock err 104!ror 104!

sock error 104!
sock error 104!
sock error 104!
sock error 104!
sock error 104!
sock error 104!
sock error 104!
sock error 104!
sock error 104!
sock error 104!
sock error 104!
sock error 104!
sock error 104!
sock error 104!
sock error 104!
sock error 104!
sock error 104!
sock error 104!
sock error 104!
sock error 104!
sock error 104!
sock error 104!
sock error 104!
sock error 104!
sock error 104!
sock error 104!
sock error 104!
sock error 104!
sock error 104!
sock error 104!
sock error 104!
sock error 104!
sock error 104!
sock error 104!
sock error 104!
sock error 104!
sock error 104!
sock error 104!
sock error 104!
sock error 104!
sock error 104!
sock error 104!
sock error 104!
sock error 104!
sock error 104!
sock error 104!
sock error 104!
sock error 104!
sock error 104!
sock error 104!
sock error 104!
sock error 104!
sock error 104!
sock error 104!
sock error 104!
sock error 104!
sock error 104!
sock error 104!
sock error 104!
sock error 104!
sock error 104!
sock error 104!
sock error 104!
sock error 104!
sock error 104!
sock error 104!
sock error 104!
sock error 104!
sock error 104!
sock error 104!
sock error 104!
sock error 104!
sock error 104!
sock error 104!
sock error 104!
sock error 104!
sock error 104!
sock error 104!
sock error 104!
sock error 104!
sock error 104!
sock error 104!
sock error 104!
sock error 104!
sock error 104!
sock error 104!
sock errosock error 104!
sock errorr 104!
 104!
sock error 104!
sock error 104!
sock error 104!
sock error 104!
sock error 104!
sock error 104!
sock error 104!
sock error 104!
sock error 104!
sock error 104!
sock error 104!
sock error 104!
sock error 104!
sock error 104!
sock error 104!
sock error 104!
sock error 104!
sock error 104!
sock error 104!
sock error 104!
sock error 104!
sock error 104!
sock error 104!
sock error 104!
sock error 104!
sock error 104!
sock error 104!
sock error 104!
sock error 104!
sock error 104!
sock error 104!
sock error 104!
sock error 104!
sock error 104!
sock errorsock error 104!
 104!
sock error 104!
sock error 104!
sock error 104!
sock error 104!
sock error 104!
sock error sock error 104!
104!
sock error 104!
sock error 104!
sock error 104!
sock error 104!
sock error 104!
sock error 104!
sock error 104!
ssock error 104!
sockoc ek errorrr or 104!
sock error 104!
104!
sock error 104!
sock error 104!
sock error 104!
sock error 104!
sock error 104!
sock error 104!
sock error 104!
sock error 104!
sock error 104!
sock error 104!
sock error 104!
sock error 104!
sock error 104!
sock error 104!
sock error 104!
sock error 104!
sock error 104!
sock error 104!
sock error 104!
sock error 104!
sock error 104!
sock error 104!
sock error 104!
sock error 104!
sock error 104!
sock error 104!
sock error 104!
sock error 104!
sock error 104!
sock error 104!
sock error 104!
sock error 104!
sock error 104!
sock error 104!
sock error 104!
sock error 104!
sock error 104!
sock error 104!
sock error 104!
socksock error 104!
 error 104!
sock error 104!
sock error 104!
sock error 104!
sock error 104!
sock error 104!
sock error 104!
sock error 104!
sock error 104!
sock error 104!
sock error 104!
sock error 104!
sock error 104!
sock error 104!
sock error 104!
sock error 104!
sock error 104!
sock error 104!
sock error 104!
sock error 104!
sock error 104!
sock error 104!
sock error 104!
sock error 104sock error 104!
!
sock error 104!
sock error 104!
sock errosock error 104!
r 104!
sock error 104!
sock error 104!
sock error 104!
sock error 104!
sock error 104!
sock error 104!
sock error 104!
sock error 104!
sock error 104!
sock error sock error 104!
sock error 104!
104!
sock error 104!
sock error 104!
sock error 104!
sock error 104!
sock error 104!
sock error 104!
sock error 104!
sock error 104!
sock error 104!
sock error 104!
sock error 104!
sock error 104!
sock error 104!
sock error 104!
sock error 104!
sock error 104!
sock error 104!
sock error 104!
sock error 104!
sock error 104!
sock error 104!
sock error 104!
sock error 104!
sock error 104!
sock error 104!
sock error 104!
sock error 104!
sock error 104!
sock error 104!
sock error 104!
sock error 104!
sock error 104!
sock error 104!
sock errosock r 104!
error 104!
sock error 104!
sock error 104!
sock error 104!
sock error 104!
sock error 104!
sock error 104!
sock error 104!
sock error 104!
sock error 104!
sock error 104!
sock error 104!
sock error 104!
sock error 104!
sock error 104!
sock error 104!
sock error 104!
sock error 104!
sock error 104!
sock error 104!
sock error 104!
sock error 104!
sock error 104!
sock error 104!
sock error 104!
sock error 104!
sock error 104!
sock error 104!
sock error 104!
sock error 104!
sock error 104!
sock error 104!
sock error 104!
sock error 104!
sock error 104!
sock error 104!
sock error 104!
sock error 104!
sock error 104!
sock error 104!
sock error 104!
sock error 104!
sock error 104!
sock error 104!
sock error 104!
sock error 104!
sock error 104!
sock error 104!
sock error 104!
sock error 104!
sock error 104!
sock error 104!
sock error 104!
sock error 104!
sock error 10sock error 104!
4!
sock error 104!
sock error 104!
sock error 104!
sock error 104!
sock error 104!
sock error 1sock error 104!
04!
sock error 104!
sock error 104!
sock error 104!
sock error 104!
sock error 104!
sock error 104!
sock error 104!
sock error 104!
sock error 104!
sock error 104!
sock error 104!
sock error 104!
sock error 104!
sock error 104!
sock error 104!
sock error 104!
sock error 104!
sock error 104!
sock error 104!
sock error 104!
sock error 104!
sock error 104!
sock error 104!
sock error 104!
sock error 104!
sock error 104!
sock error 104!
sock error 104!
sock error 104!
sock error 104!
sock error 104!
sock error 104!
sock error 104!
sock error 104!
sock error 104!
sock errosock error 104!
r 104!
sock error 104!
sock error 104!
sock error 104!
sock error 104!
sock error 104!
sock error 104!
sock error 104!
sock error 104!
sock error 104!
sock error 104!
sock error 104!
sock error 104!
sock error 104!
sock error 104!
sock error 104!
sock error 104!
sock error 104!
sock error 104!
sock error 104!
sock error 104!
sock error 104!
sock error 104!
sock error 104!
sock error 104!
sock error 104!
sock error 104!
sock error 104!
sock error 104!
sock error 104!
sock error 104!
sock error 104!
sock error 104!
sock error 104!
sock error 104!
sock error 104!
sock error 104!
sock error 104!
sock error 104!
sock error 104!
sock error 104!
sock error 104!
sock error 104!
sock error 104!
sock error 104!
sock error 104!
sock error 104!
sock error 104!
sock error 104!
sock error 104!
sock error 104!
sock error 104!
sock error 104!
sock error 104!
sock error 104!
sock error 104!
sock error 104!
sock error 104!
sock error 104!
sock error 104!
sock error 104!
sock error 104!
sock error 104!
sock error 104!
sock error 104!
sock error 104!
sock error 104!
sock error 104!
sock error 104!
sock error 104!
sock error 104!
sock error 104!
sock error 104!
sock error 104!
sock error 104!
sock error 104!
sock error 104!
sock error 104!
sock error 104!
sock error 104!
sock error 104!
sock error 104!
sock error 104!
sock error 104!
sock error 104!
sock error 104!
sock error 104!
sock error 104!
sock error 104!
sock error 104!
sock error 104!
sock error 104!
sock error 104!
sock error 104!
sock error 104!
sock error 104!
sock error 104!
sock error 104!
sock error 104!
sock error 104!
sock error 104!
sock error 104!
sock error 104!
sock error 104!
sock error 104!
sock error 104!
sock error 104!
sock error 104!
sock error 104!
sock error 104!
sock error 104!
sock error 104!
sock error 104!
sock error 104!
sock error 104!
sock error 104!
sock error 104!
sock error 104!
sock error 104!
sock error 104!
socsock error 104!
k error 104!
sock error 104!
sock error 104!
sock error 104!
sock error 104!
sock error 104!
sock error 104!
sock error 104!
sock error 104!
sock error 104!
sock error 104!
sock error 104!
sock error 104!
sock error 104!
sock error 104!
sock error 104!
sock error 104!
sock error 104!
sock error 104!
sock error 104!
sock error 104!
sock error 104!
sock error 104!
sock error 104!
sock error 104!
sock error 104!
sock error 104!
sock error 104!
sock error 104sock error 104!
sock error 104!
!
sock error 104!
sock error 104!
sock error 104!
sock error 104!
sock error 104!
sock error 104!
sock error 104!
sock error 104!
sock error 104!
sock error 104!
sock error 104!
sock error 104!
sock error 104!
sock error 104!
sock error 104!
sock error 104!
sock error 104!
sock error 104!
sock error 104!
sock error 104!
sock error 104!
sock error 104!
sock error 104!
sock error 104sock error 104!
!
sock error 104!
sock error 104!
sock error 104!
sock error 104!
sock error 104!
sock error 104!
sock error 104!
sock error 104!
sock error 104!
sock error 104!
sock error 104!
sock error 104!
socksock error 104!
 error 104!
sock error 104!
sock error 104!
sock error 104!
sock error 104!
sock error 104!
sock error 104!
sock error 104!
sock error 104!
sock error 104!
sock error 104!
sock error 104!
sock error 104!
sock error 104!
sock error 104!
sock error 104!
sock error 104!
sock error 104!
sock error 104!
sock error 104!
sock error 104!
sock error 104!
sock error 104!
sock error 104!
sock error 104!
sock error 104!
sock error 104!
sock error 104!
sock error 104!
sock error 104!
sock error 104!
sock error 104!
sock error 104!
sock error 104!
sock error 104!
sock error 104!
sock error 104!
sock error 104!
sock error 104!
sock error 104!
sock error 104!
sock error 104!
sock error 104!
sock error 104!
sock error 104!
sock error 104!
sock error 104!
sock error 104!
sock error 104!
sock error 104!
sock error 104!
sock error 104!
sock error 104!
sock error 104!
sock error 104!
sock error 104!
sock error 104!
sock error 104!
sock error 104!
sock error 104!
sock error 104!
sock error 104!
sock error 104!
sock error 104!
sosock error 104!
ck error 104!
sock error 104!
sock error 104!
sock error 104!
sock error 104!
sock error 104!
sock error 104!
sock error 104!
sock error 104!
sock error 104!
sock error 104!
sock error 104!
sock error 104!
sock error 104!
sock ersock erroror 104!
r 104!
sock error 104!
sock error 104!
sock error 104!
sock error 104!
sock error 104!
sock error 104!
sock error 104!
sock error 104!
sock error 104!
sock error 104!
sock error 104!
sock error 104!
sock error 104!
sock error 104!
sock error 104!
sock error 104!
sock error 104!
sock error 104!
sock error 104!
sock error 104!
sock error 104!
sock error 104!
sock error 104!
sock error 104!
sock error 104!
sock error 104!
sock error 104!
sock error 1sock erro04!
r 104!
sock error 104!
sock error 104!
sock error 104!
sock error 104!
sock error 104!
sock error 104!
sock error 104!
sock error 104!
sock error 104!
sock error 104!
sock error 104!
sock error 104!
sock error 104!
sock error 104!
sock error 104!
sock error 104!
sock error 104!
sock error 104!
sock error 104!
sock error 104!
sock error 104!
sock error 104!
sock error 104!
sock error 104!
sock error 104!
sock error 104!
sock error 104!
sock error 104!
sock error 104!
sock error 104!
sock error 104!
sock error 104!
sock error 104!
sock error 104!
sock error 104!
sock error 104!
sock error 104!
sock error 104!
sock error 104!
sock error 104!
sock error 104!
sock error 104!
sock error 104!
sock error 104!
sock error 104!
sosock error 104!
sock error 104!
ck error 104!
sock error 104!
sock error 104!
sock error 104!
sock error 104!
sock error 104!
sock error 104!
sock error 104!
sock error 104!
sock error 104!
sock error 104!
sock error 104!
sock error 104!
sock error 104!
sock error 104!
sock error 104!
sock error 104!
sock error 104!
sock error 104!
sock error 104!
sock error 104!
sock error 104!
sock error 104!
sock error 104!
sock error 104!
sock error 104!
sock error 104!
sock error 104!
sock error 104!
sock error 104!
sock error 104!
sock error 104!
sock error 104!
sock error 104!
sock error 104!
socksock e rerorrror 104!
sock error 104!
 104!
sock error 104!
sock error 104!
sock error 104!
sock error 104!
sock error 104!
sock error 104!
sock error 104!
sock error 104!
sock error 104!
sock error 104!
sock error 104!
sock error 104!
sock error 104!
sock error 104!
sock error 104!
sock error 104!
sock error 104!
sock error 104!
sock error 104!
sock error 104!
sock error 104!
sock error 104!
sock error 104!
sock error 104!
sock error 104!
sock error 104!
sock error 104!
sock error 104!
sock error sock er104!
ror 104!
sock error 104!
sock error 104!
sock error 104!
sock error 104!
sock error 104!
sock error 104!
sock error 104!
sock error 104!
sock error 104!
sock error 104!
sock error 104!
sock error 104!
sock error 104!
sock error 104!
sock error 104!
sock error 104!
sock error 104!
sock error 104!
sock error 104!
sock error 104!
sock error 104!
sock error 104!
sock error 104!
sock error 104!
sock error 104!
sock error 104!
sock error 104!
sock error 104!
sock error 1sock error 104!
04!
sock error 104!
sock error 104!
sock error 104!
ssock error 104!
sock error 104!
ock error 104!
sock error 104!
sock error 104!
sock error 104!
sock error 104!
sock error 104!
sock error 104!
sock error 104!
sock error 104!sock error 104!
sock error 104!

sock error 104!
sock error 104!
sock error 104!
sock error 104!
sock error 104!
sock error 104!
sock error 104!
sock error 104!
sock error 104!
sock error 104!
sock error 104!
sock error 104!
sock error 104!
sock error 104!
sock error 104!
sock error 104!
sock error 104!
sock error 104!
sock error 104!
sock error 104!
sock error 104!
sock error 104!
sock error 104!
sock error 104!
sock error 104!
sock error 104!
sock error 104!
sock error 104!
sock error 104!
sock error 104!
sock error 104!
sock error 104!
sock error 104!
sock error 104!
sock error 104!
sock error 104!
sock error 104!
sock error 104!
sock error 104!
sock error 104!
sock error 104!
sock error 104!
sock error 104!
sock error 104!
sock error 104!
sock error 104!
sock error 104!
sock error 104!
sock error 104!
sock error 104!
sock error 104!
sock error 104!
sock error 104!
sock error 104!
sock error 104!
sock error 104!
sock error 104!sosock error 104!
ck error 104!

sock error 104!
sock error 104!
sock error 104!
sock error 104!
sock error 104!
sock error 104!
sock error 104!
sock error 104!
sock error 104!
sock error 104!
sock error 104!
sock error 104!
sock error 104!
sock error 104!
sock error 104!
sock error 104!
sock error 104!
sock error 104!
sock error 104!
sock error 104!
sock error 104!
sock error 104!
sock error 104!
sock error 104!
sock error 104!
sock error 104!
sock error 104!
sock error 104!
sock ersock error 104!
sock error 104!
ror 104!
sock error 104!
sock error 104!
sock error 104!
sock error 104!
sock error 104!
sock error 104!
sock error 104!
sock error 104!
sock error 104!
sock error 104!
sock error 104!
sock error 104!
sock error 104!
sock error 104!
sock error 104!
sock error 104!
sock error 104!
sock errosock error 104!
r 104!
sock error 104!
sock error 104!
sock error 104!
sock error 104!
sock error 104!
sock error 104!
sock error 104!
sock error 104!
sock error 104!
sock error 104!
sock error 104!
sock error 104!
sock error 104!
sock error 104!
sock error 104!
sock error 104!
sock error 104!
sock error 104!
sock error 104!
sock error 104!
sock error 104!
sock error 104!
sock error 104!
sock error 104!
sock error 104!
sock error 104!
sock error 104!
sock error 104!
sock error 104!
sock error 104!
sock error 104!
sock error 104!
sock error 104!
sock error 104!
sock error 104!
sock error 104!
sock error 104!
sock error 104!
sock error 104!
sock error 104!
sock error 104!
sock error 104!
sock error 104!
ssock error 104!
ock error 104!
sock error 104!
sock error 104!
sock error 104!
sock error 104!
sock error 104!
sock error 104!
sock error 104!
sock error 104!
sock error 104!
sock error 104!
sock error 104!
sock error 104!
sock error 104!
sock error 104!
sock error 104!
sock error 104!
sock error 104!
sock error 104!
sock error 104!
sock error 104!
sock error 104!
sock error 104!
sock error 104!
sock error 104!
sock error 104!
sock error 104!
sock error 104!
sock error 104!
sock error 104!
sock error 104!
sock error 104!
sock error 104!
sock error 104!
sock error 104!
sock error 104!
sock error 104!
sock error 104!
sock error 104!
sock error 104!
sock error 104!
sock error 104!
sock error 104!
sock error 104!
sock error 104!
sock error 104!
sock error 104!
sock error 104!
sock error 104!
sock error 104!
sock error 104!
sock error 104!
sock error 104!
sock error 104!
sock error 104!
sock error 104!
sock error 104!
sock error 104!
sock error 104!
sock error 104!
sock error 104!
sock error 104!
sock error 104!
sock error 104!
sock error 104!
sock error 104!
sock error 104!
sock error 104!
sock error 104!
sock error 104!
sock error 104!
sock error 104!
sock error 104!
sock error 104!
sock error 104!
sock error 104!
sock error 104!
sock error 104!
sock error 104!
sock error 104!
sock error 104!
sock error 104!
sock error 104!
sock error 104!
sock error 104!
sock error 104!
sock error 104!
sock error 104!
sock error 104!
sock error 104!
sock error 104!
sock error 104!
sock error 104!
sock error 104!
sock error 104!
sock error 104!
sock error 104!
sock error 104!
sock error 104!
sock error 104!
sock error 104!
sock error 104!
sock error 104!
sock error 104!
sock error 104!
sock error 104!
sock error 104!
sock error 104!
sock error 104!
sock error 104!
sock error 104!
sock error 104!
sock error 104!
sock error 104!
sock error 104!
sock error 104!
sock error 104!
sock error 104!
sock error 104!
sock error 104!
sock error 104!
sock error 104!
sock error 104!
sock error 104!
sock error 104!
sock esock errorror 104!
r 104!
sock error 104!
sock error 104!
sock error 104!
sock error 104!
sock error 104!
sock sock esock error 1rror 104!
error 104!
04!
sock error 104!
sock error 104!
sock error 104!
sock error 104!
sock error 104!
sock error 104!
sock error 104!
sock error 104!
sock error 104!
sock error 104!
sock error 104!
sock error 104!
sock error 104!
sock error 104!
sock error 104!
sock error 104!
sock error 104!
sock error 104!
sock error 104!
sock error 104!
sock error 104!
sock error 104!
sock error 104!
sock error 104!
sock error 104!
sock error 104!
sock error 104!
sock error 104!
sock error 104!
sock error 104!
sock error 104!
sock error 104!
sock esock error 104!
sock errorror 104!
r 104!
sock error 104!
sock error 104!
sock error 104!
sock error 104!
sock error 104!
sock error 104!
sock error 104!
sock error 104!
sock error 104!
sock error 104!
sock error 104!
sock error 104!
sock error 104!
sock error 104!
sock error 104!
sock error 104!
sock error 104!
sock error 104!
sock error 104!
sock error 104!
sock error 104!
sock error 104!
sock error 104!
sock error 104!
sock error 104!
sock error 104!
sock error 104!
sock error 104!
sock error 104!
sock error 104!
sock error 104!
sock error 104!
sock error 104!
sock error 104!
sock error 104!
sock error 104!
sock error 104!
sock error 104!
sock error 104!
sock error 104!
sock error 104!
sock error 104!
sock error 104!
sock error 104!
sock error 104!
sock error 104!
sock error 104!
sock error 104!
sock error 104!
sock error 104!
sock error 104!
sock error 104!
sock error 104!
sock error 104!
sock error 104!
sock error 104!
sock error 104!
sock error 104!
sock error 104!
sock error 104!
sock error 104!
sock error 104!
sock error 104!
sock error 104!
sock error 104!
sock error 104!
sock error 104!
sock error 104!
sock error 104!
sock error 104!
sock error 104!
sock error 104!
sock error 104!
sock error 104!
sock error 104!
sock error 104!
sock error 104!
sock error 104!
sock error 104!
sock error 104!
sock error 104!
sock error 104!
sock error 104!
sock error 104!
sock error 104!
sock error 104!
sock error 104!
sock error 104!
sock error 104!
ssock error 104!
ock error 104!
sock error 104!
sock error 104!
sock error 104!
sock error 104!
sock error 104!
sock error 104!
sock error 104!
sock error 104!
sock error 104!
sock error 104!
sock error 104!
sock error 104!
sock error 104!
sock error 104!
sock error 104!
sock error 104!
sock error 104!
sock error 104!
sock error 104!
sock error 104!
sock error 104!
sock error 104!
sock error 104!
sock error 104!
sock error 104!
sock error 104!
sock error 104!
sock error 104!
sock error 104!
sock error 104!
sock error 104!
sock error 104!
sock error 104!
sock error 104!
sock error 104!
sock error 104!
sock error 104!
sock error 104!
sock error 104!
sock error 104!
sock error 104!
sock error 104!
sock error 104!
sock error 104!
sock error 104!
sock error 104!
sock error 104!
sock error 104!
sock error 104!
sock error 104!
sock error 104!
sock error 104!
sock error 104!
sock error 104!
sock error 104!
sock error 104!
sock error 104!
sock error 104!
sock error 104!
sock error 104!
sock error 104!
sock error 104!
sock error 104!
sock error 104!
sock error 104!
sock error 104!
sock error 104!
sock error 104!
sock error 104!
sock error 104!
sock error 104!
sock error 104!
sock error 104!
sock error 104!
sock error 104!
sock error 104!
sock error 104!
sock error 104!
sock error 104!
sock error 104!
sock error 104!
sock error 104!
sock error 104!
sock error 104!
sock error 104!
sock error 104!
sock error 104!
sock error 104!
sock error 104!
sock error 104!
sock error 104!
sock error 104!
sock error 104!
sock error 104!
sock error 104!
sock error 104!
sock error 104!
sock error 104!
sock error 104!
sock error 104!
sock error 104!
sock error 104!
sock error 104!
sock error 104!
sock error 104!
sock error 104!
sock error 104!
sock error 104!
sock error 104!
sock error 104!
sock error 104!
sock error 104!
sock error 104!
sock error 104!
sock error 104!
sock error 104!
sock error 104!
sock error 104!
sock error 104!
sock error 104!
sock error 104!
sock error 104!
sock error 104!
sock error 104!
sock error 104!
sock error 104!
sock error 104!
sock error 104!
sock error 104!
sock error 104!
sock error 104!
sock error 104sock error 104!
!
sock error 104!
sock error 104!
sock error 104!
sock error 104!
sock error 104!
sock error 104!
sock error 104!
sock error 104!
sock error 104!
sock error 104!
sock error 104!
sock error 104!
sock error 104!
sock error 104!
sock error 104!
sock error 104!
socksock error 104!
sock error 104!
 error 104!
sock error 104!
sock error 104!
sock error 104!
sock error 104!
sock sock error 104!
sock error 104!
error 10sock er4!
ror 104!
sock error 104!
sock error 104!
sock error 104!
sock error 104!
sock error 104!
socsock error 104!
k error 104!
sock error 104!
sock error 104!
sock error 104!
sock error 104!
sock error 104!
sock error 104!
sock error 104!
sock error 104!
sock error 104!
sock error 104!
sock error 104!
sock error 104!
sock error 104!
sock error 104!
sock error 104!
sock error 104!
sock error 104!
sock error 104!
sock error 104!
sock error 104!
sock error 104!
sock error 104!
sock error 104!
sock error 104!
sock error 104!
sock error 104!
sock error 104!
sock error 104!
sock error 104!
sock error 104!
sock error 104!
sock error 104!
sock error 104!
sock error 104!
sock error 104!
sock error 104!
sock error 104!
sock error 104!
sock error 104!
sock error 104!
sock error 104!
sock error 104!
sock error 104!
sock error 104!
sock error 104!
sock error 104!
sock error 104!
sock error 104!
sock error 104!
sock error 104!
sock error 104!
sock error 104!
sock error 104!
sock error 104!
sock error 104!
sock error 104!
sock error 104!
sock error 104!
sock error 104!
sock error 104!
sock error 104!
sock error 10sock error 104!
sock error 104!
4!
sock error 104!
sock error 104!
sock error 104!
sock error 104!
sock error 104!
sock error 104!
sock error 104!
sock error 104!
sock error 104!
sock error 104!
sock error 104!
sock error 104!
sock error 104!
sock error 104!
sock error 104!
sock error 104!
sock error 104!
sock error 104!
sock error 104!
sock error 104!
sock error 104!
sock error 10sock error 14!
04!
sock error 104!
sock error 104!
sock error 104!
sock error 104!
sock error 104!
sock error 104!
sock error 104!
sock error 104!
sock error 104!
sock error 104!
sock error 104!
sock error 104!
sock error 104!
sock error 104!
sock error 104!
sock error 104!
sock error 104!
sock error 104!
sock error 104!
sock error 104!
sock error 104!
sock error 104!
sock error 104!
sock error 104!
sock error 104!
sock error 104!
sock error 104!
sock error 104!
sock error 104!
sock error 104!
sock error 104!
sock error 104!
sock error 104!
sock error 104!
sock error 104!
socsock error sock erk error 104!
104!
ror 104!
sock error 104!
sock error 104!
sock error 104!
sock error 104!
sock error 104!
sock error 104!
sock error 104!
sock error 104!
sock error 104!
sock error 104!
sock error 104!
sock error 104!
sock error 104!
sock error 104!
sock error 104!
sock error 104!
sock error 104!
sock error 104!
sock error 104!
sock error 104!
sock error 104!
sock error 104!
sock error 104!
sock error 104!
sock error 104!
sock error 104!
sock error 104!
sock error 104!
sock error 104!
sock error 104!
sock error 104!
sock error 104!
sock error 104!
sock error 104!
sock error 104!
sock error 104!
sock error 104!
sock error 104!
sock error 104!
sock error sock error 104!
sock error 104!
sock error 104!
104!
sock error 104!
sock error 104!
sock error 104!
sock error 104!
sock error 104!
sock error 104!
sock error 104!
sock error 104!
sock error 104!
sock error 104!
sock error 104!
sock error 104!
sock error 104!
sock error 104!
sock error 104!
sock error 104!
sock error 104!
sock error 104!
sock error 104!
sock error 104!
sock error 104!
sock error 104!
sock error 104!
sock error 104!
sock error 104!
sock error 104!
sock error 104!
sock error 104!
sock error 104!
sock error 104!
sock error sock error 104!
sock error 104!
104!
sock error 104!
sock error 104!
sock error 104!sock error 
104!
sock error 104!
sock error 104!
sock error 104!
sock error 104!
sock error 104!
sock error 104!
sock error 104!
sock error 104!
sock error 104!
sock error 104!
sock error 104!
sock error 104!
sock error 104!
sosock error 104!
ck error 104!
sock error 104!
sock error 104!
sock error 104!
sock error 104!
sock error 104!
sock error 104!
sock error 104!
sock error 104!
sock error 104!
sock error 104!
sock error 104!
sock error 104!
sock error 104!
sock error 104!
sock error 104!
sock error 104!
sock error 104!
sock error 104!
sock error 104!
sock error 104!
sock error 104!
sock error 104!
sock sock error 104!
error 104!
sock error 104!
sock error 104!
sock error 104!
sock error 104!
sock error 104!
sock error 104sock error 104!
!
sock error 104!
sock error 104!
sock error 104!
sock error 104!
sock error 104!
sock error 104!
sock error 104!
sock error 104!
sock error 104!
sock error 104!
sock error 104!
sock error 104!
sock error 104!
sock error 104!
sock error 104!
sock error 104!
sock error 104!
sock ersock error 104!
ror 104!
sock error 104!
sock sock error 104!
error 104!
sock error 104!
sock error 104!
sock error 104!
sock error 104!
sock error 104!
sock error 104!
sock errorsock error 104!
 104!
sock error 104!
sock error 104!sock error 104!

sock error 104!
sock error 104sock error 104!
!
sock error 104!
sock error 104!
sock error 104!
sock error 104!
sock error 104!
sock error 104!
sock error 104!
sock error 104!
sock error 104!
sock error 104!
sock error 104!
sock error 104!
sock error 104!
sock ersock error 104!
ror 104!
sock error 104!
sock error 104!
sock error 104!
sock error 104!
sock error 104!
sock error 104!
sock error 104!
sock error 104!
sock error 104!
sosock error 104!
ck error 104!
sock error 104!
sock error 104!
sock error 104!
sock error 104!
sock error 104!
sock error 104!
sock error 104!
sock error 104!
sock error 104!
sock error 104!
sock error 104!
sock error 104!
sock error 104!
sock error 104!
socksock error 104!
 error 104!
sock error 104!
sock error 1sock error 104!
04!
sock error 104!
sock error 104!
sock error 104!
sock error 104!
sock error 104!
socsockk error  error 104!
104!
sock error 104!
sock error 104!
sock error 104!
sock error 104!
sock error 104!
sock error 104!
sock error 104!
sock error 104!
sock ersock errror or 104!
104!
sock error 104!
sock error 104!
sock error 104!
sock error 104!
sock error 104!
sock error 104!
sock error 104!
sock error 104!
sock error 104!
sock error 104!
sock error 104!
sock error 104!
sock error 104!
sock error 104!
sock error 104!
sock error 104!
sock error 104!
sock error 104!
sock error 104!
sock error 104!
sock error 104!
sock error 104!
sock error 104!
sock error 104!
sock error 104!
sock error 104!
sock error 104!
sock error 104!
sock error 104!
sock error 104!
sock error 104!
sock error 104!
sock error 104!
sock error 104!
sock error 104!
sock error 104!
sock error 104!
sock error 104!
sock error 104!
sock error 104!
sock error 104!
sock error 104!
sock error 104!
sock error 104!
sock error 104!
sock error 104!
sock error 104!
sock error 104!
sock error 104!
sock error 104!
sock error 104!
sock error 104!
sock error 104!
sock error 104!
sock error 104!
sock error 104!
sock error 104!
sock error 104!
sock error 104!
sock error 104!
sock error 104!
sock error 104!
sock error 104!
sock error 104!
sock error 104!
sock error 104!
sock error 104!
sock error 104!
sock error 104!
sock error 104!
sock error 104!sock error 104!

sock error 104!
sock error 104!
sock error 104!
sock error 104!
sock error 104!
sock error 104!
sock error 104!
sock error 104!
sock error 104!
sock error 104!
sock error 104!
sock error 104!
sock error 104!
sock error 104!
sock error 104!
sock error 104!
sock error 104!
sock error 104!
sock error 104!
sock error 104!
sock error 104!
sock error 104!
sock error 10sosock4 error 104!
ck erro!
r 104!
sock error 104!
sock error 104!
sock error 104!
sock error 104!
sock error 104!
sock error 104!
sock error 104!
sock error 104!
sock error 104!
sock error 104!
sock error 104!
sock error 104!
sock error 104!
sock error 104!
sock error 104!
sock error 104!
sock error 104!
sock error 104!
sock error 104!
sock error 104!
sock error 104!
sock error 104!
sock error 104!
sock error 104!
sock error 104!
sock error 104!
sock error 104!
sock error 104!
sock error 104!
sock error 104!
sock esock error 104!
rror 104!
sock error 104!
sock error 104!
sock error 104!
sock error 104!
sock error 104!
sock error 104!
sock error 104!
sock error 104!
sock error 104!
sock error 104!
sock error 104!
sock error 104!
sock error 104!
sock error 104!
sock error 104!
sock error 104!
sock error 104!
sock error 104!
sock error 104!
sock error sock error 104!
104!
sock error 104!
sock error 104!
sock error 104!
sock error 104!
sock error 104!
sock error 104!
sock error 104!
sock error 104!
sock error 104!
sock error 104!
sock error 104!
sock error 104!
sock error 104!
sock error 104!
sock error 104!
sock error 104!
sock error 104!
sock error 104!
sock error 104!
sock error 104!
sock error 104!
sock error 104!
sock error 104!
sock error 104!
sock error 104!
sock error 104!
sock error 104!
sock error 104!
sock error 104!
sock error 104!
sock error 104!
sock error 104!
sock error 104!
sock error 104!
sock error 104!
sock error 104!
sock error 104!
sock error 104!
sock error 104!
sock error 104!
sock error 104!
sock error 104!
sock error 104!
sock error 104!
sock error 104!
sock error 104!
sock error 104!
sock error 104!
sock error 104!
sock error 104!
sock error 104!
sock error 104!
sock error 104!
sock error 104!
sock error 104!
sock error 104!
sock error 104!
sock error 104!
sock error 104!
sock error 104!
sock error 104!
sock error 104!
sock error 104!
sock error 104!
sock error 104!
sock error 10sock error 104!
sock error4!
 104!
sock error 104!
sock error 104!
sock error 104!
sock error 104!
sock error 104!
sock error 104!
sock error 104!
sock error 104!
sock error 104!
sock error 104!
sock error 104!
sock error 104!
sock error 104!
sock error 104!
sock error 104!
sock error 104!
sock error 104!
sock error 104!
sock error 104!
sock error 104!
sock error 104!
sock error 104!
sock sock error 104!
sock error 104!
error 104!
sock error 104!
sock error 104!
sock error 104!
sock error 104!
sock error 104!
sock error 104!
sock error 104!
sock error 104!
sock error 104!
sock error 104!
sock error 104!
sock error 104!
sock error 104!
sock error 104!
sock error 104!
sock error 104!
sock error 104!
sock error 104!
sock error 104!
sock error 104!
sock error 104!
sock error 104!
sock error 104!
sock error 104!
sock error 104!
sock error 104!
sock error 104!
sock error 104!
sock error 104!
sock error 104!
sock error 104!
sock error 104!
sock error 104!
sock error 104!
sock error 104!
sock error 104!
sock error 104!
sock error 104!
sock error 104!
sock errosock error 104!
r 104!
sock error 104!
sock error 104!
sock error 104!
sock error 104!
sock error 104!
sock error 104!
sock error 104!
sock error 104!
sock error 104!
sock error 104!
sock error 104!
sock error 104!
sock error 104!
sock error 104!
sock error 104!
sock error 104!
sock error 104!
sock error 104!
sock error 104!
sock error 104!
sock error 104!
sock error 104!
sock error 104!
sock error 104!
sock error 104!
sock error 104!
sock error 104!
sock error 104!
sock error 104!
sock error 104!
sock error 104!
sock error 104!
sock error 104!
sock error 104!
sock error 104!
sock error 104!
sock error 104!
sock error 104!
sock error 104!
sock error 104!
sock error 104!
sock error 104!
sock error 104!
sock error 104!
sock error 104!
sock error 104!
sock error 104!
sock error 104!
sock error 104!
sock error 104!
sock error 104!
sock error 104!
sock error 104!
sock error 104!
sock error 104!
sock error 104!
sock error 104!
sock error 104!
sock error 104!
sock error 104!
sock error 104!
sock error 104!
sock error 104!
sock error 104!
sock error 104!
sock error 104!
sock error 104!
sock error 104!
sock error 104!
sock error 104!
sock error 104!
sock error 104!
sock error 104!
sock error 104!
sock error 104!
sock error 104!
sock error 104!
sock error 104!
sock error 104!
sock error 104!
sock error 104!
sock error 104!
sock error 104!
sock error 104!
sock error 104!
sock error 104sock error 104!
!
sock error 104!
sock error 104!
sock error 104!
sock error 104!
sock error 104!
sock error 104!
sock error 104!
sock error 104!
sock error 104!
sock error 104!
sock error 104!
sock error 104!
sock error 104sock error 104!
!
sock error 104!
sock error 104!
sock error 104!
sock error 104!
sock error 104!
sock error 104!
sock error 104!
sock error 104!
sock error 104!
sock error 104!
sock error 104!
sock error 104!
sock error 104!
sock error 104!
sock error 104!
sock error 104!
sock error 104!
sock error 104!
sock error 104!
sock error 104!
sock error 104!
sock error 104!
sock error 104!
sock error 104!
sock error 104!
sock error 104!
sock error 104!
sock error 104!
sock error 104!
sock error 104!
sock error 104!
sock error 104!
sock error 104!
sock error 104!
sock error 104!
sock error 104!
sock error 104!
sock error 104!
sock error 104!
sock error 104!
sock error 104!
sock error 104!
sock error 104!
sock error 104!
sock error 104!
sock error 104!
sock error 104!
sock errossock error 104!
ock error 104!
r 104!
sock error 104!
sock error 104!
sock error 104!
sock error 1sock erro04!r 104!

sock error 104!
sock error 104!
sock error 104!
sock error 104!
sock error 104!
sock error 104!
sock error 104!
sock error 104!
sock error 104!
sock error 104!
sock error 104!
sock error 104!
sock error 104!
sock error 104!
sock error 104!
sock error 104!
sock error 104!
sock error 104!
sock error 104!
sock error 104!
sock error 104!
sock error 104!
sock error 104!
sock error 104!
sock error 104!
sock error 104!
sock error 104!
sock error 104!
sock error 104!
sock error 104!
sock error 104!
sock error 104!
sock error 104!
sock error 104!
sock error 104!
sock error 104!
sock error 104!
sock error 104!
sock error 104!
sock error 104!
sock error 104!
sock error 104!
sock error 104!
sock error 104!
sock error 104!
socksock error 1 error 04!
104!
sock error 104!
sock error 104!
sock error 104!
sock error 104!
sock error 104!
sock error 104!
sock error 104!
sock error 104!
sock error 104!
sock error 104!
sock error 104!
sock error 104!
sock error 104!
sock errosock error 104!
r 104!
sock error 104!
sock error 104!
sock error 104!
sock error 104!
sock error 104!
sock error 104!
sock error 104!
sock error 104!
sock error 104!
sock error 104!
sock error 104!
sock error 104!
sock error 104!
sock error 104!
sock error 104!
sock error 104!
sock error 104!
sock error 104!
sock error 104!
sock error 104!
sock error 104!
sock error 104!
sock error 104!
sock error 104!
sock error 104!
sock error 104!
sock error 104!
sock error 104!
sock error 104!
sock error 104!
sock error 104!
sock error 104!
sock error 104!
sock sock error 104!
error 104!
sock error 104!
sock error 104!
sock error 104!
sock error 104!
sock error 104!
sock error 104!
sock error 104!
sock error 104!
sock error 104!
sock error 104!
sock error 104!
sock error 104!
sock error 104!
sock error 104!
sock error 104!
sock error 104!
sock error sock error 104so104!
!
sock error 104!
sock error 104!
ck error 104!
sock error 104!
sock error 104!
sock error 104!
sock error 104!
sock error 104!
sock error 104!
sock error 104!
sock error 104!
sock error 104!
sock error 104!
sock error 104!
sock errsock error 104!
or 104!
sock error 104!
sock error 104!
sock error 104!
sock error 104!
sock error 104!
sock error 104!
sock error 104!
sock error 104!
sock error 104!
sock error 104!
sock error 104!
sock error 104!
sock error 104!
sock error 104!
sock error 104!
sock error 104!
sock error 104!
sock error 104!
sock error 104!
sock error 10sock error 104!
4!
sock error 104!
sock error 104!
sock error 104!
sock error 104!
sock error 104!
sock error 104!
sock error 104!
sock error 104!
sock error 104!
sock error 104!
sock error 104!
sock error 104!
sock error 104!
sock error 104!
sock error 104!
sock error 104!
sock error 104!
sock error 104!
sock error 104!
sock error 104!
sock error 104!
sock error 104!
sock error 104!
sock error 104!
sock error 104!
sock error 104!
sock error 104!
sock error 104!
sock error 104!
sock error 104!
sock error 104!
sock error 104!
sock error 104!
sock error 104!
sock error 104!
sock error 104!
sock error 104!
sock error 104!
sock error 104!
sock error 104!
sock error 104!
sock error 104!
sock error 104!
sock error 104!
sock error 104!
sock error 104!
sock error 104!
sock error 104!
sock error 104!
sock error 104!
sock error 104!
sock error 104!
sock error 104!
sock error 104!
sock error 104!
sock error 104!
sock error 104!
sock error 104!
sock error 104!
sock error 104!
sock error 104!
sock error 104!
sock error 104!
sock error 104!
sock error 104!
sock error 104!
sock error 104!
sock error 104!
sock error 104!
sock error 104!
sock error 104!
sock error 104!
sock error 104!
sock error 104!
sock error 104!
sock error 104!
sock error 104!
sock error 104!
sock error 104!
sock error 104!
sock error 104!
sock error 104s!
ock error 104!
sock error 104!
sock error 104!
sock error 104!
sock error 104!
sock error 104!
sock error 104!
sock error 104!
sock error 104!
sock error 104!
sock error 104!
sock error 104!
sock error 104!
sock error 104!
sock error 104!
sock error 104!
sock error 104!
sock error 104!
sock error 104!
sock error 104!
sock error 104!
sock error 104!
sock error 104!
sock error 104!
sock error 104!
sock error 104!
sock error 104!
sock error 104!
sock error 104!
sock error 104!
sock error 104!
sock error 104!
sock errorsock er 104!
ror 104!
sock error 104!
sock error 104!
sock error 104!
sock error 104!
sock error 104!
sock sock error 104!
error 104!
sock error 104!
sock error 104!
sock error 104!
sock error 104!
sock error 104!
sock error 104!
sock error 104!
sock error 104!
sock error 104!
sock error 104!
sock error 104!
sock esock error 104!
rror 104!
sock error 104!
sock error 104!
sock error 104!
sock error 104!
sock error 104!
sock error 104!
sock error 104!
sock ersock error 104!
ror 104!
sock error 104!
sock error 104!
sock error 104!
sock error 104!
sock error 104!
sock error 104!
sock error 104!
sock error 104!
sock error 104!
sock error 104!
sock error 104!
sock error 104!
sock error 104!
sock error 104!
sock error 104!
sock error 104!
sock error 104!
sock error 104!
sock error 104!
sock error 104!
sock error 104!
sock error 104!
sock error 104!
sock error 104!
sock error 104!
sock error 104!
sock error 104!
sock error 104!
sock error 104!
sock error 104!
sock error 104!
sock error 104!
sock error 104!
sock error 104!
sock error 104!
sock error 104!
sock error 104!
sock error 104!
sock error 104!
sock error 104!
sock error 104!
sock error 104!
sock error 104!
sock error 104!
sock error 104!
sock error 104!
sock error 104!
sock sock error 104error 10!
4!
sock error 104!
sock error 104!
sock error 104!
sock error 104!
sock error 104!
sock error 104!
sock error 104!
sock error 104!
sock error 104!
sock error 104!
sock error 104!
sock error 104!
sock error 104!
sock error 104!
sock error 104!
sock error 104!
sock error 104!
sock error 104!
sock error 104!
sock error 104!
sock error 104!
sock error 104!
sock error 104!
sock error 104!
sock error 104!
sock error 104!
sock error 104!
sock error 104!
sock error 104!
sock error 104!
sock error 104!
sock error 104!
sock error 104!
sock error 104!
sock error 104!
sock error 104!
sock error 104!
sock error 104!
sock error 104!
sock error 104!
sock error 104!
sock error 104!
sock error 104!
sock error 104!
sock error 104!
sock error 104!
sock esock error 104!
rror 104!
sock error 104!
sock error 104!
sock error 104!
sock error 104!
sock error 104!
sock error 104!
sock error 104!
sock error 104!
sock error 104!
sock error 104!
sock error 104!
sock error 104!
sock error 104!
sock error 104!
sock error 104!
sock error 104!
sock error 104!
sock error 104!
sock error 104!
sock error 104!
sock error 104!
sock error 104!
sock error 104!
sock error 104!
sock error 104!
sock error 104!
sock error 104!
sock error 104!
sock error 104!
sock error 104!
sock error 104!
sock error 104!
sock error 104!
sock error 104!
sock error 104!
sock error 104!
sock error 104!
sock error 104!
sock error 104!
sock error 104!
sock error 104!
sock error 104!
sock error 104!
sock error 104!
sock error 104!
sock error 104!
sock error 104!
sock error 104!
sock error 104!
sock error 104!
sock error 104!
sock error 104!
sock error 104!
sock error 104!
sock error 104!
sock error 104!
sock error 104!
sock error 104!
sock error 104!
sock error 104!
sock error 104!
sock error 104!
sock error 104!
sock error 104!
sock error 104!
sock error 104!
sock error 104!
sock errsock eor 104rror 1!
04!
sock error 104!
sock error 104!
sock error 104!
sock error 104!
sock error 104!
sock error 104!
sock error 104!
sock error 104!
sock error 104!
sock error 104!
sock error 104!
sock error 104!
sock error 104!
sock error 104!
sock ersock error 104!
ror 104!
sock error 104!
sock error 104!
sock error 104!
sock error 104!
sock error 104!
sock error 104!
sock error 104!
sock error 104!
sock error 104!
sock error 104!
sock error 104!
sock error 104!
sock error 104!
sock error 104!
sock error 104!
sock error 104!
sock error 104!
sock error 104!
sock error 104!
sock error 104!
sock error 104!
sock error 104!
sock error 104!
sock error 104!
sock error 104!
sock error 104!
sock error 104!
sock error 104!
sock error 104!
sock error 104!
sock error 104!
sock error 104!
sock error 104!
sock error 104!
sock error 104!
sock error 104!
sock error 104!
sock error 104!
sock error 104sock error 104!
!
sock error 104!
sock error 104!
sock error 104!
sock error 104!
sock error 104!
sock error 104!
sock error 104!
sock error 104!
sock error 104!
sock error 104!socsock error 104!
k erro
r 104!
sock error 104!
sock error 104!
sock error 104!
sock error 104!
sock error 104!
sock error 104!
sock error 104!
sock error 104!
sock error 104!
sock error 104!
sock sock error 104!
error 104!
sock error 104!
sock error 104!
sock error 104!
sock error 104!
sock error 104!
sock error 104!
sock error 104!
sock error 104!
sock error 104!
sock error 104!
sock error 104!
sock error 104!
sock error 104!
sock error 104!
sock error 104!
sock error 104!
sock error 104!
sock error 104!
ssock error ock error 104!
104!
sock error 104!
sock error 104!
sock error 104!
sock error 104!
sock error 104!
sock error 104!
sock error 104!
sock error 104!
sock error 104!
sock error 104!
sock error 104!
sock error 104!
sock error 104!
sock error 104!
sock error 104!
sock error 104!
sock error 104!
sock error 104!
sock error 104!
sock error 104!
sock error 104!
sock error 104!
sock error 104!
sock error 104!
sock error 104!
sock error 104!
sock error 104!
sock error 104!
sock error 104!
sock error 104!
sock error 104!
sock error 104!
sock error 104!
sock error 104!
sock error 104!
sock error 104!
sock error 104!
sock error 104!
sock error 104!
sock error 104!
sock error 104!
sock error 104!
sock error 104!
sock error 104!
sock error 104!
sock error 104!
sock error 104!
sock error 104!
sock error 104!
sock error 104!
sock error 104!
sock error 104!
sock error 104!
sock error 104!
sock error 104!
sock error 104!
sock error 104!
sock error 104!
sock error 104!
sock error 104!
sock error 104!
sock error 104!
sock error 104!
sock error 104!
sock error 104!
sock error 104!
sock error 104!
sock error 104!
sock error 104!
sock error 104!
sock error 104!
sock error 104!
sock error 104!
sock error 104!
sock error 104!
sock error 104!
sock error 104!
sock error 104!
sock error 104!
sock error 104!
sock error 104!
sock error 104!
sock error 104!
sock error 104!
sock error 104!
sock error 104!
sock error 104!
sock error 104!
sock error 104!
sock error 104!
sock error 104!
sock error 104!
sock error 104!
sock error 104!
sock error 104!
sock errsock error 104!
or 104!
sock error 104!
sock error 104!
sock error 104!
sock error 104!
sock error 104!
sock error 104!
sock error 104!
sock error 104!
sock error 104!
sock error 104!
sock error 104!
sock error 104!
sock error 104!
sock error 104!
sock error 104!
sock error 104!
sock error 104!
sock error 104!
sock error sock error 104!
sock error 104!
sock er104!
ror 104!
sock error 104!
sock error 104!
sock error 104!
sock error 104!
sock error 104!
sock error 104!
sock error 104!
sock error 104!
sock error 104!
sock error 104!
sock error 104!
sock error 104!
sock error so104!
ck error 104!
sock error 104!
sock error 104!
sock error 104!
sock error 104!
sock error 104!
sock error 104!
sock error 104!
sock error 104!
sock error 104!
sock error 104!
sock error 104!
sock error 104!
sock error 104!
sock error 104!
sock error 104!
sock error 104!
sock error 104!
sock error 104!
sock error 104!
sock error 104!
sock error 104!
sock error 104!
sock error 104!
sock error 104!
sock error 104!
sock error 104!
sock error 104!
sock error 104!
sock error 104!
sock error 104!
sock error 104!
sock error 104!
sock error 104!
sock error 104!
sock error 104!
socsock ssk erroeck error r104!oror r 104!
ock error 104!
104!

sock error 104!
sock error 104!
sock error 104!
sock error 104!
sock error 104!
sock error 104!
sock error 104!
sock error 104!
sock error 104!
sock error 104!
sock error 104!
sock error 104!
sock error 104!
sock error 104!
sock error 104!
sock error 104!
sock error 104!
sock error 104!
sock error 104!
sock error 104!
sock error 104!
sock error 104!
sock error 104!
sock error 104!
sock error 104!
sock error 104!
sock error 104!
sock error 104!
sock error 104!
sock error 104!
sock error 104!
sock error 104!
sock error 104!
sock error 104!
sock error 104!
sock error 104!
sock error 104!
sock error 104!
sock error 104!
sock error 104!
sock error 104!
sock error 104!
sock error 104!
sock error 104!
sock error 104!
sock error 104!
sock error 104!
sock error 104!
sock error 104!
sock error 104!
sock error 104!
sock error 104!
sock error 104!
sock error 104!
sock error 104!
sock error 104!
sock error 104!
sock error 104!
sock error 104!
sock error 104!
sock error 104!
sock error 104!
sock error 104!
sock error 104!
sock error 104!
sock error 104!
sock error 104!
sock error 104!
sock error 104!
sock error 104!
sock error 104!
sock errsock error 104!
or 104!
sock error 104!
sock error 104!
sock error 104!
sock error 104!
sock error 104!
sock error 104!
sock error 104!
sock error 104!
sock error 104!
sock error 104!
sock error 104!
sock error 104!
sock error 104!
sock error 104!
sock error 104!
sock error 104!
sock error 104!
sock error 104!
sock error 104!
sock error 104!
sock error 104!
sock error 104!
sock error 104!
ssock error 104!
ock error 104!
sock error 104!
sock error 104!
sock error 104!
sock error 104!
sock error 104!
sock error 104!
sock error 104!
sock error 104!
sock error 104!
sock error 104!
sock error 104!
sock error 104!
sock error 104!
sock error 104!
sock error 104!
sock error 104!
sock error 104!
sock error 104!
sock error 104!
sock error 104!
sock error 104!
sock error 104!
sock error 104!
sock error 104!
sock errsock erroor 104!
r 104!
sock error 104!
sock error 104!
sock error 104!
sock error 104!
sock error 104!
sock error 104!
sock error 104!
sock error 104!
sock error 104!
sock error 104!
sock error 104!
sock error 104!
sock error 104!
sock error 104!
sock error 104!
sock error 104!
sock error 104!
sock error 104!
sock error 104!
sock error 104!
sock error 104!
sock error 104!
sock error 104!
sock error 104!
sock error 104!
sock error 104!
sock error 104!
sock error 104!
sock error 104!
sock error 104!
socksock error 104 error!
 104!
sock error 104!
sock error 104!
sock error 104!
sock error 104!
sock error 104!
sock error 104!
sock error 104!
sock error 104!
sock error 104!
sock error 104!
sock error 104!
sock error 104!
sock error 104!
sock error 104!
sock error 104!
sock error 104!
sock error 104!
sock error 104!
sock error 104!
sock error 104!
sock error 104!
sock error 104!
sock error 104!
sock error 104!
sock error 104!
sock error 104!
sock error 104!
sock error 104!
sock error 104!
sock error 104!
sock error 104!
sock error 104!
sock error 104!
sock error 104!
sock error 104!
sock error 104!
sock error 104!
sock error 104!
sock error 104!
sock error 104!
sock error 104!
sock error 104!
sock error 104!
sock error 104!
sock error 104!
sock error 104!
sock error 104!
sock error 104!
sock error 104!
sock error 104!
sock error 104!
sock error 104!
sock error 104!
sock error 104!
sock error 104!
socksock error 104!
 error 104!
sock error 104!
sock error 104!
sock error 104!
sock error 104!
sock error 104!
sock error 104!
sock error 104!
sock error 104!
sock error 104!
sock error 104!
sock error 104!
sock error 104!
sock error 104!
sock error 104!
sock error 104!
sock error 104!
sock error 104!
sock error 104!
sock error 104!
sock error 104!
sock error 104!
sock error 104!
sock error 104!
sock error 104!
sock error 104!
socksock error 104!
 error 104!
sock error 104!
sock error 104!
sock error 104!
sock error 104!
sock error 104!
sock error 104!
sock error 104!
sock error 104!
sock error 104!
sock error 104!
sock error 104!
sock error 104!
sock error 104!
sock error 104!
sock error 104!
sock error 104!
sock error 104!
sock error 104!
sock error 104!
sock error 104!
sock error 104!
sock error 104!
sock error 104!
sock error 104!
sock error 104!
sock error 104!
sock error 104!
sock error 104!
sock error 104!
sock error 104!
sock error 104!
sock error 104!
sock error 104!
sock error 104!
sock error 104!
sock error 104!
sock error sock error 10104!
4!
sock error 104!
sock error 104!
sock error 104!
sock error 104!
sock error 104!
sock error 104!
sock error 104!
sock error 104!
sock esock error 104!
rror 104!
sock error 104!
sock error 104!
sock error 104!
sock error 104!
sock error 104!
sock error 104!
sock error 104!
sock error 104!
sock error 104!
sock error 104!
sock error 104!
sock error 104!
sock error 104!
sock error 104!
sock error 104!
sock error 104!
sock error 104!
sock error 104!
sock error 104!
sock error 104!
sock error 104!
sock error 104!
sock error 104!
sock error 104!
sock error 104!
sock error 104!
sock error 104sock error 104!
!
sock error 104!
sock error 104!
sock error 104!
sock error 104!
sock error 104!
sock error 104!
sock error 104!
sock error 104!
sock error 104!
sock error 104!
sock error 104!
sock error 104!
sock error 104!
sock error 104!
sock error 104!
sock error 104!
sock error 104!
sock error 104!
sock error 104!
sock error 104!
sock error 104!
sock error 104!
sock error 104!
sock error 1s04!
ock error 104!
sock error 104!
sock error 104!
sock error 104!
sock error 104!
sock error 104!
sock error 104!
sock error 104!
sock error 104!
sock error 104!
sock error 104!
sock error 104!
sock error 104!
sock error 104!
sock errsock error 104!
or 104!
sock error 104!
sock error 104!
sock error 104!
sock error 104!
sock error 104!
sock error 104!
sock error 104!
sock error 104!
sock error 104!
sock error 104!
sock error 104!
sock error 104!
sock error 104!
sock error 104!
sock error 104!
sock error 104!
sock error 104!
sock error 104!
sock error 104!
sosock error 104!
ck error 104!
sock error 104!
sock error 104!
sock error 104!
sock error 104!
sock error 104!
sock error 104!
sock error 104!
sock error 104!
sock error 104!
sock error 104!
sock error 104!
sock error 104!
sock error 104!
sock error 104!
sock error 104!
sock error 104!
sock error 104!
sock error 104!
sock error 104!
sock error 104!
sock error 104!
sock error 104!
sock error 104!
sock error 104!
sock error 104!
sock error 104!
sock error 104!
sock error 104!
sock error 104!
sock error 104!
sock error 104!
sock error 104!
sock error 104!
sock error 104!
sock error 104!
sock error 104!
sock error 104!
sock error 104!
sock error 104!
sock error 104!
sock error 104!
sock error 104!
sock error 104!
sock error 104!
sock error 104!
sock error 104!
sock error 104!
sock error 104!
sock error 104!
sock error 104!
sock error 104!
sock error 104!
sock error 104!
sock error 104!
sock error 104!
sock error 104!
sock error 104!
sock error 104!
sock error 104!
sock error 104!
sock error 104!
sock error 104!
sock error 104!
sock error 104!
sock error 104!
sock error 104!
sock error 104!
sock error 104!
sock error 104!
sock error 104!
sock error 104!
sock error 104!
sock error 104!
sock error 104!
sock error 104!
sock error 104!
sock error 104!
sock error 104!
sock error 104!
sock error 104!
sock error 104!
sock error 104!
sock error 104!
sock error 104!
sock error 104!
sock error 104!
sock error 104!
sock error 104!
sock error 104!
sock error 104!
